AminoAcid,Prediction,Activity,Class,Error
A102C,0.9033703359800083,0.947854717895848,test,0.0444843819158397
A102D,0.21664008433860735,0.939500499173145,test,0.7228604148345377
A102E,0.32462852333484826,0.974838949434755,test,0.6502104260999068
A102F,0.0925557499016387,1.05273117811818,test,0.9601754282165413
A102G,0.6127742194158328,0.993810114972177,test,0.3810358955563442
A102H,0.10641915287098433,0.979709214514135,test,0.8732900616431506
A102I,0.44221901934951524,0.882240039246779,test,0.4400210198972637
A102K,-0.05361315316699125,0.161589684287335,test,0.21520283745432625
A102L,0.4724734283620611,0.888722431834851,test,0.4162490034727899
A102M,0.22981169764891282,0.953887838142555,test,0.7240761404936421
A102N,0.5708838057554784,0.964700523644431,test,0.39381671788895267
A102P,0.6144418457226768,0.51278396269191,test,0.10165788303076684
A102Q,0.7124701728005725,0.940864505000438,test,0.2283943321998655
A102R,0.5158211532167021,0.0516287111412806,test,0.4641924420754215
A102S,0.9907051361150156,1.016823696707,test,0.026118560591984252
A102T,0.7694602725422766,0.97536936784186,test,0.20590909529958346
A102V,1.2086260709863101,0.905913540843066,test,0.3027125301432442
A102W,-0.05361315316699125,0.580083298297348,test,0.6336964514643392
A102Y,0.44413029138628324,0.731769897747014,test,0.2876396063607307
A11C,0.21800874735423312,0.969636531228984,test,0.7516277838747508
A11D,0.21800874735423312,1.00412196465644,test,0.786113217302207
A11E,0.21800874735423312,0.936424857066323,test,0.7184161097120898
A11F,0.21800874735423312,0.84128193682711,test,0.6232731894728769
A11G,0.21800874735423312,0.977132611046739,test,0.7591238636925058
A11H,0.21800874735423312,0.994361781109104,test,0.7763530337548709
A11I,0.21800874735423312,0.743799108818846,test,0.5257903614646129
A11K,0.21800874735423312,0.936295575417764,test,0.7182868280635308
A11L,0.21800874735423312,0.920320004281785,test,0.7023112569275518
A11M,0.21800874735423312,0.962749490981501,test,0.7447407436272678
A11N,0.21800874735423312,0.954856392773172,test,0.7368476454189389
A11P,0.21800874735423312,0.561183824446436,test,0.34317507709220285
A11Q,0.21800874735423312,1.00277411772863,test,0.7847653703743969
A11R,0.21800874735423312,0.966547831151916,test,0.7485390837976829
A11S,0.21800874735423312,1.00677658783107,test,0.7887678404768368
A11T,0.21800874735423312,0.98544018130674,test,0.7674314339525069
A11V,0.21800874735423312,0.765123318614601,test,0.5471145712603679
A11W,0.21800874735423312,0.848135071771969,test,0.6301263244177359
A11Y,0.21800874735423312,0.877327796330211,test,0.6593190489759778
A121C,0.603627303654896,0.96873540163925,test,0.36510809798435395
A121D,0.022234920386793727,0.0983719535787361,test,0.07613703319194237
A121E,-0.18977019267200282,0.106844695874562,test,0.2966148885465648
A121F,0.40097456725353076,0.128445703335093,test,0.2725288639184378
A121G,0.9251847386073184,0.736608991036429,test,0.18857574757088946
A121H,0.0055601931908386415,0.103348400764134,test,0.09778820757329536
A121I,0.6114954493242306,0.725992755575428,test,0.11449730625119736
A121K,0.015052946112021653,0.0892361911574158,test,0.07418324504539414
A121L,0.9721594792684922,0.619134070716006,test,0.3530254085524862
A121M,0.5457210406135855,0.0580655459360224,test,0.4876554946775631
A121N,-0.18977019267200282,0.851043725303375,test,1.040813917975378
A121P,-0.09485517796981105,0.0472664879384829,test,0.14212166590829395
A121Q,-0.1890791609519649,0.245261060021924,test,0.4343402209738889
A121R,-0.18977019267200282,0.0963144772970085,test,0.28608466996901133
A121S,0.5495939157984571,0.896926043013523,test,0.3473321272150659
A121T,0.3858633569448384,0.942000581893466,test,0.5561372249486276
A121V,0.6533374922582131,1.13546588008929,test,0.4821283878310769
A121W,-0.18977019267200282,0.0438263035244689,test,0.23359649619647171
A121Y,0.285749554789682,0.0666181920497887,test,0.2191313627398933
A131C,0.7995485348097422,0.962071175593476,test,0.1625226407837338
A131D,0.9756605838937749,0.991237136632295,test,0.0155765527385201
A131E,0.823667485765655,0.9670387482543,test,0.14337126248864507
A131F,0.2889428739767228,0.899275610894286,test,0.6103327369175632
A131G,0.650531596348493,0.989010677916198,test,0.338479081567705
A131H,0.56447841014997,0.994312683939044,test,0.429834273789074
A131I,0.5538896431878866,0.893033198144332,test,0.33914355495644544
A131K,0.9921686596691022,1.00202059936233,test,0.00985193969322773
A131L,0.48877061251724974,0.940656132849848,test,0.4518855203325982
A131M,0.30778034677931054,0.97431193974059,test,0.6665315929612795
A131N,0.7136602851346978,1.00371991092774,test,0.2900596257930421
A131P,0.7626863014214476,0.990316480444636,test,0.2276301790231885
A131Q,0.8201338465996255,0.983229090973343,test,0.16309524437371747
A131R,1.0006630632658695,1.00269779381498,test,0.0020347305491104084
A131S,1.0150870819059865,0.962525166713915,test,0.05256191519207154
A131T,0.719929449258651,1.00294138326273,test,0.2830119340040791
A131V,0.8477452473468656,0.946063196469572,test,0.09831794912270642
A131W,0.4522844412820708,0.8160156264342,test,0.3637311851521292
A131Y,0.3663670955618892,0.932966502424748,test,0.5665994068628588
A134C,0.6368960917878146,1.00153051944335,test,0.36463442765553533
A134D,1.1226949296285345,0.994172868979974,test,0.12852206064856042
A134E,1.1505817562249938,1.01947264776814,test,0.13110910845685386
A134F,0.35181533235754325,1.00147459569693,test,0.6496592633393867
A134G,0.7988437468856706,0.993237662253987,test,0.1943939153683164
A134H,0.845524146176545,1.01529036208876,test,0.16976621591221486
A134I,0.4620827580323199,0.959239185410868,test,0.49715642737854804
A134K,1.2341003653481784,1.02521648979829,test,0.2088838755498883
A134L,0.8644733827680053,0.948949279460928,test,0.08447589669292266
A134M,0.6412959819154442,0.98468662525021,test,0.34339064333476577
A134N,0.8185246891585376,0.99851945894264,test,0.17999476978410245
A134P,0.5618184582268666,1.00411205132313,test,0.4422935930962635
A134Q,1.0933568466484698,1.00190090087984,test,0.0914559457686297
A134R,1.529312952645822,1.01594659934285,test,0.513366353302972
A134S,0.8362619707395649,0.996623189659108,test,0.16036121891954314
A134T,1.0112520879346196,0.994052274324717,test,0.017199813609902637
A134V,0.7665268222010486,0.932596199258961,test,0.16606937705791236
A134W,0.12736066136984567,1.00331148938536,test,0.8759508280155144
A134Y,0.245496704991041,0.992377337158192,test,0.746880632167151
A145C,0.7986746148532557,0.993199212454628,test,0.1945245976013723
A145D,1.92811421655461,1.0291961754419,test,0.89891804111271
A145E,1.3356169942879321,0.997902688631025,test,0.3377143056569071
A145F,0.6166857189424737,0.960677857754414,test,0.34399213881194035
A145G,1.2018860510523457,1.00052782472545,test,0.2013582263268956
A145H,1.4545383380606236,0.999394534926796,test,0.45514380313382763
A145I,0.8545233167812267,0.906029254561754,test,0.051505937780527256
A145K,1.2522247688082138,1.00007047981093,test,0.25215428899728387
A145L,0.886548625454606,0.958888818245316,test,0.07234019279071002
A145M,0.9585159306312481,0.987633246997261,test,0.02911731636601289
A145N,1.419503674436027,1.00704888255839,test,0.4124547918776369
A145P,0.6153722356520601,0.943654355981639,test,0.32828212032957893
A145Q,1.0759565750338898,1.00351515713121,test,0.07244141790267977
A145R,1.1627113380055534,0.994120941859935,test,0.16859039614561833
A145S,1.0681789412400289,1.03299272144368,test,0.03518621979634884
A145T,1.3464673281457815,0.995373136632506,test,0.3510941915132755
A145V,1.2114726575194734,0.892334957086682,test,0.31913770043279144
A145W,0.6153722356520601,0.991967568503668,test,0.37659533285160784
A145Y,0.6233576402605647,0.97335478788767,test,0.3499971476271053
A177C,0.1171952066705517,0.877624111070575,test,0.7604289044000233
A177D,-0.23449588450453154,0.753987374465448,test,0.9884832589699795
A177E,0.1009493409468478,0.756123964276617,test,0.6551746233297692
A177F,-0.3646450064993647,0.778874577579493,test,1.1435195840788577
A177G,0.7016354403783118,0.932848899393302,test,0.23121345901499013
A177H,-0.04944637167695268,0.810890470839181,test,0.8603368425161336
A177I,-0.05462388796257292,0.851648905690418,test,0.9062727936529908
A177K,0.10393759653516119,0.812673302922934,test,0.7087357063877728
A177L,0.09926969406814143,0.796945570337388,test,0.6976758762692465
A177M,-0.2018912406963043,0.874629929777583,test,1.0765211704738873
A177N,-0.06060784893531482,0.594107174651784,test,0.6547150235870988
A177P,-0.5149370340309394,0.607150983767246,test,1.1220880177981853
A177Q,0.03887439471804319,0.89407182145857,test,0.8551974267405268
A177R,0.3932745679626739,0.641327796739374,test,0.2480532287767001
A177S,0.3264659488973971,0.978704885861998,test,0.6522389369646009
A177T,0.19610776107490244,0.769272743358432,test,0.5731649822835295
A177V,0.3394321390785573,0.842718501141784,test,0.5032863620632267
A177W,-0.5149370340309394,0.622983197420726,test,1.1379202314516654
A177Y,-0.06518916399947619,0.767316831027162,test,0.8325059950266381
A179C,-0.488766540115815,0.892772397535417,test,1.3815389376512321
A179D,-0.5571094219186994,0.673829701999572,test,1.2309391239182714
A179E,-0.22050878770503138,0.827056458814989,test,1.0475652465200205
A179F,-0.08456791558655288,0.816876085567365,test,0.9014440011539179
A179G,-0.27987558160773207,0.859756674400124,test,1.139632256007856
A179H,-0.2051401114059839,0.826507397286883,test,1.031647508692867
A179I,0.09174500140213857,0.761849566820699,test,0.6701045654185604
A179K,-0.0627469147799811,0.299565143009276,test,0.3623120577892571
A179L,0.3908077296025245,0.72747936615655,test,0.33667163655402543
A179M,0.1177787019537215,0.816474088604903,test,0.6986953866511815
A179N,-0.13262796250265899,0.881252995007842,test,1.013880957510501
A179P,-0.7267360228577642,0.0991290673849882,test,0.8258650902427523
A179Q,-0.07225309029355279,0.800836921550969,test,0.8730900118445217
A179R,0.09671792914313235,0.257418570059555,test,0.16070064091642264
A179S,-0.00656956446711357,0.944555069788464,test,0.9511246342555776
A179T,0.03334909736414124,,,
A179V,0.3674853679051482,,,
A179W,-0.5404441250834358,0.973503550514548,test,1.5139476755979837
A179Y,-0.07369791197130729,0.860822393284118,test,0.9345203052554253
A182C,0.552009186351494,0.955702909380636,test,0.40369372302914197
A182D,1.5221946904196006,1.01503495236092,test,0.5071597380586808
A182E,1.1024161758378217,1.0102962235631,test,0.0921199522747218
A182F,0.10966968478892289,0.808347526545027,test,0.698677841756104
A182G,0.8245659478387293,1.03143435415393,test,0.20686840631520065
A182H,0.7557961331054959,0.983002685452137,test,0.2272065523466411
A182I,0.7227688914669634,0.891876777430476,test,0.16910788596351256
A182K,0.942009462745568,1.04548518440303,test,0.103475721657462
A182L,0.9897571238262277,0.965422861734631,test,0.024334262091596726
A182M,0.7013324752765875,0.97916309808896,test,0.2778306228123725
A182N,1.0569040099184772,1.00653597094172,test,0.050368038976757123
A182P,0.4453790053273108,0.0740425944971449,test,0.3713364108301659
A182Q,1.5865587344257126,1.0342295656129,test,0.5523291688128127
A182R,1.1153463598436286,1.00002628058993,test,0.11532007925369858
A182S,0.9730474620110752,0.986736533752984,test,0.01368907174190881
A182T,0.8091880205739319,1.01193214084867,test,0.20274412027473798
A182V,0.6836327264866895,0.881258331174921,test,0.19762560468823154
A182W,0.26737248660699486,0.841582237605763,test,0.5742097509987681
A182Y,0.1095893569550592,0.91293492442915,test,0.8033455674740908
A19C,0.21800874735423312,0.920961394221338,test,0.7029526468671049
A19D,0.21800874735423312,0.940759982079348,test,0.7227512347251148
A19E,0.21800874735423312,0.978109957063309,test,0.7601012097090759
A19F,0.21800874735423312,0.866076516751577,test,0.6480677693973439
A19G,0.21800874735423312,0.739464448435109,test,0.5214557010808758
A19H,0.21800874735423312,0.607012931108877,test,0.38900418375464385
A19I,0.21800874735423312,0.928814358391636,test,0.7108056110374028
A19K,0.21800874735423312,0.989201151735566,test,0.7711924043813329
A19L,0.21800874735423312,0.963871647212708,test,0.7458628998584749
A19M,0.21800874735423312,0.975222349155054,test,0.7572136018008209
A19N,0.21800874735423312,0.970571744424908,test,0.7525629970706749
A19P,0.21800874735423312,0.382486242139586,test,0.16447749478535287
A19Q,0.21800874735423312,0.959630672249541,test,0.7416219248953079
A19R,0.21800874735423312,0.816571189267187,test,0.5985624419129538
A19S,0.21800874735423312,0.961310103494978,test,0.7433013561407449
A19T,0.21800874735423312,0.969988697874949,test,0.7519799505207159
A19V,0.21800874735423312,0.858654195039651,test,0.6406454476854179
A19W,0.21800874735423312,0.830451109614722,test,0.6124423622604889
A19Y,0.21800874735423312,0.916298108802578,test,0.6982893614483449
A202C,0.9285436041495576,0.940065832904043,test,0.011522228754485386
A202D,0.3201151898818113,0.952108660420466,test,0.6319934705386547
A202E,0.26388982633651303,0.955885040261785,test,0.691995213925272
A202F,0.1710925715064315,0.985405820795943,test,0.8143132492895114
A202G,0.432206432466973,0.998813716293118,test,0.566607283826145
A202H,0.1877004525186907,0.901989035383439,test,0.7142885828647483
A202I,0.30095539657779846,0.9529799364695,test,0.6520245398917015
A202K,0.13027755072545608,0.811670073731717,test,0.6813925230062609
A202L,0.35292635392384564,0.970339535881612,test,0.6174131819577664
A202M,0.31420396624490743,0.970514479007396,test,0.6563105127624885
A202N,0.5086553659566702,0.900575804110009,test,0.3919204381533389
A202P,-0.035274262597499356,0.0976981962925768,test,0.13297245889007614
A202Q,0.1229923451221284,1.00320242227279,test,0.8802100771506616
A202R,-0.03340059722036662,0.843145980855693,test,0.8765465780760596
A202S,0.713034804955609,0.984294157704877,test,0.27125935274926805
A202T,0.2915896658275907,0.974535200317188,test,0.6829455344895973
A202V,0.28641369578195985,0.99297969704968,test,0.7065660012677202
A202W,-0.3276696132259669,0.879421953257132,test,1.2070915664830988
A202Y,-0.12188491644659186,0.943091808752149,test,1.064976725198741
A209C,0.8424211964968553,0.980590937141008,test,0.13816974064415266
A209D,1.0498656350920978,0.959848201738922,test,0.0900174333531758
A209E,1.0657030472306002,0.968355870537612,test,0.0973471766929882
A209F,0.5929156776323017,0.902325898141489,test,0.3094102205091873
A209G,0.7147817371560954,0.983790052700066,test,0.26900831554397064
A209H,0.7754631170078998,1.01788771247902,test,0.24242459547112016
A209I,0.8748444181455615,0.940387280082928,test,0.06554286193736658
A209K,1.1868058316362895,1.03081919768674,test,0.15598663394954948
A209L,0.8584337901095627,0.967535772048972,test,0.10910198193940934
A209M,0.8021747621501174,0.97273661835801,test,0.17056185620789255
A209N,0.8402924813144825,0.964364536499456,test,0.12407205518497344
A209P,1.6538911980123185,1.02964599213125,test,0.6242452058810686
A209Q,0.9937285853251272,0.990280119907873,test,0.0034484654172541873
A209R,1.3809956598239383,1.01307314349525,test,0.36792251632868833
A209S,0.8842264344018507,0.997022695541014,test,0.1127962611391633
A209T,1.2139149022957494,1.0019527969107,test,0.21196210538504934
A209V,0.9630514318560703,0.96872092689502,test,0.005669495038949646
A209W,0.18011483148043458,0.928467820526655,test,0.7483529890462204
A209Y,0.5970809362092486,0.941724841084202,test,0.34464390487495333
A212C,0.3279295009621317,0.682293836279837,test,0.3543643353177053
A212D,-0.27264683227738007,0.0750680513165724,test,0.3477148835939525
A212E,0.24914457541319754,0.21059108709821,test,0.03855348831498753
A212F,0.47260537917300005,0.201426420427495,test,0.271178958745505
A212G,0.4038480011930756,0.787057796721831,test,0.38320979552875534
A212H,0.3685638212363018,0.685650659938922,test,0.3170868387026202
A212I,0.5067456618205808,0.0945369313757474,test,0.4122087304448334
A212K,0.5645000019695734,0.520002251449784,test,0.044497750519789436
A212L,0.5810247614744275,0.172340137264475,test,0.4086846242099525
A212M,0.6349987583121679,0.157938496569759,test,0.4770602617424089
A212N,0.43313202353539615,0.614629263873339,test,0.1814972403379429
A212P,-0.27264683227738007,0.660190259542561,test,0.9328370918199411
A212Q,0.6058609515481839,0.520176479370555,test,0.08568447217762887
A212R,0.6034338466681886,0.660695473969923,test,0.05726162730173445
A212S,0.5837534046276536,0.979333419465987,test,0.3955800148383334
A212T,0.5771495752606091,0.603618706738026,test,0.02646913147741692
A212V,0.9996834324798567,0.60020806864121,test,0.3994753638386467
A212W,-0.20032683849778612,0.0950254029448446,test,0.2953522414426307
A212Y,0.5876071450926721,0.399581550165037,test,0.1880255949276351
A214C,-0.13672019845212338,0.893204329432814,test,1.0299245278849374
A214D,-0.0728135534138328,0.061763178380334,test,0.1345767317941668
A214E,0.3012637520439301,0.899532290746409,test,0.5982685387024789
A214F,0.02528416784835505,0.616911810535888,test,0.5916276426875329
A214G,0.34190528810471243,0.84310003696851,test,0.5011947488637976
A214H,-0.07696950752127199,0.616253520914316,test,0.6932230284355879
A214I,0.15961343431243355,0.68570211874442,test,0.5260886844319864
A214K,0.48621042250969615,0.828846752674933,test,0.34263633016523687
A214L,0.2844050132178213,0.307863800468714,test,0.023458787250892676
A214M,0.2850675329907981,0.900770152231106,test,0.6157026192403079
A214N,-0.08127579088670947,0.700750790058107,test,0.7820265809448165
A214P,-0.31397178808461734,0.168866751977669,test,0.4828385400622863
A214Q,0.23772936817058385,0.884074116436973,test,0.6463447482663891
A214R,0.3491930368951446,0.716490029859144,test,0.3672969929639994
A214S,0.746554933917243,0.98215734349289,test,0.23560240957564693
A214T,0.37858969037958423,0.808852736753717,test,0.4302630463741328
A214V,0.5057683974186096,0.849077128844716,test,0.3433087314261064
A214W,-0.3066938245569435,0.195226252785717,test,0.5019200773426605
A214Y,0.21549460839095877,0.799063171138858,test,0.5835685627478993
A218C,0.6102576033101668,0.834932996698431,test,0.22467539338826426
A218D,-0.12792522279698096,0.127033197368559,test,0.25495842016553993
A218E,0.10368047174695169,0.0281423368632371,test,0.0755381348837146
A218F,0.0932749049722654,0.121134637653864,test,0.027859732681598595
A218G,0.1847007415729147,0.448434639177819,test,0.2637338976049043
A218H,0.32524547994005837,0.121302590117136,test,0.20394288982292236
A218I,0.3600742374206447,0.769582363654542,test,0.4095081262338973
A218K,0.11819460977825377,0.0934800400942502,test,0.024714569684003568
A218L,0.32754905557410674,0.193558282163955,test,0.13399077341015175
A218M,0.07579263561425639,0.0817115809905008,test,0.0059189453762444055
A218N,0.08833052194707156,0.102001011839997,test,0.01367048989292545
A218P,-0.34665363484826517,0.069267624365111,test,0.4159212592133762
A218Q,0.01912911538390835,0.0517262983601794,test,0.032597182976271045
A218R,0.18075333639873412,0.0423842168827358,test,0.1383691195159983
A218S,0.47630709918002956,0.956765966382863,test,0.4804588672028335
A218T,0.25787197045767507,0.747737900102017,test,0.48986592964434195
A218V,0.8605088491721926,0.918558895627401,test,0.05805004645520839
A218W,0.1211534205287885,0.0484840724469403,test,0.07266934808184819
A218Y,0.2649380680044511,0.0806781877743358,test,0.18425988023011527
A225C,0.06856475104527623,0.937979142183702,test,0.8694143911384258
A225D,0.26640748659849245,0.732483145385171,test,0.46607565878667856
A225E,0.3565882676930243,0.87496016838631,test,0.5183719006932856
A225F,0.03670137398382797,0.848209936260281,test,0.811508562276453
A225G,0.522552440375257,0.94288758686157,test,0.420335146486313
A225H,0.41097238302691586,0.908019695254884,test,0.49704731222796816
A225I,0.23937150465938492,0.957208303174816,test,0.717836798515431
A225K,0.3946991592969835,0.98324635989768,test,0.5885472006006964
A225L,0.22784108643099207,0.905999250473748,test,0.6781581640427559
A225M,0.20867175538851176,0.974725733644879,test,0.7660539782563672
A225N,0.37104613162330735,0.821074628531378,test,0.4500284969080707
A225P,0.7477073051843786,0.982231463886724,test,0.23452415870234544
A225Q,0.3305701354380306,0.93047008724399,test,0.5998999518059595
A225R,0.6630657759263909,0.971486670035336,test,0.308420894108945
A225S,0.5490357411207645,0.949871577271832,test,0.40083583615106755
A225T,0.6610462533905375,0.962846965491154,test,0.30180071210061654
A225V,0.357190437822944,0.974998132742469,test,0.617807694919525
A225W,-0.21222140679601756,0.813337419162211,test,1.0255588259582287
A225Y,0.05063742190709439,0.906002446140598,test,0.8553650242335036
A230C,1.0869692821780081,1.0230001911851,test,0.06396909099290804
A230D,0.2673805959802815,0.221881266203295,test,0.04549932977698651
A230E,0.41527497395773616,0.76870372897293,train,0.3534287550151939
A230F,1.4053700465340608,0.992655446101731,test,0.4127146004323299
A230G,0.9245913241538173,0.662533318559118,test,0.2620580055946993
A230H,0.802698335209237,0.919336019600402,test,0.11663768439116506
A230I,0.9217936718952207,0.993042931570874,test,0.07124925967565332
A230K,0.2673805959802815,0.528365800239532,test,0.2609852042592504
A230L,1.1321602082236588,0.962654277626924,test,0.1695059305967348
A230M,1.0596230328929412,1.0079847366341,test,0.05163829625884131
A230N,0.44993661909833427,0.614676081403328,test,0.1647394623049937
A230P,1.1241029915795349,0.557285133715551,test,0.5668178578639839
A230Q,0.8306902839025996,0.936740068335101,train,0.10604978443250146
A230R,0.2686987570539545,0.0859281393631767,test,0.18277061769077782
A230S,0.8159702787967771,0.874646203658465,test,0.058675924861687934
A230T,0.8637294979843209,0.959426597019412,test,0.09569709903509116
A230V,1.101755606026676,0.993096592642003,test,0.10865901338467299
A230W,0.9728105853745828,0.991858838929845,train,0.019048253555262296
A230Y,1.0161390879591565,1.00856270964935,train,0.0075763783098066195
A234C,-0.0780100464999183,0.947448539203631,test,1.0254585857035494
A234D,0.24974401037195212,0.494350307322319,test,0.24460629695036687
A234E,-0.06593464902668236,0.0986903374678837,test,0.16462498649456606
A234F,-0.42933120475647946,0.15214640022472,test,0.5814776049811995
A234G,0.17341709043534,0.918799475690768,test,0.745382385255428
A234H,0.05010353497174355,0.116142218759338,test,0.06603868378759445
A234I,-0.33390491188014226,0.17717713345418,test,0.5110820453343223
A234K,-0.5169509229361855,0.0643594797455282,test,0.5813104026817137
A234L,-0.1834922411580802,0.0640851200041147,test,0.2475773611621949
A234M,-0.2665480955691233,0.103016271482703,test,0.36956436705182627
A234N,-0.15452081533380982,0.693022069528052,test,0.8475428848618618
A234P,-0.2760595755448729,0.16926916779971,test,0.44532874334458294
A234Q,-0.6763521501548089,0.0653398107570279,test,0.7416919609118368
A234R,-0.28410183520520493,0.106849547740773,test,0.3909513829459779
A234S,0.4066191627986979,0.997678880651249,test,0.5910597178525511
A234T,0.14571189445939955,0.929318453000932,test,0.7836065585415324
A234V,-0.14978786896353816,1.34363371972588,test,1.4934215886894182
A234W,-0.6763521501548089,0.177361297837761,test,0.8537134479925699
A234Y,-0.6763521501548089,0.103285782635975,test,0.7796379327907839
A242C,-0.310791220378859,0.922380829823753,test,1.233172050202612
A242D,0.38371013000786625,0.92057925771907,test,0.5368691277112038
A242E,0.548686211646064,1.00759377197926,test,0.458907560333196
A242F,-0.2568997672450013,0.776345568697495,test,1.0332453359424965
A242G,0.19621023353878916,0.953376789133566,test,0.7571665555947769
A242H,0.4959503881394729,1.01373761417972,test,0.5177872260402472
A242I,-0.12443942839135039,0.719957213442107,test,0.8443966418334573
A242K,0.5803604281278216,1.01463957143409,test,0.43427914330626827
A242L,-0.15062800935246548,0.864495229067371,test,1.0151232384198365
A242M,0.08283527352351447,0.973964680293915,test,0.8911294067704005
A242N,0.19826276381814287,0.95731104446394,test,0.7590482806457971
A242P,0.10341134527055848,0.604463240178934,test,0.5010518949083755
A242Q,0.31537105048909475,1.01359027570242,test,0.6982192252133252
A242R,0.6554976872723726,1.02691951971814,test,0.37142183244576743
A242S,0.23243192979178692,0.984751641556454,test,0.752319711764667
A242T,0.10360241088012165,0.893391113284138,test,0.7897887024040163
A242V,-0.023050271128165517,0.768582717856009,test,0.7916329889841744
A242W,-0.21452218005522175,0.815991878032384,test,1.0305140580876058
A242Y,-0.107306732940226,0.945893685576029,test,1.0532004185162551
A255C,0.21800874735423312,0.94659360447133,test,0.7285848571170969
A255D,0.21800874735423312,0.87494681161866,test,0.6569380642644268
A255E,0.21800874735423312,0.927295199289635,test,0.7092864519354019
A255F,0.21800874735423312,0.788242039940347,test,0.5702332925861139
A255G,0.21800874735423312,0.886909877108141,test,0.6689011297539078
A255H,0.21800874735423312,0.931885457421418,test,0.7138767100671849
A255I,0.21800874735423312,0.719025509723994,test,0.5010167623697609
A255K,0.21800874735423312,0.931924589872681,test,0.7139158425184479
A255L,0.21800874735423312,0.781784121782611,test,0.5637753744283779
A255M,0.21800874735423312,0.992432548762812,test,0.7744238014085788
A255N,0.21800874735423312,0.92238340382347,test,0.7043746564692368
A255P,0.21800874735423312,0.139952403372827,test,0.07805634398140612
A255Q,0.21800874735423312,0.956559130663989,test,0.7385503833097559
A255R,0.21800874735423312,0.958244634805006,test,0.7402358874507728
A255S,0.21800874735423312,0.987174547420803,test,0.7691658000665699
A255T,0.21800874735423312,0.749255259575031,test,0.5312465122207979
A255V,0.21800874735423312,0.837107742003187,test,0.6190989946489539
A255W,0.21800874735423312,0.883127553486477,test,0.6651188061322438
A255Y,0.21800874735423312,0.821075369544755,test,0.6030666221905219
A259C,0.5255647073007024,0.985551458922724,test,0.45998675162202163
A259D,-0.31844594586654185,0.737706186852127,test,1.056152132718669
A259E,-0.07446998262528373,0.960594164655407,test,1.0350641472806907
A259F,0.2511511683687717,0.760841022241547,test,0.5096898538727753
A259G,0.2128922803815849,0.964814988634497,test,0.7519227082529121
A259H,0.09463857959777419,0.842914474905195,test,0.7482758953074208
A259I,0.24433654920534328,0.88368182221983,test,0.6393452730144867
A259K,-0.5438824153754067,0.834882474557746,test,1.3787648899331528
A259L,0.29040182064563447,0.885573492171716,test,0.5951716715260815
A259M,0.4136108601351649,0.839314187967898,test,0.4257033278327331
A259N,-0.5438824153754067,0.924709387993127,test,1.4685918033685337
A259P,-0.5438824153754067,0.640152003439213,test,1.1840344188146197
A259Q,0.022141159593033616,0.970577850645178,test,0.9484366910521443
A259R,-0.5438824153754067,0.0614608033424569,test,0.6053432187178636
A259S,0.32827244077374496,0.984418359934936,test,0.656145919161191
A259T,0.21043311916221816,0.970793146314398,test,0.7603600271521798
A259V,0.3660542246751042,0.939241986554404,test,0.5731877618792999
A259W,-0.10960158968392156,0.0984622387657614,test,0.20806382844968296
A259Y,0.07920100212653855,0.683534815665256,test,0.6043338135387174
A267C,0.5139648895191298,0.979994501948523,test,0.4660296124293932
A267D,-0.22788254942721656,0.91401877338371,test,1.1419013228109265
A267E,0.2054239034717755,0.720095735362041,test,0.5146718318902654
A267F,0.16724776413192208,0.243272100628238,test,0.07602433649631593
A267G,1.190756377980713,1.00113300210063,test,0.18962337588008316
A267H,0.04267261457781776,0.0705291132149748,test,0.027856498637157043
A267I,0.5466600881539383,0.925201808836974,test,0.3785417206830357
A267K,-0.18936735494453208,0.0581520402026778,test,0.2475193951472099
A267L,0.5735123424585955,0.921191640001178,test,0.34767929754258253
A267M,0.4792761000815984,0.868905867642351,test,0.3896297675607526
A267N,0.11143476142697059,0.89831497256187,test,0.7868802111348994
A267P,-0.21284963251377922,0.57568891018664,test,0.7885385427004192
A267Q,0.24604327064997042,0.918529881518386,test,0.6724866108684155
A267R,-0.35343361060843637,0.0996134612512431,test,0.45304707185967946
A267S,0.6284671610500074,0.980341632380948,test,0.3518744713309405
A267T,0.7961670566184804,0.988302406488918,test,0.19213534987043757
A267V,0.6141427664005368,0.919537538565516,test,0.30539477216497923
A267W,-0.3583422618270109,0.0742751231133932,test,0.4326173849404041
A267Y,0.17813006120668737,0.137808968152102,test,0.040321093054585366
A269C,1.1519294571102414,0.944210167158617,test,0.20771928995162436
A269D,0.8275295183869293,1.06842202654671,test,0.24089250815978058
A269E,0.7859555133408425,1.0509929882748,test,0.26503747493395746
A269F,1.5871552133483189,0.905251883895494,test,0.6819033294528248
A269G,1.5437454644978328,0.990388278038968,test,0.5533571864588648
A269H,1.1945262632518923,0.938757938376256,test,0.2557683248756363
A269I,1.2725412497808597,0.863285341865892,test,0.4092559079149677
A269K,0.5871072950612726,1.04723235640129,test,0.4601250613400174
A269L,1.303139796792902,0.914902453833132,test,0.38823734295976997
A269M,1.304486923577308,0.922171394706049,test,0.38231552887125897
A269N,0.9683566427197132,0.975801993571361,test,0.0074453508516477696
A269P,2.181268530771275,1.02637831545236,test,1.1548902153189151
A269Q,1.0358067806864082,0.971704439458507,test,0.06410234122790115
A269R,0.8597491769487757,1.24337939490055,test,0.3836302179517743
A269S,0.9732624824918734,0.988714852897281,test,0.01545237040540759
A269T,1.4333422333350623,0.977588592539452,test,0.4557536407956103
A269V,1.4104791469395874,0.895508479173055,test,0.5149706677665324
A269W,1.4515936187919725,0.885203606898021,test,0.5663900118939514
A269Y,1.4834381849331078,0.888044093243495,test,0.5953940916896128
A270C,0.6005232144748331,0.979189119280272,test,0.3786659048054388
A270D,0.7110928204678906,0.965746038904048,test,0.2546532184361574
A270E,0.7020002630403297,1.1145984712228,test,0.4125982081824704
A270F,0.04444349794685484,0.50887143952935,test,0.4644279415824951
A270G,1.2382960644140886,0.971440387566228,test,0.2668556768478606
A270H,0.34679733982977035,0.755187446849,test,0.4083901070192296
A270I,0.23870890546388088,0.841654532999453,test,0.6029456275355721
A270K,0.04444349794685484,0.668517981100762,test,0.6240744831539071
A270L,0.21412297022221713,0.922288174908015,test,0.7081652046857978
A270M,0.8560994587031818,0.924356714026242,test,0.06825725532306015
A270N,0.58458019221975,1.00881881792033,test,0.4242386257005799
A270P,0.9250423195739341,0.971450911767669,test,0.04640859219373483
A270Q,0.6286566061808079,1.08429568252708,test,0.4556390763462721
A270R,0.24570199001014734,0.265662783295557,test,0.019960793285409645
A270S,1.1851689224087505,0.994622918191901,test,0.19054600421684953
A270T,1.5133840751912448,0.972632853073555,test,0.5407512221176899
A270V,0.5821853452901562,0.926288519370278,test,0.3441031740801218
A270W,0.04444349794685484,0.208563125552663,test,0.16411962760580814
A270Y,0.4246795091202207,0.0970111667164697,test,0.327668342403751
A271C,0.02355672601032685,0.936405230849676,test,0.9128485048393491
A271D,-0.12354963651836107,0.891051672946317,test,1.0146013094646782
A271E,0.031429353220772976,0.4526247502314,test,0.421195397010627
A271F,0.064762630410055,0.0861070273170533,test,0.021344396906998298
A271G,0.9177486355694431,1.00497336737875,test,0.0872247318093069
A271H,-0.05151805518957067,0.0774712624853529,test,0.12898931767492355
A271I,0.19777295268322012,0.852977141815946,test,0.6552041891327258
A271K,-0.0362444441391421,0.0854235942710623,test,0.1216680384102044
A271L,0.31478061971234106,0.853605076077985,test,0.5388244563656439
A271M,0.6933598850949536,0.93251217917564,test,0.2391522940806864
A271N,0.23089367445222228,0.89488784989153,test,0.6639941754393077
A271P,-0.002294129626189606,1.11025377654683,test,1.1125479061730197
A271Q,-0.05050367769547284,0.932148083411726,test,0.9826517611071988
A271R,0.09878015915329305,0.0479668642592886,test,0.05081329489400445
A271S,0.5610557988647746,0.944763184675119,test,0.38370738581034436
A271T,0.3157660651901113,0.902655186502752,test,0.5868891213126407
A271V,0.39129990527014846,0.88342403677952,test,0.4921241315093715
A271W,-0.04338315035355825,0.06183778960164,test,0.10522093995519824
A271Y,-0.29069693846166333,0.0911860913520244,test,0.3818830298136877
A275C,0.8753662815469039,0.992758071358353,test,0.11739178981144915
A275D,-0.11401222480947729,0.0966788945008378,test,0.2106911193103151
A275E,-0.11401222480947729,0.120817961091803,test,0.2348301859012803
A275F,0.4931273908376992,0.831540313234371,test,0.33841292239667187
A275G,-0.01505977459142363,0.850851944591506,test,0.8659117191829296
A275H,-0.11401222480947729,0.707114516073649,test,0.8211267408831262
A275I,0.7533559584987064,0.986238152407652,test,0.2328821939089456
A275K,-0.11401222480947729,0.118149412346069,test,0.23216163715554627
A275L,0.7448467099242759,0.95730338913584,test,0.21245667921156408
A275M,0.5548170259841105,0.875290623164559,test,0.32047359718044843
A275N,-0.11401222480947729,0.660629963512338,test,0.7746421883218153
A275P,-0.11219750520353847,0.697189892039297,test,0.8093873972428355
A275Q,-0.06272684031944811,0.582366906168991,test,0.6450937464884391
A275R,0.06442412270875428,0.0620491289016887,test,0.00237499380706558
A275S,0.44283810018336545,0.93281803021299,test,0.4899799300296246
A275T,0.06846489026811417,0.904997907707515,test,0.8365330174394008
A275V,1.0464381340451017,1.02473059436458,test,0.021707539680521748
A275W,0.07584179167947289,1.08253813005182,test,1.006696338372347
A275Y,0.32402944068628536,0.607998878637164,test,0.2839694379508786
A27C,0.19182226586194792,0.895919109344613,test,0.7040968434826651
A27D,0.32580090667232775,0.0679448889505037,test,0.25785601772182404
A27E,0.27254136583153277,0.129070069804879,test,0.14347129602665376
A27F,0.08156771959611595,0.48793948203195,test,0.40637176243583406
A27G,-0.08452377647026557,0.718300100758602,test,0.8028238772288675
A27H,0.3022886714438473,0.462905845259186,test,0.1606171738153387
A27I,0.34454267310691855,0.78750490806706,test,0.4429622349601414
A27K,0.4097780803676121,0.419560189205754,test,0.0097821088381419
A27L,0.44668873335767834,0.688627751159348,test,0.2419390178016697
A27M,0.10190518625933029,0.808629892203917,test,0.7067247059445867
A27N,0.1449692841944705,0.570120034036416,test,0.42515074984194545
A27P,-0.4592482052088618,0.0860303255056276,test,0.5452785307144894
A27Q,0.2314486798192876,0.683609132880208,test,0.45216045306092034
A27R,0.39572452005659264,0.106856035585767,test,0.28886848447082564
A27S,0.4094087265485411,0.941222426834805,test,0.5318137002862638
A27T,0.7752757089075797,0.911979274372711,test,0.1367035654651313
A27V,0.6489718532346875,0.892613959903095,test,0.24364210666840747
A27W,-0.07207235146398608,0.299325702948405,test,0.37139805441239104
A27Y,0.24671313987637708,0.534992554353809,test,0.2882794144774319
A289C,-0.5650880321888108,0.630833196039729,test,1.1959212282285399
A289D,-1.1892354476251368,0.13123507543839,train,1.3204705230635267
A289E,-1.2989069780480216,0.089509238336483,train,1.3884162163845046
A289F,-1.3425671964845003,0.0802943589876932,test,1.4228615554721935
A289G,-0.5979099832542116,0.802934600602972,test,1.4008445838571837
A289H,-1.3516940329586704,0.0691241649243892,train,1.4208181978830596
A289I,-1.1759617931546449,0.191600219074135,test,1.36756201222878
A289K,-1.2741055260727607,0.100196749790522,train,1.3743022758632828
A289L,-1.138026464401135,0.0850721288204454,test,1.2230985932215805
A289M,-0.8350134434900365,0.0483030432162083,test,0.8833164867062447
A289N,-0.5419004545946107,0.909750732187294,test,1.4516511867819046
A289P,-0.7406460926622456,0.0492584109001064,test,0.789904503562352
A289Q,-1.1475830208271114,0.0604469687248774,test,1.2080299895519888
A289R,-1.3425671964845003,0.172714519809591,test,1.5152817162940913
A289S,-0.4826479410085758,0.919415442024322,test,1.402063383032898
A289T,-0.3210942192434725,0.461802861543025,test,0.7828970807864974
A289V,-0.7286409446928379,0.1309308209073,test,0.8595717656001379
A289W,-1.3927753604864035,0.0526719468414047,train,1.4454473073278082
A289Y,-1.3111963508253222,0.0853426451539508,train,1.396538995979273
A293C,0.008487685176248955,0.971778333454146,test,0.963290648277897
A293D,-0.14091527731880296,0.265907684115348,test,0.406822961434151
A293E,-0.2977860292931698,0.835734908910893,test,1.1335209382040627
A293F,0.21996911570605723,0.113531037291131,test,0.10643807841492624
A293G,0.4308920966340357,0.949389185850036,test,0.5184970892160002
A293H,-0.06137902446592383,0.35760767330882,test,0.41898669777474384
A293I,0.3019674497132956,0.91605953788121,test,0.6140920881679144
A293K,-0.32770760626046314,0.829389667140645,test,1.1570972734011082
A293L,0.36119318365202413,0.207709598758412,test,0.15348358489361213
A293M,0.6941083276393776,0.936745679562252,test,0.2426373519228744
A293N,-0.16546348519340162,0.992867984874031,test,1.1583314700674328
A293P,0.30907172931648597,0.151641336231176,test,0.15743039308530996
A293Q,-0.024667465795856797,0.924451894914239,test,0.9491193607100957
A293R,0.06822973293659393,0.797220162951594,test,0.7289904300150001
A293S,0.54014067863973,0.993485071866283,test,0.45334439322655296
A293T,0.37179605857293097,0.938807090271418,test,0.567011031698487
A293V,0.3546763578692882,0.913653183845153,test,0.5589768259758648
A293W,-0.07012223829342082,0.0507204619537864,test,0.12084270024720722
A293Y,0.08905029129263672,0.091890479246529,test,0.0028401879538922786
A305C,-0.03425634626511245,0.925967045054914,test,0.9602233913200264
A305D,0.3299456651654469,0.140969571675586,test,0.18897609348986089
A305E,0.3113763474406428,0.281374084086322,test,0.030002263354320824
A305F,0.5150383590403604,0.354979251979265,test,0.16005910706109544
A305G,0.25272557447342003,0.938596320323228,test,0.685870745849808
A305H,0.31656321133201737,0.979030922748289,test,0.6624677114162716
A305I,0.22004895922912146,0.768879360553501,test,0.5488304013243795
A305K,0.07001989394900596,0.793052037967388,test,0.723032144018382
A305L,0.41889430848556564,0.824171494369458,test,0.4052771858838924
A305M,0.654151690916766,0.872308293838669,test,0.2181566029219031
A305N,0.3186651024348992,0.854947527411125,test,0.5362824249762258
A305P,0.5776199647178257,1.0014997467097,test,0.42387978199187426
A305Q,0.1661389452911168,0.863158570313486,test,0.6970196250223691
A305R,0.269770342335953,0.48470518076114,test,0.214934838425187
A305S,0.9031271030991246,0.870183350881784,test,0.03294375221734058
A305T,0.5788159159962729,0.983583920131659,test,0.40476800413538605
A305V,0.7840759825452086,0.785131939646413,test,0.00105595710120443
A305W,0.3581398356553229,0.62702145031157,test,0.26888161465624705
A305Y,0.4204998684008563,0.996854159989399,test,0.5763542915885427
A312C,0.39703989782423554,0.965729631656235,test,0.5686897338319995
A312D,-0.17891279594830925,0.231197227621224,test,0.41011002356953324
A312E,0.012460597756209973,0.948372121547095,test,0.935911523790885
A312F,0.39003790444002795,1.03995949464757,test,0.6499215902075421
A312G,0.4054190119383667,0.775442819691283,test,0.3700238077529163
A312H,0.23291289410869373,0.911566024402122,test,0.6786531302934282
A312I,0.2280359400693401,0.858475327071097,test,0.6304393870017568
A312K,-0.23530918156002903,0.846288887012365,test,1.081598068572394
A312L,0.5276671003021283,1.00623185519827,test,0.4785647548961418
A312M,0.436420946155877,0.867493127170288,test,0.431072181014411
A312N,0.3126090333971201,0.861432279975312,test,0.5488232465781919
A312P,0.41253654621731406,0.0550659724665663,test,0.35747057375074776
A312Q,0.29239319594860214,0.8669218897415,test,0.5745286937928978
A312R,-0.388681720703725,0.139724268854634,test,0.5284059895583589
A312S,1.1295915496826734,0.963145090451478,test,0.1664464592311954
A312T,0.48202040965248094,0.952802369730504,test,0.4707819600780231
A312V,0.564860309766338,0.893094507158913,test,0.328234197392575
A312W,0.37642686053693786,0.972971206733233,test,0.5965443461962951
A312Y,0.48604340063573637,0.992951804933762,test,0.5069084042980256
A317C,0.33579116119887353,1.00261030882332,test,0.6668191476244465
A317D,-0.3924318312464752,0.869962651447798,test,1.2623944826942732
A317E,-0.39117110210247463,0.306863964267133,test,0.6980350663696077
A317F,0.2685817325501676,0.955179216494752,test,0.6865974839445844
A317G,0.5458236089769348,0.818637204940167,test,0.2728135959632322
A317H,-0.200022835164037,0.116141562693452,test,0.31616439785748895
A317I,0.39688497150144264,0.977264724918893,test,0.5803797534174504
A317K,-0.39279423328015883,0.089533710682032,test,0.4823279439621908
A317L,0.393174349136167,0.218237879653686,test,0.174936469482481
A317M,0.3027265657938829,1.00770824843986,test,0.7049816826459772
A317N,-0.20282382502015286,0.9605317230726,test,1.1633555480927529
A317P,-0.39279423328015883,0.868587949550396,test,1.261382182830555
A317Q,-0.39279423328015883,0.0783679184540361,test,0.47116215173419496
A317R,-0.3875708968606364,0.0597522320574848,test,0.4473231289181212
A317S,0.7233585889275538,0.98446385024598,test,0.26110526131842626
A317T,0.44378245422237206,0.985758166633453,test,0.5419757124110809
A317V,0.6361346837470909,0.988751782461792,test,0.35261709871470104
A317W,-0.3925692031540773,0.322452725152137,test,0.7150219283062142
A317Y,-0.0181278035369761,0.110683466330653,test,0.12881126986762909
A338C,0.7022373344732926,1.00214443555255,test,0.29990710107925733
A338D,1.0301875131520835,0.958269907251821,test,0.07191760590026242
A338E,0.9926782758944459,0.953523071712273,test,0.03915520418217289
A338F,0.7740306215584003,0.968236066226239,test,0.19420544466783873
A338G,0.85758734905187,0.981305839901123,test,0.12371849084925302
A338H,0.7843092920532986,0.998558832713444,test,0.21424954066014545
A338I,1.4172274625473567,0.901394171603101,test,0.5158332909442557
A338K,0.935340266971669,0.95953135028984,test,0.02419108331817099
A338L,1.1615662663907742,1.00341944578392,test,0.15814682060685414
A338M,1.202127035479607,1.02039117138991,test,0.18173586408969689
A338N,1.1239498916602433,0.98169470614515,test,0.1422551855150933
A338P,0.564055433350166,0.783572362711707,test,0.2195169293615411
A338Q,0.8507235745637634,0.965562194843624,test,0.11483862027986069
A338R,0.9830902464866409,0.992675002486289,test,0.009584755999648142
A338S,0.954416538878623,0.981878748039635,test,0.027462209161012052
A338T,0.9940106722991982,0.973436740349069,test,0.020573931950129132
A338V,1.3051880728758152,0.93666274019938,test,0.36852533267643517
A338W,0.4093237005666699,0.974075997088603,test,0.5647522965219332
A338Y,0.7827362974110106,0.954874113228621,test,0.17213781581761045
A340C,0.21800874735423312,0.954865556724113,test,0.7368568093698799
A340D,0.21800874735423312,0.913845010204704,test,0.6958362628504708
A340E,0.21800874735423312,0.88377063128504,test,0.6657618839308068
A340F,0.21800874735423312,0.812474554163442,test,0.5944658068092089
A340G,0.21800874735423312,0.968147212301986,test,0.7501384649477528
A340H,0.21800874735423312,0.801105476869446,test,0.5830967295152129
A340I,0.21800874735423312,0.709434922896274,test,0.4914261755420408
A340K,0.21800874735423312,0.811420406617554,test,0.5934116592633208
A340L,0.21800874735423312,0.785143502110229,test,0.5671347547559958
A340M,0.21800874735423312,0.89197254560424,test,0.6739637982500069
A340N,0.21800874735423312,0.772908494089089,test,0.5548997467348559
A340P,0.21800874735423312,0.781650788897704,test,0.5636420415434709
A340Q,0.21800874735423312,0.900131105556645,test,0.6821223582024118
A340R,0.21800874735423312,0.851744560483275,test,0.6337358131290418
A340S,0.21800874735423312,0.954466261986542,test,0.7364575146323089
A340T,0.21800874735423312,0.943651379801025,test,0.7256426324467918
A340V,0.21800874735423312,0.869872824962685,test,0.6518640776084519
A340W,0.21800874735423312,0.802923132974705,test,0.5849143856204718
A340Y,0.21800874735423312,0.843265957448673,test,0.6252572100944399
A348C,0.6693378686866474,0.989341453287145,test,0.3200035846004976
A348D,0.5217713970120774,0.883088508355938,test,0.3613171113438606
A348E,0.7171923791715435,0.87749524559657,test,0.16030286642502645
A348F,0.17740574626360958,0.840193989246424,test,0.6627882429828144
A348G,0.4566118162347832,0.948647931421231,test,0.49203611518644785
A348H,0.27827596413339983,0.935827122121167,test,0.6575511579877672
A348I,0.34196291701706394,0.89168913786671,test,0.5497262208496461
A348K,0.25982611936644795,0.643629303778024,test,0.383803184411576
A348L,0.33211200866814417,0.769325513239757,test,0.4372135045716128
A348M,0.10789130219297169,0.90449489608468,test,0.7966035938917083
A348N,0.37761271423140363,0.96500950479976,test,0.5873967905683564
A348P,0.310747137364878,0.944373315260891,test,0.6336261778960129
A348Q,0.5077936315265281,0.915928488354792,test,0.4081348568282639
A348R,0.35906653771346764,0.673168281677577,test,0.3141017439641094
A348S,0.6561631369775893,0.974325040934775,test,0.3181619039571857
A348T,0.3496221253417995,0.853822224990362,test,0.5042000996485625
A348V,0.6688778217458242,0.951624125750279,test,0.2827463040044548
A348W,-0.002447586909909011,0.872911955532151,test,0.8753595424420599
A348Y,0.313518067367742,0.957194001003557,test,0.643675933635815
A34C,0.21800874735423312,0.960867980876612,test,0.7428592335223788
A34D,0.21800874735423312,0.971616852609779,test,0.7536081052555459
A34E,0.21800874735423312,0.962907636829619,test,0.7448988894753859
A34F,0.21800874735423312,0.965852804007215,test,0.7478440566529818
A34G,0.21800874735423312,0.914851227632173,test,0.6968424802779398
A34H,0.21800874735423312,0.996515621717514,test,0.7785068743632808
A34I,0.21800874735423312,0.9530188000388,test,0.7350100526845669
A34K,0.21800874735423312,1.01042708146791,test,0.7924183341136768
A34L,0.21800874735423312,0.975243133169086,test,0.7572343858148528
A34M,0.21800874735423312,0.971483577922852,test,0.7534748305686189
A34N,0.21800874735423312,0.985119035644301,test,0.7671102882900679
A34P,0.21800874735423312,1.02150603824156,test,0.8034972908873268
A34Q,0.21800874735423312,0.992486890363149,test,0.7744781430089158
A34R,0.21800874735423312,1.00639899430574,test,0.788390246951507
A34S,0.21800874735423312,0.962768263605833,test,0.7447595162515999
A34T,0.21800874735423312,0.988769564127535,test,0.7707608167733019
A34V,0.21800874735423312,0.99170223917872,test,0.7736934918244869
A34W,0.21800874735423312,0.971941302728624,test,0.7539325553743909
A34Y,0.21800874735423312,0.933987559349228,test,0.7159788119949948
A362C,0.2934919334972259,1.01179449597256,test,0.7183025624753341
A362D,0.7309215552913464,0.984021943752205,test,0.2531003884608586
A362E,0.7157144297833902,0.993577939251046,test,0.2778635094676558
A362F,0.17507018241953906,0.969706577372238,test,0.7946363949526989
A362G,0.8538702501404363,0.986341927803137,test,0.13247167766270074
A362H,0.44564121334245477,1.01057679582473,test,0.5649355824822753
A362I,0.2711739768606132,1.01024715655701,test,0.7390731796963967
A362K,0.7415451309814405,0.991403906028452,test,0.24985877504701148
A362L,0.41504879463933597,0.972665718909906,test,0.5576169242705701
A362M,0.1587514682795332,0.998712154217986,test,0.8399606859384527
A362N,0.7407857214633051,1.00170133054332,test,0.2609156090800149
A362P,1.2849432908218488,0.99471286849332,test,0.2902304223285288
A362Q,0.8505148443842192,0.981379944704397,test,0.13086510032017784
A362R,0.7846858196335387,1.00200694057456,test,0.2173211209410213
A362S,1.0408699740745189,0.989644671595765,test,0.0512253024787539
A362T,0.8390919000173735,1.00803986160616,test,0.16894796158878655
A362V,0.48627567209693345,0.962283661792306,test,0.4760079896953725
A362W,-0.06633643759921773,0.9747095688039,test,1.0410460064031177
A362Y,0.21662088426641565,0.980379627728822,test,0.7637587434624064
A373C,-0.025042056873430224,0.938974129577871,test,0.9640161864513012
A373D,-0.17850548297428295,0.184332626079156,test,0.36283810905343894
A373E,-0.05468040329332771,0.239415404426389,test,0.2940958077197167
A373F,0.030500791860881032,1.12401118469293,test,1.0935103928320489
A373G,0.10387279515757816,0.884631211288222,test,0.7807584161306438
A373H,-0.08903157163675493,0.72695781054503,test,0.8159893821817849
A373I,0.14940840127535912,0.743224461441269,test,0.5938160601659098
A373K,-0.27986128592293613,0.142602314828997,test,0.4224636007519331
A373L,0.16195450256351426,0.300370214410244,test,0.1384157118467297
A373M,-0.021078242708724187,0.771209623426447,test,0.7922878661351712
A373N,-0.5650192949624218,0.559741704586455,test,1.1247609995488768
A373P,0.46824026630057936,0.950389301502883,test,0.4821490352023037
A373Q,0.15250436510498863,0.859665142114101,test,0.7071607770091124
A373R,0.04302573898643677,0.0935413699364857,test,0.05051563095004892
A373S,0.08248230444240098,0.921783919125149,test,0.839301614682748
A373T,-0.00028972106784033724,0.831872618535758,test,0.8321623396035983
A373V,0.5469481321878857,0.835587134869674,test,0.2886390026817882
A373W,-0.17092209095057134,0.0621953539106135,test,0.23311744486118485
A373Y,-0.16929321358074637,0.357177857853024,test,0.5264710714337704
A386C,0.21800874735423312,0.885408194633267,test,0.6673994472790339
A386D,0.21800874735423312,0.866734554310828,test,0.6487258069565949
A386E,0.21800874735423312,0.698057502367393,test,0.4800487550131598
A386F,0.21800874735423312,0.683143566817644,test,0.46513481946341084
A386G,0.21800874735423312,0.917973085900427,test,0.6999643385461939
A386H,0.21800874735423312,0.773739343840909,test,0.5557305964866759
A386I,0.21800874735423312,0.796719183617587,test,0.5787104362633538
A386K,0.21800874735423312,0.72861146030733,test,0.5106027129530969
A386L,0.21800874735423312,0.699491523785366,test,0.4814827764311329
A386M,0.21800874735423312,0.823313953491615,test,0.6053052061373818
A386N,0.21800874735423312,0.745365023657956,test,0.5273562763037228
A386P,0.21800874735423312,0.848664575782655,test,0.6306558284284218
A386Q,0.21800874735423312,0.74648451487279,test,0.5284757675185568
A386R,0.21800874735423312,0.661422099375425,test,0.4434133520211918
A386S,0.21800874735423312,1.00777640541944,test,0.7897676580652069
A386T,0.21800874735423312,0.910391780259394,test,0.6923830329051609
A386V,0.21800874735423312,0.720100791738952,test,0.5020920443847189
A386W,0.21800874735423312,0.707783754908056,test,0.48977500755382286
A386Y,0.21800874735423312,0.780692324919933,test,0.5626835775656999
A392C,0.811290703125086,1.01813642715668,test,0.20684572403159396
A392D,-0.008118958769962409,0.085226210378166,test,0.0933451691481284
A392E,-0.30228326755798096,0.0990518719109582,test,0.4013351394689392
A392F,0.5329660106821412,0.10834777586953,test,0.42461823481261124
A392G,0.25094741200191373,0.876696605966534,test,0.6257491939646203
A392H,-0.30228326755798096,0.0573878776907714,test,0.3596711452487524
A392I,0.4338204306093265,0.574831220901326,test,0.14101079029199948
A392K,-0.30228326755798096,0.108435510691589,test,0.4107187782495699
A392L,0.5274827948641627,0.0744855376750341,test,0.45299725718912864
A392M,0.6587284087310008,0.86370686760111,test,0.20497845887010924
A392N,-0.10665678969680562,0.348765720149525,test,0.4554225098463306
A392P,0.37584706830600445,0.145746645685568,test,0.23010042262043645
A392Q,-0.30228326755798096,0.0992137531789642,test,0.40149702073694515
A392R,-0.30228326755798096,0.039419485728654,test,0.34170275328663496
A392S,1.0527288438902656,0.998494710773996,test,0.05423413311626957
A392T,0.2908975475555311,0.798813387179449,test,0.507915839623918
A392V,0.4271959823023648,0.732966334860737,test,0.30577035255837226
A392W,-0.30228326755798096,0.0710644421332695,test,0.3733477096912505
A392Y,0.1497026650744717,0.121855428231305,test,0.027847236843166687
A396C,0.8406891737007005,0.999219610788336,test,0.15853043708763548
A396D,0.014863925678842288,0.153509183096526,test,0.13864525741768371
A396E,0.015000948793801622,0.0960189531706067,test,0.08101800437680508
A396F,0.44111103250134653,0.279641625095174,test,0.16146940740617255
A396G,0.17361412773037463,0.905170577045003,test,0.7315564493146284
A396H,0.014863925678842288,0.146536189106058,test,0.13167226342721572
A396I,0.8170738733940841,0.815018316497669,test,0.0020555568964151227
A396K,0.014863925678842288,0.11585422452583,test,0.10099029884698771
A396L,0.7124673452474901,0.840651023689857,test,0.1281836784423669
A396M,0.6158997362015588,0.664897380071615,test,0.04899764387005623
A396N,0.015025502388706452,0.849465052885366,test,0.8344395504966595
A396P,0.015489349392030699,0.0825626179844611,test,0.0670732685924304
A396Q,0.014863925678842288,0.267204766722148,test,0.2523408410433057
A396R,0.014863925678842288,0.143721239969193,test,0.12885731429035072
A396S,1.106067300362022,0.983536704666421,test,0.1225305956956011
A396T,0.8765913936674263,0.987359030504687,test,0.11076763683726065
A396V,1.0590867244592073,0.973836039147122,test,0.08525068531208524
A396W,0.014863925678842288,0.0942211809826861,test,0.07935725530384381
A396Y,0.3291043428804381,0.100789514805883,test,0.2283148280745551
A405C,0.10405099098516876,0.976511159193721,test,0.8724601682085522
A405D,0.35055848917826204,0.995514416555911,test,0.644955927377649
A405E,0.6887041383476891,0.922983679731489,test,0.23427954138379992
A405F,-0.0568859774519648,0.896228973354965,test,0.9531149508069298
A405G,0.5217539098005657,0.874651593848164,test,0.35289768404759836
A405H,0.19096293299132958,0.935222618429184,test,0.7442596854378544
A405I,0.1965570970824759,0.903379459622119,test,0.706822362539643
A405K,0.48219225260349297,0.858055146666404,test,0.37586289406291107
A405L,0.20531916607733455,0.821069189702855,test,0.6157500236255204
A405M,0.1126084771745541,0.964964975081721,test,0.8523564979071668
A405N,0.22203886734436315,0.962374955438706,test,0.7403360880943428
A405P,0.4917796223785087,0.902769777778427,test,0.41099015539991834
A405Q,0.29655359845815377,0.948923499588862,test,0.6523699011307083
A405R,0.3636296102189973,0.916281125755067,test,0.5526515155360697
A405S,0.7533377803667396,0.97982402157717,test,0.22648624121043037
A405T,0.28611360488710624,0.864241269636964,test,0.5781276647498578
A405V,0.4075578478464832,0.877917447994911,test,0.4703596001484278
A405W,-0.046767076387868284,0.915699339860527,test,0.9624664162483952
A405Y,0.2808666031460805,0.872757556470854,test,0.5918909533247735
A407C,0.17982485964512326,0.778750041884321,test,0.5989251822391977
A407D,-0.44285927044595375,0.107159955513649,test,0.5500192259596027
A407E,-0.38018522749839323,0.88869966828201,test,1.268884895780403
A407F,0.05408348635011981,0.12390031929847,test,0.06981683294835019
A407G,0.672665828127667,0.907536049355778,test,0.23487022122811108
A407H,-0.44285927044595375,0.170391228158234,test,0.6132504986041878
A407I,0.4496320728218952,0.136194535362767,test,0.3134375374591282
A407K,-0.44285927044595375,0.122155656543981,test,0.5650149269899347
A407L,0.13320517878442947,0.261434359614693,test,0.12822918083026355
A407M,0.216762268955595,0.165856183455434,test,0.050906085500161014
A407N,-0.13972759949806848,0.636292427451155,test,0.7760200269492235
A407P,-0.4378674099664115,0.723679147290655,test,1.1615465572570665
A407Q,-0.37907309512749765,0.864066114531539,test,1.2431392096590366
A407R,-0.028613220684685442,0.117295816304543,test,0.14590903698922844
A407S,0.3755686597613275,0.937962543626331,test,0.5623938838650036
A407T,0.4480847503547378,0.633222051316811,test,0.18513730096207315
A407V,0.5645490071504999,0.748178699307481,test,0.1836296921569811
A407W,-0.2529761188485675,0.287470692928224,test,0.5404468117767915
A407Y,-0.2851058153832138,0.368539421456188,test,0.6536452368394018
A40C,-0.10196616831379293,0.904772745886712,test,1.006738914200505
A40D,0.906061874557275,0.82820404470202,test,0.07785782985525502
A40E,1.241866789642666,1.00719186192442,test,0.23467492771824605
A40F,0.5776106271093153,0.663702129985287,test,0.08609150287597167
A40G,0.8316631431005181,0.858824914164236,test,0.027161771063717866
A40H,0.6163691229725001,0.973391091487785,test,0.3570219685152849
A40I,0.4864041073964811,0.834339258328166,test,0.3479351509316849
A40K,0.9509911611345967,0.989226451468131,test,0.038235290333534344
A40L,0.5464307995733291,0.840879692333275,test,0.2944488927599459
A40M,0.364251734657423,0.905766076483566,test,0.541514341826143
A40N,0.5206639142840606,0.938220252388764,test,0.4175563381047035
A40P,0.35185413239157337,0.976566385180274,test,0.6247122527887007
A40Q,0.8625912025182931,1.02001569317787,test,0.15742449065957698
A40R,0.7719196494428655,1.00527239805541,test,0.2333527486125444
A40S,1.0291030866543853,0.968911645771087,test,0.06019144088329831
A40T,0.7267179574791391,0.95665222982879,test,0.2299342723496508
A40V,0.605402536009034,0.864911827189463,test,0.259509291180429
A40W,0.5049616705871249,0.688548835176545,test,0.18358716458942004
A40Y,0.5400799457690864,0.752563519841436,test,0.21248357407234963
A413C,-0.04890599690226585,0.917798644448086,test,0.9667046413503518
A413D,-0.5057477925422054,0.107966028133507,test,0.6137138206757123
A413E,0.06699093570353318,0.0602336512069857,test,0.006757284496547479
A413F,-0.17236249773548698,0.80211763300051,test,0.9744801307359969
A413G,0.2974521969750621,0.930027710926273,test,0.6325755139512109
A413H,-0.17926125442225319,0.233480998345295,test,0.41274225276754817
A413I,0.10195037878863664,0.916313255513824,test,0.8143628767251874
A413K,0.005833906364515168,0.0999720490459638,test,0.09413814268144863
A413L,0.028100177078457217,0.87493597650441,test,0.8468357994259528
A413M,0.07227316790804414,0.94298399092023,test,0.8707108230121858
A413N,-0.2260629676444548,0.248569629697171,test,0.4746325973416258
A413P,-0.5057553747091992,0.141631125044655,test,0.6473864997538542
A413Q,-0.01668213542612554,0.751324212546227,test,0.7680063479723526
A413R,0.02165163097274478,0.110119084419592,test,0.08846745344684723
A413S,0.8618713518988568,0.973233429546987,test,0.11136207764813022
A413T,0.16932787902164056,0.895249631687272,test,0.7259217526656314
A413V,0.21576653668679333,0.940333273424916,test,0.7245667367381227
A413W,-0.16463300713819143,0.840911475770714,test,1.0055444829089055
A413Y,-0.5058394322546034,0.778916986207942,test,1.2847564184625453
A416C,1.043832927200499,0.796720376076806,test,0.2471125511236929
A416D,0.20490574941722547,0.0827865550306328,test,0.12211919438659267
A416E,0.5234765068643801,0.1073355971205,test,0.41614090974388007
A416F,0.05797648857360846,0.62998280495059,test,0.5720063163769815
A416G,0.6014657227268783,0.854499230978325,test,0.25303350825144677
A416H,0.28599111942720534,0.668941618170486,test,0.3829504987432807
A416I,0.5316577457665514,0.614599414274204,test,0.0829416685076525
A416K,0.3904859963464593,0.0988171229471095,test,0.2916688733993498
A416L,0.46512546359538454,0.876372195837284,test,0.41124673224189945
A416M,0.21573212858897525,0.851408041705513,test,0.6356759131165377
A416N,0.28481706321801803,0.680568263854408,test,0.39575120063639
A416P,0.02791157116052309,0.10694950016551,test,0.0790379290049869
A416Q,0.4552825458192762,0.703044854961949,test,0.24776230914267283
A416R,0.42140139055544146,0.481224848302791,test,0.05982345774734954
A416S,0.7302485806255745,0.952581875169457,test,0.2223332945438825
A416T,0.34869881327412267,0.870391913931822,test,0.5216931006576994
A416V,0.4581914655222261,0.78742438774324,test,0.32923292222101386
A416W,0.08630398616130838,0.506090535067428,test,0.41978654890611955
A416Y,0.21924293831395067,0.232327618309243,test,0.013084679995292336
A427C,-0.1380216630220186,0.912893096127217,test,1.0509147591492356
A427D,-0.019659219282419454,0.0357453565415031,test,0.05540457582392255
A427E,0.040259429375261585,0.0502081198044402,test,0.009948690429178612
A427F,-0.3068278360955279,0.637366928029735,test,0.9441947641252629
A427G,0.23714638163592047,0.893378250868093,test,0.6562318692321725
A427H,-0.336319929539999,0.272320028014705,test,0.608639957554704
A427I,0.11764146463860944,0.862524060315854,test,0.7448825956772446
A427K,0.04631053959622042,0.616458222114935,test,0.5701476825187145
A427L,0.045515123347332515,0.791571831527461,test,0.7460567081801285
A427M,0.03891299591805028,0.814373618685438,test,0.7754606227673877
A427N,-0.18033711569089908,0.169962245460557,test,0.3502993611514561
A427P,-0.034352552865444946,0.25493135104464,test,0.28928390391008496
A427Q,-0.06144458878112749,0.681896347865296,test,0.7433409366464234
A427R,0.041697757289391485,0.68537964161519,test,0.6436818843257985
A427S,0.28986456501023405,0.909183318908371,test,0.619318753898137
A427T,0.0082926932427336,0.748371568770367,test,0.7400788755276334
A427V,0.22002482459267744,0.836935218898206,test,0.6169103943055285
A427W,-0.5330822493406229,0.661895035391059,test,1.194977284731682
A427Y,-0.26704852488511466,0.501365661213094,test,0.7684141860982087
A42C,0.475580564293981,0.758206980902052,test,0.282626416608071
A42D,-0.4720192634951308,0.257673520792748,test,0.7296927842878789
A42E,-0.4719339340784676,0.105047605975433,test,0.5769815400539007
A42F,0.018136160126577233,0.100720745308683,test,0.08258458518210576
A42G,0.38064617623408004,0.685745592149697,test,0.30509941591561696
A42H,-0.4720192634951308,0.12132373133481,test,0.5933429948299408
A42I,0.22731073407584665,0.171958735965613,test,0.05535199811023364
A42K,-0.47072768008745647,0.198261443680136,test,0.6689891237675925
A42L,0.2835103097372029,0.121517559369938,test,0.16199275036726493
A42M,0.0683040274353319,0.49429596835645,test,0.42599194092111814
A42N,-0.4720192634951308,0.275343299484645,test,0.7473625629797758
A42P,-0.4720192634951308,0.0902972055458655,test,0.5623164690409963
A42Q,-0.4720192634951308,0.0991579785763806,test,0.5711772420715114
A42R,-0.4714962343043714,0.143046347964614,test,0.6145425822689854
A42S,0.28272156590634645,0.771440990662213,test,0.4887194247558666
A42T,0.19512179333384003,0.589476084958762,test,0.39435429162492197
A42V,0.450478853600657,0.429113387456825,test,0.021365466143832
A42W,-0.10102986890399526,0.107418929043796,test,0.20844879794779125
A42Y,-0.20430665602420708,0.0836595779366337,test,0.28796623396084076
A434C,0.21800874735423312,0.96474366024351,test,0.7467349128892768
A434D,0.21800874735423312,0.650448118317856,test,0.43243937096362284
A434E,0.21800874735423312,0.911168286162762,test,0.6931595388085289
A434F,0.21800874735423312,0.877610944425139,test,0.6596021970709058
A434G,0.21800874735423312,0.979108322422403,test,0.7610995750681698
A434H,0.21800874735423312,0.947150739290826,test,0.7291419919365929
A434I,0.21800874735423312,0.843680198966597,test,0.6256714516123638
A434K,0.21800874735423312,0.978791661244273,test,0.7607829138900398
A434L,0.21800874735423312,0.93512006254103,test,0.7171113151867968
A434M,0.21800874735423312,0.969205203286288,test,0.7511964559320549
A434N,0.21800874735423312,0.908444944525765,test,0.6904361971715318
A434P,0.21800874735423312,0.221131541895467,test,0.0031227945412338753
A434Q,0.21800874735423312,0.938478057744104,test,0.7204693103898708
A434R,0.21800874735423312,0.97971106483458,test,0.7617023174803469
A434S,0.21800874735423312,0.998444245874522,test,0.7804354985202888
A434T,0.21800874735423312,0.911965052397604,test,0.6939563050433708
A434V,0.21800874735423312,0.854548184807055,test,0.6365394374528218
A434W,0.21800874735423312,0.939681333051258,test,0.7216725856970249
A434Y,0.21800874735423312,0.972845126637306,test,0.7548363792830729
A436C,0.21800874735423312,0.936841450793304,test,0.7188327034390709
A436D,0.21800874735423312,0.618176099859742,test,0.40016735250550883
A436E,0.21800874735423312,0.845327231669406,test,0.6273184843151729
A436F,0.21800874735423312,0.721371895921336,test,0.5033631485671028
A436G,0.21800874735423312,0.856610391532368,test,0.6386016441781348
A436H,0.21800874735423312,0.647211856305338,test,0.4292031089511048
A436I,0.21800874735423312,0.757365905612141,test,0.5393571582579079
A436K,0.21800874735423312,0.0464791364042205,test,0.17152961095001262
A436L,0.21800874735423312,0.908801393320988,test,0.6907926459667548
A436M,0.21800874735423312,0.794072036980546,test,0.5760632896263128
A436N,0.21800874735423312,0.721771099105067,test,0.5037623517508338
A436P,0.21800874735423312,0.0506408715583536,test,0.16736787579587953
A436Q,0.21800874735423312,0.734742795045968,test,0.5167340476917348
A436R,0.21800874735423312,0.100229706809744,test,0.11777904054448912
A436S,0.21800874735423312,0.962235047149044,test,0.7442262997948108
A436T,0.21800874735423312,0.901380173878835,test,0.6833714265246018
A436V,0.21800874735423312,0.914772788784809,test,0.6967640414305759
A436W,0.21800874735423312,0.312586983840434,test,0.09457823648620087
A436Y,0.21800874735423312,0.767389215593081,test,0.5493804682388479
A43C,-0.08064754535959542,0.669003733671671,test,0.7496512790312664
A43D,0.14525919715714172,0.411893890197203,test,0.26663469304006127
A43E,0.3965811949569653,0.694604834135897,test,0.2980236391789317
A43F,-0.1754466927756322,0.0956182521997101,test,0.2710649449753423
A43G,0.3326464173113808,0.866013303495585,test,0.5333668861842042
A43H,-0.06028087638427129,0.478248697432874,test,0.5385295738171453
A43I,0.10607915446992441,0.709628334430333,test,0.6035491799604086
A43K,0.09753979587089764,0.634771405005664,test,0.5372316091347663
A43L,0.10544536639817911,0.531095058134208,test,0.42564969173602885
A43M,0.15228027583039624,0.781264384347671,test,0.6289841085172747
A43N,0.180732529547708,0.688461766530045,test,0.507729236982337
A43P,-0.16390954325656074,0.0808060987028396,test,0.24471564195940032
A43Q,0.31056735123538126,0.785263810866141,test,0.4746964596307598
A43R,0.30542037411519396,0.656592468314317,test,0.351172094199123
A43S,0.3923700160885699,0.807565051235066,test,0.415195035146496
A43T,0.3520464613562211,0.688565703845548,test,0.33651924248932696
A43V,0.12403373294061756,0.59259772933191,test,0.4685639963912924
A43W,-0.07380021133481199,0.21597440437142,test,0.289774615706232
A43Y,-0.19162961401675707,0.101077067849688,test,0.29270668186644505
A444C,0.21800874735423312,0.886655675508263,test,0.6686469281540298
A444D,0.21800874735423312,0.304243612204969,test,0.08623486485073587
A444E,0.21800874735423312,0.192294888280956,test,0.025713859073277112
A444F,0.21800874735423312,0.73687607939997,test,0.5188673320457369
A444G,0.21800874735423312,0.966272470294646,test,0.7482637229404129
A444H,0.21800874735423312,0.663102527029114,test,0.44509377967488084
A444I,0.21800874735423312,0.756225127666622,test,0.5382163803123888
A444K,0.21800874735423312,0.319930109147315,test,0.1019213617930819
A444L,0.21800874735423312,0.731631694376138,test,0.5136229470219048
A444M,0.21800874735423312,0.863361843373484,test,0.6453530960192508
A444N,0.21800874735423312,0.800915819397398,test,0.5829070720431648
A444P,0.21800874735423312,0.725405701129157,test,0.5073969537749239
A444Q,0.21800874735423312,0.729694334300081,test,0.5116855869458479
A444R,0.21800874735423312,0.709472307041742,test,0.4914635596875089
A444S,0.21800874735423312,0.954629506074485,test,0.7366207587202519
A444T,0.21800874735423312,0.802261118093608,test,0.5842523707393749
A444V,0.21800874735423312,0.778582049902056,test,0.5605733025478229
A444W,0.21800874735423312,0.816061685478102,test,0.5980529381238688
A444Y,0.21800874735423312,0.631787185899004,test,0.4137784385447708
A454C,0.21800874735423312,0.998183601268176,test,0.7801748539139428
A454D,0.21800874735423312,0.963688400483892,test,0.7456796531296589
A454E,0.21800874735423312,0.99482790040707,test,0.7768191530528369
A454F,0.21800874735423312,1.01504961271837,test,0.7970408653641368
A454G,0.21800874735423312,0.957033084339537,test,0.7390243369853039
A454H,0.21800874735423312,0.999254128456814,test,0.7812453811025809
A454I,0.21800874735423312,1.00326587575059,test,0.7852571283963568
A454K,0.21800874735423312,0.997715955691404,test,0.7797072083371709
A454L,0.21800874735423312,0.972282929248982,test,0.7542741818947488
A454M,0.21800874735423312,0.985357288634532,test,0.7673485412802988
A454N,0.21800874735423312,0.972592342179312,test,0.7545835948250789
A454P,0.21800874735423312,0.936849477899396,test,0.7188407305451628
A454Q,0.21800874735423312,1.00084889019933,test,0.7828401428450968
A454R,0.21800874735423312,0.994638126200954,test,0.7766293788467209
A454S,0.21800874735423312,0.988242147404028,test,0.7702334000497949
A454T,0.21800874735423312,1.00122113139055,test,0.7832123840363168
A454V,0.21800874735423312,1.00124871675709,test,0.7832399694028569
A454W,0.21800874735423312,0.982736956432728,test,0.7647282090784948
A454Y,0.21800874735423312,0.997763832391821,test,0.7797550850375878
A463C,0.21800874735423312,1.0201177557978,test,0.8021090084435669
A463D,0.21800874735423312,1.01133329904939,test,0.7933245516951568
A463E,0.21800874735423312,0.990072751206042,test,0.7720640038518088
A463F,0.21800874735423312,1.02965349122545,test,0.8116447438712169
A463G,0.21800874735423312,1.02926189140149,test,0.8112531440472568
A463H,0.21800874735423312,1.01730912134723,test,0.7993003739929969
A463I,0.21800874735423312,1.01926553097,test,0.8012567836157669
A463K,0.21800874735423312,1.02640150122288,test,0.8083927538686468
A463L,0.21800874735423312,1.01355444377315,test,0.7955456964189169
A463M,0.21800874735423312,0.984704633127054,test,0.7666958857728209
A463N,0.21800874735423312,1.02966498983871,test,0.8116562424844769
A463P,0.21800874735423312,0.975641074675476,test,0.7576323273212429
A463Q,0.21800874735423312,1.01702720443718,test,0.7990184570829468
A463R,0.21800874735423312,1.00187515488201,test,0.7838664075277768
A463S,0.21800874735423312,1.00377270576576,test,0.7857639584115268
A463T,0.21800874735423312,1.00554729262727,test,0.7875385452730368
A463V,0.21800874735423312,1.01484648128924,test,0.7968377339350068
A463W,0.21800874735423312,1.01949683330908,test,0.8014880859548468
A463Y,0.21800874735423312,1.027166902103,test,0.809158154748767
A46C,0.45158032372856716,0.851740645037197,test,0.4001603213086299
A46D,-0.44388259565615207,0.145254118562322,test,0.589136714218474
A46E,-0.49946776974799056,0.0432384253942277,test,0.5427061951422183
A46F,-0.49946776974799056,0.0980430228272132,test,0.5975107925752038
A46G,0.19502214916357394,0.52482296464304,test,0.32980081547946605
A46H,-0.49946776974799056,0.0441292007435129,test,0.5435969704915035
A46I,-0.019560125700958136,0.290003289715555,test,0.3095634154165131
A46K,-0.49946776974799056,0.105517662592477,test,0.6049854323404675
A46L,0.1166418780630176,0.119337225032173,test,0.00269534696915541
A46M,-0.14931322568014485,0.154268707430404,test,0.3035819331105488
A46N,-0.49946776974799056,0.075305473582585,test,0.5747732433305756
A46P,-0.2615363587225292,0.0685786357819917,test,0.3301149945045209
A46Q,-0.03600335270437219,0.0823820524179005,test,0.11838540512227269
A46R,0.010528300225047554,0.133260406308043,test,0.12273210608299545
A46S,0.2302045796051184,0.555609003652766,test,0.3254044240476476
A46T,0.10395076327222716,0.572870726658508,test,0.46891996338628084
A46V,0.227053434891314,0.577526457129904,test,0.35047302223859
A46W,-0.49946776974799056,0.0570609585039618,test,0.5565287282519523
A46Y,-0.49946776974799056,0.126517303794872,test,0.6259850735428626
A47C,-0.8200751996543534,0.747778733614768,test,1.5678539332691215
A47D,-0.5139217431113605,0.0661759558363357,test,0.5800976989476962
A47E,-0.42734168989222243,0.650585700726913,test,1.0779273906191356
A47F,-0.6305615072173401,0.0891702265787095,test,0.7197317337960496
A47G,-0.08638703344942547,0.625340525890187,test,0.7117275593396124
A47H,-1.3227778056958301,0.0779335162698954,train,1.4007113219657255
A47I,-0.38857578829484285,0.476367582525254,test,0.8649433708200969
A47K,-0.4805760602712963,0.322395937041096,test,0.8029719973123923
A47L,-0.3264304185361613,0.708001110389922,test,1.0344315289260833
A47M,-0.6969998579011045,0.317688364570516,test,1.0146882224716205
A47N,-0.5673336626446213,0.234786453358756,test,0.8021201160033773
A47P,-1.3361454065471745,0.0748129068384871,train,1.4109583133856616
A47Q,-1.180600886155634,0.134579386572914,train,1.315180272728548
A47R,0.37736774075421997,0.758257169172719,train,0.38088942841849904
A47S,-0.16885506395695307,0.654989379139489,test,0.823844443096442
A47T,-0.4463673489137425,0.670058774551452,test,1.1164261234651947
A47V,-0.3937287976393502,0.832389006079112,test,1.2261178037184624
A47W,-0.9354048526875143,0.104300979218733,test,1.0397058319062473
A47Y,-0.6157211199539174,0.0713755219576111,test,0.6870966419115285
A69C,0.07496489439641982,0.84600060207901,test,0.7710357076825901
A69D,-0.2887376083900175,0.13418051121739,test,0.4229181196074075
A69E,-0.1583541571684879,0.267929845367552,test,0.42628400253603993
A69F,-0.4704941515657308,0.0992299373664461,test,0.569724088932177
A69G,0.4265815716612733,0.805790564007691,test,0.3792089923464177
A69H,-0.4704941515657308,0.0721938624834357,test,0.5426880140491666
A69I,0.049104665790782515,0.135590612864609,test,0.08648594707382648
A69K,-0.31087303076657835,0.0607705352441559,test,0.3716435660107342
A69L,-0.2990611085513908,0.11327076727663,test,0.4123318758280208
A69M,-0.4704941515657308,0.0542362314121589,test,0.5247303829778898
A69N,-0.4704941515657308,0.439103485635655,test,0.9095976372013859
A69P,0.26690610696920936,0.948225330610344,test,0.6813192236411346
A69Q,-0.4704941515657308,0.135766041555571,test,0.6062601931213019
A69R,-0.06001975640222204,0.138194820055268,test,0.19821457645749005
A69S,0.2578722281643382,0.799633637573994,test,0.5417614094096558
A69T,-0.1427571061107418,0.756435725530285,test,0.8991928316410268
A69V,0.217866366321495,0.0856870729083759,test,0.1321792934131191
A69W,-0.4704941515657308,0.126668586175472,test,0.5971627377412028
A69Y,-0.3404848008164112,0.212550015410099,test,0.5530348162265102
A77C,0.36232291338921807,0.940213975524813,test,0.5778910621355949
A77D,1.1334114104225883,0.989066238798192,test,0.1443451716243963
A77E,1.0788778866877007,0.995284594136626,test,0.08359329255107473
A77F,0.4928007533793737,0.950929507826912,test,0.4581287544475383
A77G,1.0237077167808633,0.956855660881617,test,0.06685205589924625
A77H,0.6956647603703743,0.965904735435116,test,0.27023997506474173
A77I,0.49642135151239564,0.958814337474336,test,0.46239298596194034
A77K,1.0367878906938668,0.990191836787868,test,0.04659605390599875
A77L,0.47918216341044206,0.929731255812677,test,0.45054909240223495
A77M,0.17411202163489056,0.973502036181351,test,0.7993900145464604
A77N,0.6911350875372306,0.962402317029049,test,0.27126722949181836
A77P,0.5548921830226126,0.90103512178606,test,0.3461429387634475
A77Q,0.8959630044472011,1.00396278955402,test,0.10799978510681885
A77R,0.7932643851913437,0.967255205439805,test,0.17399082024846135
A77S,0.9799856998402181,0.991458116313546,test,0.011472416473327862
A77T,0.8395568428294251,,,
A77V,0.565760145719558,0.983197937953348,test,0.41743779223378996
A77W,0.3763504247772216,0.906089421122813,test,0.5297389963455914
A77Y,0.5812444421507406,0.952343289780007,test,0.3710988476292665
A84C,-0.10041227006860146,0.920813660453761,test,1.0212259305223625
A84D,0.3439925245477833,0.0925350718849252,test,0.25145745266285807
A84E,0.23114237897137732,0.0781638022449744,test,0.15297857672640292
A84F,-0.22200027428357563,0.138653343369653,test,0.3606536176532286
A84G,0.38026102843996035,0.562176599375411,test,0.18191557093545063
A84H,-0.003542020646150751,0.0935089001031855,test,0.09705092074933624
A84I,-0.3903349893058514,0.0807959936071605,test,0.4711309829130119
A84K,-0.08428584490428184,0.159588588096151,test,0.24387443300043285
A84L,0.06058164987522138,0.117093529993386,test,0.05651188011816462
A84M,-0.25736012909892625,0.602449876579872,test,0.8598100056787983
A84N,-0.16938189318404787,0.0713186021890465,test,0.24070049537309435
A84P,-0.5544198465034069,0.0897153188842292,test,0.6441351653876362
A84Q,0.0021105858365759456,0.15611250797738,test,0.15400192214080405
A84R,0.26331914066673456,0.149374291646491,test,0.11394484902024357
A84S,0.2740428750147539,0.641947945577546,test,0.3679050705627921
A84T,0.07700776456366773,0.11105804336061,test,0.034050278796942265
A84V,-0.1994646736308663,0.223105442458678,test,0.4225701160895443
A84W,-0.365293195782338,0.0523672160666579,test,0.4176604118489959
A84Y,-0.15799455806505128,0.133006975811836,test,0.29100153387688726
A88C,0.4916758728596127,0.983155895989682,test,0.49148002313006933
A88D,1.1983064695639147,0.941820039233484,test,0.2564864303304307
A88E,1.2289251519456041,1.01707041113637,test,0.21185474080923417
A88F,0.4645388786092537,0.78740058344477,test,0.32286170483551635
A88G,0.9764307304490683,0.946520671073279,test,0.029910059375789277
A88H,0.8814001833683005,0.97623115021705,test,0.09483096684874948
A88I,0.7584348845824824,0.898314040477701,test,0.1398791558952186
A88K,0.8334130629950789,1.02080358060824,test,0.18739051761316117
A88L,0.8578481546762202,0.910022720760004,test,0.05217456608378379
A88M,0.4542391931726042,0.922282278685713,test,0.4680430855131088
A88N,0.6394800498662965,0.951876892154341,test,0.31239684228804454
A88P,0.6414295115499724,0.83192980431859,test,0.19050029276861757
A88Q,0.6877682560450153,1.02006604923624,test,0.33229779319122454
A88R,0.890893702929785,0.993025501944338,test,0.10213179901455305
A88S,0.7159133741447696,1.00751000859067,test,0.29159663444590045
A88T,0.687260469685097,0.953775882691077,test,0.26651541300598003
A88V,0.7885049128074801,0.922246251975442,test,0.13374133916796183
A88W,0.4012575112133445,0.922248541099458,test,0.5209910298861135
A88Y,0.41445730174826045,0.907451207316396,test,0.4929939055681355
A99C,0.21800874735423312,0.971665313550592,test,0.7536565661963589
A99D,0.21800874735423312,0.0723022249258142,test,0.14570652242841892
A99E,0.21800874735423312,0.518570371136817,test,0.3005616237825839
A99F,0.21800874735423312,0.939552578953911,test,0.7215438315996778
A99G,0.21800874735423312,0.98649747202075,test,0.7684887246665169
A99H,0.21800874735423312,0.938983030487961,test,0.7209742831337278
A99I,0.21800874735423312,0.951534711322538,test,0.7335259639683048
A99K,0.21800874735423312,0.472590002203358,test,0.25458125484912486
A99L,0.21800874735423312,0.95137793572295,test,0.7333691883687169
A99M,0.21800874735423312,0.971691224330093,test,0.7536824769758599
A99N,0.21800874735423312,0.977753898131573,test,0.7597451507773398
A99P,0.21800874735423312,0.979187847425606,test,0.7611791000713729
A99Q,0.21800874735423312,0.961916147976428,test,0.7439074006221948
A99R,0.21800874735423312,0.72548925123656,test,0.5074805038823269
A99S,0.21800874735423312,0.984285085617099,test,0.7662763382628659
A99T,0.21800874735423312,1.0057681509185,test,0.7877594035642668
A99V,0.21800874735423312,0.95010257240663,test,0.7320938250523968
A99W,0.21800874735423312,0.856408703753691,test,0.6383999563994579
A99Y,0.21800874735423312,0.945106754211676,test,0.7270980068574429
C180A,0.8282789468613381,0.933162579142348,train,0.10488363228100994
C180D,-0.5338831600463914,0.0838083028001291,test,0.6176914628465204
C180E,-0.5338831600463914,0.130978660495278,test,0.6648618205416694
C180F,0.2851778458366263,0.711372653953026,test,0.42619480811639965
C180G,0.2894846394316397,0.212220502052677,test,0.0772641373789627
C180H,-0.5338831600463914,0.952320548747974,test,1.4862037087943654
C180I,0.25909534004894996,0.789741987346939,test,0.530646647297989
C180K,-0.5338831600463914,0.0720136446604818,test,0.6058968047068731
C180L,0.13294685650175905,0.83108862172451,test,0.698141765222751
C180M,0.07569155123872859,0.880893818387516,test,0.8052022671487874
C180N,-0.006387494200227356,0.102735488086289,test,0.10912298228651636
C180P,-0.5338831600463914,0.0440538726133956,test,0.5779370326597869
C180Q,-0.5338831600463914,0.0738568001469001,test,0.6077399601932915
C180R,-0.27556616285831903,0.0884992007550898,test,0.3640653636134088
C180S,0.38489574890518496,0.65429864819266,test,0.2694028992874751
C180T,0.2476194106734708,0.685199657236181,test,0.4375802465627102
C180V,0.32200194993172615,0.756964585435011,test,0.43496263550328484
C180W,-0.5338831600463914,0.147125825583897,test,0.6810089856302883
C180Y,-0.08297699778906578,0.356377962496924,test,0.43935496028598975
C26A,0.4472678352396098,0.783065591547781,train,0.3357977563081712
C26D,-0.7470417047082816,0.0387590452618889,test,0.7858007499701705
C26E,-0.4515568932705156,0.139995800544445,test,0.5915526938149607
C26F,-0.18129416097755982,0.908337949968712,test,1.0896321109462719
C26G,0.02737802845451151,0.737144075785417,test,0.7097660473309054
C26H,-0.7466514153699866,0.11255385035768,test,0.8592052657276665
C26I,-0.1166472294775385,0.967338271980726,test,1.0839855014582644
C26K,-0.7432848945327823,0.0509670976559445,test,0.7942519921887269
C26L,-0.07204453129800717,0.626899322376098,test,0.6989438536741052
C26M,-0.24525872151578756,0.770026154259928,test,1.0152848757757156
C26N,-0.7470417047082816,0.110870000816671,test,0.8579117055249526
C26P,-1.3871201210996287,0.0525459553536155,train,1.439666076453244
C26Q,-0.7467982111585851,0.202506526189993,test,0.9493047373485781
C26R,-0.7469577499122988,0.112102821549054,test,0.8590605714613528
C26S,-0.05724995676312153,0.705272482161884,test,0.7625224389250055
C26T,0.21526855620456528,0.77124481256244,test,0.5559762563578747
C26V,0.5081272167623421,0.929283812627944,test,0.42115659586560195
C26W,-0.7470417047082816,0.0705844359290546,test,0.8176261406373362
C26Y,-0.7470417047082816,0.0733290672402716,test,0.8203707719485531
C309A,0.9524688352130128,0.982059294725535,train,0.02959045951252215
C309D,0.5413737941922172,0.898284066799688,test,0.35691027260747077
C309E,0.6111777868816224,0.882365084677353,test,0.2711872977957306
C309F,0.3498432806961118,0.228417176610851,test,0.1214261040852608
C309G,0.7370681366597684,1.00990156819912,test,0.27283343153935147
C309H,0.5570723959311754,0.915652070047917,test,0.35857967411674163
C309I,0.7303956456840586,0.831498326017102,test,0.10110268033304348
C309K,0.3587224425648563,0.757644927661695,test,0.3989224850968387
C309L,0.7646316909804047,0.811917847133621,test,0.0472861561532163
C309M,1.0710901628001224,0.927878380521389,test,0.14321178227873332
C309N,0.5571357260480843,0.995005107872432,test,0.43786938182434776
C309P,0.07820292688549088,0.448955067552093,test,0.3707521406666021
C309Q,0.8078343677123312,0.832120013864844,test,0.02428564615251283
C309R,0.07344162130378848,0.339249599953068,test,0.2658079786492795
C309S,1.2419153653973891,0.975348937138872,test,0.26656642825851706
C309T,1.1413610940471546,0.964194777551828,test,0.17716631649532655
C309V,0.659681685392776,0.948306242943876,test,0.28862455755109995
C309W,0.07344162130378848,1.01990659313288,test,0.9464649718290914
C309Y,0.5105557066503785,0.0414679704522015,test,0.469087736198177
C363A,0.832730191211948,0.93531034138245,train,0.10258015017050193
C363D,-0.0871611059490445,0.0880802990482929,test,0.1752414049973374
C363E,-0.0871611059490445,0.0955456474542141,test,0.1827067534032586
C363F,-0.0871611059490445,0.208767883990073,test,0.29592898993911754
C363G,0.48604932342900153,0.940804949184762,test,0.45475562575576045
C363H,-0.0871611059490445,0.040544863701407,test,0.1277059696504515
C363I,0.7485541518540753,0.979321015840217,test,0.23076686398614177
C363K,-0.08705446556120691,0.0637796056931511,test,0.150834071254358
C363L,0.7113168166032315,0.98917797817973,test,0.2778611615764984
C363M,0.8668309316396996,0.955735067428853,test,0.08890413578915335
C363N,0.5191870034813963,0.803619822020062,test,0.28443281853866564
C363P,0.5659272401492832,0.836852905639261,test,0.27092566548997776
C363Q,-0.0871611059490445,0.642552476136601,test,0.7297135820856455
C363R,0.020822194280034373,0.0680466282393185,test,0.04722443395928412
C363S,0.8367832039276333,0.96754036321478,test,0.1307571592871467
C363T,1.4194770771290048,1.01203449384607,test,0.4074425832829349
C363V,1.0389122559486619,0.984413146423608,test,0.05449910952505388
C363W,-0.0871611059490445,0.0689725284804089,test,0.15613363442945338
C363Y,-0.0871611059490445,0.0575284178956433,test,0.1446895238446878
C58A,0.8009840615164492,0.922820956197378,train,0.12183689468092884
C58D,0.5969851821049652,0.782927991214419,test,0.18594280910945382
C58E,0.643539115182562,0.857661877863382,test,0.21412276268081998
C58F,0.4439594716997377,0.90356821760132,test,0.4596087459015823
C58G,0.807624961551604,0.95811437406832,test,0.150489412516716
C58H,0.5061348970535982,0.92116972492533,test,0.41503482787173185
C58I,0.6523884926775907,0.927036268175029,test,0.27464777549743835
C58K,0.763039152415314,0.9385910840583,test,0.1755519316429861
C58L,0.5731468207585373,0.918588362107304,test,0.3454415413487667
C58M,0.26809346527679856,0.918612749127673,test,0.6505192838508744
C58N,0.5432960927592803,0.910443720680865,test,0.36714762792158473
C58P,0.5481210159711438,0.774795720703095,test,0.22667470473195117
C58Q,0.5640062530606926,0.945848739791215,test,0.38184248673052235
C58R,0.5499781129572938,0.933722621668109,test,0.3837445087108152
C58S,1.1727634573409265,0.956100982526041,test,0.21666247481488543
C58T,0.6704586433306894,0.929354330834096,test,0.25889568750340664
C58V,0.7657960203726162,0.966456464648651,test,0.2006604442760348
C58W,0.6097648448687132,0.925343929367453,test,0.31557908449873984
C58Y,0.4831784867808324,0.892034703526272,test,0.4088562167454396
D117A,0.6620899606594148,0.868182213043121,train,0.2060922523837062
D117C,0.13469361652728315,0.96449023144058,test,0.8297966149132968
D117E,0.6065504975197233,0.958001059648882,test,0.3514505621291587
D117F,0.2938769938606891,0.756779005060212,test,0.4629020111995229
D117G,0.3744360537334239,0.798053887438912,test,0.4236178337054881
D117H,0.01522135588895443,0.882358188151439,test,0.8671368322624845
D117I,0.3214399115051594,0.80295109288066,test,0.48151118137550064
D117K,0.10283093853218991,0.556580748039439,test,0.4537498095072491
D117L,0.17547940074634047,0.896410018842004,test,0.7209306180956635
D117M,0.3389101319657899,0.90083988027772,test,0.5619297483119301
D117N,0.2540118404121616,0.568294051813249,test,0.31428221140108736
D117P,0.2585033319294292,0.927160848689903,test,0.6686575167604738
D117Q,0.17080810014294576,0.91875235860823,test,0.7479442584652842
D117R,0.17397833977277008,0.65213081491462,test,0.4781524751418499
D117S,0.36974148177388755,0.821570005923992,test,0.45182852415010444
D117T,0.36109154017126666,0.731148843696927,test,0.37005730352566035
D117V,0.19402396252466778,0.893067869596852,test,0.6990439070721842
D117W,-0.5251247611501453,0.972037024151335,test,1.4971617853014803
D117Y,0.13694798166669406,0.860025749725623,test,0.7230777680589289
D125A,-1.345283899787107,0.0691854159679075,train,1.4144693157550146
D125C,-1.3855297295355535,0.0724192134502093,test,1.4579489429857628
D125E,-0.5843566466276504,0.101603258151534,test,0.6859599047791844
D125F,-1.41920935615113,0.0912234702561217,test,1.5104328264072517
D125G,-0.6482546966302996,0.0804568464024993,test,0.7287115430327988
D125H,-0.8330867372462218,0.111542378483961,test,0.9446291157301828
D125I,-1.41920935615113,0.0873431409032877,test,1.5065524970544177
D125K,-0.8057148959490898,0.0578968360285646,test,0.8636117319776544
D125L,-1.398332033829243,0.233980921288948,test,1.6323129551181912
D125M,-1.41920935615113,0.101967127501824,test,1.521176483652954
D125N,-0.5836679342675948,0.0788932925798609,test,0.6625612268474557
D125P,-1.41920935615113,0.0981185727540089,test,1.517327928905139
D125Q,-0.7810429468500064,0.270215395724273,test,1.0512583425742794
D125R,-0.7868833337377221,0.101119985258102,test,0.8880033189958241
D125S,-0.49576506181573854,0.093626508315766,test,0.5893915701315046
D125T,-0.8693527703387278,0.145337416821589,test,1.014690187160317
D125V,-1.22785438199344,0.0864720221799325,test,1.3143264041733724
D125W,-1.0053735200449434,0.0734513034755919,test,1.0788248235205353
D125Y,-1.209196480564797,0.0884465977436394,test,1.2976430783084365
D137A,0.9534010557829806,0.984532538388694,train,0.031131482605713412
D137C,0.18284687444588973,0.971523692880427,test,0.7886768184345372
D137E,0.6383435773697561,0.992749166627602,test,0.35440558925784593
D137F,0.15162711792813985,0.97507558928281,test,0.8234484713546701
D137G,0.5154610431528004,0.988403600264437,test,0.4729425571116366
D137H,0.3057159507098428,0.959015402669201,test,0.6532994519593582
D137I,0.12021120609420086,1.00006196721563,test,0.879850761121429
D137K,0.5907950070915466,0.94950554965864,test,0.35871054256709334
D137L,0.4686783011770428,0.965453067098396,test,0.49677476592135317
D137M,0.18950819665172267,0.959490234526259,test,0.7699820378745363
D137N,0.3670883054455183,0.958871105363107,test,0.5917827999175888
D137P,0.5114670073276384,0.943364169934175,test,0.43189716260653666
D137Q,0.6206697904898488,0.96864596961083,test,0.3479761791209812
D137R,0.4010525463007395,0.941096460608022,test,0.5400439143072825
D137S,0.5482452516701419,0.975148085475306,test,0.42690283380516403
D137T,0.4167755326071718,0.973456462055042,test,0.5566809294478702
D137V,0.22678110819654781,0.96171943228505,test,0.7349383240885021
D137W,-0.0518008730634161,0.927753058412635,test,0.9795539314760511
D137Y,0.16811324105750478,0.997111099481266,test,0.8289978584237612
D156A,0.7904302802140546,0.918891025160795,train,0.12846074494674042
D156C,0.002307981458710112,0.921029520468773,test,0.9187215390100628
D156E,0.6882075228867393,0.953569424388772,test,0.26536190150203276
D156F,0.6595832721868431,0.739442902079273,test,0.0798596298924299
D156G,0.8052418625556552,0.933508250841536,test,0.12826638828588077
D156H,0.7751332501629851,0.941353176198655,test,0.16621992603566993
D156I,0.28910511392954796,0.846662736797857,test,0.557557622868309
D156K,0.5890610049245877,0.894839699416765,test,0.3057786944921773
D156L,0.3641074654864809,0.783138713209659,test,0.4190312477231781
D156M,0.3903419961753618,0.858568988143201,test,0.46822699196783923
D156N,1.4105189362377228,0.997541112478199,test,0.41297782375952385
D156P,0.7528001658489434,0.875159711518325,test,0.12235954566938156
D156Q,0.5172705516871188,0.942400347381992,test,0.4251297956948732
D156R,0.6510100962529035,0.857520085570325,test,0.20650998931742148
D156S,0.7585930823174085,0.932842794196747,test,0.17424971187933846
D156T,0.6981862206023386,0.931623933209794,test,0.23343771260745538
D156V,0.6130724736879178,0.862852986459147,test,0.24978051277122915
D156W,0.6547395867449308,0.755431945977228,test,0.10069235923229714
D156Y,0.5782289987870575,0.850802361991386,test,0.27257336320432857
D16A,0.38203036660334155,0.756931675680832,train,0.3749013090774904
D16C,0.30001955697878935,0.848654024729643,test,0.5486344677508537
D16E,0.30001955697878935,0.981057567755445,test,0.6810380107766556
D16F,0.30001955697878935,0.741531051828247,test,0.4415114948494576
D16G,0.30001955697878935,0.713232245187596,test,0.41321268820880663
D16H,0.30001955697878935,0.846537436112126,test,0.5465178791333366
D16I,0.30001955697878935,0.821916108851534,test,0.5218965518727446
D16K,0.30001955697878935,0.822401152931951,test,0.5223815959531617
D16L,0.30001955697878935,0.825127374479914,test,0.5251078175011247
D16M,0.30001955697878935,0.869128537126023,test,0.5691089801472337
D16N,0.30001955697878935,0.910124049934891,test,0.6101044929561017
D16P,0.30001955697878935,0.226792939062578,test,0.07322661791621135
D16Q,0.30001955697878935,0.938148543215883,test,0.6381289862370937
D16R,0.30001955697878935,0.761964052253001,test,0.46194449527421166
D16S,0.30001955697878935,0.878889371960215,test,0.5788698149814256
D16T,0.30001955697878935,0.88399821973673,test,0.5839786627579406
D16V,0.30001955697878935,0.82529983229683,test,0.5252802753180407
D16W,0.30001955697878935,0.769824845956432,test,0.4698052889776426
D16Y,0.30001955697878935,0.811125522574759,test,0.5111059655959697
D188A,0.32037270125116657,0.732977819928227,train,0.4126051186770604
D188C,0.1072757442864509,0.67986380926211,test,0.5725880649756591
D188E,0.46863969701581687,0.906324069227039,test,0.43768437221122214
D188F,-0.1581374693594302,0.185407569515285,test,0.3435450388747152
D188G,0.1449469918380155,0.109698410490087,test,0.03524858134792849
D188H,0.4853843739834962,0.779472449852869,test,0.2940880758693728
D188I,0.311964085637648,0.185381160038396,test,0.126582925599252
D188K,0.05558517586452558,0.0907777943020337,test,0.03519261843750812
D188L,0.2108858653504557,0.0526939094003539,test,0.1581919559501018
D188M,0.28585410780113585,0.676393993811401,test,0.3905398860102651
D188N,0.44562516611453495,0.87119620031675,test,0.4255710342022151
D188P,0.12532825665861244,0.178017229977613,test,0.05268897331900055
D188Q,0.18491539605417293,0.814159946551202,test,0.6292445504970291
D188R,0.25236776932997196,0.114603953233661,test,0.13776381609631094
D188S,0.12463523067406632,0.810500669095645,test,0.6858654384215787
D188T,0.5999636018711738,0.839321851754738,test,0.23935824988356413
D188V,0.2272334019074018,0.572611206328256,test,0.3453778044208542
D188W,-0.1581374693594302,0.128960367134537,test,0.28709783649396725
D188Y,0.26914951014410726,0.10288950523705,test,0.16626000490705728
D193A,-1.2849981108626414,0.0951491235246094,train,1.3801472343872507
D193C,-1.3221611789529077,0.0803023814122056,train,1.4024635603651134
D193E,-0.9219980860583632,0.0872098482030531,test,1.0092079342614162
D193F,-1.2874819118045122,0.0948010966250284,train,1.3822830084295405
D193G,-1.176757353464198,0.137406761826262,train,1.31416411529046
D193H,-0.9371690622797473,0.234395416964342,train,1.1715644792440894
D193I,-1.0263171266881101,0.198553348762451,train,1.2248704754505613
D193K,-1.3240818164560222,0.080143595288521,train,1.4042254117445432
D193L,-1.269536943343885,0.101987683631182,train,1.371524626975067
D193M,-1.38809777740777,0.0544904874226373,train,1.4425882648304074
D193N,-1.378421515016609,0.0572010151014393,train,1.4356225301180483
D193P,-0.9026729837410652,0.0759016168267864,test,0.9785746005678516
D193Q,-1.1705135477146997,0.141644496062762,train,1.3121580437774618
D193R,-1.3496819125100001,0.0698853494622874,train,1.4195672619722874
D193S,-1.3120182613210118,0.0835835665168664,train,1.3956018278378783
D193T,-1.2600619439906315,0.104724967345864,train,1.3647869113364957
D193V,-1.3669388930274253,0.062980226610267,train,1.4299191196376924
D193W,-1.3213489621949248,0.0812380466365812,train,1.402587008831506
D193Y,-1.2826188235248075,0.0960660477292457,train,1.3786848712540531
D206A,0.9144656018334179,0.967563782418696,train,0.053098180585278154
D206C,0.1677453744805286,0.936906853959077,test,0.7691614794785484
D206E,1.5583061562338625,1.00716367144664,test,0.5511424847872224
D206F,0.3604950147117598,0.841994514762115,test,0.48149950005035513
D206G,0.5407074856345451,1.01485276181705,test,0.4741452761825049
D206H,0.4805494778418511,0.983777419985402,test,0.5032279421435509
D206I,0.40437871018602656,0.85220458304202,test,0.4478258728559934
D206K,1.1289039080226335,1.00529149247212,test,0.12361241555051361
D206L,0.5758564560499868,0.887161557503311,test,0.31130510145332424
D206M,0.09697173750863561,0.918476917286025,test,0.8215051797773893
D206N,0.6730914783333801,1.00571025686458,test,0.3326187785311998
D206P,0.5763170630214558,1.03000994752327,test,0.4536928845018142
D206Q,1.077385824967043,0.991404142728123,test,0.08598168223891989
D206R,0.7054180273992301,1.00633326002764,test,0.3009152326284099
D206S,0.783254972132178,0.99998301290964,test,0.216728040777462
D206T,0.9110960826799659,0.984533225450353,test,0.07343714277038715
D206V,0.6892960745193235,0.876801165445199,test,0.18750509092587553
D206W,0.007155259589836954,0.834440082104217,test,0.8272848225143801
D206Y,0.2679730968665306,0.948352605523311,test,0.6803795086567804
D213A,0.5039048528525532,0.804789348863383,train,0.3008844960108299
D213C,-0.20044886746689874,0.805693455860712,test,1.0061423233276108
D213E,0.7166890306111895,0.928852881350385,test,0.21216385073919553
D213F,-0.1733822536101737,0.335389537291074,test,0.5087717909012477
D213G,0.34023800628252254,0.705808313967193,test,0.36557030768467047
D213H,0.2548857877659574,0.762692008841485,test,0.5078062210755276
D213I,0.27492844411419903,0.719367928245493,test,0.44443948413129397
D213K,0.6963272471395825,0.767512135803385,test,0.07118488866380246
D213L,0.010463269786683521,0.686437852964126,test,0.6759745831774424
D213M,0.2538394068808396,0.775303324967207,test,0.5214639180863674
D213N,0.35839358854630343,0.916205377900686,test,0.5578117893543826
D213P,0.28420999438995787,0.13980751298401,test,0.14440248140594786
D213Q,0.6861381856211615,0.917133242578995,test,0.2309950569578335
D213R,0.30684499761293815,0.730041272982993,test,0.4231962753700549
D213S,0.47029483578212683,0.791567676809807,test,0.32127284102768017
D213T,0.2524075312602998,0.848030760435938,test,0.5956232291756381
D213V,0.08659737256002861,0.726961408323189,test,0.6403640357631604
D213W,-0.4060352952540842,0.533637418304089,test,0.9396727135581732
D213Y,0.11238360195581285,0.786264394189557,test,0.6738807922337441
D220A,-0.040637879761461076,0.58766618512524,train,0.6283040648867011
D220C,-0.6258583497353525,0.721233040762584,test,1.3470913904979365
D220E,0.30679010382414185,0.826963507586676,test,0.5201734037625342
D220F,-0.3165971085505592,0.546163948470084,test,0.8627610570206432
D220G,-0.056392396158645025,0.487354083866927,test,0.543746480025572
D220H,-0.25186434258805934,0.71495100554683,test,0.9668153481348893
D220I,-0.3092270944979265,0.329710464733857,test,0.6389375592317835
D220K,0.22942904332844824,0.10714281247849,test,0.12228623084995824
D220L,-0.267408196658631,0.485593187345382,test,0.7530013840040131
D220M,-0.4919044739430196,0.676853310701774,test,1.1687577846447936
D220N,0.04599836416073108,0.750703207865829,test,0.7047048437050979
D220P,-0.5817451396317421,0.0600579711917497,test,0.6418031108234918
D220Q,0.5536062588816753,0.794832700366826,test,0.2412264414851507
D220R,0.0651482539012955,0.0925276371984742,test,0.027379383297178705
D220S,-0.007232492373159066,0.622818312602615,test,0.630050804975774
D220T,-0.15638540349848887,0.361330560487821,test,0.5177159639863098
D220V,-0.30411027498179766,0.490123941830653,test,0.7942342168124507
D220W,-0.6429549042334981,0.68314027808892,test,1.326095182322418
D220Y,-0.3662846548834,0.542115481424092,test,0.9084001363074921
D235A,1.1140007500780353,1.04832166264269,train,0.06567908743534523
D235C,-0.12647461427514164,0.881536285372176,test,1.0080108996473176
D235E,0.6719418115431999,0.990045175648152,test,0.3181033641049521
D235F,-0.10139505802394913,0.0544319019541344,test,0.15582695997808355
D235G,0.7606511879250857,0.868406300644262,test,0.10775511271917637
D235H,0.35661171429360006,0.101582769180784,test,0.25502894511281604
D235I,0.11673768432586959,0.0886328276371857,test,0.028104856688683885
D235K,0.3436843309964319,0.0607014360315247,test,0.28298289496490725
D235L,0.008088631141920127,0.0963733559565254,test,0.08828472481460527
D235M,-0.3137899879588264,0.0825254822622648,test,0.3963154702210912
D235N,0.38095334843063333,0.86262996928769,test,0.48167662085705665
D235P,0.4958907245258215,0.107094424263671,test,0.3887963002621505
D235Q,0.3141330433308094,0.264939558784869,test,0.04919348454594036
D235R,0.5692185940751207,0.106100673178806,test,0.46311792089631465
D235S,0.7085505026732164,0.981388210672097,test,0.27283770799888063
D235T,0.4426465733272058,0.767446928010656,test,0.32480035468345014
D235V,0.27240422156131694,0.781485697208347,test,0.5090814756470301
D235W,-0.2200539873569756,0.0732569631920594,test,0.293310950549035
D235Y,-0.2585910365496804,0.0830988468189194,test,0.3416898833685998
D236A,0.4664528279500144,0.790304391446266,train,0.32385156349625155
D236C,-0.27648396228607086,0.945013769391924,test,1.221497731677995
D236E,0.23909371172548807,0.882190467807656,test,0.6430967560821679
D236F,0.2705758528763129,0.575008896617633,test,0.3044330437413201
D236G,0.3653978115902532,0.733807736467772,test,0.3684099248775188
D236H,-0.39317958986564494,0.852123414676511,test,1.2453030045421558
D236I,-0.21938321529924457,0.495809894643948,test,0.7151931099431925
D236K,0.04033869735631532,0.30755638977854,test,0.2672176924222247
D236L,-0.23549596034964784,0.589623210547733,test,0.8251191708973808
D236M,-0.4622178579276903,0.774725005023262,test,1.2369428629509525
D236N,0.3704170845054493,0.931171157508039,test,0.5607540730025897
D236P,-0.1851115592739763,0.0716499892959226,test,0.2567615485698989
D236Q,0.20921570310606105,0.797068143016997,test,0.5878524399109359
D236R,0.2001534821220938,0.410194796619628,test,0.2100413144975342
D236S,0.5424314504394478,0.912318680189011,test,0.3698872297495631
D236T,0.5075661534121634,0.926825035469321,test,0.41925888205715767
D236V,-0.43842964181796495,0.687169444753003,test,1.125599086570968
D236W,-0.39900197690552974,0.594986152988741,test,0.9939881298942708
D236Y,-0.10220101032204346,0.662738085447751,test,0.7649390957697945
D263A,-1.1474421600999898,0.147745677697609,train,1.2951878377975987
D263C,-0.7471857911727537,0.196334064988577,test,0.9435198561613307
D263E,-0.9377212731326228,0.242862670821977,test,1.1805839439545998
D263F,-1.5086321705755876,0.0870293903712845,test,1.595661560946872
D263G,-0.796886575149016,0.0969128394830661,test,0.893799414632082
D263H,-1.5086321705755876,0.0685564231427333,test,1.577188593718321
D263I,-0.8585326032545371,0.114029263480116,test,0.9725618667346531
D263K,-1.3327769473227524,0.0765725050893931,train,1.4093494524121455
D263L,-0.9590306051321,0.0816239631358393,test,1.0406545682679393
D263M,-0.9682577511612294,0.0895562425338144,test,1.0578139936950437
D263N,-0.8424425297594802,0.270061604944313,train,1.1125041347037932
D263P,-1.055997779290048,0.0724711118025664,test,1.1284688910926144
D263Q,-0.9804392189944149,0.198440374363148,test,1.1788795933575629
D263R,-1.2986870449105241,0.0903645409109749,train,1.3890515858214991
D263S,-0.6275463124183209,0.129053490310141,test,0.756599802728462
D263T,-0.7772247796297183,0.196526049491821,test,0.9737508291215393
D263V,-0.6931175397886127,0.153895480729323,test,0.8470130205179357
D263W,-1.5086321705755876,0.04629907496025,test,1.5549312455358377
D263Y,-1.3001041856101485,0.0495671710667393,test,1.3496713566768879
D281A,0.8977559917114821,0.961537741228653,train,0.06378174951717086
D281C,0.5032747774646109,0.932962808116991,test,0.42968803065238004
D281E,0.960120757875708,0.991637932546985,test,0.031517174671276904
D281F,0.033230870633833315,0.860569905628242,test,0.8273390349944086
D281G,1.2042013811253558,0.980881566394035,test,0.2233198147313208
D281H,0.8261029121430259,0.94637936650784,test,0.12027645436481416
D281I,0.19312341246139317,0.896823485343231,test,0.7037000728818378
D281K,1.1006802482831983,0.953840984522255,test,0.14683926376094336
D281L,0.34822810769779644,0.925678442435131,test,0.5774503347373345
D281M,0.39969494526474114,0.899227406863384,test,0.49953246159864284
D281N,1.3106967262088143,1.02137249494089,test,0.2893242312679243
D281P,1.0197660843629326,0.662704245519238,test,0.3570618388436946
D281Q,0.7383235320954291,0.958029195144957,test,0.21970566304952788
D281R,1.090755829478444,0.926357633535531,test,0.16439819594291305
D281S,1.0555223296107823,0.943366545869664,test,0.11215578374111834
D281T,0.8068590068641843,0.938654201039873,test,0.13179519417568863
D281V,0.44661561492066304,0.910686879854592,test,0.4640712649339289
D281W,0.033230870633833315,0.824876746437471,test,0.7916458758036377
D281Y,0.5078794305331902,0.922747214845415,test,0.4148677843122248
D336A,0.3378069194205653,0.73888688597925,train,0.4010799665586847
D336C,-0.1309228387565742,0.638703789335561,test,0.7696266280921352
D336E,0.8728388245525782,0.902269491166542,test,0.029430666613963763
D336F,-0.0975656600146795,0.092554729113615,test,0.1901203891282945
D336G,0.34790269556086195,0.809534141827879,test,0.461631446267017
D336H,0.07500235166156363,0.947599526182201,test,0.8725971745206373
D336I,0.17545641992168745,0.0750936391860917,test,0.10036278073559575
D336K,0.25190275560971664,0.240454526921616,test,0.011448228688100637
D336L,0.15995144456713836,0.544678980449793,test,0.3847275358826546
D336M,0.0010366068350366742,1.06638359225041,test,1.0653469854153732
D336N,0.21106307903981067,0.897286684139316,test,0.6862236050995053
D336P,0.05736299009694809,0.120171883418566,test,0.0628088933216179
D336Q,0.1473254829087198,0.963676920596472,test,0.8163514376877522
D336R,0.141286823881533,0.105585659891665,test,0.03570116398986799
D336S,0.31381184556883945,0.698735052989217,test,0.38492320742037756
D336T,0.45077746583819667,0.668722156651042,test,0.2179446908128453
D336V,0.34933453970860406,0.149512185431543,test,0.19982235427706108
D336W,-0.1458493622510584,0.153866353986795,test,0.2997157162378534
D336Y,-0.09041053610843511,1.14045399111098,test,1.230864527219415
D346A,0.993800925828084,1.00072019501555,train,0.006919269187465993
D346C,0.6059048365911577,1.00415837093493,test,0.3982535343437723
D346E,0.6059048365911577,1.0102436440574,test,0.4043388074662424
D346F,0.6059048365911577,1.02513487363355,test,0.41923003704239226
D346G,0.6059048365911577,0.987918484858829,test,0.38201364826767137
D346H,0.6059048365911577,0.995676408442265,test,0.38977157185110733
D346I,0.6059048365911577,0.93816121952985,test,0.3322563829386923
D346K,0.6059048365911577,0.994116417935214,test,0.3882115813440563
D346L,0.6059048365911577,0.96327421157623,test,0.3573693749850724
D346M,0.6059048365911577,1.0034168326569,test,0.3975119960657423
D346N,0.6059048365911577,1.01161790807682,test,0.40571307148566227
D346P,0.6059048365911577,1.01550424019439,test,0.4095994036032322
D346Q,0.6059048365911577,0.999940148717066,test,0.39403531212590837
D346R,0.6059048365911577,1.00729036052034,test,0.40138552392918236
D346S,0.6059048365911577,0.991622623089538,test,0.3857177864983803
D346T,0.6059048365911577,0.992903991470811,test,0.3869991548796533
D346V,0.6059048365911577,0.976213361163382,test,0.3703085245722243
D346W,0.6059048365911577,0.942470674427605,test,0.33656583783644733
D346Y,0.6059048365911577,0.949877842376337,test,0.3439730057851793
D401A,0.024045917373493902,0.614065937371574,train,0.5900200199980801
D401C,-0.4632264776700621,0.713030964971854,test,1.1762574426419161
D401E,0.1615408546069503,0.874043231351829,test,0.7125023767448787
D401F,-0.27041443984237623,0.577680215811452,test,0.8480946556538282
D401G,0.44153216456103794,0.784730765168971,test,0.34319860060793306
D401H,0.07296699916195168,0.714801224129938,test,0.6418342249679863
D401I,-0.35033215835729314,0.509084150305686,test,0.8594163086629791
D401K,0.25348471344666934,0.753800933641188,test,0.5003162201945187
D401L,0.17792424423335193,0.749874213600258,test,0.571949969366906
D401M,0.17620211407773498,0.779580614875302,test,0.6033785007975669
D401N,-0.05118330966224674,0.793110991691592,test,0.8442943013538388
D401P,-0.17093477788401737,0.159749659927756,test,0.33068443781177337
D401Q,0.21617558430335324,0.71649856572464,test,0.5003229814212867
D401R,0.12146573243176848,0.560377345523061,test,0.43891161309129245
D401S,0.20424375554625415,0.721751410673594,test,0.5175076551273399
D401T,-0.14683986344347558,0.602264475124663,test,0.7491043385681385
D401V,-0.3437823435296037,0.420489637267743,test,0.7642719807973467
D401W,0.027107446695093546,0.702180436053703,test,0.6750729893586094
D401Y,-0.24786227838917776,0.632127692445318,test,0.8799899708344957
D419A,0.9149330749005842,0.966416285247568,train,0.051483210346983777
D419C,0.21337941983699713,0.982368369031857,test,0.7689889491948598
D419E,1.2505301767849633,0.985565624473968,test,0.26496455231099525
D419F,0.16577798599812274,0.936411717062209,test,0.7706337310640863
D419G,0.7730154681579589,0.986868133650065,test,0.21385266549210613
D419H,0.6298640605719779,0.957951001429058,test,0.3280869408570801
D419I,0.3597690860610194,0.956064107480488,test,0.5962950214194686
D419K,1.0286321640016276,0.971076398028083,test,0.057555765973544615
D419L,0.8134733224975481,0.979037756353492,test,0.16556443385594388
D419M,0.4997652269225046,0.952839176923354,test,0.4530739500008494
D419N,0.7417552004117092,0.967392899686379,test,0.2256376992746698
D419P,0.43825034614593394,0.146907444380356,test,0.291342901765578
D419Q,1.1543335549962486,0.990253376421707,test,0.1640801785745416
D419R,0.7801584165351028,0.932744380160843,test,0.15258596362574028
D419S,1.0456529690321574,0.969228036317397,test,0.07642493271476047
D419T,0.6591611104305162,0.957873988800851,test,0.2987128783703348
D419V,0.41587723954254474,0.956537668901102,test,0.5406604293585573
D419W,-0.07234083183171583,0.878900974274551,test,0.9512418061062669
D419Y,0.31223812944091134,0.951363099448435,test,0.6391249700075237
D425A,0.8467767716263677,0.941086427866382,train,0.0943096562400143
D425C,0.10892068619201842,0.923958976142759,test,0.8150382899507406
D425E,1.3972070868079138,0.997689316519571,test,0.3995177702883428
D425F,-0.1984033839916062,0.788046965499323,test,0.9864503494909291
D425G,0.34703999388668216,0.892673547326655,test,0.5456335534399729
D425H,0.38103644252096625,0.945750999648768,test,0.5647145571278017
D425I,0.39812350537902996,0.883889294918183,test,0.48576578953915306
D425K,0.6293821379155273,0.978334747854149,test,0.34895260993862165
D425L,0.3775284912664645,0.923188301636924,test,0.5456598103704595
D425M,0.24905161374855586,0.959662853904075,test,0.7106112401555191
D425N,0.46834550383256945,0.940490636471428,test,0.4721451326388586
D425P,0.26018928276188924,0.865854871419639,test,0.6056655886577498
D425Q,0.6923878639661252,0.994556429535626,test,0.3021685655695008
D425R,0.6941201676107089,0.919677246779918,test,0.22555707916920908
D425S,0.6892805588216395,1.01752943087767,test,0.32824887205603037
D425T,0.7002644236099511,0.972976649839702,test,0.2727122262297509
D425V,0.6565362031959443,0.952481094668812,test,0.29594489147286773
D425W,0.06180864415933504,0.891874392774547,test,0.830065748615212
D425Y,0.06581726392308004,0.905058768862011,test,0.8392415049389309
D443A,0.9131144595669387,0.968566908389458,train,0.05545244882251932
D443C,0.5655616034605859,0.958127192773051,test,0.3925655893124651
D443E,0.5655616034605859,0.90350985321074,test,0.33794824975015403
D443F,0.5655616034605859,0.906986661087264,test,0.3414250576266781
D443G,0.5655616034605859,0.857825212689254,test,0.2922636092286681
D443H,0.5655616034605859,0.940208728047628,test,0.3746471245870421
D443I,0.5655616034605859,0.946664049799733,test,0.381102446339147
D443K,0.5655616034605859,0.842146284226725,test,0.27658468076613907
D443L,0.5655616034605859,0.902821712580385,test,0.3372601091197991
D443M,0.5655616034605859,0.942936254170525,test,0.37737465070993903
D443N,0.5655616034605859,0.903646766685851,test,0.33808516322526505
D443P,0.5655616034605859,0.868341991274274,test,0.3027803878136881
D443Q,0.5655616034605859,0.982536816217379,test,0.41697521275679306
D443R,0.5655616034605859,0.79548418269633,test,0.2299225792357441
D443S,0.5655616034605859,0.911320176797342,test,0.3457585733367561
D443T,0.5655616034605859,0.973450497234691,test,0.4078888937741051
D443V,0.5655616034605859,0.947701172891559,test,0.38213956943097305
D443W,0.5655616034605859,0.675052863484914,test,0.10949126002432807
D443Y,0.5655616034605859,0.938356730062477,test,0.37279512660189107
D445A,0.7928848489684885,0.920655811155351,train,0.12777096218686246
D445C,0.5054467981613608,0.918212952029522,test,0.4127661538681612
D445E,0.5054467981613608,0.954347620287434,test,0.4489008221260732
D445F,0.5054467981613608,0.892234094674283,test,0.3867872965129222
D445G,0.5054467981613608,0.92829443469107,test,0.42284763652970914
D445H,0.5054467981613608,0.940856609017094,test,0.43540981085573316
D445I,0.5054467981613608,0.852657112962385,test,0.34721031480102416
D445K,0.5054467981613608,0.879538101182173,test,0.37409130302081217
D445L,0.5054467981613608,0.867385482230415,test,0.36193868406905416
D445M,0.5054467981613608,0.902529499242847,test,0.39708270108148613
D445N,0.5054467981613608,0.9778923378426,test,0.47244553968123915
D445P,0.5054467981613608,0.604670040018612,test,0.09922324185725118
D445Q,0.5054467981613608,0.931592401032188,test,0.42614560287082714
D445R,0.5054467981613608,0.892520506656692,test,0.3870737084953312
D445S,0.5054467981613608,0.946154752853834,test,0.44070795469247315
D445T,0.5054467981613608,0.939515889048028,test,0.4340690908866671
D445V,0.5054467981613608,0.871941226574996,test,0.3664944284136351
D445W,0.5054467981613608,0.85364543080133,test,0.3481986326399692
D445Y,0.5054467981613608,0.876587451298794,test,0.37114065313743316
D459A,1.0263538031497348,1.01369240762477,train,0.012661395524964814
D459C,0.622181275251984,0.969774043053469,test,0.34759276780148507
D459E,0.622181275251984,1.00231648579804,test,0.38013521054605603
D459F,0.622181275251984,0.996885221997795,test,0.374703946745811
D459G,0.622181275251984,1.00114711783531,test,0.378965842583326
D459H,0.622181275251984,0.996213360539512,test,0.37403208528752807
D459I,0.622181275251984,1.00430829942806,test,0.38212702417607614
D459K,0.622181275251984,0.996828008124818,test,0.374646732872834
D459L,0.622181275251984,0.981542830444892,test,0.359361555192908
D459M,0.622181275251984,1.01732353173375,test,0.39514225648176593
D459N,0.622181275251984,1.01760494268526,test,0.39542366743327606
D459P,0.622181275251984,0.985885973188767,test,0.36370469793678306
D459Q,0.622181275251984,1.02430402969955,test,0.40212275444756607
D459R,0.622181275251984,0.97024290496268,test,0.348061629710696
D459S,0.622181275251984,0.973047479278467,test,0.35086620402648305
D459T,0.622181275251984,0.972896844420251,test,0.35071556916826707
D459V,0.622181275251984,1.00289634604592,test,0.38071507079393596
D459W,0.622181275251984,0.971499603336584,test,0.34931832808460006
D459Y,0.622181275251984,0.980179618937314,test,0.35799834368533
D61A,-0.476281255666162,0.414855832925984,train,0.8911370885921459
D61C,-0.8689401229189595,0.824956915474937,test,1.6938970383938965
D61E,-0.08922730443542085,0.641590769374373,test,0.7308180738097938
D61F,-0.8334199519718186,0.118698218483567,test,0.9521181704553856
D61G,-0.33190850144359163,0.634225849150874,test,0.9661343505944656
D61H,-0.4663785070342461,0.42326217349731,test,0.8896406805315561
D61I,-0.5495180901925385,0.331332170046334,test,0.8808502602388725
D61K,-0.023403935901707112,0.379879581004923,test,0.4032835169066301
D61L,-0.4222614092997101,0.398828043158013,test,0.8210894524577231
D61M,-0.5893985164636282,0.646064167338467,test,1.2354626838020952
D61N,-0.1697376577485297,0.891480686021777,test,1.0612183437703067
D61P,-0.06263286676509486,0.271488494421186,test,0.3341213611862809
D61Q,-0.2548783424147725,0.732972610127665,test,0.9878509525424375
D61R,-0.1603483557249408,0.525264360891123,test,0.6856127166160638
D61S,-0.07113780949067097,0.764843173641631,test,0.835980983132302
D61T,0.029324798449998662,0.852449713923173,test,0.8231249154731743
D61V,-0.38812868882463536,0.253569032553103,test,0.6416977213777384
D61W,-0.8524150107336499,0.226008869801277,test,1.0784238805349269
D61Y,-0.5295954572058255,0.371950591221274,test,0.9015460484270994
D62A,0.9789851711331619,0.994203033895514,train,0.015217862762352152
D62C,-0.08951422918214538,0.991759622619082,test,1.0812738518012275
D62E,0.9000935651994422,0.962976025054725,test,0.06288245985528285
D62F,0.4029372212307576,0.960766478865131,test,0.5578292576343734
D62G,0.7954472895025024,0.978404327174158,test,0.1829570376716556
D62H,0.5471827193143672,0.99561345531531,test,0.44843073600094274
D62I,0.3239115913624533,0.972941699369075,test,0.6490301080066218
D62K,0.681123861583427,1.01613849374185,test,0.3350146321584231
D62L,0.5168042045482968,0.982172331087457,test,0.46536812653916027
D62M,0.2210611177138981,0.974924461352608,test,0.7538633436387099
D62N,0.5328611161168302,1.01821237052475,test,0.48535125440791993
D62P,0.6429029527456789,0.981803068036452,test,0.33890011529077313
D62Q,0.5910880403026402,1.01693445258217,test,0.4258464122795298
D62R,0.5771686285294384,1.00494386115523,test,0.42777523262579153
D62S,0.7332241315795123,1.00813870684993,test,0.2749145752704176
D62T,0.46733444015645964,0.989514207233379,test,0.5221797670769194
D62V,0.29174853569978887,0.953025331858601,test,0.6612767961588122
D62W,0.37355793091798417,0.954118550650026,test,0.5805606197320419
D62Y,0.37971783852415775,0.971866524013024,test,0.5921486854888662
D68A,0.9468946673351166,0.982078833689844,train,0.03518416635472743
D68C,0.5092440041045057,0.808137729821312,test,0.2988937257168064
D68E,0.5333377440543285,0.159968234377313,test,0.37336950967701554
D68F,0.3002132152931305,0.0664700250621451,test,0.2337431902309854
D68G,0.8577437279613502,0.781377475292975,test,0.07636625266837527
D68H,0.4485414006648154,0.353343783773485,test,0.09519761689133038
D68I,0.4572810334434505,0.235944543410286,test,0.2213364900331645
D68K,0.7094496067083262,0.194500729741489,test,0.5149488769668372
D68L,0.6309439587235237,0.0533557970817967,test,0.577588161641727
D68M,0.589562869702309,0.308218448507698,test,0.281344421194611
D68N,0.761585009972497,0.691249859587906,test,0.07033515038459104
D68P,0.4734854219089326,0.81036872564336,test,0.33688330373442743
D68Q,0.6811648160395343,0.218873906750769,test,0.46229090928876526
D68R,0.7353506677501229,0.226445359575852,test,0.5089053081742709
D68S,0.7639326316003843,0.69133651201078,test,0.07259611958960432
D68T,0.5264532010379523,0.482437989592067,test,0.04401521144588533
D68V,0.5740774265505235,0.151977428330556,test,0.4220999982199675
D68W,-0.19997621189386441,0.114266521057005,test,0.3142427329508694
D68Y,-0.19997621189386441,0.131653601160096,test,0.33162981305396044
D75A,0.3201667916857682,0.731797709938365,train,0.4116309182525968
D75C,-0.06443804954109458,0.878000609512399,test,0.9424386590534936
D75E,0.5845975710013354,0.781626056673985,test,0.19702848567264963
D75F,-0.02513104522175416,0.559558428321604,test,0.5846894735433581
D75G,0.7494337486528704,0.307675599653785,test,0.4417581489990854
D75H,0.1475498743720893,0.822574203830485,test,0.6750243294583956
D75I,0.017931345962136386,0.644716634674535,test,0.6267852887123986
D75K,0.42022028024036095,0.592637443207534,test,0.17241716296717302
D75L,0.11444535516909246,0.552800706946469,test,0.4383553517773765
D75M,-0.2523448115150859,0.693236958559369,test,0.9455817700744549
D75N,0.540469342264277,0.887714049197986,test,0.347244706933709
D75P,0.40605564224744106,0.0760176912657127,test,0.3300379509817284
D75Q,0.2614769214856383,0.814086777641775,test,0.5526098561561367
D75R,0.2956437388481101,0.533021893409716,test,0.23737815456160583
D75S,0.31123573815171945,0.789625015614648,test,0.4783892774629286
D75T,0.2175077279375481,0.538961525067385,test,0.3214537971298369
D75V,0.1974439090956752,0.701486684861487,test,0.5040427757658118
D75W,-0.22212954540492438,0.730653696008536,test,0.9527832414134604
D75Y,-0.00516301142987155,0.630563899515255,test,0.6357269109451266
D91A,-0.03883302507603295,0.589258215811917,train,0.6280912408879499
D91C,-0.20730017463465591,0.921233065744236,test,1.128533240378892
D91E,0.3691852687944761,0.935590751132626,test,0.5664054823381499
D91F,-0.38762156994464436,0.107775533528809,test,0.49539710347345334
D91G,0.2448251941505932,0.68166887267462,test,0.4368436785240267
D91H,-0.18179648856849331,0.100168918890774,test,0.28196540745926735
D91I,-0.32116224912157665,0.123769767791256,test,0.44493201691283263
D91K,-0.09135257804640665,0.100304326419839,test,0.19165690446624564
D91L,-0.1632116699359141,0.0554349702572888,test,0.2186466401932029
D91M,-0.2790861429985927,0.157555341711379,test,0.43664148470997166
D91N,0.0350675133294944,0.318926811485086,test,0.28385929815559163
D91P,-0.05268882455797444,0.088600684784657,test,0.14128950934263146
D91Q,-0.0750689331180883,0.892831485405669,test,0.9679004185237573
D91R,-0.0652352344646683,0.108449955668453,test,0.1736851901331213
D91S,0.1741350885729995,0.77669825623447,test,0.6025631676614704
D91T,-0.07619951650861159,0.0870083645638114,test,0.163207881072423
D91V,-0.09790243619547814,0.063464458221359,test,0.16136689441683716
D91W,-0.30868988285691645,0.0573893939914292,test,0.3660792768483456
D91Y,-0.279938774940528,0.132431925244915,test,0.412370700185443
D96A,0.6214189443264251,0.852327222309808,train,0.23090827798338287
D96C,0.4197138458403271,0.957353881321693,test,0.5376400354813659
D96E,0.4197138458403271,0.986480076369043,test,0.5667662305287159
D96F,0.4197138458403271,0.89378922773664,test,0.47407538189631293
D96G,0.4197138458403271,0.95827170337154,test,0.5385578575312129
D96H,0.4197138458403271,0.917302048677655,test,0.49758820283732785
D96I,0.4197138458403271,0.646493324331203,test,0.22677947849087587
D96K,0.4197138458403271,0.873872349052239,test,0.45415850321191187
D96L,0.4197138458403271,0.78520958614754,test,0.3654957403072129
D96M,0.4197138458403271,0.853815231742928,test,0.43410138590260083
D96N,0.4197138458403271,1.01142913025518,test,0.591715284414853
D96P,0.4197138458403271,0.110790551049125,test,0.3089232947912021
D96Q,0.4197138458403271,0.907661340631789,test,0.48794749479146193
D96R,0.4197138458403271,0.811995241367467,test,0.3922813955271399
D96S,0.4197138458403271,1.00049734018744,test,0.5807834943471128
D96T,0.4197138458403271,0.959060101182902,test,0.5393462553425749
D96V,0.4197138458403271,0.708502864184043,test,0.28878901834371584
D96W,0.4197138458403271,0.702769277863813,test,0.28305543202348593
D96Y,0.4197138458403271,0.798963548808316,test,0.3792497029679889
E119A,0.9173102888874103,0.968922147542607,train,0.051611858655196685
E119C,0.22289996785065355,0.939310128744253,test,0.7164101608935994
E119D,0.770899447605341,0.944118013061723,test,0.17321856545638203
E119F,0.28836243338147827,0.875229826948813,test,0.5868673935673347
E119G,0.5027700270041413,0.911261325490434,test,0.40849129848629273
E119H,0.42000204426719834,0.933608875325493,test,0.5136068310582946
E119I,0.6086285394856097,0.786414905098397,test,0.17778636561278727
E119K,0.6447533872783586,0.878088309294955,test,0.23333492201659634
E119L,0.3813283292683416,0.968545575372599,test,0.5872172461042574
E119M,0.1700052531894218,0.927682306635262,test,0.7576770534458401
E119N,0.5260890842429993,0.865958396346034,test,0.3398693121030347
E119P,0.46181500022761157,0.123182005222723,test,0.3386329950048886
E119Q,0.6006365142966159,0.967611941125282,test,0.36697542682866613
E119R,0.6979722280538738,0.886465973568832,test,0.18849374551495823
E119S,0.5993383993579597,0.933807137355588,test,0.3344687379976282
E119T,0.5469216785370341,0.867531187948196,test,0.32060950941116184
E119V,0.7478872356937736,0.84268069380327,test,0.09479345810949646
E119W,0.12444121602818001,0.817848463358509,test,0.693407247330329
E119Y,0.32141861425657114,0.90879253019374,test,0.5873739159371688
E130A,0.9532752535544338,0.983146445264291,train,0.029871191709857192
E130C,0.3661725525425681,0.940367986901632,test,0.574195434359064
E130D,0.8132122945004914,0.992614988917674,test,0.1794026944171826
E130F,0.3860024892565852,0.925032649977857,test,0.5390301607212717
E130G,0.8245886511674667,0.961386776809683,test,0.13679812564221627
E130H,0.7704153869093451,0.977754108034443,test,0.20733872112509788
E130I,0.6814939240518492,0.919593222460692,test,0.2380992984088428
E130K,1.1318524063281072,0.963531872322946,test,0.16832053400516123
E130L,0.8510860743122561,0.923983557339805,test,0.07289748302754884
E130M,0.3730546506780421,0.926502914717743,test,0.5534482640397009
E130N,0.7994125626650648,0.957150153724449,test,0.15773759105938423
E130P,1.7616905076805416,1.01588717835855,test,0.7458033293219917
E130Q,0.972586538609441,0.979405301847028,test,0.006818763237587011
E130R,1.2618722254850077,0.961538773769379,test,0.30033345171562864
E130S,0.9836761297785477,0.976446994876751,test,0.007229134901796663
E130T,0.8697989618639992,0.950512108720709,test,0.08071314685670983
E130V,0.8684956689097516,0.945899599375248,test,0.07740393046549643
E130W,0.3780411215337198,0.945501358818904,test,0.5674602372851841
E130Y,0.6571108454253276,0.939100237868629,test,0.28198939244330135
E14A,-0.7975195971068427,0.286884964870421,train,1.0844045619772638
E14C,-0.28975542487630634,0.0780448508926562,test,0.36780027576896257
E14D,-0.28975542487630634,0.608012575128685,test,0.8977680000049914
E14F,-0.28975542487630634,0.128133307013943,test,0.41788873189024933
E14G,-0.28975542487630634,0.148984381305413,test,0.43873980618171937
E14H,-0.28975542487630634,0.574031020737193,test,0.8637864456134994
E14I,-0.28975542487630634,0.150595113815784,test,0.44035053869209034
E14K,-0.28975542487630634,0.0414152329398166,test,0.3311706578161229
E14L,-0.28975542487630634,0.0783658343942455,test,0.36812125927055184
E14M,-0.28975542487630634,0.105147158126572,test,0.39490258300287834
E14N,-0.28975542487630634,0.261729153689798,test,0.5514845785661043
E14P,-0.28975542487630634,0.199717112199692,test,0.48947253707599836
E14Q,-0.28975542487630634,0.86020055524951,test,1.1499559801258163
E14R,-0.28975542487630634,0.134879939811445,test,0.4246353646877513
E14S,-0.28975542487630634,0.116197354357507,test,0.40595277923381334
E14T,-0.28975542487630634,0.229981426910382,test,0.5197368517866884
E14V,-0.28975542487630634,0.184701075094624,test,0.4744564999709303
E14W,-0.28975542487630634,0.142774623714296,test,0.43253004859060235
E14Y,-0.28975542487630634,0.087631659155303,test,0.37738708403160937
E154A,0.9933421806322535,1.00053738659114,train,0.0071952059588864525
E154C,0.6056754639932433,0.991617142581835,test,0.38594167858859163
E154D,0.6056754639932433,0.977608837503423,test,0.37193337351017963
E154F,0.6056754639932433,0.963577812913951,test,0.3579023489207076
E154G,0.6056754639932433,0.982079653909947,test,0.37640418991670366
E154H,0.6056754639932433,0.980428121359253,test,0.3747526573660096
E154I,0.6056754639932433,1.0011604603415,test,0.39548499634825673
E154K,0.6056754639932433,0.976640446563524,test,0.37096498257028065
E154L,0.6056754639932433,0.990872734937943,test,0.3851972709446997
E154M,0.6056754639932433,0.990417606166389,test,0.3847421421731456
E154N,0.6056754639932433,0.963578860858372,test,0.3579033968651286
E154P,0.6056754639932433,1.00342027852576,test,0.39774481453251664
E154Q,0.6056754639932433,1.01290595822447,test,0.4072304942312266
E154R,0.6056754639932433,0.964838390675353,test,0.3591629266821097
E154S,0.6056754639932433,1.0019301771655,test,0.3962547131722567
E154T,0.6056754639932433,1.00740378806206,test,0.40172832406881676
E154V,0.6056754639932433,0.977674080436915,test,0.3719986164436716
E154W,0.6056754639932433,0.935172012529298,test,0.3294965485360547
E154Y,0.6056754639932433,0.942939141584218,test,0.33726367759097464
E15A,0.9293238959872709,0.975026314525616,train,0.045702418538345
E15C,0.5736663216707509,0.875314138508374,test,0.3016478168376231
E15D,0.5736663216707509,0.946692760871155,test,0.373026439200404
E15F,0.5736663216707509,0.76851385544887,test,0.19484753377811903
E15G,0.5736663216707509,0.885520329982785,test,0.311854008312034
E15H,0.5736663216707509,0.908336222388054,test,0.33466990071730307
E15I,0.5736663216707509,0.88865155502429,test,0.3149852333535391
E15K,0.5736663216707509,0.94399878727347,test,0.37033246560271904
E15L,0.5736663216707509,0.844228111938511,test,0.27056179026776006
E15M,0.5736663216707509,0.828233480633725,test,0.2545671589629741
E15N,0.5736663216707509,0.899894646608686,test,0.3262283249379351
E15P,0.5736663216707509,0.844354362265691,test,0.2706880405949401
E15Q,0.5736663216707509,0.957233300172445,test,0.3835669785016941
E15R,0.5736663216707509,0.90263946946518,test,0.3289731477944291
E15S,0.5736663216707509,0.925207847007643,test,0.3515415253368921
E15T,0.5736663216707509,0.893975728524915,test,0.3203094068541641
E15V,0.5736663216707509,0.889659199966982,test,0.315992878296231
E15W,0.5736663216707509,0.81098696294923,test,0.23732064127847907
E15Y,0.5736663216707509,0.875928081412994,test,0.3022617597422431
E178A,0.9221317290709286,0.970602959056742,train,0.048471229985813435
E178C,0.17823963746864388,0.928160890700871,test,0.7499212532322271
E178D,1.4542825294083086,1.01144741728023,test,0.4428351121280787
E178F,0.20556146108646908,0.759865862913978,test,0.5543044018275088
E178G,0.7954546276723617,0.893892885256443,test,0.0984382575840812
E178H,0.7164489639611438,0.966027837686388,test,0.24957887372524423
E178I,0.5658971955114189,0.741350820625514,test,0.17545362511409512
E178K,1.1226490798907707,0.962598974438592,test,0.16005010545217868
E178L,0.6206489780927427,0.854518490185289,test,0.23386951209254636
E178M,0.35924280242487394,0.933881658928467,test,0.574638856503593
E178N,0.8263246690259101,0.971674669262188,test,0.14535000023627798
E178P,0.4232671514647144,0.0612303091900727,test,0.36203684227464167
E178Q,1.0967754535007155,0.977345467072139,test,0.1194299864285765
E178R,0.9396763637944672,0.961215172499386,test,0.021538808704918866
E178S,0.7086132993288017,1.03651816248851,test,0.32790486315970835
E178T,0.7950719925182226,0.959715466375665,test,0.16464347385744238
E178V,0.6126598208160672,0.878709354661462,test,0.26604953384539487
E178W,0.25687828486391706,0.76891274756944,test,0.5120344627055229
E178Y,0.3524213021972826,0.886894755571798,test,0.5344734533745154
E194A,-1.1345675944021003,0.154648385626573,train,1.2892159800286733
E194C,-1.325377535347284,0.0800380162634251,train,1.4054155516107092
E194D,-1.169287262011047,0.14117657628233,train,1.310463838293377
E194F,-1.201599364301267,0.129608601892273,train,1.33120796619354
E194G,-1.4294673237246955,0.196076714541948,test,1.6255440382666435
E194H,-1.2433082699550944,0.110519927221244,train,1.3538281971763384
E194I,-1.1673691477151855,0.0822422637870379,test,1.2496114115022234
E194K,-1.1414292948982634,0.151940588398248,train,1.2933698832965115
E194L,-1.2458534367304777,0.110808171560283,train,1.3566616082907608
E194M,-1.3584132137610936,0.0661741983075613,train,1.4245874120686548
E194N,-1.437050815165415,0.088093883251321,test,1.525144698416736
E194P,-1.309445059791934,0.0847559287561535,train,1.3942009885480875
E194Q,-0.7061654086985898,0.0712043252978449,test,0.7773697339964347
E194R,-1.437050815165415,0.155963218454786,test,1.593014033620201
E194S,-1.4147162870994607,0.044259702476088,train,1.4589759895755487
E194T,-1.1378853601278578,0.153363138265003,train,1.2912484983928607
E194V,-1.408229261013356,0.0461826350303455,train,1.4544118960437016
E194W,-1.3426269308088272,0.0731299917907195,train,1.4157569225995468
E194Y,-1.3649241473514893,0.0642004198590787,train,1.429124567210568
E221A,0.9776277862441225,0.993181830004549,train,0.015554043760426461
E221C,0.020075686962434086,0.954978591669886,test,0.9349029047074519
E221D,0.752623483218138,1.0017547953498,test,0.24913131213166206
E221F,0.12558246520722458,0.907064615783568,test,0.7814821505763434
E221G,0.5409982342262942,0.884632261642326,test,0.3436340274160318
E221H,0.3776759604858573,0.938012897622996,test,0.5603369371371387
E221I,0.5975361761465023,0.991457810805318,test,0.3939216346588157
E221K,1.0785721964153423,0.988775087323486,test,0.08979710909185634
E221L,0.5372301573449831,0.921399289808913,test,0.3841691324639298
E221M,0.38764536428459206,0.986801862518182,test,0.59915649823359
E221N,0.24106130670206946,0.963477504088015,test,0.7224161973859455
E221P,-0.028254156245237444,0.100972625456849,test,0.12922678170208646
E221Q,0.4846713638765692,1.01660760838865,test,0.5319362445120808
E221R,0.4615557601251845,0.975339578390101,test,0.5137838182649165
E221S,0.6934062608195724,0.975594202021545,test,0.28218794120197266
E221T,0.513810572661076,0.971719971838378,test,0.457909399177302
E221V,0.6593598267193144,0.985129355779248,test,0.3257695290599336
E221W,0.05603436227646538,0.847290409170627,test,0.7912560468941616
E221Y,-0.20625634912221516,0.954551983351128,test,1.1608083324733431
E224A,0.9144581120987232,0.968180320033452,train,0.053722207934728816
E224C,0.3813284880476868,0.966688000718162,test,0.5853595126704751
E224D,0.6624718602800967,0.983228040860684,test,0.3207561805805873
E224F,0.4223304428005552,0.946249312913123,test,0.5239188701125678
E224G,0.5246244285281854,0.892809989091045,test,0.36818556056285967
E224H,0.6629861603981275,0.967115432309699,test,0.30412927191157146
E224I,0.3628740058567079,0.915198945841647,test,0.552324939984939
E224K,0.6412409423833096,0.992966840406456,test,0.35172589802314635
E224L,0.4304820676523786,0.95723990562467,test,0.5267578379722914
E224M,0.47258165544383757,0.974448630220888,test,0.5018669747770504
E224N,0.4878682934550891,0.972159679992668,test,0.48429138653757886
E224P,0.3310528489966178,0.0582152979654163,test,0.2728375510312015
E224Q,1.189325904475423,0.976875227471612,test,0.21245067700381093
E224R,0.853591883901055,0.96938997037199,test,0.11579808647093504
E224S,0.7197121254341254,0.974852161221292,test,0.2551400357871666
E224T,0.4940570306984362,0.98925375670996,test,0.49519672601152376
E224V,0.7520499761961339,0.981710671860294,test,0.22966069566416014
E224W,0.07821470309016318,0.694113073592033,test,0.6158983705018698
E224Y,0.29451732656488727,0.958673576198225,test,0.6641562496333377
E22A,0.9807595116174197,0.99429320364627,train,0.013533692028850353
E22C,0.34042847411250077,0.960713628195734,test,0.6202851540832333
E22D,1.0655400033015232,0.954094253221877,test,0.11144575007964619
E22F,0.15328254755946455,0.689216998545353,test,0.5359344509858884
E22G,1.0326312834018465,0.934612421904837,test,0.09801886149700956
E22H,0.7722559455007436,0.898417539582552,test,0.12616159408180838
E22I,0.3730798579859613,0.792033815104064,test,0.4189539571181027
E22K,1.300956678258084,0.942531087715533,test,0.35842559054255096
E22L,0.2926578060471894,0.941458067192673,test,0.6488002611454836
E22M,0.28096312647937194,0.964831595731365,test,0.6838684692519931
E22N,1.3422227073629422,0.916907385148001,test,0.4253153222149413
E22P,0.7003428396272866,0.132735465378507,test,0.5676073742487796
E22Q,1.350065912877372,1.00174298930052,test,0.3483229235768519
E22R,1.5583277707239473,0.96793331116588,test,0.5903944595580674
E22S,1.1751481409041367,0.921033779410058,test,0.2541143614940786
E22T,0.9899387566368694,0.850894493316728,test,0.13904426332014141
E22V,0.5352578389707758,0.929871576550412,test,0.39461373757963614
E22W,0.3772236563736453,0.710766697837498,test,0.3335430414638527
E22Y,0.42250910004124775,0.768834288297648,test,0.34632518825640024
E239A,-1.1733801570790996,0.137277949941171,train,1.3106581070202705
E239C,-1.0978505945479229,0.238348096264881,test,1.3361986908128038
E239D,-0.45305135832595567,0.929744872854773,test,1.3827962311807287
E239F,-1.4057498715611396,0.0888712570407647,test,1.4946211286019042
E239G,-0.7027727202220972,0.0852964809079609,test,0.7880692011300582
E239H,-0.7113790601527163,0.0869251178931074,test,0.7983041780458238
E239I,-0.6570493692450741,0.101676430201026,test,0.7587257994461001
E239K,-0.6537463332968849,0.0617837060393632,test,0.7155300393362481
E239L,-0.5989579708096338,0.0666539624922628,test,0.6656119333018966
E239M,-0.8209728994786587,0.18429212649556,test,1.0052650259742186
E239N,-0.7461211807996448,0.155669788672544,test,0.9017909694721888
E239P,-1.0954572416505053,0.117589874682877,test,1.2130471163333822
E239Q,-0.45267085073287006,0.677308582543795,test,1.129979433276665
E239R,-0.4530195198894178,0.0722015405167829,test,0.5252210604062006
E239S,-0.6814651225588519,0.286980987082849,test,0.968446109641701
E239T,-0.35804075389024503,0.0784387373141033,test,0.4364794912043483
E239V,-0.5040700390043982,0.121332596166446,test,0.6254026351708442
E239W,-1.0902310584239545,0.0710090485308427,test,1.1612401069547973
E239Y,-0.8581287094482917,0.0570186444677465,test,0.9151473539160382
E245A,-0.1473610307927651,0.545774418399102,train,0.6931354491918671
E245C,-0.4014818510257625,0.458001170563119,test,0.8594830215888816
E245D,0.4745799477593391,0.897430007558381,test,0.4228500597990419
E245F,-0.294943026829076,0.0937268604389451,test,0.3886698872680211
E245G,-0.21858872019045641,0.200363255574518,test,0.41895197576497445
E245H,-0.06598289577126984,0.513651036004411,test,0.5796339317756808
E245I,-0.24607556401237066,0.123904951455846,test,0.36998051546821664
E245K,0.39104933120881236,0.489244504412333,test,0.09819517320352067
E245L,-0.12057226168932836,0.257452750863312,test,0.3780250125526403
E245M,-0.232336435453717,0.479860116964726,test,0.712196552418443
E245N,0.12102393583111246,0.657929986487156,test,0.5369060506560435
E245P,-0.8006769584772571,0.115158344290635,test,0.915835302767892
E245Q,0.09214270197059157,0.710639285949891,test,0.6184965839792994
E245R,0.08080603009350248,0.263217712406649,test,0.1824116823131465
E245S,-0.15161529271449162,0.661669710319578,test,0.8132850030340696
E245T,-0.22697313506408826,0.790113655481408,test,1.0170867905454963
E245V,-0.16208437973880344,0.131017765144993,test,0.29310214488379643
E245W,-0.447377130300618,0.166665798896886,test,0.614042929197504
E245Y,-0.08190372433579476,0.23428946627336,test,0.31619319060915474
E249A,0.6074488883565452,0.84618682298144,train,0.2387379346248948
E249C,-0.3109639792843175,0.606324805891568,test,0.9172887851758855
E249D,0.771488693082232,1.00093027113085,test,0.2294415780486181
E249F,-0.2661213771201225,0.27488726910858,test,0.5410086462287025
E249G,0.5374068097953832,0.853539560500296,test,0.31613275070491276
E249H,0.1940855203041549,0.916746539003514,test,0.7226610186993591
E249I,-0.13918936552502073,0.0871671189362881,test,0.22635648446130885
E249K,0.7584154963179859,0.98771465073431,test,0.2292991544163241
E249L,0.06447276141323696,0.457495837851932,test,0.39302307643869505
E249M,-0.10771046792360009,0.570064739264905,test,0.677775207188505
E249N,0.7749870692011764,1.0061476715941,test,0.23116060239292358
E249P,-0.3109639792843175,0.0416765968612019,test,0.3526405761455194
E249Q,0.5858677136892447,0.957937272416793,test,0.3720695587275483
E249R,0.757689356878372,0.947459282097476,test,0.18976992521910396
E249S,0.7390427664025896,0.984410827668604,test,0.2453680612660144
E249T,0.2164236052753223,0.923318836089329,test,0.7068952308140066
E249V,0.08012691782410838,0.273164866953037,test,0.1930379491289286
E249W,-0.0579217313656393,0.501594079599051,test,0.5595158109646903
E249Y,0.1533235874663694,0.586213751150035,test,0.4328901636836656
E253A,0.4841509612400683,0.796935831640915,train,0.3127848704008467
E253C,0.06962110106136185,0.740879392806933,test,0.6712582917455712
E253D,0.7234404819151312,0.918051358812395,test,0.19461087689726375
E253F,0.28376649851746216,0.446489893110815,test,0.16272339459335283
E253G,0.5132423000558928,0.643967221190606,test,0.13072492113471323
E253H,0.5034436652452674,0.697884914154044,test,0.19444124890877656
E253I,0.3874891750037397,0.725957333264035,test,0.3384681582602953
E253K,0.6585664727059004,0.802574842860602,test,0.14400837015470158
E253L,0.187244508734935,0.572732017543797,test,0.38548750880886196
E253M,0.0379568507183807,0.657543358655306,test,0.6195865079369253
E253N,0.8731683184662284,0.811401395020444,test,0.061766923445784494
E253P,0.953759904178406,0.738187504079957,test,0.2155724000984489
E253Q,0.4709067442306958,0.823024323007514,test,0.35211757877681826
E253R,0.7144136689382503,0.676884585997184,test,0.03752908294106627
E253S,0.5703233421098479,0.843576146030152,test,0.27325280392030404
E253T,0.41795010573116875,0.785079252859877,test,0.36712914712870826
E253V,0.6599929670336067,0.698366364968472,test,0.03837339793486538
E253W,-0.23690949344898973,0.268926833186475,test,0.5058363266354647
E253Y,-0.20828427505316574,0.521191035297043,test,0.7294753103502087
E331A,0.6426309790415374,0.86045168849622,train,0.21782070945468257
E331C,0.07582388817270555,0.866335686457696,test,0.7905117982849904
E331D,0.3993150078660841,0.80617706041416,test,0.40686205254807595
E331F,0.43911056237200596,0.961816699423887,test,0.5227061370518811
E331G,0.3493531511169665,0.641305137884339,test,0.29195198676737244
E331H,0.38270982185089664,0.908081716434359,test,0.5253718945834623
E331I,0.10352939424826132,0.848215578300358,test,0.7446861840520966
E331K,0.3915311581948744,0.556839024413368,test,0.16530786621849358
E331L,0.05433114474782272,0.889515188366283,test,0.8351840436184602
E331M,0.0573485421093973,0.801574838647397,test,0.7442262965379997
E331N,0.13897209175906308,0.723765056155332,test,0.5847929643962689
E331P,0.31891860107286063,0.210512987228081,test,0.10840561384477962
E331Q,0.4603942094221034,0.935786082470975,test,0.47539187304887154
E331R,0.2851862852929423,0.654284731104368,test,0.3690984458114257
E331S,0.6059916466658681,0.662177952447847,test,0.05618630578197892
E331T,0.274132522015053,0.80219387979855,test,0.5280613577834969
E331V,0.3271648118611219,0.833365652976913,test,0.5062008411157911
E331W,0.16180153947403195,0.873321111672006,test,0.711519572197974
E331Y,0.162055160414299,0.895148132428287,test,0.7330929720139879
E333A,1.1211798802293569,1.05037959913882,train,0.07080028109053682
E333C,0.46339313353748524,1.02025260887544,test,0.5568594753379548
E333D,1.289799698369577,0.999923564890863,test,0.289876133478714
E333F,0.5204169548997675,1.02070766917738,test,0.5002907142776125
E333G,1.1643779844584714,1.01370953327732,test,0.15066845118115135
E333H,0.937244686515782,0.991002645146841,test,0.05375795863105903
E333I,0.6089646247927847,1.0010801762493,test,0.39211555145651533
E333K,0.8480106774967087,1.02395305644462,test,0.17594237894791132
E333L,0.6766023535871584,0.99195033876959,test,0.3153479851824317
E333M,0.5724018376624167,1.02286788724367,test,0.45046604958125336
E333N,0.9256952498317503,1.00347047376717,test,0.07777522393541969
E333P,0.9081342279459175,0.484529366868233,test,0.42360486107768447
E333Q,0.6017444562427501,1.01078516574674,test,0.40904070950398985
E333R,0.9044868433156299,1.00115911413806,test,0.09667227082243013
E333S,1.0904007015195412,1.0207489494356,test,0.06965175208394125
E333T,0.973096803826649,1.01907259491242,test,0.04597579108577099
E333V,0.8876894860700435,1.04628782779264,test,0.15859834172259646
E333W,0.22376532895819976,0.987233843678374,test,0.7634685147201742
E333Y,0.7791946531074332,1.01946281763727,test,0.2402681645298368
E347A,1.049468841362968,1.02290367295195,train,0.02656516841101797
E347C,0.6337387943586001,1.00766038992685,test,0.3739215955682498
E347D,0.6337387943586001,1.00484320855453,test,0.3711044141959299
E347F,0.6337387943586001,0.994965278546906,test,0.36122648418830583
E347G,0.6337387943586001,0.968052080374928,test,0.3343132860163278
E347H,0.6337387943586001,0.997549040673684,test,0.36381024631508385
E347I,0.6337387943586001,0.975874430256941,test,0.34213563589834084
E347K,0.6337387943586001,0.990551353527901,test,0.3568125591693009
E347L,0.6337387943586001,1.01474147385733,test,0.3810026794987298
E347M,0.6337387943586001,1.01471542353943,test,0.38097662918082986
E347N,0.6337387943586001,0.992197707153221,test,0.35845891279462083
E347P,0.6337387943586001,0.849722594778861,test,0.21598380042026089
E347Q,0.6337387943586001,1.01195719877267,test,0.37821840441406995
E347R,0.6337387943586001,0.956719987093463,test,0.3229811927348628
E347S,0.6337387943586001,0.986885645273357,test,0.35314685091475684
E347T,0.6337387943586001,0.988639254152096,test,0.3549004597934958
E347V,0.6337387943586001,1.04376479523648,test,0.41002600087787977
E347W,0.6337387943586001,0.98257571006401,test,0.34883691570540987
E347Y,0.6337387943586001,0.995432894612184,test,0.36169410025358384
E381A,0.9841106808598503,0.995293892767463,train,0.011183211907612733
E381C,-0.102487553868053,0.963494463488549,test,1.065982017356602
E381D,1.2749966452035115,1.00973437449914,test,0.2652622707043715
E381F,0.02200014500289324,0.928123716925,test,0.9061235719221067
E381G,0.6800215404020611,0.986440438236177,test,0.3064188978341159
E381H,0.5360457412294803,0.97833536107138,test,0.44228961984189963
E381I,0.02701508966800656,0.85762577306469,test,0.8306106833966834
E381K,0.8663450118711669,0.964659454939452,test,0.09831444306828518
E381L,0.36525768671468595,0.931671126162855,test,0.566413439448169
E381M,0.20833771665518494,0.945712521861937,test,0.737374805206752
E381N,0.7637339960341005,0.976362754721842,test,0.21262875868774145
E381P,0.16655404205914134,0.668788911165602,test,0.5022348691064606
E381Q,0.8363087952419217,0.994993745921536,test,0.1586849506796143
E381R,0.7063377228187433,0.973394819885099,test,0.2670570970663557
E381S,0.849828072245489,0.991871288707028,test,0.14204321646153906
E381T,0.7246786648591785,0.9815372262757,test,0.2568585614165214
E381V,0.378636685020177,0.86003468354484,test,0.48139799852466303
E381W,-0.15097890565623942,0.899537935723163,test,1.0505168413794024
E381Y,0.3024549440960891,0.938097861102929,test,0.63564291700684
E429A,0.9430531681618215,0.979367756053201,train,0.036314587891379535
E429C,0.29756251028283676,0.952708914639793,test,0.6551464043569563
E429D,1.3449265726147825,1.00088304870507,test,0.3440435239097126
E429F,0.5354697079898638,0.921619306933848,test,0.38614959894398415
E429G,0.8257262749180294,0.948493800663977,test,0.12276752574594763
E429H,0.8777477644310461,1.00751296452336,test,0.12976520009231396
E429I,0.4043928125658589,0.811143566139936,test,0.4067507535740771
E429K,0.8291484742798583,0.869391576099068,test,0.04024310181920976
E429L,0.5279246479811792,0.802069819202106,test,0.27414517122092674
E429M,0.29599533496066077,0.895485234970856,test,0.5994899000101952
E429N,0.9520630057784063,0.942216922547168,test,0.009846083231238256
E429P,0.5249964012040482,0.695285299364385,test,0.17028889816033677
E429Q,0.8490945048841712,0.99564803078644,test,0.1465535259022689
E429R,0.7930348282108566,0.867494487594092,test,0.0744596593832354
E429S,1.1568432438081262,0.966134586120196,test,0.19070865768793022
E429T,1.1064968889004414,0.90088474167523,test,0.20561214722521137
E429V,0.49137541044518573,0.880231988076336,test,0.3888565776311502
E429W,0.026587601919352916,0.988253423620148,test,0.9616658217007951
E429Y,0.5213703916013397,0.959089770000669,test,0.4377193783993293
E432A,0.7684740660946934,0.910198854985726,train,0.14172478889103257
E432C,-0.26179543698751284,0.944122066650204,test,1.2059175036377168
E432D,0.6388149314242122,0.963985243893565,test,0.3251703124693528
E432F,0.008713259099411647,0.743936057170184,test,0.7352227980707723
E432G,-0.005131905199115022,0.700220686822293,test,0.705352592021408
E432H,0.20345645588355962,0.864688161680664,test,0.6612317057971043
E432I,-0.03389942099522328,0.710209290813311,test,0.7441087118085342
E432K,0.17701095748442539,0.437903238389925,test,0.26089228090549965
E432L,0.1925596492941166,0.557748790681769,test,0.36518914138765235
E432M,0.10829298622297598,0.781713355306843,test,0.673420369083867
E432N,0.2724275917297254,0.825946960638124,test,0.5535193689083986
E432P,0.5643694704548687,0.809166554656682,test,0.24479708420181323
E432Q,0.7567136236896868,0.890439111509962,test,0.13372548782027527
E432R,0.18771795904238273,0.338420157824678,test,0.15070219878229527
E432S,0.37940474145376,0.890502343354499,test,0.5110976019007389
E432T,0.24887234855429538,0.828303935628118,test,0.5794315870738226
E432V,0.3284951528940161,0.827005849545639,test,0.49851069665162295
E432W,-0.016436019023427645,0.739611163335591,test,0.7560471823590186
E432Y,0.07791073082245178,0.768683511541331,test,0.6907727807188792
E438A,0.9528997850350709,0.984421227367184,train,0.03152144233211307
E438C,0.5854542661946518,0.989963706780464,test,0.4045094405858122
E438D,0.5854542661946518,0.954111231768933,test,0.3686569655742812
E438F,0.5854542661946518,0.945528650603913,test,0.3600743844092612
E438G,0.5854542661946518,0.929473669829434,test,0.34401940363478223
E438H,0.5854542661946518,0.99153834213642,test,0.4060840759417682
E438I,0.5854542661946518,1.00196129041172,test,0.4165070242170683
E438K,0.5854542661946518,0.982910148819122,test,0.3974558826244702
E438L,0.5854542661946518,1.00830315497428,test,0.42284888877962823
E438M,0.5854542661946518,1.01746168349029,test,0.4320074172956383
E438N,0.5854542661946518,0.937560728088704,test,0.35210646189405226
E438P,0.5854542661946518,0.949226134836896,test,0.3637718686422442
E438Q,0.5854542661946518,0.98728582619311,test,0.4018315599984582
E438R,0.5854542661946518,0.981468113491308,test,0.39601384729665623
E438S,0.5854542661946518,0.99195776366664,test,0.4065034974719882
E438T,0.5854542661946518,0.965490513187751,test,0.38003624699309924
E438V,0.5854542661946518,1.00782897968859,test,0.4223747134939382
E438W,0.5854542661946518,0.9643659900591,test,0.37891172386444816
E438Y,0.5854542661946518,0.983607279129968,test,0.39815301293531624
E458A,1.039770449565305,1.01903889629568,train,0.020731553269625058
E458C,0.6288895984597687,0.991022242645469,test,0.36213264418570035
E458D,0.6288895984597687,1.02348912469567,test,0.39459952623590144
E458F,0.6288895984597687,0.992865954471809,test,0.36397635601204037
E458G,0.6288895984597687,1.01899266190916,test,0.3901030634493914
E458H,0.6288895984597687,0.974433439864746,test,0.3455438414049773
E458I,0.6288895984597687,1.00532728259076,test,0.3764376841309913
E458K,0.6288895984597687,1.02792219683261,test,0.39903259837284133
E458L,0.6288895984597687,0.984289260413439,test,0.35539966195367034
E458M,0.6288895984597687,1.00787054722459,test,0.37898094876482125
E458N,0.6288895984597687,1.00985688854424,test,0.3809672900844714
E458P,0.6288895984597687,1.01418431690398,test,0.38529471844421126
E458Q,0.6288895984597687,1.01073555890682,test,0.38184596044705144
E458R,0.6288895984597687,1.00030314883985,test,0.3714135503800813
E458S,0.6288895984597687,1.00550817262824,test,0.37661857416847133
E458T,0.6288895984597687,1.03878656192534,test,0.40989696346557136
E458V,0.6288895984597687,0.967507350058398,test,0.3386177515986294
E458W,0.6288895984597687,1.00269592428958,test,0.37380632582981144
E458Y,0.6288895984597687,1.00552169378971,test,0.37663209532994135
E48A,-1.0312869150129458,0.197023024275966,train,1.2283099392889119
E48C,-1.522152686111636,0.0690239739863233,test,1.591176660097959
E48D,-1.4004166793384056,0.0476554137562208,train,1.4480720930946265
E48F,-1.3372144469416616,0.0745388651617565,train,1.411753312103418
E48G,-0.8304098735917733,0.0478115057262338,test,0.8782213793180071
E48H,-1.281195049291039,0.096141240815955,train,1.3773362901069939
E48I,-1.2477411456541547,0.109655526428009,train,1.3573966720821637
E48K,-1.3910631960748032,0.0522660061615741,train,1.4433292022363773
E48L,-0.9797809541437779,0.0485172931137297,test,1.0282982472575075
E48M,-1.4347823165165747,0.0350329720820463,train,1.469815288598621
E48N,-1.1858135271452717,0.134535693063032,train,1.3203492202083036
E48P,-1.522152686111636,0.120946012976388,test,1.6430986990880239
E48Q,-1.4282052501236,0.03842755479909,train,1.46663280492269
E48R,-1.3975933004792365,0.0514533846993133,train,1.4490466851785497
E48S,-1.0269213390960885,0.0817283617594879,test,1.1086497008555765
E48T,-1.204614800499584,0.0773996178217416,test,1.2820144183213256
E48V,-1.322723830278839,0.0847576058052217,test,1.4074814360840608
E48W,-1.2057966947068477,0.128265099178996,train,1.3340617938858437
E48Y,-1.122636770929115,0.160855908467608,train,1.283492679396723
E56A,0.9491761680041779,0.982408446196339,train,0.033232278192161124
E56C,0.10660507800646998,0.949703995165148,test,0.843098917158678
E56D,0.969392988000062,1.00468489103999,test,0.03529190303992791
E56F,0.24638727549733927,0.869337579289243,test,0.6229503037919037
E56G,0.5964584438686618,0.93069277656263,test,0.3342343326939683
E56H,0.5825847235611603,0.988407234181896,test,0.4058225106207357
E56I,0.5295319393704239,0.940949624097162,test,0.4114176847267381
E56K,0.8473760036418747,0.96913489303471,test,0.1217588893928353
E56L,0.46253724924328155,0.821903354106816,test,0.3593661048635345
E56M,0.17048809141766627,0.922674393705712,test,0.7521863022880457
E56N,0.9748009340328736,0.996392971914157,test,0.021592037881283388
E56P,0.7266788667438655,0.967668195411477,test,0.24098932866761147
E56Q,0.7859387647736733,0.989152618185626,test,0.20321385341195275
E56R,0.9609452320866108,0.956193668545795,test,0.00475156354081574
E56S,0.7627518762485879,0.972455574239074,test,0.20970369799048616
E56T,0.8217604541846997,0.975931441201481,test,0.15417098701678134
E56V,0.5429456212532691,0.960158656753712,test,0.417213035500443
E56W,0.2782941461124777,0.915027164521551,test,0.6367330184090733
E56Y,0.17056711831422008,0.88720973366563,test,0.7166426153514099
E73A,0.8722167853232208,0.950975488303162,train,0.07875870297994125
E73C,0.30812474519796695,0.92628558354355,test,0.618160838345583
E73D,0.9416353746128288,0.943653277748232,test,0.0020179031354032873
E73F,0.7548161505001858,1.0142337695959,test,0.25941761909571426
E73G,0.6501613349375626,0.749117180198088,test,0.09895584526052548
E73H,0.9707405548244197,0.984653628189215,test,0.013913073364795303
E73I,0.17353414399628717,0.577422498928104,test,0.40388835493181685
E73K,0.7102546346602618,0.8299981710187,test,0.11974353635843815
E73L,0.5052249128819619,0.849276887318943,test,0.3440519744369811
E73M,0.2519064224875598,0.959006966269598,test,0.7071005437820382
E73N,0.5625309317433798,0.815863163934248,test,0.2533322321908682
E73P,0.2885604840607512,0.0752855668403321,test,0.21327491722041908
E73Q,0.8075161840680487,0.945114385786963,test,0.13759820171891435
E73R,0.6500825442721145,0.732454137510413,test,0.08237159323829846
E73S,0.8729654463903949,0.938332612264177,test,0.06536716587378211
E73T,0.4469742308075959,0.685476070065505,test,0.23850183925790913
E73V,0.37040529209951933,0.84899001749524,test,0.4785847253957206
E73W,0.6538126229351755,0.959804271542828,test,0.3059916486076525
E73Y,0.8482202091815296,1.00554378956772,test,0.15732358038619032
E76A,0.8670990839933939,0.948977264087386,train,0.08187818009399217
E76C,0.3242746219364798,0.833972549149711,test,0.5096979272132312
E76D,0.8690501603986138,0.72637807292701,test,0.14267208747160387
E76F,0.4877430233165623,0.719985851621718,test,0.23224282830515575
E76G,0.6227484537515207,0.70648465963992,test,0.08373620588839936
E76H,0.46232655892267727,0.787782569548808,test,0.3254560106261307
E76I,0.4524652710305379,0.897135145088964,test,0.44466987405842606
E76K,0.6769197041209216,0.765767865690791,test,0.08884816156986941
E76L,0.6071671050274443,0.780110054756516,test,0.17294294972907165
E76M,0.36638269868174533,0.873751553969957,test,0.5073688552882116
E76N,0.561119423362958,0.645619051129795,test,0.08449962776683706
E76P,0.9783897883916512,0.960620463405742,test,0.01776932498590922
E76Q,0.48214909453085153,0.928964937257045,test,0.44681584272619346
E76R,0.6372759042204212,0.732629039448489,test,0.09535313522806776
E76S,0.5769556895213885,0.858160812051219,test,0.28120512252983043
E76T,0.5608994233303239,0.901727117361816,test,0.34082769403149205
E76V,0.5322679975733184,0.901905407585694,test,0.3696374100123756
E76W,0.340384551467517,0.600080944803326,test,0.25969639333580896
E76Y,0.5172650338758988,0.711496774285605,test,0.19423174040970614
E79A,0.9679648783192596,0.989564713351771,train,0.021599835032511394
E79C,0.6127080185602025,1.01814388448319,test,0.4054358659229875
E79D,0.8098009252848655,0.948285917820801,test,0.1384849925359355
E79F,0.8148496809903285,1.02013828750749,test,0.20528860651716152
E79G,1.3781188321418354,1.02220999487084,test,0.3559088372709953
E79H,0.7652564688115546,1.03760624603397,test,0.27234977722241527
E79I,0.46135189336571725,0.869139167579998,test,0.40778727421428074
E79K,0.6762006976455168,0.985699938224231,test,0.30949924057871414
E79L,0.7057451162806962,1.04823716304684,test,0.34249204676614364
E79M,0.27062346983246965,1.03079949097643,test,0.7601760211439603
E79N,0.7266039507412685,1.03691900277337,test,0.3103150520321014
E79P,0.5250023877914234,0.548521724911887,test,0.023519337120463613
E79Q,0.6776450442691739,1.01412957993155,test,0.336484535662376
E79R,0.602992877746783,1.01018351384587,test,0.4071906360990869
E79S,0.7573495786484201,1.02891222337401,test,0.2715626447255899
E79T,0.4662041603284781,0.977416434176198,test,0.5112122738477198
E79V,0.8034895081908153,0.850030833599815,test,0.04654132540899969
E79W,0.7353479723088341,0.999941903521807,test,0.2645939312129729
E79Y,0.7740690072129197,1.00601523484827,test,0.23194622763535033
F104A,0.8213648603215848,0.931862990200322,train,0.1104981298787372
F104C,0.4537974655693906,0.877524328483495,test,0.42372686291410444
F104D,0.00823826172971584,0.133449973317668,test,0.12521171158795216
F104E,0.00823826172971584,0.311785686459297,test,0.3035474247295812
F104G,0.17738201090974234,0.873739053798573,test,0.6963570428888306
F104H,0.00823826172971584,0.875037001998474,test,0.8667987402687581
F104I,0.8590195287960587,0.977475894802413,test,0.11845636600635434
F104K,0.0089578050265475,0.838162426658543,test,0.8292046216319955
F104L,1.106681484347303,0.98601673612991,test,0.12066474821739293
F104M,1.0776696581898595,0.995099108606561,test,0.08257054958329846
F104N,0.00823826172971584,0.84984764037391,test,0.8416093786441942
F104P,0.00823826172971584,0.819923461530253,test,0.8116851998005371
F104Q,0.1248098407621969,0.898035112016847,test,0.7732252712546501
F104R,0.00823826172971584,0.186226010040583,test,0.17798774831086717
F104S,0.25640266603969786,0.918448551938391,test,0.6620458858986932
F104T,0.6356703553434426,0.928811717628253,test,0.29314136228481036
F104V,0.9984197372507932,0.948998750789508,test,0.04942098646128523
F104W,0.6912179594321983,0.966396321426543,test,0.27517836199434464
F104Y,0.6286437398647136,0.83221946381689,test,0.2035757239521765
F126A,0.38713289627449377,0.759036773294998,train,0.3719038770205042
F126C,0.3450662262392685,0.97759971961953,test,0.6325334933802614
F126D,-0.4635267419595086,,,
F126E,-0.4635267419595086,0.108346351878517,test,0.5718730938380256
F126G,-0.4635267419595086,0.153748696384296,test,0.6172754383438046
F126H,-0.4635267419595086,0.245010863116009,test,0.7085376050755177
F126I,0.6364002208556874,0.991976720435804,test,0.3555764995801166
F126K,-0.44272495527535205,0.0802428321508286,test,0.5229677874261807
F126L,0.5115103207482965,0.950135205023666,test,0.4386248842753695
F126M,0.45601651014878164,0.955978420477743,test,0.4999619103289613
F126N,-0.4635267419595086,0.313180664845029,test,0.7767074068045376
F126P,-0.4615201321567317,0.0995508701217162,test,0.561071002278448
F126Q,-0.4543977695805024,0.0853842137424038,test,0.5397819833229062
F126R,-0.45558781674742455,0.068020193114681,test,0.5236080098621055
F126S,-0.4569612159117076,0.453142863499335,test,0.9101040794110427
F126T,-0.07787662774862161,0.638447335195104,test,0.7163239629437256
F126V,0.5465259140797085,0.951439019327424,test,0.4049131052477155
F126W,-0.15741203472380397,0.847438268446771,test,1.0048503031705749
F126Y,0.03207314021212346,0.928510561770942,test,0.8964374215588186
F136A,0.8665700742185838,0.950777478182165,train,0.08420740396358117
F136C,0.8182819741097138,0.972085484960414,test,0.1538035108507002
F136D,0.0550001735912142,0.395248294139406,test,0.34024812054819176
F136E,0.0550001735912142,0.909921463081759,test,0.8549212894905448
F136G,0.5227982520009815,0.893982742673485,test,0.3711844906725035
F136H,0.8897897151752627,0.944131515435011,test,0.05434180025974822
F136I,0.6004636409258983,0.986597401767365,test,0.38613376084146667
F136K,0.0550001735912142,0.79265728500497,test,0.7376571114137558
F136L,0.8179529286121732,0.98749090888261,test,0.16953798027043687
F136M,0.5688431736863355,0.979290608440458,test,0.4104474347541225
F136N,0.6309846110116408,0.957389246572754,test,0.3264046355611132
F136P,0.0550001735912142,0.0361299061504672,test,0.018870267440747004
F136Q,0.8803894104470811,0.930349189923346,test,0.049959779476264954
F136R,0.0550001735912142,0.929443499932978,test,0.8744433263417638
F136S,0.4466840722484766,0.958755067816653,test,0.5120709955681764
F136T,0.34598390763837394,0.963045592600752,test,0.617061684962378
F136V,0.48682117787513923,0.983318685509017,test,0.4964975076338778
F136W,0.5920866541876924,0.949328255499266,test,0.3572416013115737
F136Y,1.2655463933281281,0.980879064975994,test,0.28466732835213415
F176A,0.40539258884117024,0.766818987464374,train,0.3614263986232038
F176C,-0.49531204151323727,0.833597357777821,test,1.3289093992910583
F176D,-0.5072758123819694,0.54263138439626,test,1.0499071967782294
F176E,-0.05888337073301278,0.608120976514444,test,0.6670043472474567
F176G,0.22884521341126193,0.493706689144011,test,0.2648614757327491
F176H,0.3267811998590633,0.845784919515291,test,0.5190037196562277
F176I,0.28202641531380856,0.864846339493483,test,0.5828199241796744
F176K,-0.5072758123819694,0.536912426376787,test,1.0441882387587564
F176L,0.4469939546795769,0.824648184497245,test,0.37765422981766805
F176M,0.26853535200627143,0.898615053560933,test,0.6300797015546615
F176N,0.06580655566740765,0.740577439831477,test,0.6747708841640693
F176P,-0.5072758123819694,0.0376605366370585,test,0.5449363490190279
F176Q,0.25700008789285556,0.751715266437118,test,0.4947151785442624
F176R,-0.5072758123819694,0.067173197657067,test,0.5744490100390364
F176S,0.10686257716744782,0.746200427685053,test,0.6393378505176052
F176T,0.3231544380565128,0.82502942035847,test,0.5018749823019573
F176V,0.21618404202437722,0.869521403733848,test,0.6533373617094708
F176W,0.16732982184971254,0.715898202635838,test,0.5485683807861255
F176Y,0.5157122021611007,0.461044108380082,test,0.05466809378101872
F183A,-0.15002524852752933,0.544419194579856,train,0.6944444431073853
F183C,-0.1679825391788146,0.414330039273778,test,0.5823125784525925
F183D,-0.904039318071084,0.119797755958739,test,1.023837074029823
F183E,-0.6845736574234882,0.13173853377343,test,0.8163121911969182
F183G,-0.08576174137436501,0.443463787699129,test,0.529225529073494
F183H,-0.5656954387876316,0.17455462923356,test,0.7402500680211916
F183I,-0.17138154586649426,0.662579970728939,test,0.8339615165954333
F183K,-0.9041317147968086,0.147160870995374,test,1.0512925857921827
F183L,0.1352992862604767,0.572417295242123,test,0.4371180089816463
F183M,-0.12757352543593717,0.734087993500209,test,0.8616615189361462
F183N,-0.9028545912878758,0.36444829777347,test,1.2673028890613458
F183P,-0.7663041886631345,0.0766134240920703,test,0.8429176127552048
F183Q,-0.339837753659636,0.0883232378425633,test,0.4281609915021993
F183R,-0.722568060431257,0.0968033537366409,test,0.8193714141678978
F183S,0.009983910598361428,0.360030113471176,test,0.3500462028728146
F183T,-0.11340227463816069,0.333547062799506,test,0.44694933743766674
F183V,0.10295292692045185,0.514736873981997,test,0.4117839470615451
F183W,-0.9021104762529972,0.90581965460108,test,1.8079301308540772
F183Y,-0.06721853996138696,0.896605079837558,test,0.9638236197989449
F189A,0.8214006737394197,0.933817995499953,train,0.11241732176053332
F189C,0.04253009514496872,0.607746457756462,test,0.5652163626114932
F189D,-1.318950195672265,0.0791661501539228,train,1.3981163458261876
F189E,-0.5699089877655863,0.931408695439639,test,1.5013176832052253
F189G,-0.030478322000354635,0.225284692699042,test,0.25576301469939666
F189H,-0.5699089877655863,0.807715804858837,test,1.3776247926244234
F189I,0.3453046514890128,1.05177365193436,test,0.7064690004453471
F189K,-0.5699089877655863,0.220748380912121,test,0.7906573686777073
F189L,0.4545387434191068,0.948872433862924,test,0.49433369044381714
F189M,0.15941052969077793,0.854217770214387,test,0.6948072405236091
F189N,-0.00806342415131292,0.16874073439096,test,0.1768041585422729
F189P,-0.5699089877655863,0.0688547457968651,test,0.6387637335624514
F189Q,-0.5699089877655863,0.864390055187077,test,1.4342990429526634
F189R,-0.5699089877655863,0.0602454492445616,test,0.630154437010148
F189S,-0.21569264471969055,0.465751509544179,test,0.6814441542638695
F189T,0.25052215725537885,0.769358039338105,test,0.5188358820827261
F189V,0.4136350961683133,1.07369960483337,test,0.6600645086650567
F189W,-0.011580485484518538,0.863138524336101,test,0.8747190098206196
F189Y,0.275981690135062,0.910746220639087,test,0.6347645305040249
F201A,0.8128467895687639,0.928709389127002,train,0.11586259955823808
F201C,0.2892433428721264,0.877956360358638,test,0.5887130174865116
F201D,0.34955290347407364,0.911370996396006,test,0.5618180929219324
F201E,0.22878553262350484,0.85064536455212,test,0.6218598319286152
F201G,0.36813703914696716,0.900186842921663,test,0.5320498037746958
F201H,0.45792896236005354,0.967908613683853,test,0.5099796513237994
F201I,0.38081879207667746,0.942853491375389,test,0.5620346992987115
F201K,0.17165376549285247,0.870055712521273,test,0.6984019470284205
F201L,0.4278249516605219,0.910995701352671,test,0.4831707496921491
F201M,0.2001231770681182,0.869287850824174,test,0.6691646737560558
F201N,0.40515704622048054,0.909629051483141,test,0.5044720052626605
F201P,0.5361912180635107,0.860252171353273,test,0.32406095328976237
F201Q,0.13760302350726425,0.901114710120938,test,0.7635116866136737
F201R,0.2239664587234744,0.787239987267822,test,0.5632735285443475
F201S,0.4621240627022869,0.884119321157197,test,0.42199525845491015
F201T,0.3646099252173627,0.861007896484203,test,0.49639797126684027
F201V,0.21312544081344617,0.895370243747741,test,0.6822448029342948
F201W,0.43546057741869837,0.957574047088657,test,0.5221134696699586
F201Y,0.8638608961823213,0.991106721538018,test,0.12724582535569673
F228A,-1.108033909651337,0.162087014560492,train,1.270120924211829
F228C,-0.2485101183823122,0.426026918647299,test,0.6745370370296112
F228D,-0.5466377068528947,0.0547434321254082,test,0.6013811389783029
F228E,-1.062796390610574,0.182614018817921,train,1.245410409428495
F228G,-0.5944800466221734,0.0728774399723739,test,0.6673574865945473
F228H,0.13334706469458288,0.146333609486342,test,0.01298654479175912
F228I,-0.24740208210334094,0.785115019005739,test,1.03251710110908
F228K,-0.7858028270709905,0.0518420038294115,test,0.837644830900402
F228L,-0.21130129618933216,0.831449878825902,test,1.0427511750152343
F228M,-0.09164732291608038,0.754738341062871,test,0.8463856639789513
F228N,-0.745008366172154,0.0928033135027204,test,0.8378116796748745
F228P,-0.7854181639579412,0.117308870509774,test,0.9027270344677152
F228Q,-0.5267252242133791,0.11060210667469,test,0.6373273308880691
F228R,-0.7858028270709905,0.102431287575846,test,0.8882341146468364
F228S,-0.24753285768302183,0.083106241055229,test,0.3306390987382508
F228T,-0.5435090487117902,0.0858400129597828,test,0.629349061671573
F228V,-0.18306531057150258,0.70962826659224,test,0.8926935771637425
F228W,0.6456752420089769,0.864570014985252,train,0.21889477297627513
F228Y,0.08990850638653944,0.997963616177046,test,0.9080551097905065
F238A,1.0350226162101113,1.01516594278426,train,0.01985667342585118
F238C,0.20041235762232665,1.02398386387379,test,0.8235715062514632
F238D,0.8187225111757688,0.983449024682122,test,0.16472651350635326
F238E,0.6823564978547416,0.999100844269812,test,0.31674434641507043
F238G,0.6594362744482074,0.975057191577702,test,0.3156209171294946
F238H,0.8117004237068113,1.01227211836199,test,0.20057169465517877
F238I,0.3657852066260474,0.956378489312281,test,0.5905932826862336
F238K,0.5974112520357264,0.986217804912461,test,0.3888065528767346
F238L,0.528108327004684,0.983859687615808,test,0.455751360611124
F238M,0.5524933654607691,1.01839082975884,test,0.4658974642980709
F238N,0.8258582185880645,1.0086632632087,test,0.18280504462063552
F238P,0.5005612412877551,0.842838202636648,test,0.34227696134889285
F238Q,0.5421288662425494,1.00788518447752,test,0.46575631823497066
F238R,0.7145753077618806,1.00868903026989,test,0.2941137225080095
F238S,0.6848541419734253,0.998912190543961,test,0.31405804857053565
F238T,0.6994884511032644,0.999214154424546,test,0.29972570332128157
F238V,0.3515893690943599,1.00484995490675,test,0.6532605858123901
F238W,0.3985973665043969,1.02016389529495,test,0.6215665287905532
F238Y,0.8657011396530063,0.998698313573591,test,0.13299717392058463
F251A,-1.31044053485453,0.0828368565523683,train,1.3932773914068983
F251C,-0.8947063431976978,0.0712094860264627,test,0.9659158292241605
F251D,-0.4767351567429896,0.127073251257845,test,0.6038084080008346
F251E,-0.418879184083514,0.0654617735453958,test,0.4843409576289098
F251G,-0.28622363280163543,0.099823378143364,test,0.38604701094499944
F251H,-0.6389704085908112,0.158692948380232,test,0.7976633569710432
F251I,-1.050196388394659,0.0504542401944777,test,1.1006506285891366
F251K,-0.5037711288699886,0.0882180199805903,test,0.591989148850579
F251L,-0.8683863918210448,0.331433381969372,test,1.1998197737904168
F251M,-0.33899498335653777,0.876520342790689,test,1.215515326147227
F251N,-0.4216157280195165,0.130258913455328,test,0.5518746414748446
F251P,-1.050196388394659,0.120095594343729,test,1.170291982738388
F251Q,-0.7456206701849515,0.0507916675245525,test,0.796412337709504
F251R,-0.5828378557310818,0.060182152630148,test,0.6430200083612299
F251S,-0.6421146642796847,0.0280572981875868,test,0.6701719624672715
F251T,-0.8508817138317883,0.0740659576032694,test,0.9249476714350577
F251V,-1.0501224567587524,0.0845347065320597,test,1.134657163290812
F251W,-0.7516833351803809,0.0953842769128707,test,0.8470676120932515
F251Y,-1.050196388394659,0.189439339435867,test,1.239635727830526
F279A,-1.196697217902171,0.127725126225748,train,1.324422344127919
F279C,-0.3108573892590971,0.244838425791183,test,0.5556958150502801
F279D,-0.3128960435526611,0.0581555370412214,test,0.3710515805938825
F279E,-0.5754076780625892,0.134803061498345,test,0.7102107395609342
F279G,-0.41440816262578184,0.131187538634676,test,0.5455957012604579
F279H,-0.4489444506269391,0.270231858869019,test,0.7191763094959581
F279I,-0.6898715090898546,0.363188975910051,test,1.0530604849999057
F279K,-0.48410341384046496,0.0717575836782137,test,0.5558609975186787
F279L,-0.6304346861780379,0.835203383366616,test,1.4656380695446538
F279M,-0.6932004067904847,0.767070000021536,test,1.4602704068120207
F279N,-0.38845093597154334,0.137359827498607,test,0.5258107634701503
F279P,-0.47154490745693045,0.0715758331923541,test,0.5431207406492845
F279Q,-0.6211963432386509,0.0425889070788466,test,0.6637852503174975
F279R,-0.5618550643322278,0.181694384988617,test,0.7435494493208448
F279S,-0.4572894104621026,0.125564223265787,test,0.5828536337278896
F279T,-0.45480178987375885,0.0756919717154864,test,0.5304937615892452
F279V,-0.616189950472936,0.106793641981624,test,0.72298359245456
F279W,-0.5252425829518186,0.799474049259151,test,1.3247166322109696
F279Y,-0.11783435669157674,0.772744003597945,test,0.8905783602895218
F283A,0.46339552014227414,0.788972117640771,train,0.3255765974984969
F283C,0.2268814204645546,0.901541663148594,test,0.6746602426840393
F283D,-0.13545877602249837,0.113688813702337,test,0.24914758972483536
F283E,-0.004541183676501054,0.0897366023203873,test,0.09427778599688835
F283G,0.2786676767410692,0.190834022772841,test,0.08783365396822818
F283H,-0.31461069274900555,0.89721469048203,test,1.2118253832310355
F283I,0.5404324790029589,0.903260302414671,test,0.36282782341171216
F283K,-0.31461069274900555,0.0694046112871657,test,0.38401530403617123
F283L,0.4391413519109688,0.924140511675843,test,0.4849991597648742
F283M,0.36412070984567246,0.92956155284955,test,0.5654408430038775
F283N,-0.03145452742007285,0.485947373526024,test,0.5174019009460968
F283P,0.4529875888764605,0.691158495699984,test,0.2381709068235235
F283Q,-0.2101315120540004,0.31765498729658,test,0.5277864993505804
F283R,0.026812825609564522,0.0454387302620918,test,0.01862590465252728
F283S,0.13454223589852907,0.275696177623415,test,0.1411539417248859
F283T,0.04059330646092382,0.648386890470638,test,0.6077935840097142
F283V,0.5130297660395511,0.927118318603134,test,0.4140885525635829
F283W,-0.10275306473305681,0.831834502797033,test,0.9345875675300898
F283Y,0.9089718222682965,0.946475947502728,test,0.037504125234431474
F306A,0.8804474599974246,0.954834436331729,train,0.07438697633430447
F306C,0.31981692423668684,0.937826759219096,test,0.6180098349824091
F306D,0.479161902347389,0.888375781228669,test,0.40921387888128
F306E,0.5679709427088928,0.93327853642603,test,0.36530759371713717
F306G,0.5869027167116696,0.951178392642928,test,0.3642756759312584
F306H,0.43341258760903023,0.948200409982214,test,0.5147878223731838
F306I,0.579772166024547,0.946440812375196,test,0.366668646350649
F306K,0.6732444942005393,0.726612229973461,test,0.05336773577292164
F306L,1.2600459328249711,0.998914403359545,test,0.26113152946542617
F306M,0.5974524918408013,0.982798007416413,test,0.3853455155756117
F306N,0.5071730936999754,0.97486756608391,test,0.4676944723839346
F306P,0.597875392920759,0.932133690317162,test,0.334258297396403
F306Q,0.6051756889895648,0.95148718832016,test,0.34631149933059524
F306R,0.7457726751613631,0.697092533240578,test,0.04868014192078518
F306S,0.4767150406969731,0.947714365105444,test,0.4709993244084709
F306T,0.5224666429522455,0.953658251722164,test,0.43119160876991847
F306V,0.5862636134399677,0.957319356386577,test,0.37105574294660926
F306W,0.0371511480313311,0.830143376206843,test,0.7929922281755118
F306Y,0.6263667291867383,0.968024711958291,test,0.3416579827715527
F327A,0.8628794821878298,0.948011919837292,train,0.08513243764946221
F327C,0.13062731409702996,0.959246373166008,test,0.828619059068978
F327D,0.6620064997833095,0.468057873643357,test,0.1939486261399525
F327E,0.6313334283359813,0.983131805115008,test,0.3517983767790267
F327G,0.8623093466640814,0.932184222918388,test,0.06987487625430655
F327H,0.7223805536997048,0.938330378938853,test,0.21594982523914819
F327I,0.81743974880109,0.830502434999359,test,0.013062686198269002
F327K,0.7175130263183618,0.879136346740964,test,0.1616233204226022
F327L,0.7552656543762677,0.863607334827252,test,0.10834168045098436
F327M,0.464376988725,0.844385328069906,test,0.38000833934490597
F327N,0.5525119375067147,0.807842678758079,test,0.25533074125136435
F327P,0.3768541954659239,0.0794973555162226,test,0.2973568399497013
F327Q,0.5849296854806736,0.888993497320372,test,0.30406381183969844
F327R,0.7556326797637862,0.901798817495109,test,0.1461661377313228
F327S,0.8311788125628123,0.919513786503299,test,0.08833497394048662
F327T,0.6100983749137077,0.866343772067538,test,0.2562453971538303
F327V,0.9152503709537687,0.865365278682116,test,0.04988509227165272
F327W,0.5578604712304054,0.938542175713973,test,0.38068170448356764
F327Y,1.5115559650936252,0.998198190830483,test,0.5133577742631422
F352A,0.953701526034185,0.983370532396081,train,0.029669006361895955
F352C,0.5865324037181254,0.98886956622666,test,0.4023371625085346
F352D,0.5650953554799345,0.862134858198584,test,0.29703950271864954
F352E,0.6600050836779532,0.952040784362757,test,0.2920357006848038
F352G,0.6542093326213114,0.859130772360972,test,0.2049214397396606
F352H,0.8584947907020493,0.989416135312992,test,0.13092134461094274
F352I,0.6833097778432051,0.982223769690523,test,0.29891399184731793
F352K,0.6095383886442975,0.850603835979154,test,0.24106544733485646
F352L,0.8790951303820862,0.985115956809157,test,0.10602082642707078
F352M,0.7679295910566062,0.982999484975012,test,0.2150698939184058
F352N,0.702633834337983,0.938241160518176,test,0.23560732618019298
F352P,0.5522470307372538,0.051595181057773,test,0.5006518496794807
F352Q,0.709899217633416,0.965567456671456,test,0.25566823903804003
F352R,0.7974219014782407,0.882902183283993,test,0.08548028180575229
F352S,0.5626855589719157,0.977536660187266,test,0.4148511012153503
F352T,0.6585976716771513,0.984611893048333,test,0.32601422137118163
F352V,1.0219200982329604,0.995731183215622,test,0.026188915017338332
F352W,0.6673875444811468,0.99436202965726,test,0.32697448517611316
F352Y,1.425665321209855,1.02222885280531,test,0.40343646840454483
F379A,0.22635676781066236,0.69480697388503,train,0.4684502060743676
F379C,0.016618745670814422,0.663154644682772,test,0.6465358990119575
F379D,-0.5121710467701284,0.0829363237416961,test,0.5951073705118245
F379E,0.1854151303342839,0.426915766976262,test,0.2415006366419781
F379G,-0.30010918492647654,0.658309488358095,test,0.9584186732845715
F379H,-0.03428662590443901,0.8058201582335,test,0.8401067841379389
F379I,0.3666419954132347,0.839840856428493,test,0.4731988610152583
F379K,-0.5120286747608034,0.262441576562181,test,0.7744702513229844
F379L,0.5319089234602241,0.902253645367459,test,0.3703447219072349
F379M,0.3095602085648068,0.81080018506532,test,0.5012399765005132
F379N,0.2943180219910666,0.746442640354223,test,0.4521246183631564
F379P,-0.29133588143913847,0.468264833289468,test,0.7596007147286065
F379Q,-0.001569684195470683,0.639406309040459,test,0.6409759932359297
F379R,-0.33153346241491,0.149644698304937,test,0.481178160719847
F379S,0.182255281725989,0.632363455052531,test,0.45010817332654196
F379T,0.3165464362994783,0.698367619998092,test,0.38182118369861373
F379V,0.49903549771016276,0.718386966434196,test,0.21935146872403322
F379W,0.08267103770069825,0.869420443893942,test,0.7867494061932437
F379Y,0.3210948050846618,0.788613663003309,test,0.4675188579186472
F380A,0.7561722079014184,0.905623554206888,train,0.14945134630546963
F380C,0.4863803858210545,0.904496543382349,test,0.4181161575612945
F380D,0.015060932453594605,0.0949506657974989,test,0.0798897333439043
F380E,-0.035098716752542086,0.0727519380426837,test,0.10785065479522579
F380G,0.10648652023401547,0.686001708895459,test,0.5795151886614435
F380H,0.42160384915911986,0.834752615743427,test,0.4131487665843071
F380I,0.7326579056238918,0.946039720422046,test,0.2133818147981542
F380K,0.3062223069260528,0.16880807301898,test,0.1374142339070728
F380L,0.8692015849187193,0.956422594743986,test,0.0872210098252667
F380M,0.5961494701221957,0.958478238590966,test,0.3623287684687704
F380N,0.23838803662576444,0.740647726664335,test,0.5022596900385705
F380P,-0.2908371397468448,0.218862057678163,test,0.5096991974250078
F380Q,0.33983969182808615,0.78905609162174,test,0.4492163997936538
F380R,0.4309714849392001,0.0667295171671355,test,0.36424196777206463
F380S,0.2991943814384437,0.815903844014121,test,0.5167094625756773
F380T,0.47977279638047743,0.855868592479533,test,0.3760957960990555
F380V,0.5217287410318938,0.905654732928667,test,0.38392599189677323
F380W,0.35998018636346596,0.868770903524371,test,0.5087907171609051
F380Y,0.6318487201717138,0.895305799382517,test,0.2634570792108032
F397A,0.37514582675256114,0.753756564394798,train,0.37861073764223685
F397C,0.08599252735577798,0.645033164962207,test,0.559040637606429
F397D,0.2663271440173889,0.0577998020255304,test,0.2085273419918585
F397E,-0.31839493450903933,0.120349456964726,test,0.4387443914737653
F397G,-0.1452610217686459,0.622248954545084,test,0.7675099763137299
F397H,0.739411073447884,0.471643864371614,test,0.26776720907627005
F397I,0.5054883560546768,0.861392367186518,test,0.3559040111318412
F397K,-0.3162954308954855,0.0979238820721335,test,0.414219312967619
F397L,0.6066681534972529,0.913554789967113,test,0.30688663646986014
F397M,0.49346280852925495,0.883955370785555,test,0.3904925622563
F397N,0.14275653818949172,0.279207611103966,test,0.1364510729144743
F397P,-0.31839493450903933,0.0386672992536978,test,0.35706223376273716
F397Q,0.49540249235553424,0.188943339794708,test,0.30645915256082623
F397R,0.14190594586991542,0.106338716999938,test,0.03556722886997743
F397S,0.4223791008238107,0.655586074561759,test,0.2332069737379483
F397T,0.3839443193366774,0.107634502459664,test,0.2763098168770134
F397V,0.4081778366414388,0.360664519583725,test,0.04751331705771383
F397W,0.3561659420733283,0.708015056411727,test,0.3518491143383987
F397Y,0.9587119804844921,0.929921265995909,test,0.02879071448858317
F437A,0.0727087376457913,0.633668042306042,train,0.5609593046602507
F437C,0.14535874250001266,0.79251758798754,test,0.6471588454875273
F437D,0.14535874250001266,0.101863649287491,test,0.04349509321252165
F437E,0.14535874250001266,0.0707364695152445,test,0.07462227298476816
F437G,0.14535874250001266,0.0959180113032923,test,0.04944073119672035
F437H,0.14535874250001266,0.648795558983218,test,0.5034368164832053
F437I,0.14535874250001266,0.894940059980214,test,0.7495813174802013
F437K,0.14535874250001266,0.0731781979374504,test,0.07218054456256226
F437L,0.14535874250001266,0.915874898710662,test,0.7705161562106493
F437M,0.14535874250001266,0.823426532997412,test,0.6780677904973993
F437N,0.14535874250001266,0.0734132069571681,test,0.07194553554284455
F437P,0.14535874250001266,0.0800940857053254,test,0.06526465679468725
F437Q,0.14535874250001266,0.129150829755651,test,0.016207912744361647
F437R,0.14535874250001266,0.0606686664816078,test,0.08469007601840486
F437S,0.14535874250001266,0.0587481401183885,test,0.08661060238162416
F437T,0.14535874250001266,0.254185608677072,test,0.10882686617705936
F437V,0.14535874250001266,0.79615479664924,test,0.6507960541492274
F437W,0.14535874250001266,0.807927879580721,test,0.6625691370807083
F437Y,0.14535874250001266,0.915246081827878,test,0.7698873393278653
F440A,0.5511119664850124,0.824310127063214,train,0.2731981605782017
F440C,0.384560356919623,0.881619004571982,test,0.49705864765235896
F440D,0.384560356919623,0.479098244528243,test,0.09453788760862003
F440E,0.384560356919623,0.680055539062844,test,0.295495182143221
F440G,0.384560356919623,0.659233455365996,test,0.274673098446373
F440H,0.384560356919623,0.873425085221029,test,0.48886472830140604
F440I,0.384560356919623,0.811974017273647,test,0.42741366035402406
F440K,0.384560356919623,0.846753557406917,test,0.46219320048729406
F440L,0.384560356919623,0.831630588358243,test,0.44707023143862
F440M,0.384560356919623,0.844415633987244,test,0.45985527706762097
F440N,0.384560356919623,0.900197696488831,test,0.515637339569208
F440P,0.384560356919623,0.131755822993366,test,0.252804533926257
F440Q,0.384560356919623,0.785537742692772,test,0.400977385773149
F440R,0.384560356919623,0.816221860740139,test,0.43166150382051605
F440S,0.384560356919623,0.808777681127098,test,0.42421732420747504
F440T,0.384560356919623,0.759531965816224,test,0.37497160889660097
F440V,0.384560356919623,0.851956704625894,test,0.46739634770627103
F440W,0.384560356919623,0.971525969406235,test,0.586965612486612
F440Y,0.384560356919623,0.961352996770859,test,0.576792639851236
F45A,0.11890684258469994,0.651963828744024,train,0.5330569861593241
F45C,-0.08400634920973962,0.868928265547123,test,0.9529346147568626
F45D,-0.483976882315339,0.0588694349079477,test,0.5428463172232867
F45E,-0.483268470021027,0.0715943788293586,test,0.5548628488503856
F45G,-0.4258095618673028,0.179127778468302,test,0.6049373403356048
F45H,-0.3202024176143954,0.355266226162021,test,0.6754686437764164
F45I,0.6795397256055729,0.970083601980786,test,0.2905438763752132
F45K,-0.48388079549676966,0.446922658159614,test,0.9308034536563836
F45L,0.4752451085707319,0.983204039710769,test,0.5079589311400371
F45M,0.2474202046220315,0.941182244230813,test,0.6937620396087815
F45N,-0.48388131905599585,0.106888250909954,test,0.5907695699659499
F45P,-0.483976882315339,0.0590565583521775,test,0.5430334406675165
F45Q,-0.483976882315339,0.612736211870074,test,1.096713094185413
F45R,-0.483976882315339,0.0884364569377295,test,0.5724133392530685
F45S,-0.483976882315339,0.105250353886713,test,0.589227236202052
F45T,0.17105820177381423,0.410656114797102,test,0.23959791302328778
F45V,0.7292182486876022,0.918462492131678,test,0.18924424344407575
F45W,-0.483976882315339,0.125229471846095,test,0.609206354161434
F45Y,-0.08368660966277977,0.852422969028908,test,0.9361095786916878
F63A,0.8047864564246094,0.925065453117866,train,0.12027899669325659
F63C,0.24439202878379282,0.863715165642268,test,0.6193231368584752
F63D,0.5309200634740241,0.897992578127728,test,0.36707251465370394
F63E,0.5523867029910645,0.881794027964377,test,0.3294073249733125
F63G,0.5115830327816473,0.864772429680665,test,0.35318939689901774
F63H,0.7200155888951023,1.02076738235394,test,0.30075179345883774
F63I,0.6110573936102417,0.806775689753636,test,0.1957182961433943
F63K,0.47795106949505217,0.898502304840701,test,0.42055123534564887
F63L,0.6935264256932399,0.861696813496159,test,0.16817038780291915
F63M,0.6276656598865562,0.819572440827092,test,0.19190678094053581
F63N,0.45029328525085055,0.952605427297756,test,0.5023121420469054
F63P,0.14073123244416783,0.651483266503492,test,0.5107520340593241
F63Q,0.4051031778681844,0.889825308993357,test,0.4847221311251726
F63R,0.5723832824244146,0.873678017637251,test,0.30129473521283634
F63S,0.5072667005224927,0.893165379579643,test,0.38589867905715036
F63T,0.4712702933981807,0.881940422050644,test,0.41067012865246333
F63V,0.7152613432171016,0.839267720292346,test,0.12400637707524442
F63W,0.13413165005333402,0.986762822731154,test,0.85263117267782
F63Y,0.6547196440802343,0.967286930270722,test,0.3125672861904877
F90A,0.26505763830559226,0.710768620929349,train,0.44571098262375675
F90C,0.04644262016753606,0.805674508446821,test,0.7592318882792849
F90D,-0.5736679785974699,0.0526092301595752,test,0.6262772087570451
F90E,-0.3081768201638322,0.127290955588411,test,0.43546777575224316
F90G,-0.17754458166820333,0.627511987106516,test,0.8050565687747193
F90H,-0.2808845935640203,0.58696873039146,test,0.8678533239554803
F90I,0.3534412794062376,0.868204030168499,test,0.5147627507622614
F90K,-0.5736679785974699,0.201645589868695,test,0.7753135684661648
F90L,0.2755189176882029,0.951842438645976,test,0.676323520957773
F90M,0.17397465803970055,0.85749678904559,test,0.6835221310058894
F90N,-0.5736679785974699,0.27052531366717,test,0.8441932922646398
F90P,-0.13119060804224494,0.334369280279484,test,0.4655598883217289
F90Q,-0.37229519066624195,0.10078644269252,test,0.47308163335876197
F90R,-0.5394833468915328,0.161023218780096,test,0.7005065656716287
F90S,0.15821687503897783,0.845448017060407,test,0.6872311420214291
F90T,0.22773461727357278,0.741284812025904,test,0.5135501947523312
F90V,0.4243572689483732,0.813000676145555,test,0.3886434071971818
F90W,0.2012118553801658,0.773212784613003,test,0.5720009292328372
F90Y,0.15936331627581188,0.755049968106085,test,0.5956866518302731
G110A,-1.2626784453373465,0.101794812361591,train,1.3644732576989376
G110C,-1.1085623783672138,0.176618371532776,test,1.2851807498999899
G110D,-0.9578664671005146,0.0440793544538321,test,1.0019458215543466
G110E,-0.7467939080035702,0.0358712241239102,test,0.7826651321274803
G110F,-1.1086425027387035,0.0753996620738393,test,1.1840421648125428
G110H,-0.9237536292870476,0.129692992647937,test,1.0534466219349845
G110I,-1.1086425027387035,0.0622445430735875,test,1.1708870458122909
G110K,-0.9416293926545929,0.0562469919450234,test,0.9978763845996163
G110L,-1.1086425027387035,0.132868902433164,test,1.2415114051718674
G110M,-1.0976307671227115,0.158519551446743,test,1.2561503185694545
G110N,-0.7863717118561506,0.0621173663241069,test,0.8484890781802575
G110P,-1.1086425027387035,,,
G110Q,-1.1086425027387035,0.113786764468866,test,1.2224292672075694
G110R,-0.8059640265484009,0.0590843440370164,test,0.8650483705854173
G110S,-0.6364824481835425,0.083731718821733,test,0.7202141670052755
G110T,-0.7562673930934831,0.0784650030667594,test,0.8347323961602425
G110V,-1.1086425027387035,0.163105611927842,test,1.2717481146665455
G110W,-1.1086425027387035,0.0973540265198191,test,1.2059965292585226
G110Y,-0.9273201214244711,0.0797652271562778,test,1.007085348580749
G114A,0.7046291980045278,0.88535065750585,train,0.18072145950132212
G114C,0.05435735773970071,0.604681131683634,test,0.5503237739439333
G114D,0.46963535625745867,0.111342292900073,test,0.35829306335738564
G114E,0.42597769692796494,0.059193437300814,test,0.36678425962715094
G114F,0.2761234358187672,0.193908267388506,test,0.08221516843026119
G114H,0.18314532496923538,0.576283894172775,test,0.3931385692035396
G114I,-0.39821837362169243,0.184675523833736,test,0.5828938974554284
G114K,-0.39821837362169243,0.142005254216021,test,0.5402236278377135
G114L,-0.1731494526893014,0.060400193199666,test,0.2335496458889674
G114M,-0.39821837362169243,0.122976317487963,test,0.5211946911096554
G114N,0.28864016706331275,0.605102719386377,test,0.3164625523230643
G114P,-0.39821837362169243,0.048567387530825,test,0.44678576115251745
G114Q,-0.39821837362169243,0.516190702122801,test,0.9144090757444935
G114R,0.21730720628638453,0.312492017308158,test,0.09518481102177348
G114S,0.46971497928581063,0.63467273233958,test,0.16495775305376936
G114T,-0.01314462740145908,0.766027453320662,test,0.7791720807221211
G114V,0.08050740711122747,0.109766007427138,test,0.02925860031591053
G114W,-0.37941908343091835,0.0711029317454265,test,0.4505220151763448
G114Y,0.25394209555750114,0.05014407801323,test,0.20379801754427113
G116A,0.9174523369074425,0.969161114398185,train,0.05170877749074243
G116C,-0.35600347019694456,0.928951725061078,test,1.2849551952580227
G116D,0.5077204720579365,0.899422902191431,test,0.3917024301334945
G116E,0.649290979405375,0.913032807271887,test,0.263741827866512
G116F,0.08274514632969263,0.860900577244652,test,0.7781554309149593
G116H,0.2754774263514046,0.940372639177567,test,0.6648952128261624
G116I,0.07801253171972197,0.905749738034791,test,0.827737206315069
G116K,0.6090285652089518,1.02155828900815,test,0.4125297237991983
G116L,0.18047446425126898,0.919278873962572,test,0.738804409711303
G116M,0.12029305495316242,0.959155671899299,test,0.8388626169461365
G116N,0.43214545593285236,0.929290025937161,test,0.4971445700043087
G116P,0.32716842058175666,0.113143924191256,test,0.21402449639050064
G116Q,0.23041679287057468,0.975904764626831,test,0.7454879717562563
G116R,0.49345565448693285,1.0179012308816,test,0.5244455763946672
G116S,0.7560627981970469,0.986647066330112,test,0.2305842681330651
G116T,0.2259789552514386,0.876132869186979,test,0.6501539139355403
G116V,0.2470407979519786,0.909838402171481,test,0.6627976042195024
G116W,-0.06346815226595373,0.823845319182159,test,0.8873134714481127
G116Y,0.18647097509425967,0.863326102445935,test,0.6768551273516753
G138A,0.9799675986360088,0.995466464045331,train,0.015498865409322216
G138C,0.30665569032036344,0.976399452967169,test,0.6697437626468056
G138D,0.0894481515533003,0.64830960151633,test,0.5588614499630297
G138E,0.43239841583481975,0.902693521805982,test,0.4702951059711622
G138F,0.45843528366054964,0.965858554050382,test,0.5074232703898324
G138H,0.3486133992997382,0.983426143831666,test,0.6348127445319278
G138I,0.21674094803573293,0.627227043672539,test,0.41048609563680605
G138K,0.5933910268805682,0.848161380860681,test,0.25477035398011283
G138L,0.6507567157577661,0.94632582316772,test,0.2955691074099539
G138M,0.6132714318902905,0.959159034890819,test,0.34588760300052845
G138N,0.2625752809803339,0.909507692609033,test,0.6469324116286991
G138P,0.4871581656620598,0.804900238232368,test,0.3177420725703082
G138Q,0.4519490398092294,0.926820866576926,test,0.47487182676769657
G138R,0.7295612099808799,0.768843171691085,test,0.03928196171020504
G138S,0.7620439265085153,0.990082628884399,test,0.22803870237588375
G138T,0.5317572415078267,0.959869293812263,test,0.4281120523044364
G138V,0.27081804716356017,0.745014737718695,test,0.4741966905551348
G138W,0.0894481515533003,0.783324686443391,test,0.6938765348900907
G138Y,0.30901573944486116,0.945616839866198,test,0.6366011004213369
G151A,0.9108524860428886,0.967603178075445,train,0.05675069203255645
G151C,0.1274003763875113,0.966819907222408,test,0.8394195308348966
G151D,1.0827167455694229,0.968026210417595,test,0.11469053515182792
G151E,0.8088244676124787,1.00095578443832,test,0.19213131682584117
G151F,0.06992535879023462,0.801476803081644,test,0.7315514442914094
G151H,0.5574942591153953,0.967130920477095,test,0.40963666136169974
G151I,0.07849018813849026,0.803369278879006,test,0.7248790907405157
G151K,0.7025459210376954,1.00576330147301,test,0.30321738043531465
G151L,0.2331804827270558,0.889044750541431,test,0.6558642678143751
G151M,0.050324307249623085,0.927935044105388,test,0.8776107368557649
G151N,0.9099893258441376,0.984999448921037,test,0.07501012307689936
G151P,-0.11103628151344117,0.890279039569192,test,1.001315321082633
G151Q,0.7771834947350598,0.971261624278213,test,0.1940781295431533
G151R,0.7362384629782255,0.995367937333145,test,0.2591294743549195
G151S,0.7136356999327773,0.961821369345266,test,0.24818566941248865
G151T,0.23479706460088165,0.947041187492263,test,0.7122441228913813
G151V,0.11237413374345293,0.88659633275459,test,0.7742221990111371
G151W,-0.11103628151344117,0.789204907044836,test,0.9002411885582772
G151Y,0.2555098369592861,0.862065466814147,test,0.6065556298548609
G157A,0.8993060533739488,0.963165350697033,train,0.06385929732308426
G157C,0.1681817116636621,0.863665625473594,test,0.6954839138099319
G157D,0.8610224749122295,0.819268312892866,test,0.04175416201936355
G157E,0.7862389759267898,0.920282109553385,test,0.13404313362659515
G157F,-0.1327845451546981,0.760403693216952,test,0.8931882383716501
G157H,0.4241293872859313,0.844945185504034,test,0.42081579821810267
G157I,0.03583969201216616,0.484655817396231,test,0.4488161253840648
G157K,0.6598754868946675,0.75066022346659,test,0.09078473657192254
G157L,0.1968838040316163,0.688486568290574,test,0.49160276425895766
G157M,-0.22794401184581295,0.842866502268244,test,1.070810514114057
G157N,0.8496159817464821,0.819890120939256,test,0.029725860807226168
G157P,0.3977774887990233,0.770349920308916,test,0.3725724315098927
G157Q,0.585777910113291,0.952058713145503,test,0.3662808030322121
G157R,0.7512191852351016,0.82972368222448,test,0.07850449698937845
G157S,0.7222242122048834,0.96728639490131,test,0.24506218269642654
G157T,0.8085109935734074,0.785514038791105,test,0.022996954782302348
G157V,0.28465597754930827,0.664686423576237,test,0.3800304460269287
G157W,-0.21790702410399623,0.660023393026893,test,0.8779304171308892
G157Y,0.1566001403285375,0.793419657676476,test,0.6368195173479385
G158A,0.3600768257617626,0.748359566338089,train,0.3882827405763264
G158C,-0.08185054248090998,0.68161629631731,test,0.76346683879822
G158D,0.0837921392857883,0.629691007120408,test,0.5458988678346197
G158E,0.2794931251053152,0.69952527164226,test,0.42003214653694476
G158F,-0.1350112430036912,0.199183117941796,test,0.33419436094548716
G158H,0.07176190157312343,0.635351345690987,test,0.5635894441178635
G158I,-0.10402360539664349,0.13119326120925,test,0.2352168666058935
G158K,0.3105534093324922,0.488728320149884,test,0.17817491081739179
G158L,0.129828249328604,0.160721236278007,test,0.030892986949402984
G158M,0.24405776242234742,0.558002441300022,test,0.3139446788776745
G158N,0.025703558961592793,0.714774608919438,test,0.6890710499578452
G158P,-0.296810387230656,0.763340682467151,test,1.060151069697807
G158Q,0.32630261895826274,0.721968907297523,test,0.3956662883392603
G158R,0.5743058444115545,0.509025979008464,test,0.0652798654030905
G158S,0.2641661504470181,0.79656827026565,test,0.532402119818632
G158T,0.20669009924607115,0.563935028303302,test,0.3572449290572308
G158V,-0.08178891411663505,0.12769012536243,test,0.20947903947906504
G158W,-0.24157568124339582,0.215822202605468,test,0.4573978838488638
G158Y,-0.34128969705129086,0.475641700538659,test,0.8169313975899499
G162A,0.25839590137201607,0.707106370668887,train,0.448710469296871
G162C,0.16294366689017645,0.16815495493071,test,0.005211288040533557
G162D,-0.7766038782636631,0.0604064056613433,test,0.8370102839250063
G162E,-0.777773468483004,0.0424969697128116,test,0.8202704381958156
G162F,-0.10104900467438929,0.157265580161192,test,0.2583145848355813
G162H,-0.4363462183764122,0.0695769970643428,test,0.505923215440755
G162I,-0.10559206270283175,0.0638903780204854,test,0.16948244072331714
G162K,-0.6021517183622389,0.0557563387118018,test,0.6579080570740408
G162L,0.060217022404807724,0.0675689841921916,test,0.0073519617873838705
G162M,-0.0647041762880878,0.225134566234824,test,0.2898387425229118
G162N,-0.10551176430528988,0.108219291082339,test,0.21373105538762888
G162P,-0.5119788136127796,0.0342528673881944,test,0.5462316810009741
G162Q,-0.29292602051756034,0.0724264310684311,test,0.36535245158599144
G162R,-0.49289803961482703,0.0667465170714139,test,0.5596445566862409
G162S,-0.06540819646105225,1.17836218976091,test,1.2437703862219622
G162T,-0.40793884246044043,0.0914348627612727,test,0.49937370522171315
G162V,-0.06742634104381542,0.0793309619315654,test,0.1467573029753808
G162W,-0.7784136103569981,0.154824659016578,test,0.9332382693735761
G162Y,-0.7784136103569981,0.10456707778374,test,0.882980688140738
G170A,0.2507100343633033,0.706575567905295,train,0.45586553354199166
G170C,-0.7026325248621819,0.105180800171246,test,0.8078133250334278
G170D,-0.4293663098864686,0.0898142876273928,test,0.5191805975138615
G170E,-0.38861507150500096,0.0723895616497046,test,0.4610046331547056
G170F,-0.7026325248621819,0.0587618762897888,test,0.7613944011519707
G170H,-0.7026325248621819,0.127049285248824,test,0.8296818101110058
G170I,-0.7026325248621819,0.0861578087918403,test,0.7887903336540222
G170K,-0.7026325248621819,0.0335263862551991,test,0.736158911117381
G170L,-0.7008543203652347,0.0551613921026153,test,0.7560157124678499
G170M,-0.7026325248621819,0.077863526357722,test,0.7804960512199038
G170N,-0.7026325248621819,0.0566767484909446,test,0.7593092733531265
G170P,-1.1983660918214574,0.126764325601652,train,1.3251304174231093
G170Q,-0.5462787718907303,0.197577883220361,test,0.7438566551110912
G170R,-0.4593001806835526,0.0409238269879039,test,0.5002240076714565
G170S,-0.2168023821414036,0.506970773283681,test,0.7237731554250846
G170T,-0.5628977959392218,0.0966235515155325,test,0.6595213474547543
G170V,-0.6980756723069528,0.0981965138664499,test,0.7962721861734027
G170W,-0.7025535779435581,0.0340845057230937,test,0.7366380836666518
G170Y,-0.22132398053598593,0.117792943149729,test,0.33911692368571494
G186A,1.019034091564394,1.00991351482302,train,0.009120576741374009
G186C,0.196638849303419,0.874839447560309,test,0.6782005982568899
G186D,-0.2201900590249142,0.931130925446708,test,1.1513209844716221
G186E,0.28772670527954625,0.97393867052756,test,0.6862119652480138
G186F,-0.2205710512990702,0.761862265629403,test,0.9824333169284731
G186H,-0.2205710512990702,0.961314382050683,test,1.1818854333497533
G186I,-0.2205710512990702,0.771335867832566,test,0.9919069191316362
G186K,-0.052633194913428466,0.82163417972913,test,0.8742673746425584
G186L,-0.2205710512990702,0.838026986889424,test,1.0585980381884943
G186M,-0.2205710512990702,0.853504843509178,test,1.0740758948082483
G186N,0.474238533105819,0.980398652718005,test,0.506160119612186
G186P,0.05821278518569992,0.225530251133868,test,0.16731746594816807
G186Q,0.07552790252047467,0.948187777439389,test,0.8726598749189143
G186R,-0.07006122646036309,0.780999293562867,test,0.8510605200232301
G186S,0.5977650070376546,0.954656989922529,test,0.35689198288487445
G186T,0.09397546939748588,0.948003528281404,test,0.8540280588839181
G186V,0.25732197237789145,0.870760195997758,test,0.6134382236198666
G186W,-0.05346589513321723,0.834546406076544,test,0.8880123012097612
G186Y,-0.2205710512990702,0.955993665141798,test,1.1765647164408681
G187A,0.5640363991328405,0.829749733295507,train,0.2657133341626665
G187C,0.2512863824332483,0.140572405379245,test,0.11071397705400329
G187D,0.4160222857180449,0.138507538854993,test,0.2775147468630519
G187E,0.3896637903478164,0.343349978763416,test,0.0463138115844004
G187F,-0.20451115580968152,0.0696020460763056,test,0.2741132018859871
G187H,-0.20451115580968152,0.132057304634365,test,0.33656846044404654
G187I,-0.20451115580968152,0.0652881384433664,test,0.26979929425304794
G187K,0.01809931722502542,0.058623528011495,test,0.04052421078646958
G187L,-0.20443364349518392,0.176450535785499,test,0.3808841792806829
G187M,0.07124184276311782,0.0622750455385675,test,0.008966797224550321
G187N,0.17297449579561006,0.154401819623299,test,0.018572676172311064
G187P,0.16608683752776374,0.0595602947046699,test,0.10652654282309384
G187Q,0.21669526511756773,0.121453241510254,test,0.09524202360731374
G187R,0.10471220323593686,0.143435001707094,test,0.038722798471157144
G187S,0.42609561398739815,0.418864733754763,test,0.0072308802326351285
G187T,-0.007844511089395906,0.142200274543645,test,0.1500447856330409
G187V,0.07682035376626148,0.143310874596334,test,0.06649052083007251
G187W,-0.08302654195344841,0.155119009579454,test,0.2381455515329024
G187Y,-0.20451115580968152,0.103643844398329,test,0.3081550002080105
G197A,0.9468879347320336,0.9810797424235,train,0.03419180769146646
G197C,0.2320401324600143,0.98888528210613,test,0.7568451496461157
G197D,-0.4304156940908823,0.30287936464715,test,0.7332950587380322
G197E,0.00624146252850119,0.269805443356464,test,0.26356398082796284
G197F,0.20852377133302388,0.0908084887078324,test,0.11771528262519149
G197H,0.21678389217175129,0.107978301724635,test,0.10880559044711628
G197I,0.14229402104979647,0.0920778004641493,test,0.05021622058564716
G197K,-0.4381634859343213,0.0714531985756154,test,0.5096166845099367
G197L,0.20175567896034627,0.0828613553978876,test,0.11889432356245867
G197M,0.20069553779824664,0.302663547729561,test,0.10196800993131436
G197N,0.36308790647551015,1.06870793230794,test,0.7056200258324299
G197P,0.18938199861186097,0.0841548795920046,test,0.10522711901985637
G197Q,0.12267543916142662,0.872722111269522,test,0.7500466721080954
G197R,-0.12599696015460074,0.102218876867738,test,0.22821583702233875
G197S,0.48613629659187363,0.988588749441003,test,0.5024524528491293
G197T,0.6105929682839031,0.84161536231563,test,0.23102239403172686
G197V,0.4282327400259478,0.89972324092221,test,0.4714905008962622
G197W,-0.4381634859343213,0.0586479114031642,test,0.4968113973374855
G197Y,0.11815705913800675,0.0709944212063916,test,0.04716263793161515
G20A,0.9379411407394869,0.978460257704482,train,0.040519116964995106
G20C,0.5779749440468589,0.83140204337637,test,0.25342709932951113
G20D,0.5779749440468589,0.925531058174445,test,0.34755611412758614
G20E,0.5779749440468589,0.91655011585197,test,0.3385751718051111
G20F,0.5779749440468589,0.763811081114016,test,0.18583613706715707
G20H,0.5779749440468589,0.719707676887579,test,0.14173273284072008
G20I,0.5779749440468589,0.804168435280474,test,0.2261934912336151
G20K,0.5779749440468589,0.954763525930995,test,0.3767885818841361
G20L,0.5779749440468589,0.838815341755509,test,0.2608403977086501
G20M,0.5779749440468589,0.830150086920977,test,0.25217514287411813
G20N,0.5779749440468589,0.963202225005794,test,0.3852272809589351
G20P,0.5779749440468589,0.21751239713339,test,0.3604625469134689
G20Q,0.5779749440468589,0.888196194036407,test,0.31022124998954814
G20R,0.5779749440468589,0.880353799678539,test,0.3023788556316801
G20S,0.5779749440468589,0.902781778233988,test,0.3248068341871291
G20T,0.5779749440468589,0.873996446099449,test,0.29602150205259015
G20V,0.5779749440468589,0.77084413484794,test,0.19286919080108111
G20W,0.5779749440468589,0.807493380599529,test,0.22951843655267012
G20Y,0.5779749440468589,0.786669679317573,test,0.20869473527071414
G21A,0.5020798675595157,0.8047709998256,train,0.30269113226608424
G21C,0.36004430745687377,0.718037182833125,test,0.35799287537625124
G21D,0.36004430745687377,0.786524381954181,test,0.4264800744973072
G21E,0.36004430745687377,0.771620414468703,test,0.41157610701182923
G21F,0.36004430745687377,0.0740456261157702,test,0.28599868134110357
G21H,0.36004430745687377,0.600777124309885,test,0.24073281685301118
G21I,0.36004430745687377,0.093235962088653,test,0.2668083453682208
G21K,0.36004430745687377,0.799924483399411,test,0.43988017594253725
G21L,0.36004430745687377,0.270876150303762,test,0.08916815715311177
G21M,0.36004430745687377,0.639206378015301,test,0.27916207055842723
G21N,0.36004430745687377,0.850618442741066,test,0.49057413528419225
G21P,0.36004430745687377,0.0384131824896244,test,0.3216311249672494
G21Q,0.36004430745687377,0.990156856123693,test,0.6301125486668192
G21R,0.36004430745687377,0.791629249543842,test,0.4315849420869682
G21S,0.36004430745687377,0.785510935908608,test,0.4254666284517342
G21T,0.36004430745687377,0.29498166763639,test,0.06506263982048377
G21V,0.36004430745687377,0.0713475936683481,test,0.2886967137885257
G21W,0.36004430745687377,0.102435573271935,test,0.2576087341849388
G21Y,0.36004430745687377,0.0863916442477614,test,0.27365266320911236
G223A,0.09185035324749188,0.641904384431606,train,0.5500540311841141
G223C,-0.21845112866033192,0.64890451876221,test,0.8673556474225419
G223D,0.35127274041231726,0.408598106385913,test,0.05732536597359572
G223E,-0.015766138011249514,0.161035706488272,test,0.17680184449952152
G223F,-0.1572863744159301,0.0708762668778466,test,0.2281626412937767
G223H,0.14624849971413065,0.571926274068165,test,0.4256777743540343
G223I,-0.3148985112526306,0.0915993767094939,test,0.4064978879621245
G223K,0.20348648346066975,0.2232905231802,test,0.019804039719530264
G223L,-0.11357538480270948,0.385711123489908,test,0.49928650829261745
G223M,-0.22535226209865103,0.502108555374778,test,0.7274608174734291
G223N,0.28146991888121886,0.652897055949026,test,0.37142713706780717
G223P,-0.23036982196803438,0.0988354423523163,test,0.3292052643203507
G223Q,0.06283971584067258,0.739137996905157,test,0.6762982810644844
G223R,0.083945515115283,0.0897306201266739,test,0.005785105011390901
G223S,0.11887794732059229,0.886145632926572,test,0.7672676856059797
G223T,-0.031609662166866476,0.527846940276355,test,0.5594566024432215
G223V,-0.0944709325238671,0.0394762375030479,test,0.133947170026915
G223W,-0.2070566040437656,0.0601064895356805,test,0.2671630935794461
G223Y,-0.3944956526739307,0.120371730838802,test,0.5148673835127328
G244A,0.7918471593344629,0.919082077795232,train,0.12723491846076906
G244C,0.41961179240192226,0.77871723412686,test,0.35910544172493775
G244D,-0.24346026502851695,0.0758377276480545,test,0.31929799267657144
G244E,-0.46097098605960407,0.0331119026045902,test,0.49408288866419425
G244F,0.09819863097115375,0.464962905389371,test,0.36676427441821724
G244H,0.15066702012700903,0.101373005065385,test,0.04929401506162402
G244I,0.2205763139441814,0.724321105939599,test,0.5037447919954176
G244K,-0.46097098605960407,0.11041878792781,test,0.5713897739874141
G244L,0.27491163922297024,0.132413386914032,test,0.14249825230893823
G244M,0.26127773051821923,0.676971616852571,test,0.4156938863343518
G244N,-0.18783903458998077,0.0485220118258986,test,0.23636104641587938
G244P,-0.41222574285023206,0.0594859932596601,test,0.47171173610989214
G244Q,-0.1546514210942929,0.0850107858032416,test,0.23966220689753448
G244R,-0.11797066966383321,0.103741138198963,test,0.2217118078627962
G244S,0.2080918508324132,0.67771629889209,test,0.46962444805967674
G244T,0.3464133225156869,0.633898869842081,test,0.2874855473263941
G244V,0.3406102610689097,0.634887503019622,test,0.29427724195071236
G244W,-0.03131771600571634,0.420202482696913,test,0.4515201987026294
G244Y,0.13168001266197324,0.617113753572596,test,0.48543374091062275
G252A,0.910397242955802,0.966365176663396,train,0.05596793370759401
G252C,0.42175601635702864,0.931155558539049,test,0.5093995421820203
G252D,0.23249445453079629,0.916270832125109,test,0.6837763775943126
G252E,0.1557043953585213,0.836978465242928,test,0.6812740698844066
G252F,0.342929457296693,0.647139700344177,test,0.304210243047484
G252H,0.10256919835370423,0.944967106949372,test,0.8423979085956678
G252I,0.30448198819954286,0.294754382308507,test,0.009727605891035884
G252K,0.4979473638894747,1.02552397427263,test,0.5275766103831554
G252L,0.41886467217455947,0.799173371345634,test,0.38030869917107457
G252M,0.20075403428066194,0.889866030120822,test,0.68911199584016
G252N,0.4541404113123926,0.943292628380477,test,0.4891522170680844
G252P,-0.2906700416690462,0.0551813812978318,test,0.345851422966878
G252Q,-0.03730775243482823,0.971108573529417,test,1.0084163259642454
G252R,0.06130178203904732,1.00293791759687,test,0.9416361355578227
G252S,0.4465852050294623,0.958731071968662,test,0.5121458669391997
G252T,0.329557296363719,0.652450798041113,test,0.32289350167739395
G252V,0.3345323396320501,0.556430820260357,test,0.22189848062830686
G252W,0.2695538681376475,0.667692607253825,test,0.3981387391161775
G252Y,-0.2906700416690462,0.869239641139057,test,1.1599096828081032
G264A,0.2573344847005894,,,
G264C,-0.2973596201071824,0.281948527110599,test,0.5793081472177815
G264D,-0.4766030860155188,0.0674225515335136,test,0.5440256375490324
G264E,-0.16910786898508937,0.1102351144554,test,0.27934298344048936
G264F,0.27030987252888417,0.0882755359168799,test,0.18203433661200427
G264H,-0.2922356159069739,0.103499448150185,test,0.39573506405715886
G264I,0.2373405421322021,0.06749850394004,test,0.1698420381921621
G264K,-0.6458136623104342,0.0442823877217058,test,0.69009605003214
G264L,0.17938844025844622,0.0447257759223097,test,0.13466266433613652
G264M,0.09461448254355195,0.0708594360276376,test,0.023755046515914355
G264N,-0.45338997565216466,0.0888343880438889,test,0.5422243636960535
G264P,-0.014934228864879967,0.0865636538817087,test,0.10149788274658866
G264Q,-0.4349620181788365,0.149635665568485,test,0.5845976837473215
G264R,-0.6458136623104342,0.0869141461293065,test,0.7327278084397407
G264S,0.12830820693557163,1.22006400051204,test,1.0917557935764683
G264T,0.08772729951493849,0.360578905390778,test,0.27285160587583956
G264V,0.4048884335344842,0.230658207733984,test,0.17423022580050024
G264W,-0.17567497182000372,0.076063158962275,test,0.2517381307822787
G264Y,0.15535274651323425,0.116135455823066,test,0.039217290690168244
G268A,0.5343527456942609,0.818512056841552,train,0.2841593111472911
G268C,0.11980743050941609,0.477990574891437,test,0.3581831443820209
G268D,0.05576472172105948,0.114639872472199,test,0.05887515075113953
G268E,-0.11429587834661639,0.0957979389969558,test,0.2100938173435722
G268F,-0.11560505689898129,0.135454088186128,test,0.2510591450851093
G268H,-0.11560505689898129,0.0987653726244531,test,0.21437042952343438
G268I,0.05192473061011224,0.116762908443985,test,0.06483817783387276
G268K,-0.11560505689898129,0.0992195846418044,test,0.21482464154078568
G268L,-0.11560505689898129,0.0721695229588424,test,0.1877745798578237
G268M,-0.003613117467070631,0.110326486966995,test,0.11393960443406563
G268N,0.1522583896892493,0.820711277440287,test,0.6684528877510377
G268P,-0.11560505689898129,0.108720514440557,test,0.2243255713395383
G268Q,-0.11560505689898129,0.979831374411973,test,1.0954364313109544
G268R,-0.11351432697547217,0.0719669938425826,test,0.18548132081805477
G268S,0.4464072245990678,0.916261801266457,test,0.46985457666738917
G268T,0.303929053828744,0.625885411548121,test,0.32195635771937703
G268V,-0.11345151652998034,0.084274733396044,test,0.19772624992602433
G268W,0.07022044290928672,0.127189814049266,test,0.05696937113997927
G268Y,-0.11560505689898129,0.104328044013381,test,0.2199331009123623
G290A,-1.1345896774099262,0.15391906584053,train,1.2885087432504563
G290C,-0.9354279399879377,0.14483990987403,test,1.0802678498619678
G290D,-1.2223134539961824,0.0600620410500317,test,1.282375495046214
G290E,-1.3178392894698205,0.0829921490357534,train,1.400831438505574
G290F,-0.5215229888796775,0.0915130811063092,test,0.6130360699859867
G290H,-1.3483886329687207,0.068441631846503,train,1.4168302648152238
G290I,-0.886971555772816,0.139298208670918,test,1.026269764443734
G290K,-1.4101555734376452,0.0554775693429555,test,1.4656331427806006
G290L,-0.5684012415366906,0.142245346235654,test,0.7106465877723446
G290M,-0.2683324648401497,0.27086111354369,test,0.5391935783838397
G290N,-1.0203077133182592,0.14041626619115,test,1.160723979509409
G290P,-1.2345886531868044,0.0600103642982095,test,1.294599017485014
G290Q,-0.771086104443248,0.0917416600536389,test,0.8628277644968869
G290R,-1.2511782390623443,0.107896144520142,test,1.3590743835824863
G290S,-0.6805727604884415,0.116214553757461,test,0.7967873142459025
G290T,-0.9654688864231236,0.147149089956801,test,1.1126179763799247
G290V,-0.7610137723804751,0.109680792412582,test,0.8706945647930571
G290W,-0.8702674331698812,0.0669409136962693,test,0.9372083468661505
G290Y,-0.7169838100457289,0.0714684248062633,test,0.7884522348519921
G292A,0.643741893020797,0.860358998725763,train,0.21661710570496606
G292C,-0.5042579244392493,0.471011394912988,test,0.9752693193522373
G292D,0.12897728116286286,0.0867128932579145,test,0.04226438790494837
G292E,0.0688857196642145,0.0793900518547494,test,0.010504332190534899
G292F,-0.5042579244392493,0.101596777341022,test,0.6058547017802713
G292H,-0.5041792792892019,0.110162970682596,test,0.6143422499717979
G292I,-0.17097818365347875,0.0561166412879451,test,0.22709482494142386
G292K,-0.04474605392884781,0.203335142441114,test,0.24808119636996182
G292L,-0.02089217612338315,0.0759649815933417,test,0.09685715771672485
G292M,-0.2293240470555389,0.214093841938685,test,0.4434178889942239
G292N,0.02276180570238237,0.19802406538898,test,0.17526225968659762
G292P,-0.043695446432270996,0.180279802179694,test,0.223975248611965
G292Q,-0.10863317157786481,0.0891588144817901,test,0.19779198605965492
G292R,-5.0260327506795877e-05,0.151901156806456,test,0.1519514171339628
G292S,0.3674214075584705,0.757224538065875,test,0.38980313050740445
G292T,0.005623888358885248,0.109986768451385,test,0.10436288009249975
G292V,-0.1514897886183604,0.0493529546995315,test,0.2008427433178919
G292W,-0.33299465309562915,0.0718790827751698,test,0.40487373587079895
G292Y,-0.0730579069447124,0.0823280789891085,test,0.1553859859338209
G302A,1.467485331331609,1.1900377501244,train,0.277447581207209
G302C,0.1843619368313256,0.151677001296444,test,0.03268493553488161
G302D,0.18427881347257655,0.110974735798795,test,0.07330407767378155
G302E,0.20118325894538389,0.147376743154247,test,0.05380651579113688
G302F,0.3462728853915318,0.101571156990284,test,0.24470172840124776
G302H,0.6291995172074396,0.208376380711408,test,0.42082313649603165
G302I,0.4356634754619615,0.0651477649073681,test,0.3705157105545934
G302K,0.34500640487163303,0.110217247750959,test,0.23478915712067405
G302L,0.18427881347257655,0.0580525912849974,test,0.12622622218757915
G302M,0.29439634939770376,0.193991713217181,test,0.10040463618052275
G302N,0.38813541785669536,0.0876190865558104,test,0.30051633130088495
G302P,0.4635732979350211,0.176184444653392,test,0.2873888532816291
G302Q,0.5065368308428939,0.106166443070855,test,0.4003703877720389
G302R,0.7152383677322052,0.0629381721441869,test,0.6523001955880183
G302S,0.8640074110805707,0.12887311117042,test,0.7351342999101507
G302T,0.6330854025059269,0.0952176326592837,test,0.5378677698466432
G302V,0.7009644028705468,0.0501313039713439,test,0.6508330988992029
G302W,0.32969772257304375,0.0485915036777322,test,0.28110621889531157
G302Y,0.3952286829067122,0.150185954628048,test,0.2450427282786642
G316A,0.8087757628591448,0.92746958282284,train,0.11869381996369521
G316C,0.16296202074964292,0.70927471114805,test,0.546312690398407
G316D,0.17281337008798722,0.221458575891013,test,0.04864520580302578
G316E,0.16229553947723183,0.140698568963057,test,0.021596970514174835
G316F,0.16229553947723183,0.0756764099805346,test,0.08661912949669723
G316H,0.16229553947723183,0.0842920841305043,test,0.07800345534672752
G316I,0.16229553947723183,0.189976505087521,test,0.027680965610289182
G316K,0.16229553947723183,0.14966765761974,test,0.012627881857491835
G316L,0.16229553947723183,1.09654755120177,test,0.9342520117245381
G316M,0.16229553947723183,0.373780334270876,test,0.21148479479364415
G316N,0.16229553947723183,0.181804626912482,test,0.019509087435250178
G316P,0.16229553947723183,0.04631167985508,test,0.11598385962215182
G316Q,0.16229553947723183,0.596081656713737,test,0.4337861172365052
G316R,0.3906776463347412,0.845510511200601,test,0.4548328648658597
G316S,0.749124165599383,0.811251414699618,test,0.06212724910023504
G316T,0.2593396242638597,0.158027413179808,test,0.1013122110840517
G316V,0.19855120394943235,0.0684196744885025,test,0.13013152946092985
G316W,0.16260796659758434,0.156121251182646,test,0.006486715414938338
G316Y,0.16229553947723183,0.0864957628525311,test,0.07579977662470072
G319A,0.9526972414614676,0.984199816586627,train,0.031502575125159415
G319C,0.1588716022595029,0.773002945769546,test,0.6141313435100431
G319D,-0.023965512736846578,0.0867211383752151,test,0.11068665111206168
G319E,0.28443542010575906,0.0790230327573978,test,0.20541238734836126
G319F,0.42396621382232147,0.769828477040396,test,0.34586226321807456
G319H,0.6861061396074464,0.0753278461342143,test,0.6107782934732321
G319I,0.44590672128115094,0.09638758459518,test,0.34951913668597095
G319K,-0.3516818800090109,0.0811408086921773,test,0.43282268870118823
G319L,0.42357258262842,0.563281564827521,test,0.139708982199101
G319M,0.351361753540093,0.887122625081573,test,0.53576087154148
G319N,0.40405780820591963,0.136508391816784,test,0.26754941638913565
G319P,-0.34955265644840616,0.0893579414531856,test,0.43891059790159176
G319Q,0.6494521791174745,0.118159109753787,test,0.5312930693636876
G319R,-0.3263245605906102,0.116476780793614,test,0.4428013413842242
G319S,0.707011846874406,0.88453750553837,test,0.17752565866396397
G319T,0.40547801797152494,0.376492708380086,test,0.028985309591438913
G319V,0.49192133892137213,0.0533795053249289,test,0.4385418335964432
G319W,0.1796500648242982,0.640792227515303,test,0.4611421626910047
G319Y,0.28770587004592296,0.116049656635759,test,0.17165621341016396
G323A,-0.7709952621894514,0.298569377933294,train,1.0695646401227454
G323C,-0.925284459245592,0.11893078586384,test,1.044215245109432
G323D,-0.3840245476976747,0.128528433996058,test,0.5125529816937326
G323E,-0.846874417656373,0.044371595520943,test,0.8912460131773159
G323F,-1.4035069599457841,0.0471828305330889,train,1.450689790478873
G323H,-0.5876297262765255,0.0544951440447922,test,0.6421248703213177
G323I,-0.7428042544650315,0.0728843461890658,test,0.8156886006540973
G323K,-1.2521767629960159,0.108642555296261,train,1.360819318292277
G323L,-0.7230369088126023,0.0514938669856965,test,0.7745307757982988
G323M,-0.7668274496221448,0.03664812112388,test,0.8034755707460248
G323N,-0.5450812405047649,0.228995862039682,test,0.774077102544447
G323P,-0.5878984884090144,0.0829335722943863,test,0.6708320607034006
G323Q,-0.8398408892704159,0.0462628153088159,test,0.8861037045792318
G323R,-0.9823096681879446,0.0650575868031841,test,1.0473672549911288
G323S,-0.5434122197678952,0.698627787520521,test,1.2420400072884163
G323T,-0.5515534882182649,0.177679050195827,test,0.7292325384140919
G323V,-0.6605498348272796,0.11766714115339,test,0.7782169759806696
G323W,-1.3749653488346183,0.05946733442358,train,1.4344326832581984
G323Y,-0.6408625530074843,0.042381780954432,test,0.6832443339619163
G326A,0.7483515122034918,0.902909425574589,train,0.15455791337109714
G326C,0.48318012977886293,0.899101373229361,test,0.4159212434504981
G326D,0.48318012977886293,0.783609039280376,test,0.300428909501513
G326E,0.48318012977886293,1.11303128974431,test,0.629851159965447
G326F,0.48318012977886293,0.252768703658663,test,0.23041142612019994
G326H,0.48318012977886293,0.944346223916126,test,0.46116609413726306
G326I,0.48318012977886293,0.0943015006999478,test,0.38887862907891513
G326K,0.48318012977886293,0.955415201875306,test,0.4722350720964431
G326L,0.48318012977886293,0.647192548857326,test,0.1640124190784631
G326M,0.48318012977886293,0.922883308456387,test,0.43970317867752406
G326N,0.48318012977886293,0.848970862174617,test,0.3657907323957541
G326P,0.48318012977886293,0.105244113051142,test,0.3779360167277209
G326Q,0.48318012977886293,0.825417607316556,test,0.34223747753769307
G326R,0.48318012977886293,0.910970222060968,test,0.42779009228210507
G326S,0.48318012977886293,0.985614148694971,test,0.5024340189161081
G326T,0.48318012977886293,0.772873024661405,test,0.289692894882542
G326V,0.48318012977886293,0.326141424214366,test,0.15703870556449695
G326W,0.48318012977886293,0.250814191576374,test,0.2323659382024889
G326Y,0.48318012977886293,0.310877228561059,test,0.17230290121780395
G328A,-0.5598493935026012,0.381709176737766,train,0.9415585702403673
G328C,-0.7831056849554108,0.0712463361576887,test,0.8543520211130995
G328D,-0.5818812135042697,0.0721084422558979,test,0.6539896557601675
G328E,-0.4943730923076102,0.0833644068350034,test,0.5777374991426136
G328F,-1.0351826501658217,0.0648042411334402,test,1.0999868912992619
G328H,-0.7303996102767896,0.0533816116373171,test,0.7837812219141067
G328I,-0.8517390921445653,0.0935847660022541,test,0.9453238581468194
G328K,-0.5893649894980995,0.129336371423215,test,0.7187013609213144
G328L,-0.571042275205569,0.0875979812752602,test,0.6586402564808292
G328M,-1.0351826501658217,0.0741718392846982,test,1.1093544894505198
G328N,-0.42363019018789516,0.080875348159444,test,0.5045055383473391
G328P,-0.48776122626936513,0.0408227234234461,test,0.5285839496928112
G328Q,-1.0351826501658217,0.175428665429154,test,1.2106113155949756
G328R,-0.6326988968693199,0.138400465523069,test,0.771099362392389
G328S,-0.03842284694432799,0.121128399137141,test,0.15955124608146898
G328T,-0.4509936834182702,0.0881424189843426,test,0.5391361024026128
G328V,-0.6438607349540411,0.0797855567252874,test,0.7236462916793285
G328W,-0.787641726771801,0.0398396958491118,test,0.8274814226209128
G328Y,-0.7387921062538096,0.111217233926279,test,0.8500093401800887
G332A,0.5687909882012854,0.831400957506175,train,0.26260996930488967
G332C,-0.13523285862897552,0.772850616261281,test,0.9080834748902565
G332D,0.4799645062931235,0.229617653387475,test,0.2503468529056485
G332E,0.3597134544479219,0.150756094647014,test,0.2089573598009079
G332F,0.2290669435943948,0.625937938211762,test,0.3968709946173672
G332H,0.1571739490231596,0.706342374691303,test,0.5491684256681434
G332I,0.21608199747774545,0.0708012616569835,test,0.14528073582076195
G332K,0.18248590762535752,0.182463941350249,test,2.196627510853144e-05
G332L,0.1752349871908103,0.0485108017865353,test,0.126724185404275
G332M,0.33138494917532824,0.236887668973884,test,0.09449728020144424
G332N,0.33711865087275483,0.680327055469052,test,0.3432084045962972
G332P,0.14857938269551482,0.259212722640894,test,0.11063333994537919
G332Q,0.27522236330679006,0.0867219343229537,test,0.18850042898383634
G332R,0.2061719424871364,0.100331372951529,test,0.10584056953560741
G332S,0.7691702150531452,0.931074353571709,test,0.16190413851856378
G332T,0.39008893708773384,0.797245134221509,test,0.40715619713377516
G332V,0.37554748474185273,0.277433135554199,test,0.09811434918765372
G332W,0.07984617767479804,0.565979028298046,test,0.48613285062324796
G332Y,0.29600497546726046,0.582186112441481,test,0.28618113697422054
G350A,-0.5936779323019368,0.367879460676568,train,0.9615573929785048
G350C,-0.43550967947003927,0.171612113793949,test,0.6071217932639883
G350D,-0.11033853911221117,0.113063786258183,test,0.22340232537039417
G350E,-0.36649744200273404,0.128711362748493,test,0.4952088047512271
G350F,-0.3280205056665777,0.0976645580763063,test,0.425685063742884
G350H,-0.17411690454873455,0.0651992554788291,test,0.23931616002756365
G350I,-0.1828085985188486,0.115795079875774,test,0.2986036783946226
G350K,-0.43588143336755736,0.166694377342469,test,0.6025758107100263
G350L,-0.34657688344359117,0.0848921031327026,test,0.43146898657629373
G350M,-0.28240874908072144,0.195186096245183,test,0.47759484532590446
G350N,-0.15698809117451365,0.132655674280636,test,0.28964376545514964
G350P,-0.5213096053695143,0.0742511094898801,test,0.5955607148593944
G350Q,-0.2195910018988683,0.1110685622791,test,0.33065956417796827
G350R,-0.3245144168611047,0.11921513843354,test,0.4437295552946447
G350S,-0.3663235805346494,0.14893784795527,test,0.5152614284899194
G350T,-0.1827981639908052,0.194329432162403,test,0.37712759615320823
G350V,-0.09857538103334987,0.0786192594695727,test,0.17719464050292255
G350W,-0.6620542135833933,0.0944250254610494,test,0.7564792390444427
G350Y,-0.38960416746330595,0.079017836263892,test,0.468622003727198
G358A,0.9963727935752014,0.999889837688585,train,0.003517044113383605
G358C,0.6811221344322169,0.98572517767622,test,0.3046030432440031
G358D,0.7785521231006227,0.996671459355828,test,0.2181193362552053
G358E,1.1106257050543091,0.981975968670192,test,0.12864973638411714
G358F,0.8585378648818411,0.964121515043847,test,0.10558365016200588
G358H,1.2317564430426178,0.996453093165045,test,0.23530334987757273
G358I,0.5373092356783047,0.990139111861326,test,0.4528298761830213
G358K,0.663207620831715,0.993109273206736,test,0.329901652375021
G358L,1.22168870175008,0.965567471894914,test,0.25612122985516594
G358M,0.6145878744734838,0.987224353315448,test,0.37263647884196416
G358N,0.7289410978743212,0.993777251002674,test,0.26483615312835285
G358P,0.8064201043418235,0.924083920110216,test,0.11766381576839247
G358Q,0.8989525044796969,1.00050489584378,test,0.10155239136408323
G358R,0.8861749409514863,1.00871103414716,test,0.1225360931956736
G358S,0.7649583781276716,1.00357334333734,test,0.2386149652096683
G358T,0.6978858774349972,0.977214738848951,test,0.27932886141395386
G358V,0.7033530847075069,0.996308223593282,test,0.29295513888577507
G358W,0.7294146186896759,0.951996202681862,test,0.22258158399218608
G358Y,1.2326996462880697,0.970923547246598,test,0.2617760990414717
G359A,0.9570140254851698,0.985767012455146,train,0.02875298696997619
G359C,0.18889341103136267,0.965000360431617,test,0.7761069494002543
G359D,0.7008544976550042,0.963160771714532,test,0.2623062740595278
G359E,0.4838462525973666,0.981698185598896,test,0.4978519330015294
G359F,0.2615458456678581,0.947382400708846,test,0.685836555040988
G359H,0.8013533565183117,1.01305547053028,test,0.21170211401196815
G359I,0.47358710319718234,0.962328085896278,test,0.4887409826990957
G359K,0.6761143890309278,0.989167350327093,test,0.3130529612961652
G359L,0.3825425260191897,0.967010390933823,test,0.5844678649146333
G359M,0.0367154415103392,0.970039279868415,test,0.9333238383580758
G359N,0.6595428946445987,1.01149745077854,test,0.3519545561339412
G359P,0.7045455387569846,0.990364195452734,test,0.28581865669574946
G359Q,0.44548001404794113,0.984414914042974,test,0.5389348999950329
G359R,0.6342989681951321,0.965732119989594,test,0.33143315179446187
G359S,0.8768545865228916,0.986144790700233,test,0.10929020417734137
G359T,0.4963283219252437,0.99669973533997,test,0.5003714134147264
G359V,0.5872823788967307,0.947771253829186,test,0.3604888749324553
G359W,-0.006012129473219191,0.98141804646914,test,0.9874301759423592
G359Y,0.26491302965540053,0.972289228064659,test,0.7073761984092585
G35A,0.39534011801394553,0.762235567050195,train,0.3668954490362495
G35C,0.306674432684088,0.855232358166815,test,0.548557925482727
G35D,0.306674432684088,0.837098613867636,test,0.530424181183548
G35E,0.306674432684088,0.781259643451243,test,0.474585210767155
G35F,0.306674432684088,0.667861008048532,test,0.361186575364444
G35H,0.306674432684088,0.796232816238864,test,0.489558383554776
G35I,0.306674432684088,0.555040372508507,test,0.248365939824419
G35K,0.306674432684088,0.798740731105604,test,0.49206629842151595
G35L,0.306674432684088,0.678410085855623,test,0.371735653171535
G35M,0.306674432684088,0.697984011619692,test,0.39130957893560403
G35N,0.306674432684088,0.896804850083337,test,0.590130417399249
G35P,0.306674432684088,0.817281391206823,test,0.510606958522735
G35Q,0.306674432684088,0.817130285976646,test,0.510455853292558
G35R,0.306674432684088,0.855256331049789,test,0.548581898365701
G35S,0.306674432684088,0.858854547002261,test,0.552180114318173
G35T,0.306674432684088,0.839100191708911,test,0.532425759024823
G35V,0.306674432684088,0.681143170719002,test,0.374468738034914
G35W,0.306674432684088,0.595374412656521,test,0.288699979972433
G35Y,0.306674432684088,0.68644225844919,test,0.37976782576510204
G369A,-1.0107831702821357,0.202730266983013,train,1.2135134372651488
G369C,-0.8240400587702215,0.0446261837324563,test,0.8686662425026778
G369D,-1.3565676136798348,0.115575875237499,test,1.4721434889173337
G369E,-1.3412923934438215,0.109455256568348,test,1.4507476500121694
G369F,-1.3565676136798348,0.108442751149806,test,1.4650103648296409
G369H,-1.1592874932456547,0.113196702464415,test,1.2724841957100697
G369I,-1.3092883410691598,0.0861622770422366,train,1.3954506181113964
G369K,-1.3565676136798348,0.0713182281925945,test,1.4278858418724294
G369L,-1.3740340006691791,0.0602329856641598,train,1.434266986333339
G369M,-1.3565676136798348,0.0578521021731485,test,1.4144197158529832
G369N,-1.3639381434099407,0.0620807063666658,train,1.4260188497766064
G369P,-1.2912364634386158,0.0933916789496985,train,1.3846281423883142
G369Q,-1.3565676136798348,0.0713438352709717,test,1.4279114489508065
G369R,-0.8723773699171413,0.0548740794310981,test,0.9272514493482394
G369S,-0.477579761030998,0.0785884639745759,test,0.5561682250055738
G369T,-1.154651614719535,0.106098307044824,test,1.260749921764359
G369V,-1.039774767662349,0.0505242594836604,test,1.0902990271460093
G369W,-1.3565676136798348,0.076081337814128,test,1.4326489514939629
G369Y,-1.3565676136798348,0.0547238598953152,test,1.41129147357515
G370A,-1.1043160887354462,0.165290773212276,train,1.269606861947722
G370C,-1.2976108884701147,0.0639110518407459,test,1.3615219403108607
G370D,-0.9276661791208951,0.202420022937723,test,1.1300862020586182
G370E,-1.0815610232107609,0.0577188742142669,test,1.1392798974250278
G370F,-1.3029943966168325,0.0530424613092226,test,1.356036857926055
G370H,-1.3029943966168325,0.115978689735824,test,1.4189730863526564
G370I,-1.205395402362602,0.0812964182596729,test,1.2866918206222748
G370K,-0.8735268906724742,0.0968794871364219,test,0.9704063778088962
G370L,-1.4383665724583465,0.0342567020220169,train,1.4726232744803633
G370M,-1.2129377138704605,0.141770874271054,test,1.3547085881415144
G370N,-0.8067951803845312,0.108686536778958,test,0.9154817171634893
G370P,-1.3352467268677823,0.0744941963688074,train,1.4097409232365898
G370Q,-0.9731154012981953,0.0820434362473462,test,1.0551588375455414
G370R,-0.7486041064911626,0.145627958910002,test,0.8942320654011646
G370S,-0.521949790819731,0.457954874591889,test,0.97990466541162
G370T,-1.3029943966168325,0.119917869135397,test,1.4229122657522295
G370V,-1.0664330758539193,0.117380912433567,test,1.1838139882874863
G370W,-1.2767248830993363,0.0989908400031722,train,1.3757157231025086
G370Y,-1.1460296748323067,0.123684885827852,test,1.2697145606601588
G378A,1.0158159287652302,1.00781089261887,train,0.008005036146360167
G378C,-0.1837797597721698,0.971311000676201,test,1.155090760448371
G378D,0.47998755469383236,0.968470380908752,test,0.4884828262149197
G378E,0.46557219699709473,0.95584673808174,test,0.4902745410846453
G378F,0.25179337227564,0.991809709472972,test,0.740016337197332
G378H,0.21464351344159135,0.998220040787156,test,0.7835765273455646
G378I,0.23810410773499166,0.948548286928541,test,0.7104441791935493
G378K,0.5753879036181828,0.996252386488694,test,0.42086448287051115
G378L,0.338996784037098,0.9782822570168,test,0.6392854729797021
G378M,0.212049393907866,1.00249685026822,test,0.7904474563603541
G378N,0.31838256800099995,1.00035790049581,test,0.6819753324948101
G378P,0.598027788457064,0.970064394602765,test,0.372036606145701
G378Q,0.5413757082180453,0.976401047047527,test,0.4350253388294817
G378R,0.6173320296790414,0.986216388895758,test,0.3688843592167166
G378S,0.5355067473633432,0.98385651818132,test,0.4483497708179768
G378T,0.4013995449919576,0.961393217999795,test,0.5599936730078374
G378V,0.3114205735792457,0.922069843387565,test,0.6106492698083194
G378W,0.08792629627855428,0.950859023481874,test,0.8629327272033197
G378Y,0.4824912554745395,0.971459020228808,test,0.4889677647542685
G37A,0.9598316803596225,0.986432044290728,train,0.02660036393110543
G37C,0.00476640993042407,0.983382401254402,test,0.9786159913239779
G37D,1.363676318945574,1.0217166744995,test,0.34195964444607396
G37E,1.0755371904967232,0.949338932744143,test,0.1261982577525802
G37F,0.06349746574392354,0.681876902379754,test,0.6183794366358304
G37H,0.4757251408007417,0.921927816984667,test,0.4462026761839253
G37I,0.36506543189343543,0.692965863059495,test,0.3279004311660596
G37K,0.6891673389684676,0.973513333286546,test,0.2843459943180784
G37L,0.5096026126365569,0.805341884319116,test,0.2957392716825591
G37M,0.40327186861359476,0.888410727259881,test,0.48513885864628625
G37N,1.0435791119751612,1.02402778277751,test,0.019551329197651235
G37P,0.904723460289256,0.949382975982658,test,0.044659515693401985
G37Q,0.5492994617872238,0.965097016369168,test,0.41579755458194423
G37R,0.5717682249575347,0.902613898746258,test,0.3308456737887233
G37S,0.901239740681463,1.02584654093254,test,0.12460680025107695
G37T,0.8930327979462349,0.954758459134283,test,0.06172566118804812
G37V,0.398470241936111,0.767530493002655,test,0.36906025106654394
G37W,-0.05795506807577214,0.522228230523373,test,0.5801832985991451
G37Y,0.2379212451434942,0.735017205991963,test,0.49709596084846874
G384A,0.8390484059138792,0.939054830637852,train,0.10000642472397281
G384C,-0.04916601524106737,0.917779235921759,test,0.9669452511628264
G384D,0.5103931859522055,0.93174700016214,test,0.42135381420993445
G384E,0.5491668735492203,0.943826260333378,test,0.3946593867841577
G384F,-0.04916601524106737,0.799161594581649,test,0.8483276098227164
G384H,0.5098621541549184,0.943274252342249,test,0.4334120981873306
G384I,-0.04916601524106737,0.857978469339706,test,0.9071444845807733
G384K,0.6565935823674158,0.926946437974699,test,0.27035285560728317
G384L,-0.04908234203404829,0.849084384562981,test,0.8981667265970292
G384M,-0.04916601524106737,0.912649317753037,test,0.9618153329941044
G384N,0.7092813072947608,0.94733863546764,test,0.23805732817287917
G384P,0.5216840958275013,0.683475892587276,test,0.16179179675977473
G384Q,0.5453939226425055,0.932087093127512,test,0.3866931704850065
G384R,0.5777636894122387,0.933534229974559,test,0.3557705405623204
G384S,0.6528228912075049,0.934344455048139,test,0.2815215638406341
G384T,0.7854715075511984,0.970445353361111,test,0.1849738458099126
G384V,0.12549687725030198,0.83676839823169,test,0.711271520981388
G384W,-0.04916601524106737,0.8058235076427,test,0.8549895228837674
G384Y,-0.04916601524106737,0.86172315522269,test,0.9108891704637574
G393A,-1.2412823021269348,0.10998277992555,train,1.3512650820524847
G393C,-0.8137099097613765,0.11374010973406,test,0.9274500194954365
G393D,-0.520901960950648,0.0932845085513025,test,0.6141864695019505
G393E,-0.839622382098719,0.0774387729498653,test,0.9170611550485843
G393F,-1.1014828964677628,0.110132821903468,test,1.2116157183712308
G393H,-0.794995001285814,0.0703283183088686,test,0.8653233195946826
G393I,-1.1014828964677628,0.076601599517856,test,1.1780844959856187
G393K,-0.8584257039547489,0.133229704416173,test,0.9916554083709219
G393L,-0.8582373237152809,0.0838553408840449,test,0.9420926645993258
G393M,-1.1014828964677628,0.137747911098372,test,1.2392308075661347
G393N,-0.8711971863832362,0.0491349506042378,test,0.920332136987474
G393P,-1.1014828964677628,0.121025125630109,test,1.2225080220978717
G393Q,-1.1014828964677628,0.178533620055412,test,1.2800165165231747
G393R,-0.9559374495071233,0.0542040956363317,test,1.010141545143455
G393S,-0.5573645170356609,0.0942545829002801,test,0.651619099935941
G393T,-0.8087296001684885,0.122060034948933,test,0.9307896351174215
G393V,-0.7411540295921835,0.130484272802468,test,0.8716383023946515
G393W,-1.1014828964677628,0.205660083904655,test,1.3071429803724177
G393Y,-1.1014828964677628,0.127095526331359,test,1.2285784227991217
G394A,-0.03684453398630774,0.589758831043387,train,0.6266033650296947
G394C,-0.6573543805089324,0.0699643172273206,test,0.7273186977362529
G394D,-0.26383893114945844,0.102321599232142,test,0.36616053038160046
G394E,-0.23531366665324496,0.15319305296377,test,0.388506719617015
G394F,-0.6573543805089324,0.150789066487938,test,0.8081434469968704
G394H,-0.30929995229310303,0.0836604802625597,test,0.3929604325556627
G394I,-0.30836811739208225,0.0777757297140515,test,0.38614384710613375
G394K,-0.6573543805089324,0.0561380716275737,test,0.713492452136506
G394L,-0.2829181974153172,0.153568517303828,test,0.43648671471914524
G394M,-0.4990712941883586,0.0532838602485289,test,0.5523551544368875
G394N,-0.21910277424176242,0.0759045041922864,test,0.29500727843404884
G394P,-0.6573543805089324,0.136136865335712,test,0.7934912458446444
G394Q,-0.6573543805089324,0.119754379017035,test,0.7771087595259674
G394R,-0.052718301798785366,0.0568656942716401,test,0.10958399607042546
G394S,0.09710498822712862,0.096285293926055,test,0.0008196943010736202
G394T,0.003543700710212344,0.0816042838852921,test,0.07806058317507976
G394V,-0.6572019571991505,0.130424255587362,test,0.7876262127865126
G394W,-0.6573543805089324,0.0803777377887119,test,0.7377321182976443
G394Y,-0.4914879301198958,0.123600623908869,test,0.6150885540287647
G395A,0.250808601025301,0.704256845759442,train,0.453448244734141
G395C,-0.6183546662778292,0.149953252934955,test,0.7683079192127842
G395D,0.1516423691621027,0.113168064056919,test,0.038474305105183695
G395E,-0.1277521254807155,0.134489541892164,test,0.26224166737287946
G395F,-0.6183546662778292,0.713507403167425,test,1.331862069445254
G395H,-0.6183546662778292,0.830257518232532,test,1.4486121845103612
G395I,-0.6183546662778292,0.198697335310739,test,0.8170520015885682
G395K,-0.6183546662778292,0.202798011385137,test,0.8211526776629662
G395L,-0.6183546662778292,0.0807129155582522,test,0.6990675818360814
G395M,-0.6183546662778292,0.0544466634327862,test,0.6728013297106155
G395N,-0.022014745499161298,0.126760185322266,test,0.1487749308214273
G395P,-0.3232497413082498,0.0803078001985314,test,0.4035575415067812
G395Q,-0.2914295488116785,0.166523946578105,test,0.45795349538978347
G395R,-0.1005106517277177,0.183288146979344,test,0.2837987987070617
G395S,0.25339295483875035,0.160895352995093,test,0.09249760184365735
G395T,-0.26491998475786427,0.0589528739412449,test,0.32387285869910915
G395V,-0.6183546662778292,0.056813517827048,test,0.6751681841048772
G395W,-0.052908719692984524,0.164441794857063,test,0.21735051455004753
G395Y,-0.44134619048499313,0.240762193898527,test,0.6821083843835201
G398A,0.8530912979628547,0.943943761065674,train,0.09085246310281936
G398C,-0.15252660030349688,0.700601066007249,test,0.8531276663107459
G398D,0.4058245548006931,0.0658459109962263,test,0.33997864380446685
G398E,0.44624699631971665,0.0820096054971425,test,0.36423739082257417
G398F,0.016324943398322772,0.0716688207210938,test,0.05534387732277103
G398H,0.17418814373285738,0.804211196866931,test,0.6300230531340736
G398I,-0.05280011090060313,0.067625777398916,test,0.12042588829951913
G398K,0.37696476502276766,0.181203985619434,test,0.19576077940333367
G398L,0.2527305199159977,0.167993838811257,test,0.0847366811047407
G398M,0.24067685551968207,0.128857279456533,test,0.11181957606314907
G398N,0.33863058207217533,0.246968334075513,test,0.09166224799666234
G398P,-0.32035569614561,0.0840055063638894,test,0.40436120250949936
G398Q,0.2867694451623686,0.143817787726871,test,0.14295165743549756
G398R,0.37711005807789433,0.286878749669863,test,0.09023130840803134
G398S,0.7417429550518027,0.814240973427418,test,0.07249801837561531
G398T,0.35324061993660805,0.267350230208483,test,0.08589038972812507
G398V,0.10429747792351193,0.0763155482115921,test,0.02798192971191983
G398W,0.22307634082802405,0.125310545197212,test,0.09776579563081206
G398Y,-0.32035569614561,0.0953906302283673,test,0.4157463263739773
G402A,0.2723434365361863,0.713444515808279,train,0.44110107927209263
G402C,-0.11682959589812006,0.778642322991893,test,0.895471918890013
G402D,0.27016350938655287,0.806197078152562,test,0.5360335687660092
G402E,0.2168356324028375,0.744311094327002,test,0.5274754619241645
G402F,-0.19762377459448535,0.212385339557179,test,0.41000911415166436
G402H,-0.09429499237766129,0.711576952413364,test,0.8058719447910253
G402I,-0.10091193627395503,0.0653779420207331,test,0.16628987829468814
G402K,0.22293488526495883,0.303628833399743,test,0.08069394813478417
G402L,0.15803125163787277,0.235828492032961,test,0.07779724039508823
G402M,0.045036758486181244,0.325584485214465,test,0.28054772672828376
G402N,0.2626017600943238,0.826525769062174,test,0.5639240089678502
G402P,-0.021861385134424066,0.207959462677851,test,0.22982084781227508
G402Q,0.13545739283863886,0.409889561571281,test,0.2744321687326421
G402R,0.2998448430183809,0.120141130277398,test,0.17970371274098287
G402S,0.6945847613425185,0.801905340032468,test,0.1073205786899496
G402T,0.1038053050653682,0.6728174458222,test,0.5690121407568318
G402V,-0.008735393494261584,0.118453905741355,test,0.1271892992356166
G402W,-0.33910376488269267,0.256861151685278,test,0.5959649165679707
G402Y,-0.37045332798825803,0.0851628835532072,test,0.45561621154146525
G406A,0.46025837201012343,0.788180037784235,train,0.3279216657741115
G406C,-0.15405413254373038,0.0793911682275045,test,0.23344530077123488
G406D,0.01346959108310905,0.104490971899482,test,0.09102138081637295
G406E,0.11657528523053948,0.0759550750308936,test,0.04062021019964587
G406F,-0.18550396501740998,0.102248920664701,test,0.287752885682111
G406H,-0.2872481861540266,0.0482709387518001,test,0.3355191249058267
G406I,-0.44831853074952144,0.141319836879617,test,0.5896383676291385
G406K,0.06756988714316911,0.142388185846499,test,0.0748182987033299
G406L,0.0029795848313731443,0.0584670140471874,test,0.05548742921581425
G406M,-0.28187645753457535,0.0416506955894225,test,0.3235271531239978
G406N,0.17817879488366348,0.132404403592407,test,0.04577439129125649
G406P,-0.25731420075893685,0.108362149656718,test,0.3656763504156548
G406Q,0.014900495119896745,0.113342350512826,test,0.09844185539292925
G406R,0.14933133188939937,0.0832452702343584,test,0.06608606165504097
G406S,0.25224590488703647,0.707103706457952,test,0.4548578015709155
G406T,0.10397321420181946,0.0997185445125644,test,0.004254669689255058
G406V,0.003842534666866654,0.130794033410498,test,0.12695149874363135
G406W,-0.4425334641519536,0.108282733488704,test,0.5508161976406576
G406Y,-0.2564139636201255,0.121860007921759,test,0.37827397154188447
G420A,0.8266233830656204,0.933565415078113,train,0.10694203201249253
G420C,0.11493226140116627,0.966478900595803,test,0.8515466391946367
G420D,0.7237857966918388,0.971037842396272,test,0.24725204570443315
G420E,0.673147131149779,0.95596948379552,test,0.28282235264574107
G420F,-0.14177911422196024,0.840788965057794,test,0.9825680792797542
G420H,0.5594231002369623,0.969055288420344,test,0.40963218818338176
G420I,-0.14167531175471273,0.748604513797558,test,0.8902798255522707
G420K,1.0386624203719077,1.00297148141108,test,0.035690938960827756
G420L,0.1424068465687693,0.869486668934625,test,0.7270798223658557
G420M,-0.14177911422196024,0.931664569567296,test,1.0734436837892563
G420N,0.6926435613750248,0.972950935654443,test,0.2803073742794182
G420P,-0.13624336123473205,0.444887461177596,test,0.581130822412328
G420Q,0.4551583083452082,1.00189737946926,test,0.5467390711240518
G420R,0.6975325065499225,1.00930723171075,test,0.3117747251608276
G420S,0.5117462433218878,0.995335902315882,test,0.4835896589939942
G420T,0.3897426887763198,0.918128466490253,test,0.5283857777139332
G420V,0.14894792251162167,0.941940817749427,test,0.7929928952378053
G420W,0.12532288748385875,0.77020889605203,test,0.6448860085681712
G420Y,0.13183178971232332,0.821397136970452,test,0.6895653472581287
G442A,0.9601614774346354,0.987314987472596,train,0.027153510037960626
G442C,0.5890851123944338,1.00042169806626,test,0.41133658567182607
G442D,0.5890851123944338,0.994603757580652,test,0.40551864518621816
G442E,0.5890851123944338,0.997091860885994,test,0.40800674849156016
G442F,0.5890851123944338,0.999779503498833,test,0.4106943911043992
G442H,0.5890851123944338,0.992646529527265,test,0.4035614171328311
G442I,0.5890851123944338,1.00780499314268,test,0.4187198807482462
G442K,0.5890851123944338,0.988546862836758,test,0.3994617504423241
G442L,0.5890851123944338,1.01142905977542,test,0.42234394738098624
G442M,0.5890851123944338,1.0137053567003,test,0.4246202443058662
G442N,0.5890851123944338,1.01085296985139,test,0.4217678574569561
G442P,0.5890851123944338,0.938960992592355,test,0.34987588019792115
G442Q,0.5890851123944338,0.995307081320308,test,0.40622196892587414
G442R,0.5890851123944338,1.00734516340298,test,0.41826005100854613
G442S,0.5890851123944338,1.00156029023693,test,0.4124751778424962
G442T,0.5890851123944338,0.991915360526608,test,0.40283024813217416
G442V,0.5890851123944338,1.01644560672767,test,0.4273604943332361
G442W,0.5890851123944338,0.999449191941121,test,0.4103640795466872
G442Y,0.5890851123944338,1.0032385938629,test,0.4141534814684662
G450A,0.894869952843792,0.961296533552102,train,0.06642658070830998
G450C,0.5564393500990124,0.984268880163913,test,0.42782953006490065
G450D,0.5564393500990124,0.96856566857576,test,0.41212631847674763
G450E,0.5564393500990124,0.960934487013044,test,0.4044951369140316
G450F,0.5564393500990124,0.936219174669777,test,0.37977982457076465
G450H,0.5564393500990124,0.97003374324935,test,0.41359439315033764
G450I,0.5564393500990124,0.943014228817236,test,0.3865748787182236
G450K,0.5564393500990124,0.966853199311111,test,0.41041384921209867
G450L,0.5564393500990124,0.959243768408363,test,0.40280441830935065
G450M,0.5564393500990124,0.967787714902779,test,0.4113483648037667
G450N,0.5564393500990124,0.980526294590427,test,0.4240869444914146
G450P,0.5564393500990124,0.854902040980237,test,0.2984626908812247
G450Q,0.5564393500990124,0.964999368490298,test,0.40856001839128564
G450R,0.5564393500990124,0.944386050210848,test,0.38794670011183563
G450S,0.5564393500990124,0.971256501425592,test,0.4148171513265796
G450T,0.5564393500990124,0.961093163696108,test,0.4046538135970956
G450V,0.5564393500990124,0.910975037817794,test,0.35453568771878163
G450W,0.5564393500990124,0.927191107683443,test,0.3707517575844307
G450Y,0.5564393500990124,0.939192389682103,test,0.3827530395830906
G456A,0.9201892403432363,0.971386184838873,train,0.05119694449563661
G456C,0.5690989938487345,0.992701729622624,test,0.4236027357738895
G456D,0.5690989938487345,0.960312571327579,test,0.39121357747884444
G456E,0.5690989938487345,0.962368530648571,test,0.39326953679983645
G456F,0.5690989938487345,0.958185883201183,test,0.3890868893524485
G456H,0.5690989938487345,0.972231163575014,test,0.4031321697262795
G456I,0.5690989938487345,0.923396363674431,test,0.3542973698256965
G456K,0.5690989938487345,1.0029702936181,test,0.43387129976936545
G456L,0.5690989938487345,0.958162504275115,test,0.38906351042638043
G456M,0.5690989938487345,0.951639207649699,test,0.3825402138009645
G456N,0.5690989938487345,0.982965622770812,test,0.4138666289220775
G456P,0.5690989938487345,0.939455767203331,test,0.3703567733545965
G456Q,0.5690989938487345,0.984920146968594,test,0.41582115311985945
G456R,0.5690989938487345,0.992331378906864,test,0.42323238505812943
G456S,0.5690989938487345,0.96081003951541,test,0.3917110456666755
G456T,0.5690989938487345,0.931220831466286,test,0.36212183761755146
G456V,0.5690989938487345,0.928169291912117,test,0.3590702980633824
G456W,0.5690989938487345,0.929025790720197,test,0.35992679687146245
G456Y,0.5690989938487345,0.937861543353669,test,0.3687625495049345
G52A,-1.1444891686576815,0.149137965319331,train,1.2936271339770125
G52C,-1.0400299575119438,0.192730267567657,train,1.2327602250796008
G52D,-1.281437313187087,0.0949162668919021,train,1.3763535800789892
G52E,-1.3715269518586994,0.0586956198319835,train,1.430222571690683
G52F,-1.199494428592917,0.130302183141086,train,1.329796611734003
G52H,-1.2093921541754822,0.125945630076623,train,1.3353377842521053
G52I,-1.2585283606322972,0.106660319972196,train,1.3651886806044933
G52K,-1.267315654471808,0.101110321953595,train,1.368425976425403
G52L,-1.3595627351135338,0.0661981522946735,train,1.4257608874082073
G52M,-1.3311262761787643,0.0775863632425031,train,1.4087126394212675
G52N,0.1327109130944921,0.662399543117527,train,0.5296886300230349
G52P,-1.3987993813539468,0.0604536999865644,test,1.4592530813405111
G52Q,-1.3870981642504094,0.0551707850592245,train,1.442268949309634
G52R,-1.3611413046517702,0.064259274087395,train,1.4254005787391653
G52S,-0.771449523010699,0.328876168273242,test,1.100325691283941
G52T,-0.9450382709819187,0.106483957283449,test,1.0515222282653678
G52V,-1.3570770329714372,0.065954165677762,train,1.4230311986491992
G52W,-1.4106011510790502,0.0457579242928992,train,1.4563590753719493
G52Y,-1.3993720105614897,0.0886893832617795,test,1.4880613938232692
G66A,1.0197967701762638,1.00996755341528,train,0.009829216760983694
G66C,0.31056538581503834,0.992864925903408,test,0.6822995400883697
G66D,0.7883881866474842,0.949214062491351,test,0.16082587584386676
G66E,0.80053889907861,0.958172084256099,test,0.15763318517748903
G66F,0.4500362297781948,0.914896828571616,test,0.46486059879342123
G66H,0.6905436977290929,1.01301878921102,test,0.3224750914819272
G66I,0.4426978930954306,0.917745612702017,test,0.4750477196065864
G66K,0.7756404108254056,0.996817965501987,test,0.2211775546765814
G66L,0.6848001172761851,0.918059221085326,test,0.23325910380914094
G66M,0.4346322796942872,0.95287020671828,test,0.5182379270239929
G66N,0.7820261948056266,0.994038548516512,test,0.21201235371088534
G66P,0.5076862113171099,0.802350224566666,test,0.29466401324955616
G66Q,0.5980907889892311,1.01353320312645,test,0.41544241413721883
G66R,1.0326976410113888,0.991253038918164,test,0.04144460209322487
G66S,1.1384308364069222,0.974770904018832,test,0.16365993238809018
G66T,0.7730688521031535,0.955534232864266,test,0.18246538076111252
G66V,0.6433517968072155,0.959949998038841,test,0.3165982012316254
G66W,0.2560268973390436,0.900638614769648,test,0.6446117174306044
G66Y,0.48606870232077504,0.921739086519698,test,0.435670384198923
G97A,0.9738028518765198,0.992751029509495,train,0.018948177632975183
G97C,0.5959057996153765,0.988250755176949,test,0.39234495556157256
G97D,0.5959057996153765,0.981549605344886,test,0.3856438057295095
G97E,0.5959057996153765,0.965084079279748,test,0.36917827966437156
G97F,0.5959057996153765,0.952761935485105,test,0.35685613586972853
G97H,0.5959057996153765,1.01007949193496,test,0.41417369231958356
G97I,0.5959057996153765,0.768726401852859,test,0.17282060223748252
G97K,0.5959057996153765,0.989162224080021,test,0.3932564244646445
G97L,0.5959057996153765,0.977096663354659,test,0.38119086373928246
G97M,0.5959057996153765,0.919309695744275,test,0.3234038961288985
G97N,0.5959057996153765,0.947427356842996,test,0.35152155722761946
G97P,0.5959057996153765,0.488617508737211,test,0.1072882908781655
G97Q,0.5959057996153765,1.01854805274083,test,0.42264225312545345
G97R,0.5959057996153765,1.01243460256224,test,0.41652880294686345
G97S,0.5959057996153765,0.975551153698111,test,0.3796453540827345
G97T,0.5959057996153765,1.00583459671041,test,0.4099287970950336
G97V,0.5959057996153765,0.867308724674917,test,0.27140292505954056
G97W,0.5959057996153765,0.900878402529079,test,0.30497260291370254
G97Y,0.5959057996153765,0.906820514334354,test,0.31091471471897747
H124A,1.0740182047457563,1.031820281445,train,0.042197923300756335
H124C,0.49918805352114837,1.02080135234271,test,0.5216132988215616
H124D,0.7380594779315508,0.896136956864433,test,0.15807747893288215
H124E,1.1376437180034984,0.966552939714763,test,0.17109077828873542
H124F,0.8080337684427843,0.997674709625275,test,0.18964094118249075
H124G,0.2514630350014999,0.906525963077718,test,0.6550629280762181
H124I,1.0361927903781816,1.00235245866193,test,0.03384033171625167
H124K,0.8250603776124283,1.00846245643371,test,0.18340207882128157
H124L,1.347693599304183,1.0162844843495,test,0.33140911495468295
H124M,1.0499731205303864,1.02644391453361,test,0.023529205996776437
H124N,0.7992941680626171,0.977341409540378,test,0.17804724147776085
H124P,0.12911864228660283,0.131749189810894,test,0.002630547524291177
H124Q,1.0146253692269742,1.01700775676894,test,0.002382387541965736
H124R,0.7697383438710521,1.01355147377863,test,0.24381312990757786
H124S,0.6810033193814682,0.981919751967216,test,0.30091643258574785
H124T,0.7620989354529837,1.00314940286496,test,0.24105046741197622
H124V,1.1205828755026215,1.01696017373255,test,0.10362270177007149
H124W,0.46840189161400736,0.982334555924381,test,0.5139326643103737
H124Y,1.1952569620873714,1.01492333214741,test,0.18033362993996138
H181A,0.695238697006453,0.880609693111866,train,0.18537099610541297
H181C,0.23912412717723106,0.890271226353117,test,0.6511470991758859
H181D,0.5563709364439366,0.105509488121629,test,0.4508614483223077
H181E,0.9810855676282959,0.864672467186495,test,0.11641310044180087
H181F,0.9600507835721406,0.863014580656736,test,0.0970362029154046
H181G,0.6546843687371042,0.856879967678625,test,0.20219559894152073
H181I,0.3511545024843954,0.706492317155368,test,0.3553378146709726
H181K,0.6932988726676086,0.960770996308345,test,0.26747212364073636
H181L,0.7620958319474529,0.950825076602801,test,0.18872924465534813
H181M,0.5092558465485941,0.887252800144814,test,0.3779969535962199
H181N,0.3491388262945636,0.871520596729477,test,0.5223817704349134
H181P,-0.08217072430809116,0.0880252752402914,test,0.17019599954838255
H181Q,0.5557228821237208,0.907552315292726,test,0.35182943316900517
H181R,0.9977633191748805,1.02512162133809,test,0.027358302163209558
H181S,0.5898248801506012,0.826653145957503,test,0.23682826580690186
H181T,0.6441756498712612,0.868803764732718,test,0.22462811486145684
H181V,0.44262579283856573,0.754899710246329,test,0.3122739174077632
H181W,0.44682590605677297,0.839057859116706,test,0.3922319530599331
H181Y,1.568025510440472,0.947129235646167,test,0.6208962747943049
H23A,-0.12357340013556486,0.555390382248683,train,0.6789637823842478
H23C,-0.20081821456598695,0.577398619123864,test,0.778216833689851
H23D,0.3084882434804117,0.296390442980831,test,0.012097800499580702
H23E,0.14676245216015735,0.0774002474468764,test,0.06936220471328094
H23F,0.1694911361989677,0.875505798115464,test,0.7060146619164963
H23G,-0.3915574079051243,0.0362788482966023,test,0.4278362562017266
H23I,-0.33202056000220526,0.192783168486815,test,0.5248037284890202
H23K,-0.26684016422797785,0.144960715681595,test,0.4118008799095728
H23L,-0.15933826578768054,0.302922563614715,test,0.46226082940239555
H23M,-0.23563768683101818,0.467760735744232,test,0.7033984225752502
H23N,0.0767265951194391,0.504090590595641,test,0.42736399547620185
H23P,-0.23121765800131902,0.0460172906706585,test,0.2772349486719775
H23Q,-0.12032023024711228,0.422248876131182,test,0.5425691063782943
H23R,-0.10840586833677326,0.166175070489962,test,0.2745809388267353
H23S,0.08859455464914154,0.557926984803917,test,0.46933243015477544
H23T,-0.07179973557485544,0.455360858354694,test,0.5271605939295494
H23V,-0.092462144053189,0.304857416268859,test,0.39731956032204796
H23W,-0.24622859727569127,0.853927676488287,test,1.1001562737639783
H23Y,0.2572019212861749,0.876311800645381,test,0.619109879359206
H257A,0.24924596763252202,0.70401753732008,train,0.45477156968755794
H257C,0.23362735749337935,0.648664011953834,test,0.4150366544604547
H257D,0.23362735749337935,0.136870416894045,test,0.09675694059933435
H257E,0.23362735749337935,0.0819325490975431,test,0.15169480839583624
H257F,0.23362735749337935,0.11114014374667,test,0.12248721374670934
H257G,0.23362735749337935,0.686178037103877,test,0.45255067961049766
H257I,0.23362735749337935,0.0748811824567789,test,0.15874617503660043
H257K,0.23362735749337935,0.860696277907809,test,0.6270689204144296
H257L,0.23362735749337935,0.0725576103090176,test,0.16106974718436173
H257M,0.23362735749337935,0.39766409405974,test,0.16403673656636067
H257N,0.23362735749337935,0.961929827668886,test,0.7283024701755066
H257P,0.23362735749337935,0.104198171891543,test,0.12942918560183636
H257Q,0.23362735749337935,0.902959428647807,test,0.6693320711544276
H257R,0.23362735749337935,0.982663648947064,test,0.7490362914536847
H257S,0.23362735749337935,0.750002331297456,test,0.5163749738040766
H257T,0.23362735749337935,0.131805927097046,test,0.10182143039633335
H257V,0.23362735749337935,0.107724713503904,test,0.12590264398947534
H257W,0.23362735749337935,0.0692798086558923,test,0.16434754883748703
H257Y,0.23362735749337935,0.464305788181631,test,0.23067843068825164
H285A,-0.6742823586023403,0.337018261944851,train,1.0113006205471913
H285C,-0.8838543394251637,0.261502285288175,test,1.1453566247133387
H285D,-1.3654360191208939,0.0626004506809641,train,1.428036469801858
H285E,-0.9108379970992331,0.113772199936514,test,1.024610197035747
H285F,-0.36153570536868673,0.0987969210664551,test,0.46033262643514183
H285G,-0.8671910242652874,0.20667170744868,test,1.0738627317139673
H285I,-0.36795378710313886,0.0648356408306837,test,0.4327894279338226
H285K,-1.0852410720269343,0.0841557082475128,test,1.1693967802744472
H285L,-0.24687920843271519,0.113661146362404,test,0.3605403547951192
H285M,-0.268902153328457,0.186064451294167,test,0.454966604622624
H285N,-1.0852410720269343,0.485358196640069,test,1.5705992686670034
H285P,-1.083759654891989,0.118969831283687,test,1.202729486175676
H285Q,-0.4272812179790175,0.732781313954385,test,1.1600625319334026
H285R,-1.074795213777924,0.0643660936780207,test,1.1391613074559446
H285S,-0.6142246531864861,0.730791044606975,test,1.345015697793461
H285T,-0.6303916647437509,0.0763911010488283,test,0.7067827657925791
H285V,-0.32417802962160525,0.0564783800320287,test,0.38065640965363395
H285W,-0.5569537696296292,0.102533211153806,test,0.6594869807834352
H285Y,-0.16965913347708542,0.142072189289048,test,0.3117313227661334
H287A,-0.887184560531362,0.254254926018154,train,1.1414394865495159
H287C,-0.879930215757242,0.062142176340697,test,0.9420723920979389
H287D,-1.312742738685804,0.0828345562294026,train,1.3955772949152065
H287E,-1.390753692495396,0.0522807376329705,train,1.4430344301283666
H287F,-1.2677644705968143,0.128781471693052,test,1.3965459422898663
H287G,-1.2677644705968143,0.159777771158706,test,1.4275422417555204
H287I,-1.2677644705968143,0.140248347662516,test,1.4080128182593303
H287K,-1.3329326472210263,0.0757436361743922,train,1.4086762833954185
H287L,-1.2632517155026972,0.0692908942701931,test,1.3325426097728903
H287M,-1.2677644705968143,0.143984492781904,test,1.4117489633787184
H287N,-0.8468358539365421,0.0656029641288148,test,0.912438818065357
H287P,-1.2276674241011862,0.098616881209086,test,1.3262843053102722
H287Q,-0.7333800684469514,0.0950828384065271,test,0.8284629068534785
H287R,-0.9611047030275344,0.0473335178438227,test,1.0084382208713571
H287S,-1.2624192107845145,0.090999644832213,test,1.3534188556167275
H287T,-0.7801508353938356,0.0804835545070554,test,0.8606343899008909
H287V,-1.2677644705968143,0.315763524111689,test,1.5835279947085033
H287W,-1.2677644705968143,0.053655437841337,test,1.3214199084381513
H287Y,-1.0165547360776557,0.0945759225346312,test,1.1111306586122869
H291A,-0.4479332572246404,0.42634547564112,train,0.8742787328657604
H291C,-0.5558858252496603,0.454465878540445,test,1.0103517037901053
H291D,-0.32585645276315733,0.0614369792502856,test,0.3872934320134429
H291E,-0.5520486315149389,0.0456173072590754,test,0.5976659387740143
H291F,0.010670120776133468,0.104519518463194,test,0.09384939768706053
H291G,-0.0648734843870489,0.459876741560189,test,0.5247502259472379
H291I,-0.06161486044280798,0.351962249105254,test,0.4135771095480619
H291K,-0.45129297147783,0.0899316307357229,test,0.5412246022135528
H291L,-0.1594184315782197,0.182376657035937,test,0.3417950886141567
H291M,-0.22388862444113647,0.1576728991015,test,0.3815615235426365
H291N,-0.1990399124523801,0.514808103378187,test,0.7138480158305671
H291P,-0.5508404900817963,0.116281247012547,test,0.6671217370943432
H291Q,0.04054508671665877,0.920533774912329,test,0.8799886881956702
H291R,-0.22667652068816116,0.175157557644254,test,0.40183407833241513
H291S,-0.07659093581921075,0.434675280422441,test,0.5112662162416518
H291T,-0.13276785291829077,0.268678587107032,test,0.4014464400253228
H291V,-0.1459907637399265,0.421613131058085,test,0.5676038947980115
H291W,-0.22428877476203615,0.105603613558033,test,0.3298923883200692
H291Y,0.03383102295352833,0.0826843455945609,test,0.04885332264103258
H308A,1.1919402776767793,1.07942131862263,train,0.11251895905414933
H308C,0.6655671994185652,0.927741363822871,test,0.26217416440430574
H308D,0.1824790274696044,0.16395675020283,test,0.018522277266774412
H308E,0.1824790274696044,0.143329855626616,test,0.03914917184298841
H308F,0.9816604925488737,0.888025790808528,test,0.09363470174034572
H308G,0.4606615898734885,1.00133504362849,test,0.5406734537550015
H308I,1.0564528231713315,1.07999620712881,test,0.02354338395747857
H308K,0.42265652092005346,0.985568979138326,test,0.5629124582182725
H308L,1.5931601043322676,0.857435066197273,test,0.7357250381349946
H308M,1.1329563206783846,0.944023461635736,test,0.18893285904264856
H308N,0.4988956841468448,0.8859601370796,test,0.38706445293275515
H308P,0.1824790274696044,0.0930291610332055,test,0.08944986643639889
H308Q,0.6004292756280731,0.960665747988115,test,0.36023647236004186
H308R,0.1825696539430803,0.279112365912923,test,0.09654271196984268
H308S,0.377131395428705,1.05950072117387,test,0.6823693257451651
H308T,0.7789717094277873,1.32784833233563,test,0.5488766229078428
H308V,1.026359440279845,1.02066299321374,test,0.005696447066104948
H308W,1.0617364894245658,0.0641415035381909,test,0.9975949858863749
H308Y,1.1287859751718206,0.896504686572531,test,0.23228128859928954
H321A,-1.1423750458364494,0.15075143465376,train,1.2931264804902094
H321C,-0.9650326543031811,0.0434230098877375,test,1.0084556641909186
H321D,-0.7577946046816721,0.164474949396745,test,0.9222695540784172
H321E,-0.738702273317372,0.134529389410551,test,0.8732316627279231
H321F,-0.7615396005246937,0.0549279202709685,test,0.8164675207956622
H321G,-0.6661005661643171,0.124686510796894,test,0.7907870769612111
H321I,-0.4153241230061109,0.0907797716346887,test,0.5061038946407996
H321K,-1.3797233183965731,0.057206292796924,train,1.436929611193497
H321L,-0.506215120156474,0.0688089569070836,test,0.5750240770635575
H321M,-0.4971378496216692,0.174150002820099,test,0.6712878524417681
H321N,-0.8763156587274821,0.197588611290692,test,1.073904270018174
H321P,-0.9890234280364785,0.114211239304792,test,1.1032346673412705
H321Q,-0.46849645198673406,0.235422469778248,test,0.703918921764982
H321R,-0.4796816486257567,0.174040250090625,test,0.6537218987163816
H321S,-0.7135628893161419,0.184204840327968,test,0.8977677296441099
H321T,-0.7988412809827021,0.0514032202633984,test,0.8502445012461005
H321V,-0.40718009254012943,0.116307896569796,test,0.5234879891099254
H321W,-1.1678632608812574,0.0485648534634089,test,1.2164281143446662
H321Y,-0.6786039662727228,0.0992387900185727,test,0.7778427562912955
H399A,0.0838694176017418,0.638246271407965,train,0.5543768538062231
H399C,-0.24981698717127168,0.623528498398581,test,0.8733454855698527
H399D,0.15436721781848492,0.576874328472166,test,0.4225071106536811
H399E,-0.03420006133294676,0.0889370396723108,test,0.12313710100525756
H399F,0.039832175515751106,0.802477985149954,test,0.7626458096342029
H399G,-0.00777110485061952,0.405071828888017,test,0.41284293373863656
H399I,0.055333841228026176,0.215218189375444,test,0.15988434814741784
H399K,-0.20711440595855615,0.192550973139613,test,0.3996653790981691
H399L,-0.017682864370873103,0.704846390403456,test,0.722529254774329
H399M,-0.2855803615629744,0.544987932009384,test,0.8305682935723584
H399N,0.2019598370526758,0.745308098774204,test,0.5433482617215282
H399P,-0.10094616672269277,0.112003053285577,test,0.21294922000826977
H399Q,0.08405906610154831,0.622311705887692,test,0.5382526397861437
H399R,0.006708835950600206,0.0480728338433835,test,0.04136399789278329
H399S,0.06667376183826976,0.563616700753865,test,0.49694293891559527
H399T,-0.22293106826733203,0.491039493924047,test,0.713970562191379
H399V,-0.31009898500867883,0.442327585475801,test,0.7524265704844798
H399W,-0.3037282020741683,0.0827556895116859,test,0.38648389158585417
H399Y,0.09817433456964084,0.644812889039332,test,0.5466385544696911
H430A,0.8132156344036094,0.928594862954034,train,0.1153792285504246
H430C,0.5243275522310931,0.988407160895745,test,0.4640796086646519
H430D,0.5275212013270945,0.779070599704886,test,0.25154939837779156
H430E,0.3543546640707873,0.81608814362443,test,0.46173347955364274
H430F,0.2574779155158178,0.986870294161215,test,0.7293923786453972
H430G,0.5259869069315612,0.777936238007734,test,0.2519493310761728
H430I,-0.0443801759451741,0.790080067523266,test,0.83446024346844
H430K,0.6010287374092627,0.89448902439775,test,0.29346028698848736
H430L,0.17677777364815592,0.861181305147182,test,0.6844035314990261
H430M,0.19322591244432738,0.936318145469255,test,0.7430922330249276
H430N,0.6969715172075934,0.963722584036481,test,0.2667510668288876
H430P,0.24033049486879074,0.111003026423018,test,0.12932746844577275
H430Q,0.38403061344763567,0.904657613479543,test,0.5206270000319073
H430R,0.5776914609386672,0.846119044121962,test,0.26842758318329485
H430S,0.6181999505649152,0.89348307904946,test,0.27528312848454484
H430T,0.1915450536778149,,,
H430V,0.4195962003809377,0.871182574422185,test,0.45158637404124735
H430W,-0.3105954751106983,0.899745105987562,test,1.2103405810982601
H430Y,0.5367522116602579,0.987947250214128,test,0.4511950385538701
H44A,0.7632072726885089,0.908341819692456,train,0.14513454700394712
H44C,-0.4018565251570141,0.741533485933872,test,1.1433900110908861
H44D,0.2607603569512629,0.732033970910877,test,0.4712736139596141
H44E,0.6063225512221562,0.846926026783338,test,0.24060347556118178
H44F,0.20666250058834398,0.367183668459214,test,0.16052116787087004
H44G,0.45956898689581016,0.92803902031529,test,0.4684700334194798
H44I,0.3085357564887199,0.741688286296814,test,0.43315252980809416
H44K,0.4511506141704833,0.807065775890392,test,0.35591516171990867
H44L,0.34853391416120183,0.545971589552889,test,0.19743767539168722
H44M,0.4641126677153584,0.702751599090435,test,0.23863893137507663
H44N,0.47079547714002934,0.848350325990555,test,0.3775548488505257
H44P,-0.42608295960144704,0.109614458651294,test,0.5356974182527411
H44Q,0.337145317723593,0.811691531542825,test,0.474546213819232
H44R,0.6163961577480597,0.937310355894587,test,0.32091419814652733
H44S,0.44419613915525935,0.871715807652799,test,0.42751966849753964
H44T,0.42305629612673434,0.761430634475001,test,0.3383743383482667
H44V,0.5287122894925245,0.61851518048306,test,0.08980289099053551
H44W,-0.0795694324765808,0.0468495968518301,test,0.1264190293284109
H44Y,0.09558559624884941,0.206929155517725,test,0.1113435592688756
I101A,0.9554332510228563,0.984580055209434,train,0.02914680418657778
I101C,0.4869612206623961,0.968269182324262,test,0.48130796166186585
I101D,0.04704972613828248,0.798120743770683,test,0.7510710176324005
I101E,0.12123641758809287,0.945324299650888,test,0.8240878820627952
I101F,0.8674681128280095,0.932221796650412,test,0.06475368382240254
I101G,0.4547418303598596,0.963356947040349,test,0.5086151166804894
I101H,0.046947964219067745,0.962935033992168,test,0.9159870697731002
I101K,0.06887151931879318,0.909738934731387,test,0.8408674154125938
I101L,1.340226317696419,0.9770117498627,test,0.3632145678337191
I101M,1.2849708050432664,1.02258565010005,test,0.26238515494321635
I101N,0.046947964219067745,0.959532208350728,test,0.9125842441316603
I101P,0.7223922934977745,0.62932843237895,test,0.09306386111882448
I101Q,0.22019763871917972,0.957740546698109,test,0.7375429079789293
I101R,0.046947964219067745,0.866861703914157,test,0.8199137396950892
I101S,0.6258127781077201,0.946659333533891,test,0.3208465554261709
I101T,0.6206236698356749,0.930237984971544,test,0.3096143151358691
I101V,1.3600810968145354,1.00746786726594,test,0.3526132295485953
I101W,0.23238481053393142,0.959575715050119,test,0.7271909045161875
I101Y,0.44191051444217977,0.968082629700453,test,0.5261721152582732
I143A,0.9776449904076119,0.99369141105507,train,0.016046420647458093
I143C,0.2060234568380823,0.996962225752037,test,0.7909387689139546
I143D,0.29843735430590645,0.481670816193456,test,0.18323346188754952
I143E,0.16696402216587478,0.963983916424403,test,0.7970198942585281
I143F,0.4403275974976204,0.854136137718851,test,0.4138085402212306
I143G,0.23427488226943113,0.94202197230397,test,0.7077470900345388
I143H,0.3225397074345111,0.95076331088492,test,0.628223603450409
I143K,0.5060458922482376,0.108289882282136,test,0.3977560099661016
I143L,1.1114585042697984,1.0273085024658,test,0.08415000180399845
I143M,0.822524157850675,0.990220406784236,test,0.16769624893356094
I143N,0.5388309199839647,0.922579223786603,test,0.38374830380263825
I143P,0.5508132875728606,0.745890066473509,test,0.19507677890064834
I143Q,0.4769753165617445,0.989988919633448,test,0.5130136030717035
I143R,0.5240154534363619,0.0972411723242212,test,0.4267742811121407
I143S,0.6112343300044454,1.00458060593219,test,0.3933462759277446
I143T,0.7692687717893125,0.982540514857904,test,0.21327174306859142
I143V,1.0786784105429208,0.996790451185369,test,0.08188795935755178
I143W,0.3238947024180938,0.119468616136155,test,0.2044260862819388
I143Y,0.11027199868976842,0.908432001105359,test,0.7981600024155906
I164A,0.7969025431718475,0.923793920574452,train,0.12689137740260448
I164C,-0.67241232617744,0.740503414100539,test,1.4129157402779788
I164D,-0.41113772809016313,0.110171777664897,test,0.5213095057550601
I164E,-0.5039881199239742,0.0681559275008437,test,0.5721440474248178
I164F,-0.67241232617744,0.184722432559636,test,0.8571347587370759
I164G,-0.67241232617744,0.112555155744725,test,0.7849674819221649
I164H,-0.49716975623827486,0.0892814744562556,test,0.5864512306945304
I164K,-0.67241232617744,0.0970256424683885,test,0.7694379686458285
I164L,-0.2274380081631431,0.0844546361520953,test,0.3118926443152384
I164M,0.08011006668879636,0.117780724374246,test,0.03767065768544964
I164N,-0.3037457793097065,0.0850960977727541,test,0.3888418770824606
I164P,-0.07622583991099655,0.613190786047082,test,0.6894166259580785
I164Q,-0.32583170423377683,0.0970758967667947,test,0.42290760100057156
I164R,-0.67241232617744,0.118980899179903,test,0.7913932253573429
I164S,-0.01652130328109161,0.58913744678596,test,0.6056587500670516
I164T,0.13261479063303147,0.578834591382057,test,0.44621980074902545
I164V,0.22999992556752977,0.841322807494927,test,0.6113228819273973
I164W,-1.4163938778651646,0.0405559629532183,train,1.456949840818383
I164Y,-0.6723294083175408,0.110205820940279,test,0.7825352292578198
I165A,0.8807169869975346,0.955776584955164,train,0.0750595979576294
I165C,0.06336956700181615,0.968222131789075,test,0.9048525647872588
I165D,-0.1258278314189372,0.111960450490343,test,0.2377882819092802
I165E,-0.1258278314189372,0.322470517841326,test,0.44829834926026324
I165F,0.5961121107342937,0.86146010664351,test,0.2653479959092163
I165G,0.18864526805642098,0.806615353369799,test,0.6179700853133779
I165H,-0.1258278314189372,0.259837806301441,test,0.3856656377203782
I165K,-0.1258278314189372,0.378835154999866,test,0.5046629864188031
I165L,0.7379205316897035,1.00494917062512,test,0.2670286389354164
I165M,0.8101765173913236,0.966065691043046,test,0.1558891736517224
I165N,-0.11846264344197158,0.460534290545057,test,0.5789969339870286
I165P,0.5834963316364086,0.819709452055592,test,0.2362131204191834
I165Q,0.03888538220105728,0.833645046674828,test,0.7947596644737707
I165R,0.03572491950295584,0.14774819339531,test,0.11202327389235417
I165S,0.1299527008814023,0.874327718049425,test,0.7443750171680227
I165T,0.537563796345901,0.978178949642015,test,0.440615153296114
I165V,1.1827602807266493,0.982538222029293,test,0.20022205869735632
I165W,-0.12111210992515956,0.117548059289405,test,0.23866016921456457
I165Y,0.3516500518143293,0.135451785170528,test,0.2161982666438013
I18A,0.026693803087425055,0.61533124496574,train,0.5886374418783149
I18C,0.12235127522082864,0.645785897960935,test,0.5234346227401063
I18D,0.12235127522082864,0.171331861578031,test,0.048980586357202344
I18E,0.12235127522082864,0.578638123342172,test,0.45628684812134335
I18F,0.12235127522082864,0.716756503830102,test,0.5944052286092734
I18G,0.12235127522082864,0.120191473403056,test,0.002159801817772644
I18H,0.12235127522082864,0.564345211415834,test,0.4419939361950054
I18K,0.12235127522082864,0.910858546318986,test,0.7885072710981573
I18L,0.12235127522082864,0.484108257909858,test,0.36175698268902934
I18M,0.12235127522082864,0.756650997274685,test,0.6342997220538563
I18N,0.12235127522082864,0.184509109127245,test,0.062157833906416354
I18P,0.12235127522082864,0.166641536274869,test,0.04429026105404035
I18Q,0.12235127522082864,0.757903595182169,test,0.6355523199613403
I18R,0.12235127522082864,0.765214534898784,test,0.6428632596779553
I18S,0.12235127522082864,0.340870624670814,test,0.21851934944998538
I18T,0.12235127522082864,0.650478809933073,test,0.5281275347122444
I18V,0.12235127522082864,0.857008163423209,test,0.7346568882023803
I18W,0.12235127522082864,0.113890986967594,test,0.008460288253234638
I18Y,0.12235127522082864,0.710872493781634,test,0.5885212185608053
I190A,-0.2509367792796191,0.506280838854089,train,0.7572176181337081
I190C,-0.7140174059478566,0.806354108952748,test,1.5203715149006045
I190D,-1.2119493147914813,0.0947851632876497,test,1.306734478079131
I190E,-1.3870886883581572,0.0544314225771229,train,1.4415201109352802
I190F,-1.3189492435622003,0.0805949944205892,train,1.3995442379827896
I190G,-1.2423145609126782,0.1100566828576,train,1.3523712437702782
I190H,-1.2119493147914813,0.0333548666993825,test,1.2453041814908639
I190K,-1.0498787189889807,0.0616696548190125,test,1.1115483738079932
I190L,0.457215450743379,0.789258129862468,train,0.332042679119089
I190M,-0.6579202779424127,0.680503874803228,test,1.3384241527456409
I190N,-1.2044330879375191,0.0886491604622571,test,1.2930822483997761
I190P,-0.9051045275368812,0.0737797071190601,test,0.9788842346559413
I190Q,-1.2119493147914813,0.157209758712492,test,1.3691590735039734
I190R,-1.2119493147914813,0.128050072269452,test,1.3399993870609332
I190S,-1.2810086759044699,0.094746321524228,train,1.3757549974286978
I190T,-0.3393584665451501,0.242781857720787,test,0.5821403242659371
I190V,-0.10898179082147655,0.888784621101252,test,0.9977664119227285
I190W,-1.2119493147914813,0.184202736677161,test,1.3961520514686423
I190Y,-1.0297973940519174,0.197434748588146,test,1.2272321426400634
I208A,0.9133109413418807,0.9683664024107,train,0.05505546106881931
I208C,0.6512862503759382,1.0080902406898,test,0.3568039903138618
I208D,0.013027291428324456,0.0957554416887791,test,0.08272815026045464
I208E,0.013027291428324456,0.149207943944862,test,0.13618065251653755
I208F,0.8604895545453715,0.963845916030491,test,0.10335636148511951
I208G,0.22240231358325088,0.57184401079117,test,0.34944169720791907
I208H,0.45399344177633805,0.794862898170918,test,0.34086945639458
I208K,0.013027291428324456,0.0600117963385138,test,0.046984504910189344
I208L,0.918138588382839,1.00544586091051,test,0.0873072725276709
I208M,1.140112441719767,1.03316326983823,test,0.10694917188153696
I208N,0.013027291428324456,0.602123442468357,test,0.5890961510400325
I208P,0.013027291428324456,0.156902953530323,test,0.14387566210199854
I208Q,0.013027291428324456,0.533602359843839,test,0.5205750684155145
I208R,0.013027291428324456,0.179337371427923,test,0.16631007999959854
I208S,0.5259358795557791,0.788154205414199,test,0.26221832585841987
I208T,0.8064850390920781,0.954053724844883,test,0.1475686857528049
I208V,1.1060493283332014,0.978903507579337,test,0.12714582075386438
I208W,0.36645775374219025,0.962271196414675,test,0.5958134426724847
I208Y,0.7328589022187948,1.0012276652574,test,0.26836876303860513
I232A,-1.2837457026095611,0.0933154702213075,train,1.3770611728308686
I232C,-0.7717883704824622,0.655029761465745,test,1.4268181319482072
I232D,-1.120635014719159,0.112622383940661,test,1.23325739865982
I232E,-1.3552183092732555,0.0712987787402603,test,1.4265170880135158
I232F,-0.8439434945719853,0.121844990567032,test,0.9657884851390173
I232G,-1.3533494420165446,0.0536602423146655,test,1.40700968433121
I232H,-1.2815137003503059,0.129502098291638,test,1.4110157986419438
I232K,-1.3552183092732555,0.0987541753442609,test,1.4539724846175164
I232L,-0.6953218096347455,0.796843300418313,test,1.4921651100530586
I232M,-0.9474967966853141,0.580241190125006,test,1.52773798681032
I232N,-0.7798814561175724,0.0753973309606279,test,0.8552787870782004
I232P,-1.0648812390041014,0.11136430388285,test,1.1762455428869514
I232Q,-1.3552183092732555,0.0785107206388504,test,1.433729029912106
I232R,-1.3552183092732555,0.160455004699761,test,1.5156733139730165
I232S,-1.3518417095506166,0.0460494130212432,test,1.3978911225718598
I232T,-0.8371340723078269,0.112847250190966,test,0.9499813224987929
I232V,-0.2159510964979037,0.92518571844847,test,1.1411368149463736
I232W,-1.3623472115688002,0.0649079516875983,train,1.4272551632563986
I232Y,-1.2903241561183767,0.0927375919863939,train,1.3830617481047707
I240A,0.36543658287246106,0.749405767224395,train,0.38396918435193395
I240C,0.3411786989663017,0.916579056503252,test,0.5754003575369503
I240D,-0.2350029442211861,0.149435148124179,test,0.3844380923453651
I240E,-0.07326767644184853,0.575980722161888,test,0.6492483986037365
I240F,0.3126337317588248,0.628362709942159,test,0.31572897818333423
I240G,-0.2350029442211861,0.484867506967871,test,0.7198704511890571
I240H,-0.2350029442211861,0.160399454047099,test,0.39540239826828505
I240K,-0.23081453462525994,0.0492512130875436,test,0.28006574771280357
I240L,0.7972744430686982,0.943995869252973,test,0.14672142618427475
I240M,1.3730789262578684,0.998976524617086,test,0.37410240164078246
I240N,-0.23491119176212275,0.0711595812789547,test,0.30607077304107744
I240P,0.08853638068867939,0.120566982905689,test,0.03203060221700961
I240Q,0.08569420756728549,0.743448417640679,test,0.6577542100733935
I240R,0.056550909725948645,0.0468570343899845,test,0.009693875335964143
I240S,0.4064899090132339,0.822396388114287,test,0.41590647910105305
I240T,0.36878646182851216,0.957770619196427,test,0.5889841573679149
I240V,0.5419107329702049,0.978688117589808,test,0.43677738461960314
I240W,0.029925071090963956,0.108427217472237,test,0.07850214638127305
I240Y,0.0781011902366757,0.239849097677858,test,0.1617479074411823
I241A,0.7781605683786272,0.914230708906458,train,0.13607014052783073
I241C,0.7797581680927832,0.96906551942657,test,0.18930735133378684
I241D,0.6594599998047241,0.538850700185015,test,0.12060929961970912
I241E,0.7031308419779483,0.928239438103987,test,0.22510859612603873
I241F,0.520174494698068,0.783278162064941,test,0.2631036673668731
I241G,0.37799094910861464,0.782510124453578,test,0.4045191753449634
I241H,0.3798115818976522,0.68395913864428,test,0.30414755674662786
I241K,0.5768511500075524,0.687938735040354,test,0.11108758503280158
I241L,0.9636628129530938,0.975018058146429,test,0.011355245193335195
I241M,0.7299412243184873,0.981792036242481,test,0.2518508119239937
I241N,0.3425118971852188,0.72673365768318,test,0.3842217604979612
I241P,0.3483450566228756,0.0765743862634931,test,0.2717706703593825
I241Q,0.4596743133637988,0.883223767932672,test,0.42354945456887316
I241R,0.6212932736080921,0.787537211269486,test,0.1662439376613939
I241S,0.36130943063853516,0.77932149516092,test,0.4180120645223848
I241T,0.5507407715408552,0.908285748977171,test,0.35754497743631575
I241V,1.038586260357378,0.99425674593056,test,0.044329514426818095
I241W,0.44174666968278253,0.738688185846551,test,0.2969415161637685
I241Y,0.5554441699536523,0.794327760125377,test,0.23888359017172467
I272A,0.9139378326265957,0.968313018890789,train,0.054375186264193354
I272C,0.5288644390311614,0.99296353217514,test,0.46409909314397857
I272D,0.2622606839103174,0.119809679824058,test,0.14245100408625944
I272E,0.05052890542596186,1.18532207820525,test,1.1347931727792882
I272F,0.776805325020107,0.911345039372169,test,0.13453971435206202
I272G,0.4070500580246741,1.12230265604482,test,0.7152525980201458
I272H,0.5100433763299048,0.85674236764798,test,0.34669899131807513
I272K,0.051170471906841736,1.30801133834473,test,1.2568408664378883
I272L,1.012056908125681,1.00735752610212,test,0.004699382023561016
I272M,0.7744008079811635,0.992086192326942,test,0.21768538434577844
I272N,0.6563081005496769,0.797598621687663,test,0.14129052113798612
I272P,0.05052890542596186,0.736884470625469,test,0.6863555651995071
I272Q,0.5371473058154603,0.905753931587283,test,0.3686066257718227
I272R,0.45525353573201355,0.240304031857951,test,0.21494950387406256
I272S,0.6344089624158904,0.913232617971906,test,0.2788236555560156
I272T,0.8216762797309058,0.993845189475718,test,0.17216890974481214
I272V,1.6758419308533148,0.993349254717156,test,0.6824926761361588
I272W,0.26500038308675156,0.868712163687709,test,0.6037117806009574
I272Y,0.5420942216602544,1.17220726922482,test,0.6301130475645655
I29A,0.8787775618942251,0.953742683841836,train,0.07496512194761096
I29C,0.6074599651264971,0.964989871846498,test,0.35752990672000085
I29D,0.7391541080013793,0.910636684878688,test,0.17148257687730872
I29E,0.7478760258535606,0.958596623189809,test,0.21072059733624837
I29F,0.6918302120215134,0.989646926338518,test,0.2978167143170046
I29G,0.3424480729598216,0.90870515815708,test,0.5662570851972584
I29H,1.1013345968924215,1.04655631521756,test,0.05477828167486143
I29K,1.1162694179120545,1.03749567093214,test,0.07877374697991457
I29L,0.8715419901824861,1.00161525761233,test,0.13007326742984393
I29M,0.48500811317564785,0.978596846967735,test,0.4935887337920871
I29N,0.3724041300420986,0.993621730067797,test,0.6212176000256984
I29P,0.0019911463927295425,0.0884473118337113,test,0.08645616544098175
I29Q,0.7904995579536271,1.01030392824736,test,0.2198043702937329
I29R,1.2497347309286868,1.01705981361104,test,0.23267491731764678
I29S,0.8375360948957076,0.977303920863581,test,0.1397678259678734
I29T,0.8985100784491638,0.963924338218966,test,0.0654142597698022
I29V,1.0147033785328399,0.979552803272415,test,0.035150575260424866
I29W,0.6440782282447965,1.01902285038004,test,0.3749446221352435
I29Y,0.8842317442376564,0.999746599044243,test,0.11551485480658663
I320A,0.3773146934198992,0.753829562542317,train,0.37651486912241783
I320C,0.3034030045509677,0.788718886415702,test,0.4853158818647343
I320D,-0.16603504872187205,0.91567129329964,test,1.081706342021512
I320E,0.15846724564570877,0.78732713770128,test,0.6288598920555712
I320F,0.7747980779773063,0.935904326370707,test,0.1611062483934007
I320G,0.3565912854260256,0.787785708361246,test,0.43119442293522037
I320H,-0.16775935772069264,0.827752050216918,test,0.9955114079376106
I320K,0.39917920105342275,0.765654236822799,train,0.36647503576937623
I320L,0.8678138006702281,0.908337243768798,test,0.04052344309856992
I320M,1.0412626516898824,0.878032930612817,test,0.16322972107706546
I320N,0.18187486863039723,0.809062816976316,test,0.6271879483459187
I320P,0.45811444367515164,0.142634745057558,test,0.3154796986175936
I320Q,0.35568551888710487,0.889095281006721,test,0.5334097621196161
I320R,0.294633062358314,0.400785307896148,test,0.10615224553783403
I320S,0.5050082918434649,0.740584550665575,test,0.2355762588221102
I320T,0.48414584930445215,0.685767385696937,test,0.2016215363924848
I320V,0.8260567607614899,0.798975291195169,test,0.02708146956632096
I320W,0.008745160840777116,0.855123508475521,test,0.8463783476347438
I320Y,0.4024372488649435,0.775880387626619,test,0.37344313876167556
I339A,0.8694565946844184,0.951169395422332,train,0.08171280073791365
I339C,0.543732671019326,0.979851193631907,test,0.436118522612581
I339D,0.543732671019326,0.731771161132131,test,0.18803849011280505
I339E,0.543732671019326,0.843267224265628,test,0.29953455324630196
I339F,0.543732671019326,0.974259522863559,test,0.430526851844233
I339G,0.543732671019326,0.93774503101881,test,0.39401235999948403
I339H,0.543732671019326,0.902759237981113,test,0.35902656696178703
I339K,0.543732671019326,0.865171470147687,test,0.32143879912836104
I339L,0.543732671019326,0.977489992085028,test,0.433757321065702
I339M,0.543732671019326,0.974812519830667,test,0.431079848811341
I339N,0.543732671019326,0.870816110244915,test,0.327083439225589
I339P,0.543732671019326,0.654688260705227,test,0.11095558968590102
I339Q,0.543732671019326,0.90601198395944,test,0.36227931294011406
I339R,0.543732671019326,0.847600351425041,test,0.303867680405715
I339S,0.543732671019326,0.971430890895932,test,0.42769821987660606
I339T,0.543732671019326,0.949441340705416,test,0.40570866968609
I339V,0.543732671019326,0.969475322405386,test,0.42574265138606004
I339W,0.543732671019326,0.950493942109029,test,0.40676127108970306
I339Y,0.543732671019326,0.899749920909311,test,0.35601724988998507
I366A,0.5318826980651659,0.816188956305795,train,0.28430625824062916
I366C,0.2526731347417013,0.89288051596074,test,0.6402073812190388
I366D,-0.4126420251952829,0.036271958552395,test,0.44891398374767794
I366E,-0.41254950961346704,0.112450870810091,test,0.525000380423558
I366F,0.08058016309121926,0.638625997532573,test,0.5580458344413537
I366G,0.18120336079187924,0.596697681886946,test,0.4154943210950668
I366H,0.1497909892772988,0.541768400563757,test,0.39197741128645813
I366K,-0.41213790060269484,0.151804137556286,test,0.5639420381589808
I366L,0.1789042033830832,0.960595151091306,test,0.7816909477082228
I366M,0.4756859784105447,0.945682124743641,test,0.4699961463330963
I366N,-0.015180404395259278,0.833323419209969,test,0.8485038236052282
I366P,-0.10346076157064468,0.0612878517621943,test,0.16474861333283897
I366Q,-0.4126420251952829,0.770416519516433,test,1.183058544711716
I366R,-0.20539416272603342,0.103127719511058,test,0.3085218822370914
I366S,0.2974691853071747,0.776875541246733,test,0.47940635593955827
I366T,0.4751832080738818,0.86347239109068,test,0.38828918301679816
I366V,0.583581610794172,0.949394723831261,test,0.36581311303708897
I366W,-0.412493780917498,0.091367534836915,test,0.503861315754413
I366Y,-0.22032117738127946,0.519760075521346,test,0.7400812529026254
I367A,0.7719223495184202,0.911200091167224,train,0.1392777416488038
I367C,0.5225959855287237,0.894870117310389,test,0.37227413178166535
I367D,-0.3332663748011442,0.249344670864991,test,0.5826110456661352
I367E,-0.3332663748011442,0.459851673917471,test,0.7931180487186151
I367F,0.3951689736750581,0.341692822010294,test,0.053476151664764104
I367G,0.01652072695719628,0.850162294157377,test,0.8336415672001807
I367H,-0.02635791826397174,0.774568381627046,test,0.8009262998910177
I367K,0.0676500911670492,0.319156297545551,test,0.25150620637850185
I367L,0.44305827548535537,1.0876248409776,test,0.6445665654922446
I367M,0.0768814319645725,1.53429534982511,test,1.4574139178605374
I367N,0.05342862070866136,0.893012303481844,test,0.8395836827731826
I367P,0.44228625111490705,0.754453499660547,test,0.31216724854563993
I367Q,-0.3332663748011442,1.02269113222845,test,1.3559575070295942
I367R,0.12929540558062033,0.202359225338431,test,0.07306381975781068
I367S,0.4932014251703969,0.916036641165168,test,0.42283521599477114
I367T,0.26234585807631183,0.905188106736008,test,0.6428422486596962
I367V,0.903912603513082,0.948109261684188,test,0.04419665817110596
I367W,-0.3332663748011442,0.0494239331889286,test,0.38269030799007275
I367Y,0.2259939103582622,0.146511685804768,test,0.07948222455349419
I389A,0.7642741178026247,0.908636811451884,train,0.14436269364925935
I389C,0.932298690955798,0.989333097661066,test,0.05703440670526805
I389D,-0.11650973799429101,0.0200469943530788,test,0.1365567323473698
I389E,-0.11650973799429101,0.168706802084278,test,0.285216540078569
I389F,0.552407314496701,0.919396943173036,test,0.366989628676335
I389G,0.6548781490162303,0.618948484814451,test,0.03592966420177934
I389H,-0.11650973799429101,0.163785252649989,test,0.28029499064428
I389K,-0.11650973799429101,0.0983196288754722,test,0.21482936686976323
I389L,0.8281917062585336,0.925430134394946,test,0.09723842813641248
I389M,0.8908159277689311,0.932764891725576,test,0.041948963956644825
I389N,0.30418578169183896,0.111499874352955,test,0.19268590733888397
I389P,-0.11635767773247244,0.113422794188683,test,0.22978047192115542
I389Q,0.5902364329288898,0.408433611272833,test,0.18180282165605682
I389R,-0.11650973799429101,0.178337166056537,test,0.29484690405082803
I389S,0.24717473384178865,0.246825199394853,test,0.00034953444693563984
I389T,0.5428365842041669,0.839945667583579,test,0.2971090833794121
I389V,0.9184794565390615,1.00211453679533,test,0.08363508025626842
I389W,-0.11650973799429101,0.241656376624543,test,0.358166114618834
I389Y,0.4122452768211746,1.0375444074977,test,0.6252991306765254
I400A,0.8155700898788345,0.928443061012271,train,0.11287297113343653
I400C,0.23680219802105393,0.937247225634908,test,0.7004450276138541
I400D,0.7081393468758905,0.783941668608952,test,0.07580232173306145
I400E,0.8174107760955016,0.860799361672543,test,0.043388585577041394
I400F,0.3924485595276124,0.928093909420727,test,0.5356453498931146
I400G,0.8428559277584375,0.837816201859305,test,0.005039725899132486
I400H,0.5183726281493299,0.910881560459529,test,0.392508932310199
I400K,1.236095051887243,0.974344989220263,test,0.26175006266697987
I400L,1.126009875366009,0.971658567050776,test,0.15435130831523303
I400M,0.24953058308282047,0.982689121749908,test,0.7331585386670875
I400N,0.7949088629987016,0.8983142444215,test,0.10340538142279843
I400P,1.1094229504228628,0.88627000029338,test,0.22315295012948277
I400Q,0.7202528451316661,0.957866704769341,test,0.2376138596376749
I400R,1.1063732815960938,0.741797544699958,test,0.36457573689613587
I400S,0.8295464578594631,0.88491267042906,test,0.05536621256959684
I400T,0.6988377767541516,0.946142224481438,test,0.24730444772728644
I400V,1.1711662466876354,0.970786191378833,test,0.20038005530880232
I400W,0.5042709338984508,0.905523411365797,test,0.40125247746734616
I400Y,0.23680219802105393,0.910146097807973,test,0.673343899786919
I447A,0.8591341056526456,0.947055918108064,train,0.08792181245541841
I447C,0.5385714265034391,0.988982579899622,test,0.4504111533961829
I447D,0.5385714265034391,0.866610907615769,test,0.32803948111232983
I447E,0.5385714265034391,0.919303102705659,test,0.3807316762022198
I447F,0.5385714265034391,0.991992219707307,test,0.45342079320386786
I447G,0.5385714265034391,0.93899276882604,test,0.40042134232260085
I447H,0.5385714265034391,0.972584057794431,test,0.4340126312909919
I447K,0.5385714265034391,0.989227755384274,test,0.45065632888083484
I447L,0.5385714265034391,1.00931216563272,test,0.4707407391292808
I447M,0.5385714265034391,0.993414079731024,test,0.4548426532275849
I447N,0.5385714265034391,0.976222600172503,test,0.4376511736690638
I447P,0.5385714265034391,0.720634305504567,test,0.18206287900112783
I447Q,0.5385714265034391,0.947180838239516,test,0.4086094117360769
I447R,0.5385714265034391,0.997590137546632,test,0.4590187110431928
I447S,0.5385714265034391,0.932090228008403,test,0.3935188015049639
I447T,0.5385714265034391,0.949874046352392,test,0.4113026198489529
I447V,0.5385714265034391,0.968447048495855,test,0.4298756219924158
I447W,0.5385714265034391,0.991499313521256,test,0.45292788701781683
I447Y,0.5385714265034391,0.985870947110948,test,0.4472995206075089
I83A,-1.2513542579955048,0.106634142625283,train,1.3579884006207878
I83C,-0.6416447890358004,0.580111454682428,test,1.2217562437182283
I83D,-1.0045645285632918,0.0801497164219967,test,1.0847142449852885
I83E,-1.00323790186271,0.15371041986019,test,1.1569483217229
I83F,-0.5626527959966621,0.428105301057176,test,0.9907580970538381
I83G,-1.0040897393942305,0.0647763183742797,test,1.0688660577685103
I83H,-1.0046426847741852,0.073723584845884,test,1.078366269620069
I83K,-1.0046426847741852,0.0447101672512875,test,1.0493528520254727
I83L,-0.06232991619092612,0.738032508437219,test,0.8003624246281451
I83M,-0.41692844470023593,0.668622220493028,test,1.085550665193264
I83N,-1.0046426847741852,0.100412162141844,test,1.105054846916029
I83P,-1.0046426847741852,0.0872688111995448,test,1.09191149597373
I83Q,-1.0046426847741852,0.159331591208223,test,1.163974275982408
I83R,-1.0046426847741852,0.0734950031283,test,1.078137687902485
I83S,-1.0046426847741852,0.0493961553287813,test,1.0540388401029666
I83T,-0.4277189485864381,0.201302242831599,test,0.6290211914180371
I83V,0.09666818726804813,0.902446881700014,test,0.8057786944319658
I83W,-1.0046426847741852,0.07153000206695,test,1.0761726868411352
I83Y,-0.7028192359759149,0.160858443877256,test,0.8636776798531709
I94A,0.8639669573641748,0.948981793332298,train,0.0850148359681232
I94C,0.5409878523592033,0.979343745230797,test,0.4383558928715937
I94D,0.5409878523592033,0.969489495603277,test,0.4285016432440737
I94E,0.5409878523592033,0.972721947217451,test,0.43173409485824765
I94F,0.5409878523592033,1.00781888954802,test,0.4668310371888167
I94G,0.5409878523592033,0.971486895592372,test,0.4304990432331687
I94H,0.5409878523592033,0.977940575977716,test,0.4369527236185127
I94K,0.5409878523592033,0.844114114332832,test,0.3031262619736287
I94L,0.5409878523592033,0.994977294296097,test,0.4539894419368937
I94M,0.5409878523592033,1.00457690547461,test,0.46358905311540677
I94N,0.5409878523592033,0.860105520969581,test,0.3191176686103777
I94P,0.5409878523592033,0.16473243219085,test,0.37625542016835334
I94Q,0.5409878523592033,0.972849774702783,test,0.4318619223435797
I94R,0.5409878523592033,0.89041098497153,test,0.3494231326123267
I94S,0.5409878523592033,1.00396634704759,test,0.4629784946883866
I94T,0.5409878523592033,1.06041526504715,test,0.5194274126879466
I94V,0.5409878523592033,0.974552076049388,test,0.43356422369018466
I94W,0.5409878523592033,1.00521203435948,test,0.4642241820002766
I94Y,0.5409878523592033,0.969017247793817,test,0.4280293954346137
K122A,-0.6898488381271297,0.3296016876089,train,1.0194505257360298
K122C,-0.48518548168041753,0.42401093471236,test,0.9091964163927775
K122D,-0.5503828894269238,0.0553823211141948,test,0.6057652105411186
K122E,-0.21114583327863093,0.0740769049140508,test,0.28522273819268174
K122F,-0.3238738595903843,0.0513775663749374,test,0.3752514259653217
K122G,-0.8175261569678287,0.265781386810529,test,1.0833075437783577
K122H,-0.3453672619075252,0.0633045481876874,test,0.4086718100952126
K122I,-0.2881446383668471,0.0862370814174011,test,0.3743817197842482
K122L,-0.21856399071296442,0.0586527078432325,test,0.2772166985561969
K122M,-0.2388909152852239,0.0600656539880346,test,0.29895656927325853
K122N,-0.8183281828742917,0.121107679731208,test,0.9394358626054997
K122P,-0.8121627975204209,0.0950852689117608,test,0.9072480664321817
K122Q,0.09073368560288506,1.4381894154635,test,1.347455729860615
K122R,0.4877493631628196,0.99300741511439,test,0.5052580519515704
K122S,-0.3268728773940939,0.156482939554683,test,0.4833558169487769
K122T,-0.2451005910099429,0.148914916636611,test,0.3940155076465539
K122V,-0.23162859521857973,0.0725032035068311,test,0.30413179872541085
K122W,-0.3473196818489537,0.08146260636356,test,0.4287822882125137
K122Y,-0.2851961682813655,0.0853901086979516,test,0.3705862769793171
K13A,0.4378600638991583,0.779179623107231,train,0.34131955920807266
K13C,0.32793440562669596,0.948599556807445,test,0.620665151180749
K13D,0.32793440562669596,0.952698233499708,test,0.624763827873012
K13E,0.32793440562669596,0.935838797069817,test,0.607904391443121
K13F,0.32793440562669596,0.82179402063376,test,0.493859615007064
K13G,0.32793440562669596,0.751097355865069,test,0.423162950238373
K13H,0.32793440562669596,0.929634304458718,test,0.601699898832022
K13I,0.32793440562669596,0.813731364174656,test,0.48579695854796
K13L,0.32793440562669596,0.914543677738141,test,0.5866092721114451
K13M,0.32793440562669596,0.942695548606714,test,0.614761142980018
K13N,0.32793440562669596,0.9800104877714,test,0.652076082144704
K13P,0.32793440562669596,0.749333863677018,test,0.4213994580503221
K13Q,0.32793440562669596,0.985549037365997,test,0.657614631739301
K13R,0.32793440562669596,0.994795799086833,test,0.6668613934601371
K13S,0.32793440562669596,0.989003540454377,test,0.661069134827681
K13T,0.32793440562669596,0.863776599749196,test,0.5358421941225
K13V,0.32793440562669596,0.875210066453536,test,0.5472756608268401
K13W,0.32793440562669596,0.648751868495489,test,0.3208174628687931
K13Y,0.32793440562669596,0.821875949498506,test,0.49394154387181
K148A,0.9077241647271681,0.96476678840734,train,0.05704262368017188
K148C,0.29234844088275147,0.852321044392593,test,0.5599726035098416
K148D,0.7979897936332538,0.986630827439469,test,0.1886410338062151
K148E,0.8769997441245156,0.985871662709209,test,0.10887191858469336
K148F,0.2600306412543818,0.526048063188176,test,0.2660174219337942
K148G,0.6984026739200153,0.982890902995666,test,0.28448822907565063
K148H,0.6622456992518015,0.960574668937892,test,0.29832896968609046
K148I,0.06163336705716224,0.45299067710345,test,0.3913573100462877
K148L,0.31154665210401356,0.690353608962804,test,0.3788069568587904
K148M,0.25676026629352955,0.770648178051627,test,0.5138879117580974
K148N,0.8523966317709555,0.978864316532626,test,0.12646768476167047
K148P,-0.0527654767178827,0.95044607348708,test,1.0032115502049628
K148Q,0.8162194593429011,0.994175343376409,test,0.17795588403350793
K148R,1.5821184915359485,0.988842556448174,test,0.5932759350877745
K148S,0.7278936946975214,0.978477799206974,test,0.25058410450945257
K148T,0.9438577675198385,0.938942692430358,test,0.004915075089480525
K148V,0.5293560964443704,0.576288119944625,test,0.046932023500254605
K148W,-0.0014297220532240307,0.690854648391022,test,0.692284370444246
K148Y,-0.0527654767178827,0.727162299803568,test,0.7799277765214506
K166A,-1.2971594768919663,0.0887660423842763,train,1.3859255192762425
K166C,-0.9594152675719172,0.111725829924623,test,1.0711410974965403
K166D,-0.7962721964182957,0.0452447076610787,test,0.8415169040793744
K166E,-0.9504794792919611,0.0736042075309758,test,1.0240836868229368
K166F,-0.8023726508007119,0.0856968374967056,test,0.8880694882974175
K166G,-0.7353156967439387,0.0507332892201288,test,0.7860489859640675
K166H,-0.9594152675719172,0.0685340431124575,test,1.0279493106843747
K166I,-0.9594152675719172,0.0969896453858763,test,1.0564049129577935
K166L,-0.9594152675719172,0.14026378352831,test,1.0996790511002272
K166M,-0.9594152675719172,0.107958849053198,test,1.0673741166251152
K166N,-0.9558229142374539,0.0643405486988465,test,1.0201634629363003
K166P,-0.9594152675719172,0.0641871215590036,test,1.0236023891309207
K166Q,-0.789182048285954,0.0498297676904105,test,0.8390118159763644
K166R,-0.3473557277057917,0.0905406134208422,test,0.4378963411266339
K166S,-0.5046535921905855,0.0723170757137952,test,0.5769706679043807
K166T,-0.6523426544812201,0.0447066003646265,test,0.6970492548458466
K166V,-0.8031395795402421,0.0774932274189581,test,0.8806328069592002
K166W,-0.9594152675719172,0.0501050835532597,test,1.009520351125177
K166Y,-0.7870734270031992,0.079014296189535,test,0.8660877231927342
K168A,-1.3615325052777576,0.0625520414466205,train,1.4240845467243781
K168C,-0.6148069182430864,0.101898507901941,test,0.7167054261450274
K168D,-0.820341791552816,0.076573117099774,test,0.8969149086525899
K168E,-0.824442690667271,0.0512668887976072,test,0.8757095794648783
K168F,-1.147120587173658,0.0826626634574494,test,1.2297832506311075
K168G,-0.745464320535614,0.0380388637941167,test,0.7835031843297307
K168H,-1.455721287483845,0.0400251953771279,test,1.495746482860973
K168I,-0.9126067747425555,0.0534247254721789,test,0.9660315002147344
K168L,-1.071822053643223,0.0504839555729778,test,1.1223060092162007
K168M,-0.8660326018796727,0.0848272516876726,test,0.9508598535673453
K168N,-0.4991753770332499,0.0783946918125857,test,0.5775700688458356
K168P,-1.455721287483845,0.0729706281593435,test,1.5286919156431884
K168Q,-1.449802080124092,0.0765119803674141,test,1.5263140604915062
K168R,-0.7559467897930785,0.0716463244777465,test,0.827593114270825
K168S,-0.6602252076598594,0.0929383098954324,test,0.7531635175552918
K168T,-0.8361653902808495,0.0367408063092662,test,0.8729061965901157
K168V,-0.8158372108696728,0.0791187829954013,test,0.8949559938650741
K168W,-1.2435175570104844,0.0919364604848742,test,1.3354540174953586
K168Y,-1.455721287483845,0.0354067574130116,test,1.4911280448968567
K174A,0.9592189836312042,0.985936916894675,train,0.026717933263470828
K174C,0.093829420458267,0.935792652502825,test,0.8419632320445579
K174D,1.0584961492616156,0.950087686319461,test,0.10840846294215467
K174E,1.3627787822358821,0.987854188982621,test,0.3749245932532611
K174F,0.27167278734781086,0.933535588318928,test,0.6618628009711172
K174G,0.6842061117656477,0.973442735752078,test,0.28923662398643024
K174H,0.6633867678892853,0.991116034432595,test,0.3277292665433097
K174I,0.7204019083137119,0.970437733088285,test,0.2500358247745731
K174L,0.5469803406912417,0.97604692983041,test,0.4290665891391683
K174M,0.3020834350987658,0.959630243423879,test,0.6575468083251133
K174N,0.6020676917849277,0.94313117941732,test,0.34106348763239236
K174P,0.6125677215670071,0.570026958121658,test,0.04254076344534907
K174Q,1.2494698649223202,0.984182956355914,test,0.26528690856640613
K174R,0.9940814692283138,0.985851318706818,test,0.008230150521495783
K174S,0.831148055405792,0.996427861163534,test,0.16527980575774204
K174T,0.803814854001698,0.969070335162871,test,0.16525548116117295
K174V,0.6024471152327313,0.97661134401318,test,0.37416422878044864
K174W,-0.05431174004068387,0.904536459716938,test,0.9588481997576218
K174Y,0.3152696430854365,0.947836616728381,test,0.6325669736429446
K191A,-0.9454354447103792,0.229553371144918,train,1.1749888158552972
K191C,-1.2082007963681238,0.125448270511351,train,1.3336490668794747
K191D,-1.1019890382444106,0.169171127864834,train,1.2711601661092446
K191E,-1.2899003413736032,0.0922214247609559,train,1.382121766134559
K191F,-1.343470744505529,0.0718267038338554,train,1.4152974483393843
K191G,-1.3627581769470491,0.0640893719089796,train,1.4268475488560288
K191H,-1.3854837269706033,0.055671475937403,train,1.4411552029080064
K191I,-1.063338862341461,0.124685970798974,test,1.188024833140435
K191L,-1.3616625857420372,0.06428328384705,train,1.4259458695890872
K191M,-1.1132258934421138,0.140152597094931,test,1.2533784905370449
K191N,-1.3480219946434528,0.0434911901114837,test,1.3915131847549365
K191P,-1.256709682287189,0.107226884059354,train,1.363936566346543
K191Q,-0.9940499393725346,0.129992602506828,test,1.1240425418793627
K191R,-0.9029683429654021,0.0384137235922569,test,0.941382066557659
K191S,-1.1609390513765054,0.144417959389413,train,1.3053570107659185
K191T,-1.3625870099316815,0.0725648206655757,test,1.4351518305972573
K191V,-1.0035285547134432,0.189240070889824,test,1.1927686256032672
K191W,-1.3625870099316815,0.07000202733422,test,1.4325890372659014
K191Y,-1.3625870099316815,0.0326573715660973,test,1.3952443814977789
K226A,-1.3618452260092082,0.0620529613380601,train,1.4238981873472683
K226C,-0.690241465716724,0.25958906210879,test,0.9498305278255139
K226D,-1.4197379898843676,0.0973406279188838,test,1.5170786178032514
K226E,-1.1192728394173936,0.130351952607401,test,1.2496247920247947
K226F,-0.8991647062426427,0.104364365638507,test,1.0035290718811496
K226G,-0.8888775329088829,0.0592444550474412,test,0.9481219879563242
K226H,-0.9334650208411748,0.0799256298974758,test,1.0133906507386505
K226I,-0.6301024106570627,0.0742200589483342,test,0.7043224696053969
K226L,-0.7029410739045365,0.104403602179626,test,0.8073446760841625
K226M,-0.5922650139536783,0.0783867031451143,test,0.6706517170987926
K226N,-1.4143065405223874,0.048699731349153,test,1.4630062718715404
K226P,-0.5756963382339924,0.058679062326267,test,0.6343754005602593
K226Q,-1.4136982287538957,0.0932763199269733,test,1.506974548680869
K226R,-0.8315266493906488,0.750102540939278,test,1.5816291903299269
K226S,-0.7176740633965293,0.0646035649476391,test,0.7822776283441684
K226T,-0.5638982412778508,0.0423060648996048,test,0.6062043061774556
K226V,-0.38413899454897193,0.0962717407712894,test,0.48041073532026135
K226W,-1.4197379898843676,0.156694886437325,test,1.5764328763216926
K226Y,-1.2504681953008665,0.213157652932875,test,1.4636258482337414
K300A,0.9306924974480222,0.974738655985383,train,0.044046158537360824
K300C,0.2740630933147161,0.980447380369778,test,0.7063842870550618
K300D,0.9222331691821328,1.00897393061539,test,0.08674076143325715
K300E,0.7569528439061284,0.995935037949606,test,0.23898219404347765
K300F,0.6117187699122828,0.981554848549887,test,0.36983607863760415
K300G,0.6959539955473424,1.00589368756495,test,0.3099396920176076
K300H,0.7621852228304082,0.997885204542098,test,0.2356999817116897
K300I,0.5132286497087504,1.02660278084175,test,0.5133741311329996
K300L,0.7004668209924183,0.986270231804929,test,0.2858034108125107
K300M,0.7525002890518533,0.980130944759223,test,0.22763065570736973
K300N,0.9524987606644733,0.997994552910037,test,0.04549579224556377
K300P,1.0430634204588867,0.954463510500736,test,0.0885999099581507
K300Q,1.144107145079832,0.993796478487665,test,0.15031066659216696
K300R,0.9292505633165657,0.990991810793458,test,0.06174124747689225
K300S,0.6846192303663308,1.00610635955891,test,0.32148712919257916
K300T,0.691310076091942,0.991588875103708,test,0.300278799011766
K300V,0.6594293360439563,0.979011189441349,test,0.31958185339739276
K300W,0.559421816597556,0.95758089346392,test,0.398159076866364
K300Y,0.6146473280849667,0.970220455102471,test,0.3555731270175043
K310A,0.09668635804023415,,,
K310C,-0.3838458879097242,0.223591477601439,test,0.6074373655111631
K310D,0.22146842531105568,0.148643487266635,test,0.07282493804442067
K310E,0.1273971414884942,0.146803937717196,test,0.019406796228701784
K310F,0.0009295263747192972,0.199806148868296,test,0.1988766224935767
K310G,-0.10410922268747205,0.123471081539465,test,0.22758030422693704
K310H,-0.06114890333727521,0.0771556730710368,test,0.138304576408312
K310I,-0.02535584417400008,0.710548551582856,test,0.7359043957568561
K310L,0.3469362041033366,0.846917660373609,test,0.49998145627027246
K310M,-0.0019743404632881767,0.839740923487432,test,0.8417152639507202
K310N,-0.12348789226013926,0.16235927236111,test,0.28584716462124926
K310P,-0.22515027986727423,0.0908005193627749,test,0.31595079923004915
K310Q,0.3562139707935337,0.561588105688264,test,0.20537413489473033
K310R,0.3413820363827649,0.130810855285275,test,0.21057118109748987
K310S,0.15587121196333717,0.149323475957156,test,0.006547736006181165
K310T,0.23842732112888518,0.14803613357951,test,0.09039118754937517
K310V,0.1353129106829771,0.445477474492106,test,0.31016456380912893
K310W,-0.44997550286192456,0.0894128776518071,test,0.5393883805137316
K310Y,-0.3092361881873156,0.0412236064818386,test,0.35045979466915417
K31A,0.1377488237541373,0.658948254772909,train,0.5211994310187716
K31C,-0.01492332276720168,0.721409536745584,test,0.7363328595127856
K31D,0.37406393871973065,0.236605569692047,test,0.13745836902768366
K31E,0.5409817539889408,0.597157708677311,test,0.05617595468837022
K31F,0.1378891398162134,0.245135492044855,test,0.1072463522286416
K31G,0.19524864132671757,0.567728982529784,test,0.3724803412030664
K31H,0.34228942695108366,0.731867192481218,test,0.38957776553013435
K31I,0.44156845408861023,0.768193059250549,test,0.3266246051619388
K31L,0.18771394605052213,0.627850950526686,test,0.4401370044761639
K31M,-0.005646717608339263,0.533784278440816,test,0.5394309960491552
K31N,0.08627465058573255,0.566644903376024,test,0.48037025279029144
K31P,0.10510395915972046,0.107650377118411,test,0.002546417958690539
K31Q,0.4998389719856602,0.740264857909818,test,0.2404258859241578
K31R,0.6472257636125709,0.90169348380485,test,0.25446772019227915
K31S,0.37023998929325486,0.713031190710423,test,0.3427912014171681
K31T,0.48065475782789213,0.638737929961364,test,0.1580831721334719
K31V,0.4816856766833977,0.576062917899612,test,0.09437724121621427
K31W,-0.11136756641086867,0.356663681414611,test,0.46803124782547967
K31Y,0.10905240923075274,0.347690037882883,test,0.23863762865213026
K329A,-1.0957439359571184,0.168409809188649,train,1.2641537451457674
K329C,-0.7568548337624248,0.09279405802012,test,0.8496488917825448
K329D,-0.594430706996828,0.0672200617895818,test,0.6616507687864098
K329E,-0.5768758028672705,0.0916643869715029,test,0.6685401898387734
K329F,-0.9464164218717135,0.0470074328464621,test,0.9934238547181756
K329G,-0.484303685726182,0.113166552733694,test,0.597470238459876
K329H,-0.7435905141821839,0.0647708366586155,test,0.8083613508407994
K329I,-1.1397070409701973,0.135031434895772,test,1.2747384758659692
K329L,-0.9297304774007473,0.0768236589961131,test,1.0065541363968604
K329M,-1.1405280681148289,0.168144105415421,test,1.3086721735302498
K329N,-0.43352807464034604,0.0581952530939668,test,0.4917233277343128
K329P,-0.7826638713088403,0.290282109643363,test,1.0729459809522033
K329Q,-0.6360590318683952,0.0553828073139358,test,0.6914418391823309
K329R,-0.17362689441590254,0.103344401737786,test,0.27697129615368854
K329S,-0.47972945685476254,0.120214589862327,test,0.5999440467170896
K329T,-0.5302553579581539,0.150231468040972,test,0.6804868259991259
K329V,-0.654396869395139,0.0381330599573726,test,0.6925299293525116
K329W,-1.1405280681148289,0.0989456789398574,test,1.2394737470546864
K329Y,-0.45792737249494286,0.173785797148053,test,0.6317131696429958
K33A,0.40428774585368976,0.764662651895796,train,0.3603749060421062
K33C,-0.03609431700737778,0.661277052111998,test,0.6973713691193758
K33D,0.1848265911447131,0.298130526980198,test,0.1133039358354849
K33E,0.316505360669215,0.57405520092355,test,0.257549840254335
K33F,0.023987656026054988,0.605211144290333,test,0.5812234882642779
K33G,0.4258634624533675,0.558785298267318,test,0.13292183581395056
K33H,0.1808233567467463,0.769474489327373,test,0.5886511325806266
K33I,-0.027062906410302984,0.646320853720248,test,0.6733837601305509
K33L,0.08059672202356813,0.703525801102779,test,0.6229290790792108
K33M,-0.07668584575636109,0.726272798559801,test,0.802958644316162
K33N,0.210364476107163,0.706113726497442,test,0.49574925039027895
K33P,0.2478191908174809,0.50794273927987,test,0.26012354846238905
K33Q,0.32231943815023834,0.787058910537977,test,0.4647394723877387
K33R,0.4161165209707709,0.964517689074822,test,0.5484011681040512
K33S,0.22463208679630517,0.659573205217578,test,0.4349411184212728
K33T,0.21039137590649679,0.683709913746876,test,0.47331853784037914
K33V,0.20276353911010167,0.736215927708357,test,0.5334523885982553
K33W,-0.185777220957436,0.349435092838675,test,0.535212313796111
K33Y,0.2137621335375359,0.640529949106709,test,0.4267678155691731
K361A,1.0061267556875546,1.00468955217049,train,0.0014372035170646669
K361C,0.542459917689303,0.984801900361742,test,0.44234198267243896
K361D,0.7342778824199818,0.942306435788385,test,0.2080285533684032
K361E,0.83366730039191,0.981582226577476,test,0.147914926185566
K361F,0.5352667252138514,0.965127028690151,test,0.42986030347629955
K361G,0.6936826859793797,0.996487976474896,test,0.3028052904955163
K361H,0.6592079750603508,1.00276657347234,test,0.3435585984119893
K361I,0.41600810117893583,0.95171695654312,test,0.5357088553641842
K361L,1.0137319172995884,0.986811636970663,test,0.02692028032892546
K361M,0.6112045771418158,0.993325231594814,test,0.38212065445299825
K361N,1.0919500712838481,0.975314290552348,test,0.11663578073150016
K361P,0.8669028273327488,0.999867198787943,test,0.13296437145519413
K361Q,0.6777674634604842,1.00516906400504,test,0.3274016005445557
K361R,1.197596038157145,0.98541976470055,test,0.21217627345659507
K361S,0.710752093709307,0.991212644358172,test,0.280460550648865
K361T,0.732075638083235,1.01897295142359,test,0.28689731334035495
K361V,0.4763866934726131,0.984445880527879,test,0.5080591870552659
K361W,0.3619210257299599,0.961321243112231,test,0.5994002173822711
K361Y,0.637483148640779,1.01757713744342,test,0.3800939888026409
K431A,0.9479593316403137,0.981212643812917,train,0.0332533121726033
K431C,0.2310498497801687,0.941930482666331,test,0.7108806328861622
K431D,0.7437587981825715,0.94704673889951,test,0.20328794071693845
K431E,1.244460783560868,0.996037764796982,test,0.24842301876388606
K431F,0.5757163760217965,0.984240269218277,test,0.4085238931964805
K431G,0.7837137840644275,1.00338501558074,test,0.21967123151631252
K431H,0.7630886888081847,1.01899910266794,test,0.2559104138597552
K431I,0.6828999274938192,0.970608653985897,test,0.2877087264920778
K431L,0.7296456772700164,0.97001920083862,test,0.24037352356860364
K431M,0.45727159278121987,0.978501167715827,test,0.5212295749346071
K431N,0.8031208524672231,1.01890442416062,test,0.2157835716933969
K431P,1.2460710897590348,1.01300304358682,test,0.23306804617221477
K431Q,1.099802534559369,1.00798652958209,test,0.09181600497727893
K431R,1.3792899233832385,0.975271508688881,test,0.4040184146943575
K431S,0.8402878850807547,0.995762127450113,test,0.15547424236935836
K431T,0.736076500858778,1.00097232089184,test,0.264895820033062
K431V,0.7399864461846655,0.994621736924851,test,0.25463529074018554
K431W,0.4215606818753945,1.02903495556317,test,0.6074742736877754
K431Y,0.5161235367176198,0.981353234421511,test,0.4652296977038912
K453A,0.9353817937170021,0.977440366485986,train,0.04205857276898384
K453C,0.5766952705356176,0.975128009662408,test,0.39843273912679034
K453D,0.5766952705356176,0.971220802454033,test,0.39452553191841533
K453E,0.5766952705356176,0.982600064906868,test,0.4059047943712504
K453F,0.5766952705356176,0.962112397013408,test,0.38541712647779036
K453G,0.5766952705356176,0.965944691436142,test,0.3892494209005244
K453H,0.5766952705356176,0.981282195295104,test,0.4045869247594863
K453I,0.5766952705356176,0.982968992945821,test,0.4062737224102033
K453L,0.5766952705356176,0.964361840939224,test,0.3876665704036063
K453M,0.5766952705356176,0.979266968014681,test,0.4025716974790634
K453N,0.5766952705356176,0.983268084057987,test,0.4065728135223694
K453P,0.5766952705356176,0.928076282400061,test,0.35138101186444337
K453Q,0.5766952705356176,0.981289534016874,test,0.4045942634812564
K453R,0.5766952705356176,0.986880466764937,test,0.41018519622931937
K453S,0.5766952705356176,0.982343000823366,test,0.40564773028774836
K453T,0.5766952705356176,0.969504374156996,test,0.39280910362137833
K453V,0.5766952705356176,0.987619482311793,test,0.41092421177617533
K453W,0.5766952705356176,0.961788889297731,test,0.38509361876211334
K453Y,0.5766952705356176,0.966483962300423,test,0.38978869176480535
K82A,-1.204822882835609,0.124399668510098,train,1.329222551345707
K82C,-0.7757319865912595,0.620384210751864,test,1.3961161973431235
K82D,-0.335086763610575,0.0569811947225527,test,0.3920679583331277
K82E,-0.31166286308056956,0.205536743363343,test,0.5171996064439126
K82F,-0.5198247973895211,0.657185612585283,test,1.177010409974804
K82G,-0.6563111741634164,0.119206026810315,test,0.7755172009737314
K82H,-0.5593235815657776,0.342683936513906,test,0.9020075180796836
K82I,-0.5498055719103829,0.0838072860724273,test,0.6336128579828102
K82L,-0.49526744999990036,0.225861484378333,test,0.7211289343782333
K82M,-0.6851641602632339,0.35265541336571,test,1.037819573628944
K82N,-0.6742152413872942,0.142454552160316,test,0.8166697935476102
K82P,-1.1762045446836369,0.13717217059922,test,1.3133767152828568
K82Q,-0.32226387147949853,0.234804490226893,test,0.5570683617063915
K82R,0.2109648114381992,0.758025239620788,test,0.5470604281825888
K82S,-0.3349825734725289,0.390613849673018,test,0.725596423145547
K82T,-0.27609324781442157,0.172688246096209,test,0.4487814939106306
K82V,-0.37238054236014295,0.117686418711436,test,0.49006696107157893
K82W,-0.25153276055049534,0.250267743079865,test,0.5018005036303603
K82Y,-0.23995400584553897,0.477040349755343,test,0.716994355600882
K98A,1.0458771426417475,1.02147239303836,train,0.024404749603387454
K98C,0.6319429449979912,0.945629164090723,test,0.31368621909273176
K98D,0.6319429449979912,0.863608729117475,test,0.2316657841194838
K98E,0.6319429449979912,0.626312325400889,test,0.005630619597102204
K98F,0.6319429449979912,0.957417203760589,test,0.32547425876259783
K98G,0.6319429449979912,0.985969316491402,test,0.35402637149341076
K98H,0.6319429449979912,0.986092824922571,test,0.3541498799245798
K98I,0.6319429449979912,0.733132308907336,test,0.10118936390934485
K98L,0.6319429449979912,0.94610561111301,test,0.31416266611501875
K98M,0.6319429449979912,0.981444282582733,test,0.3495013375847418
K98N,0.6319429449979912,1.01338947379076,test,0.38144652879276886
K98P,0.6319429449979912,0.149773297272973,test,0.4821696477250182
K98Q,0.6319429449979912,1.02543659505674,test,0.3934936500587487
K98R,0.6319429449979912,1.01437629108717,test,0.3824333460891789
K98S,0.6319429449979912,1.00077922582975,test,0.3688362808317589
K98T,0.6319429449979912,0.98816389312321,test,0.35622094812521876
K98V,0.6319429449979912,0.802097549354109,test,0.17015460435611784
K98W,0.6319429449979912,0.799828705123031,test,0.16788576012503975
K98Y,0.6319429449979912,0.951190282682515,test,0.31924733768452385
L105A,0.6354689079366966,0.857515408175272,train,0.22204650023857542
L105C,-0.030544058568068327,0.906926406399575,test,0.9374704649676433
L105D,-0.19260499888681062,0.877023246487954,test,1.0696282453747648
L105E,-0.0026047892207506085,0.876599709228335,test,0.8792044984490855
L105F,0.6804126021543897,0.708612963980243,test,0.028200361825853282
L105G,-0.16073258783677227,0.907455309372766,test,1.0681878972095382
L105H,0.11273181763427262,0.784206855110441,test,0.6714750374761683
L105I,0.6340005214147009,0.850338370776151,test,0.21633784936145017
L105K,-0.13379014730752184,0.858845631042333,test,0.9926357783498548
L105M,0.9229457429810213,0.995723744432299,test,0.07277800145127777
L105N,-0.01567219795255051,0.789924857746616,test,0.8055970556991665
L105P,0.08559630482696809,0.44703438503724,test,0.3614380802102719
L105Q,0.4658637545472215,0.91718362859126,test,0.4513198740440385
L105R,0.2100154550210462,0.716312904898743,test,0.5062974498776968
L105S,0.26475100504464355,0.837793368329721,test,0.5730423632850774
L105T,0.7240636118373469,0.848964820038165,test,0.12490120820081807
L105V,0.364795465778726,0.805392881311461,test,0.440597415532735
L105W,0.6829299534275595,0.764104052864052,test,0.08117409943649256
L105Y,0.4880312249321139,0.814542909262552,test,0.3265116843304381
L107A,0.9725763153851605,0.992066628201112,train,0.019490312815951483
L107C,0.6554678470030411,0.972820379804204,test,0.31735253280116293
L107D,0.5177030748489628,1.35397353338039,test,0.8362704585314271
L107E,0.07866466754816079,0.966027879341615,test,0.8873632117934542
L107F,0.5948397770702123,0.752679078537305,test,0.15783930146709269
L107G,0.5648834865338401,0.917623333364346,test,0.35273984683050585
L107H,0.20926258495899594,0.898837881526623,test,0.6895752965676271
L107I,0.6177479369537722,0.920149901108453,test,0.3024019641546808
L107K,-0.19168267473035241,1.07487583687069,test,1.2665585116010425
L107M,0.6010206516684093,0.966064491395328,test,0.3650438397269187
L107N,0.3890112879307168,0.798443496860033,test,0.4094322089293162
L107P,-0.18703051921432204,0.697594404614116,test,0.884624923828438
L107Q,0.297305322149086,0.910172391570576,test,0.6128670694214899
L107R,-0.19168267473035241,0.0813971012135003,test,0.2730797759438527
L107S,0.6624984971091721,0.900111410418234,test,0.23761291330906187
L107T,0.5127713237084202,0.959743354103463,test,0.44697203039504285
L107V,0.7391542668565829,0.93435775331472,test,0.19520348645813712
L107W,-0.19168267473035241,0.0637077217044959,test,0.2553903964348483
L107Y,0.5854137055633821,0.560077282031859,test,0.0253364235315231
L10A,-0.414324426424997,0.439586957256473,train,0.85391138368147
L10C,-0.09815783953538285,0.806278416795765,test,0.9044362563311478
L10D,-0.09815783953538285,0.492297829377969,test,0.5904556689133519
L10E,-0.09815783953538285,0.611841912378008,test,0.7099997519133908
L10F,-0.09815783953538285,0.957861137020911,test,1.056018976556294
L10G,-0.09815783953538285,0.422271224316696,test,0.5204290638520789
L10H,-0.09815783953538285,0.509653783723185,test,0.6078116232585679
L10I,-0.09815783953538285,0.767467893810722,test,0.8656257333461048
L10K,-0.09815783953538285,0.568167295307673,test,0.6663251348430558
L10M,-0.09815783953538285,0.8760082987138,test,0.9741661382491829
L10N,-0.09815783953538285,0.445622671163574,test,0.5437805106989568
L10P,-0.09815783953538285,0.728498676329851,test,0.8266565158652338
L10Q,-0.09815783953538285,0.695741163868643,test,0.7938990034040259
L10R,-0.09815783953538285,0.673331843430492,test,0.7714896829658748
L10S,-0.09815783953538285,0.623109841398514,test,0.7212676809338968
L10T,-0.09815783953538285,0.853499833801951,test,0.9516576733373339
L10V,-0.09815783953538285,0.725150192514695,test,0.8233080320500779
L10W,-0.09815783953538285,0.582213366801701,test,0.6803712063370838
L10Y,-0.09815783953538285,0.535004107472458,test,0.6331619470078408
L12A,0.5915273048296175,0.840415504062601,train,0.24888819923298355
L12C,0.4047680260919251,0.876810817162815,test,0.47204279107088987
L12D,0.4047680260919251,0.447952736493792,test,0.043184710401866944
L12E,0.4047680260919251,0.761775637621009,test,0.3570076115290839
L12F,0.4047680260919251,0.779694353859043,test,0.3749263277671179
L12G,0.4047680260919251,0.199362049535351,test,0.20540597655657408
L12H,0.4047680260919251,0.678808458981663,test,0.2740404328897379
L12I,0.4047680260919251,0.936676299595301,test,0.5319082735033759
L12K,0.4047680260919251,0.816058435138455,test,0.4112904090465299
L12M,0.4047680260919251,0.956086502828178,test,0.5513184767362529
L12N,0.4047680260919251,0.535088953773696,test,0.13032092768177095
L12P,0.4047680260919251,0.427311261415771,test,0.022543235323845945
L12Q,0.4047680260919251,0.825040637234271,test,0.42027261114234593
L12R,0.4047680260919251,0.720583683992793,test,0.31581565790086796
L12S,0.4047680260919251,0.622792684621897,test,0.21802465852997188
L12T,0.4047680260919251,0.824803522195323,test,0.42003549610339797
L12V,0.4047680260919251,0.939920209553026,test,0.5351521834611009
L12W,0.4047680260919251,0.775514128670475,test,0.3707461025785499
L12Y,0.4047680260919251,0.788642416811085,test,0.38387439071915996
L135A,0.9684543776365706,0.989552206698562,train,0.021097829061991424
L135C,0.2423115941117839,0.989290165314446,test,0.7469785712026621
L135D,0.425678171153405,0.99148724801229,test,0.565809076858885
L135E,0.36639974971653655,0.956544880790973,test,0.5901451310744364
L135F,0.19743233558128034,0.955271096313568,test,0.7578387607322876
L135G,0.542007052527677,0.994550056508179,test,0.45254300398050196
L135H,0.40773395371251664,0.985252535024923,test,0.5775185813124064
L135I,0.26804143925175805,0.983011896769809,test,0.714970457518051
L135K,0.7280343127720925,1.02373838364733,test,0.2957040708752374
L135M,0.32793298612880517,0.99450871340739,test,0.6665757272785848
L135N,0.4807508229699582,0.99422804404543,test,0.5134772210754718
L135P,0.21334262075891283,0.925578921033244,test,0.7122363002743312
L135Q,0.6415669560474135,1.02149730320238,test,0.37993034715496643
L135R,0.4852034281807043,1.00786085484983,test,0.5226574266691257
L135S,0.5524634604581393,1.01449317841724,test,0.46202971795910064
L135T,0.5897439441727144,0.989864372012579,test,0.4001204278398647
L135V,0.3246346001937621,0.993425650029245,test,0.6687910498354829
L135W,0.12811671979294312,0.968091588033038,test,0.8399748682400948
L135Y,0.3195190408854398,0.967185872469192,test,0.6476668315837522
L146A,0.9287032988253816,0.974146612884284,train,0.04544331405890234
L146C,0.6257328418900607,0.979559796144022,test,0.35382695425396127
L146D,0.11531745225619547,0.585765666808696,test,0.4704482145525005
L146E,0.804779362329876,0.667878165682736,test,0.13690119664714007
L146F,1.0257133922314445,0.9805526207621,test,0.045160771469344496
L146G,0.12085103343531786,0.816160883911897,test,0.6953098504765791
L146H,0.47619391820923895,0.962345798971632,test,0.486151880762393
L146I,1.0864797001291884,0.963165074275819,test,0.12331462585336939
L146K,0.5532450901433303,0.808002987343256,test,0.2547578971999257
L146M,1.4996101586592039,0.98452627769419,test,0.5150838809650139
L146N,0.11325411847653585,0.901029263054219,test,0.7877751445776832
L146P,0.3421320151895364,0.961684558120974,test,0.6195525429314376
L146Q,0.11743221813966828,0.960284467225005,test,0.8428522490853367
L146R,0.5953185451460266,0.0436976935658069,test,0.5516208515802197
L146S,0.6916757244814009,0.943070200044101,test,0.2513944755627001
L146T,0.960675192589153,0.959252291733098,test,0.0014229008560550094
L146V,0.9170565561951409,0.965753808670889,test,0.048697252475748076
L146W,0.6456427059928893,0.952188143498194,test,0.3065454375053047
L146Y,0.4308620327274346,0.940876295911392,test,0.5100142631839574
L150A,0.8011403782062441,0.924039330852267,train,0.12289895264602291
L150C,0.31919779288184746,0.924679070492189,test,0.6054812776103415
L150D,-0.3121502908712024,0.765411753434882,test,1.0775620443060845
L150E,-0.3121502908712024,0.733896734831982,test,1.0460470257031844
L150F,0.6175381394945447,0.911094836420578,test,0.29355669692603326
L150G,-0.3121502908712024,0.876197352549255,test,1.1883476434204574
L150H,-0.14607000874741585,0.800631775935051,test,0.9467017846824668
L150I,0.6394767887624291,0.923327258497029,test,0.28385046973459993
L150K,-0.02106105667711569,0.848990728082142,test,0.8700517847592577
L150M,0.9488726120690945,1.00425117758252,test,0.05537856551342557
L150N,-0.08886844069285951,0.81057923144766,test,0.8994476721405195
L150P,-0.3121502908712024,0.0264343521988371,test,0.3385846430700395
L150Q,-0.3121502908712024,0.940083608100797,test,1.2522338989719994
L150R,0.04715053672463318,0.781349031017245,test,0.7341984942926117
L150S,0.41140699664887426,0.904732787916645,test,0.49332579126777076
L150T,0.6727720421849523,0.911432789814055,test,0.2386607476291026
L150V,0.6928736063518943,0.882737955003419,test,0.18986434865152468
L150W,0.17538614989252485,0.77059029351722,test,0.5952041436246951
L150Y,0.28620484418772585,0.845584194317923,test,0.5593793501301971
L159A,0.8121029467546699,0.92663135399954,train,0.11452840724487012
L159C,0.6797094054008952,0.973495604825742,test,0.29378619942484685
L159D,0.46328310716482135,0.109294305830179,test,0.35398880133464233
L159E,0.2017984324177091,0.622597125834465,test,0.4207986934167559
L159F,1.1435466899236355,0.947895303817101,test,0.19565138610653454
L159G,0.804862273498901,0.803839424628775,test,0.0010228488701260474
L159H,0.2021421185048686,0.638154948627093,test,0.43601283012222436
L159I,0.6894633893845843,0.930320293519192,test,0.2408569041346077
L159K,0.2017984324177091,0.076978106142338,test,0.1248203262753711
L159M,1.25091701485629,0.954913325558969,test,0.296003689297321
L159N,0.20317955241442417,0.881162166401264,test,0.6779826139868398
L159P,0.8538461738147867,0.961972539344102,test,0.10812636552931532
L159Q,0.5198338646227059,0.749917242385844,test,0.23008337776313814
L159R,0.2017984324177091,0.10980970412989,test,0.0919887282878191
L159S,0.6827987255082768,0.856136021896144,test,0.1733372963878672
L159T,0.5674622780537131,0.948438757841853,test,0.38097647978814
L159V,0.6898765233449276,0.897320597125996,test,0.20744407378106844
L159W,0.2017984324177091,0.628054360603735,test,0.42625592818602587
L159Y,1.0446361942395115,0.85329729959403,test,0.19133889464548148
L169A,0.966937116843636,0.9904622656667,train,0.023525148823064
L169C,0.408815913283173,0.951247797715376,test,0.542431884432203
L169D,-0.22234753364187856,0.420511572219062,test,0.6428591058609405
L169E,0.2257845491113055,0.923140767138568,test,0.6973562180272624
L169F,0.3384940834887924,0.0987804208738857,test,0.2397136626149067
L169G,0.09809211642536184,0.966065964114159,test,0.8679738476887972
L169H,-0.06638232123202872,0.67962733745751,test,0.7460096586895387
L169I,0.6865603314059869,0.961320649704248,test,0.2747603182982611
L169K,0.05653684454326477,0.0685073537895141,test,0.01197050924624933
L169M,0.5681557620685511,0.757066668527495,test,0.18891090645894393
L169N,0.3111724344524258,0.960294393685533,test,0.6491219592331072
L169P,0.13151960446939157,0.111959196541031,test,0.01956040792836057
L169Q,0.41202354000359054,0.925064452436394,test,0.5130409124328035
L169R,0.38249989285882324,0.0563789559955268,test,0.32612093686329646
L169S,0.42090613018556655,0.909898659649004,test,0.4889925294634374
L169T,0.5772346988102386,0.939631621859914,test,0.3623969230496754
L169V,0.7978559570569013,0.947136604332856,test,0.1492806472759547
L169W,0.144555880680971,0.13369733057617,test,0.010858550104800996
L169Y,0.09885633831924309,0.102055819425421,test,0.003199481106177904
L171A,0.6618914320116491,0.868922516081716,train,0.20703108407006687
L171C,0.02152417430163453,0.905110057030972,test,0.8835858827293375
L171D,0.024775338637656324,0.354543316162028,test,0.3297679775243717
L171E,-0.11034931760113523,0.350835631452838,test,0.4611849490539732
L171F,0.6263740454981022,0.798592970850426,test,0.17221892535232386
L171G,-0.2725009693699054,0.84807960767872,test,1.1205805770486255
L171H,0.3154322378735406,0.746177884286011,test,0.4307456464124704
L171I,0.5080073790348567,0.913279734635224,test,0.40527235560036734
L171K,0.23098072877287,0.780010445431356,test,0.549029716658486
L171M,0.6266466208376105,0.9827803570923,test,0.3561337362546896
L171N,-0.0011326149466175661,0.781750800041608,test,0.7828834149882256
L171P,0.12482973406406803,0.655071182041477,train,0.5302414479774089
L171Q,0.37319178473391523,0.748416081729359,test,0.3752242969954438
L171R,0.469157179032609,0.604325964186054,test,0.135168785153445
L171S,0.45220399163956304,0.887460943723513,test,0.43525695208395
L171T,0.43770444291573773,0.784072993230111,test,0.3463685503143733
L171V,0.44981541927482627,0.778824032770739,test,0.3290086134959127
L171W,0.4225212026685943,0.180678577987796,test,0.24184262468079828
L171Y,0.5712966755390549,0.904855721862423,test,0.3335590463233681
L17A,-1.0238194833942778,0.196705217951003,train,1.2205247013452807
L17C,-0.40290536802002364,0.103295938045839,test,0.5062013060658627
L17D,-0.40290536802002364,0.0495966684572821,test,0.45250203647730575
L17E,-0.40290536802002364,0.0765312740260338,test,0.4794366420460574
L17F,-0.40290536802002364,0.742753332029162,test,1.1456587000491858
L17G,-0.40290536802002364,0.0915763185735765,test,0.49448168659360014
L17H,-0.40290536802002364,0.0574304587897872,test,0.46033582680981083
L17I,-0.40290536802002364,0.784311769774749,test,1.1872171377947727
L17K,-0.40290536802002364,0.0624629113718454,test,0.46536827939186903
L17M,-0.40290536802002364,0.706996960339912,test,1.1099023283599356
L17N,-0.40290536802002364,0.146560981413438,test,0.5494663494334616
L17P,-0.40290536802002364,0.0960810923295493,test,0.49898646034957295
L17Q,-0.40290536802002364,0.146222275737615,test,0.5491276437576387
L17R,-0.40290536802002364,0.0706376455410057,test,0.47354301356102935
L17S,-0.40290536802002364,0.0712897499626916,test,0.47419511798271524
L17T,-0.40290536802002364,0.0895952894371567,test,0.4925006574571803
L17V,-0.40290536802002364,0.505576253370835,test,0.9084816213908586
L17W,-0.40290536802002364,0.260664501213297,test,0.6635698692333206
L17Y,-0.40290536802002364,0.265137633233972,test,0.6680430012539956
L185A,0.7440453822179662,0.900529317259396,train,0.15648393504142977
L185C,0.2695428239119242,0.967797972254012,test,0.6982551483420878
L185D,-0.30684649806618025,0.48049784391339,train,0.7873443419795703
L185E,0.45408350437193223,0.823986682311095,test,0.3699031779391627
L185F,0.10720258214675235,0.600459515447996,test,0.49325693330124365
L185G,0.28550280370986525,0.879427347585586,test,0.5939245438757208
L185H,0.8160556069845393,0.931611282589651,train,0.11555567560511171
L185I,0.5018001310534437,0.943488236968478,test,0.44168810591503427
L185K,0.5847882506371185,0.993125585164602,test,0.40833733452748355
L185M,0.6598581546643352,0.980928720229968,test,0.32107056556563285
L185N,0.19095633804881837,0.906097722750056,test,0.7151413847012376
L185P,-0.06570901675504517,0.125745586606187,test,0.19145460336123218
L185Q,0.6839935310877052,0.986422025149094,test,0.30242849406138883
L185R,0.7186092916031945,0.979347995164993,test,0.2607387035617985
L185S,0.5991841823980664,0.97009468326744,test,0.3709105008693736
L185T,0.38822807764750533,0.974913113342668,test,0.5866850356951626
L185V,0.5602092988387717,0.939324535110225,test,0.37911523627145327
L185W,-0.09170045952304465,0.741928125632629,test,0.8336285851556736
L185Y,0.2340389610572242,0.69330653049686,test,0.45926756943963576
L204A,0.9344537697100199,0.976113909164134,train,0.041660139454114065
L204C,0.13020587946678683,0.978874511495752,test,0.8486686320289651
L204D,0.2164789775741138,1.07644897609528,test,0.8599699985211662
L204E,0.2898149160079495,0.961478338650318,test,0.6716634226423684
L204F,1.1001731154317496,1.03391890125243,test,0.06625421417931965
L204G,0.050843748195406685,0.966173847244952,test,0.9153300990495453
L204H,0.04752466056550217,0.968912501277684,test,0.9213878407121818
L204I,0.9470287794274397,1.01104709200156,test,0.06401831257412027
L204K,0.054964781568708626,1.01408642602682,test,0.9591216444581114
L204M,1.3452114307065044,1.01453142509245,test,0.3306800056140544
L204N,0.04752466056550217,0.979336297927208,test,0.9318116373617058
L204P,0.6429807465310595,0.983167414223188,test,0.34018666769212846
L204Q,0.04752466056550217,0.987876391355346,test,0.9403517307898438
L204R,0.5193019651833779,0.93237665554515,test,0.41307469036177213
L204S,0.46927296048198186,0.985076084974501,test,0.5158031244925192
L204T,0.8707078508005124,0.990376438546435,test,0.1196685877459226
L204V,0.7826638954280563,0.980967378275245,test,0.1983034828471888
L204W,0.8135891365494581,0.995553788219263,test,0.1819646516698049
L204Y,0.9151503891014328,1.00012339351049,test,0.0849730044090573
L210A,1.0133556394698273,1.00675972217654,train,0.0065959172932872345
L210C,0.2348765343621448,0.995030933298899,test,0.7601543989367542
L210D,0.25462670975264357,0.924297161773614,test,0.6696704520209704
L210E,0.9523438942246314,0.961222564226525,test,0.008878670001893574
L210F,0.430443006189148,0.988527383527911,test,0.558084377338763
L210G,0.2592693095721945,0.961428726748931,test,0.7021594171767365
L210H,0.5788004044255899,0.976678197447166,test,0.3978777930215761
L210I,0.47788405095339637,0.889948386051303,test,0.41206433509790663
L210K,0.6325411674750876,0.975924752424993,test,0.3433835849499054
L210M,0.6593120683029825,0.995002285221488,test,0.33569021691850554
L210N,0.3619539302834809,0.957182108206975,test,0.5952281779234941
L210P,0.02257979973808341,0.904350014824374,test,0.8817702150862906
L210Q,0.5562436183226189,1.00920632668293,test,0.45296270836031116
L210R,0.6764812086972734,0.989866966420548,test,0.3133857577232746
L210S,0.5317244990877981,1.01119837043972,test,0.479473871351922
L210T,0.4599343361405992,0.985058588980541,test,0.5251242528399418
L210V,0.5026651747409872,0.945859602479528,test,0.4431944277385409
L210W,0.11486501419693804,0.900525996428286,test,0.785660982231348
L210Y,0.6027966531295739,0.97259440162066,test,0.36979774849108615
L227A,0.8387498777647824,0.939026442338898,train,0.1002765645741156
L227C,0.42022096482482074,0.974780012169998,test,0.5545590473451772
L227D,0.38549773896395156,0.134249950920192,test,0.2512477880437596
L227E,0.28455220335926534,0.192382954555183,test,0.09216924880408234
L227F,0.7895495058698276,0.965017425835628,test,0.17546791996580036
L227G,0.67082797677391,0.813047565909885,test,0.142219589135975
L227H,0.3121040847898764,0.887000945166953,test,0.5748968603770767
L227I,1.0988113479999024,1.003847072118,test,0.09496427588190248
L227K,0.2502190296799116,0.0709606557208034,test,0.1792583739591082
L227M,0.7756365043647715,0.987911182457293,test,0.21227467809252154
L227N,0.22446221550045228,0.789993982149843,test,0.5655317666493906
L227P,0.15076170507617112,0.0421625525166727,test,0.10859915255949842
L227Q,0.27055636508304937,0.859161749113019,test,0.5886053840299696
L227R,0.6381846349405429,0.0976845937483104,test,0.5405000411922325
L227S,0.4913464974703239,0.933719983409651,test,0.4423734859393271
L227T,0.45913394491056825,0.938480178868858,test,0.4793462339582898
L227V,0.8495470549774733,0.991525241468374,test,0.14197818649090066
L227W,0.2584255875213517,0.909464632735554,test,0.6510390452142023
L227Y,0.3723304383524628,0.949670821411274,test,0.5773403830588112
L248A,-0.8087273051661359,0.281731997556282,train,1.0904593027224179
L248C,-0.7052192936737167,0.674899037536111,test,1.3801183312098277
L248D,-0.7251460542251518,0.0860755600804561,test,0.8112216143056079
L248E,-0.3850835195679705,0.118447781729328,test,0.5035313012972985
L248F,-0.9524858226005779,0.580706329939387,test,1.5331921525399648
L248G,-0.8892261636587573,0.0897021107873958,test,0.978928274446153
L248H,-0.585259352053402,0.0821248920095962,test,0.6673842440629981
L248I,-0.5048492071992887,0.762142389349965,test,1.2669915965492538
L248K,-0.34927975983895343,0.451228593722137,test,0.8005083535610904
L248M,-0.31311344552576004,0.903754710802011,test,1.216868156327771
L248N,-0.6224902546348685,0.316205488059085,test,0.9386957426939535
L248P,-1.0887177625482305,0.0420131868834434,test,1.130730949431674
L248Q,-0.30955859276909004,0.364175264897256,test,0.6737338576663461
L248R,-0.21852936839158968,0.505597391053198,test,0.7241267594447877
L248S,-0.553128976446885,0.075099266602247,test,0.6282282430491319
L248T,-0.6823580315896469,0.387520920611987,test,1.0698789522016339
L248V,-0.26439881812734023,0.656726687634877,test,0.9211255057622172
L248W,-1.0802357662684539,0.425785579170057,test,1.5060213454385107
L248Y,-0.5806332549022277,0.594310377070518,test,1.1749436319727458
L25A,-1.2707507933149687,0.0989745745336515,train,1.36972536784862
L25C,-0.8691959091501935,0.766387863814863,test,1.6355837729650564
L25D,-0.7748313838390082,0.185618579161688,test,0.9604499630006962
L25E,-0.374436969553537,0.0813780398473644,test,0.4558150094009014
L25F,-0.4645062906642552,0.0702973747446411,test,0.5348036654088963
L25G,-0.8174074786588299,0.0743890205868064,test,0.8917964992456363
L25H,-0.5942552147587221,0.107854395216794,test,0.7021096099755161
L25I,-0.2518791296274132,0.664390888216943,test,0.9162700178443562
L25K,-0.4967656145769064,0.106688313103803,test,0.6034539276807094
L25M,-0.7772908770038114,0.833246772376408,test,1.6105376493802193
L25N,-0.7155467411559051,0.0954149781675668,test,0.8109617193234719
L25P,-1.1267149239456395,0.0762844725038411,test,1.2029993964494807
L25Q,-0.5932483949939147,0.197743032804435,test,0.7909914277983496
L25R,-0.3343882995234375,0.077219806723112,test,0.41160810624654953
L25S,-0.5350235176506908,0.0724507558677046,test,0.6074742735183953
L25T,-0.14378571848669555,0.356340923454789,test,0.5001266419414846
L25V,-0.15214253745678466,0.460205601352263,test,0.6123481388090477
L25W,-0.7833467670169199,0.0763406750932623,test,0.8596874421101821
L25Y,-0.7006293745790522,0.109233623610666,test,0.8098629981897182
L260A,-1.3436342184801953,0.0679765848440539,train,1.4116108033242492
L260C,-0.23644303453007767,0.63806336176602,test,0.8745063962960976
L260D,-0.987407191459204,0.139473494888493,test,1.126880686347697
L260E,-0.9922418771623345,0.148170275520263,test,1.1404121526825974
L260F,0.5743484890234092,0.931714635693674,test,0.3573661466702648
L260G,-0.6776488833639178,0.0454377680980508,test,0.7230866514619686
L260H,-0.7893963795082033,0.104420664814058,test,0.8938170443222613
L260I,-0.138593573650345,0.730432448707811,test,0.869026022358156
L260K,-0.6371660129644383,0.183335867932956,test,0.8205018808973943
L260M,-0.32407681105266817,0.74690965933447,test,1.0709864703871381
L260N,-0.9923984604353027,0.0525529348999678,test,1.0449513953352705
L260P,-0.683014793033528,0.0467935477689828,test,0.7298083408025108
L260Q,-0.7839303756073324,0.069664071515467,test,0.8535944471227994
L260R,-0.9923182620101751,0.060678506309157,test,1.0529967683193322
L260S,-0.4135514938439846,0.131786259064109,test,0.5453377529080936
L260T,-0.6216766873654784,0.0728971641935808,test,0.6945738515590593
L260V,-0.028992349140094992,0.718544852817283,test,0.7475372019573779
L260W,-0.9887152671677437,0.0524070655302954,test,1.0411223326980392
L260Y,-0.3510618838917823,0.185991224024034,test,0.5370531079158163
L261A,-1.2432640265385408,0.110022677523957,train,1.3532867040624978
L261C,-0.6438181825203981,0.459401438060701,test,1.1032196205810991
L261D,-0.9386775567301837,0.145816574527268,test,1.0844941312574516
L261E,-0.5951643763015857,1.0756015965182,test,1.6707659728197857
L261F,-0.5626931956647458,0.716414574694512,test,1.279107770359258
L261G,-0.6914856916445904,0.0744062607698637,test,0.7658919524144541
L261H,-0.30324633136997714,0.0787152083051775,test,0.38196153967515467
L261I,-0.4706531883567997,0.920379831794263,test,1.3910330201510628
L261K,-0.6066060284690555,0.531074611828553,test,1.1376806402976085
L261M,-0.012101285724978511,0.960143731461974,test,0.9722450171869524
L261N,-0.9385840975198716,0.131538894787325,test,1.0701229923071967
L261P,-0.938594432445768,0.0871429736368128,test,1.0257374060825808
L261Q,-0.9386775567301837,0.611730790634886,test,1.5504083473650696
L261R,-0.8932324226840433,0.145679530374912,test,1.0389119530589555
L261S,-0.7300123242672603,0.152768070335574,test,0.8827803946028343
L261T,-0.43981063793576136,0.264405292114194,test,0.7042159300499553
L261V,-0.18549439231226497,0.778564514422633,test,0.9640589067348979
L261W,-0.9386775567301837,0.119752657346027,test,1.0584302140762107
L261Y,-0.7615096336398819,0.14126568741065,test,0.9027753210505318
L284A,0.84381169647607,0.941884465303594,train,0.09807276882752403
L284C,0.4611249332551999,0.955854346615475,test,0.4947294133602751
L284D,0.10680615051415263,0.103494787323172,test,0.003311363190980632
L284E,0.12148521895951411,0.723576790700813,test,0.6020915717412989
L284F,0.7454825363115807,0.902883142628663,test,0.1574006063170823
L284G,0.10680615051415263,0.816874329839061,test,0.7100681793249084
L284H,0.3657162229344386,0.90840760475931,test,0.5426913818248714
L284I,1.2574284717457653,0.962760570104412,test,0.29466790164135337
L284K,0.3028853467828767,0.788693892743558,test,0.48580854596068124
L284M,0.7270654360274411,0.959966430519583,test,0.23290099449214186
L284N,0.10680615051415263,0.881464382719375,test,0.7746582322052223
L284P,0.11372033960907732,0.16000997178884,test,0.046289632179762674
L284Q,0.10680615051415263,0.93620713258467,test,0.8294009820705174
L284R,0.10680615051415263,0.585348926468288,test,0.4785427759541353
L284S,0.31676558307009794,0.930373768284449,test,0.613608185214351
L284T,0.6834930289136876,0.928538176241179,test,0.24504514732749139
L284V,1.2303455640519234,0.990239459229836,test,0.24010610482208739
L284W,0.5835529025371142,0.0903742596950496,test,0.49317864284206464
L284Y,0.5383587436798398,0.961576791644901,test,0.42321804796506113
L314A,0.7019734353620077,0.884298639616201,train,0.1823252042541933
L314C,0.21842704267561228,0.962412133659128,test,0.7439850909835157
L314D,-0.19482825807137275,0.0584786462508866,test,0.25330690432225933
L314E,-0.19482825807137275,0.104201946703613,test,0.29903020477498576
L314F,0.44594941880932537,1.01269567398025,test,0.5667462551709246
L314G,-0.19482825807137275,0.0764820416645984,test,0.27131029973597115
L314H,0.3711301558039304,0.677441994934061,test,0.3063118391301306
L314I,0.6982354839120657,0.976474954151736,test,0.27823947023967033
L314K,-0.01376134774245344,0.0522871489220272,test,0.06604849666448065
L314M,1.146978774116177,0.995220155034004,test,0.15175861908217303
L314N,-0.19482825807137275,0.0949068085337125,test,0.28973506660508525
L314P,-0.039079558323146274,0.0462971141482499,test,0.08537667247139617
L314Q,0.06852064039899616,0.68245109023661,test,0.6139304498376138
L314R,0.21994524503019416,0.0602315018716212,test,0.15971374315857295
L314S,0.21815950779705925,0.229686811655341,test,0.01152730385828174
L314T,0.3224445683550188,0.647249739351435,test,0.32480517099641626
L314V,0.8804694762635619,0.949664171886994,test,0.06919469562343217
L314W,0.299853535406031,0.864291024569257,test,0.564437489163226
L314Y,0.3674252074284945,0.97572519829572,test,0.6082999908672255
L343A,0.8150003394013658,0.929468760039073,train,0.11446842063770712
L343C,0.5165045433778002,0.924264997029926,test,0.4077604536521259
L343D,0.5165045433778002,0.31977117389975,test,0.19673336947805015
L343E,0.5165045433778002,0.6645937871987,test,0.14808924382089983
L343F,0.5165045433778002,0.810263122530009,test,0.2937585791522088
L343G,0.5165045433778002,0.860924774311327,test,0.3444202309335268
L343H,0.5165045433778002,0.439911872859756,test,0.07659267051804414
L343I,0.5165045433778002,0.950319076275849,test,0.43381453289804883
L343K,0.5165045433778002,0.125983861638321,test,0.3905206817394792
L343M,0.5165045433778002,0.959664133432657,test,0.44315959005485683
L343N,0.5165045433778002,0.905848237611706,test,0.3893436942339058
L343P,0.5165045433778002,0.0455976369842771,test,0.47090690639352306
L343Q,0.5165045433778002,0.948625947406788,test,0.4321214040289878
L343R,0.5165045433778002,0.15607703815069,test,0.3604275052271102
L343S,0.5165045433778002,0.92904605600577,test,0.4125415126279698
L343T,0.5165045433778002,0.930588704019246,test,0.4140841606414458
L343V,0.5165045433778002,0.892853663842839,test,0.3763491204650389
L343W,0.5165045433778002,0.387928610303352,test,0.12857593307444815
L343Y,0.5165045433778002,0.896116383848379,test,0.37961184047057883
L374A,0.7801003064109582,0.914973181273368,train,0.13487287486240984
L374C,0.2921866288470649,0.966172426188109,test,0.673985797341044
L374D,0.5402126917021681,0.0793598073114478,test,0.4608528843907203
L374E,0.4882694244929191,0.0690302295081079,test,0.4192391949848112
L374F,0.23777770313727117,0.872088662514158,test,0.6343109593768868
L374G,0.6826016400560226,0.634840461974682,test,0.047761178081340616
L374H,0.4789266501857543,0.775406392828739,test,0.2964797426429847
L374I,0.8437692898375879,0.719487264455436,test,0.12428202538215194
L374K,0.5453926204702262,0.119767990286026,test,0.42562463018420016
L374M,0.4548321026809947,0.987158678190904,test,0.5323265755099092
L374N,0.43374846617954677,0.205885096761565,test,0.22786336941798177
L374P,0.2682315734055958,0.866085572443667,test,0.5978539990380712
L374Q,0.42067173668644275,0.660168908020089,test,0.23949717133364623
L374R,0.5438280523915522,0.0666827510048925,test,0.47714530138665967
L374S,0.5962973627746833,0.729452396090661,test,0.13315503331597778
L374T,0.7379560567133174,0.859751617772632,test,0.12179556105931455
L374V,0.8261655852854191,0.998465062288143,test,0.17229947700272397
L374W,0.5334900956638562,0.617795651892796,test,0.08430555622893976
L374Y,0.04440688228124376,0.750498924794404,test,0.7060920425131603
L383A,0.568326450666935,0.831115876696862,train,0.26278942602992705
L383C,0.16211731826361195,0.865492151885349,test,0.703374833621737
L383D,-0.4118952449540736,0.453334504349692,test,0.8652297493037656
L383E,-0.335123540161429,0.60117976764535,test,0.936303307806779
L383F,0.4973235167105521,0.71396864542549,test,0.2166451287149379
L383G,0.09900238105309153,0.634508789470726,test,0.5355064084176344
L383H,0.16101170113190186,0.803405526791985,test,0.6423938256600831
L383I,0.5537439599429244,0.965781208523832,test,0.4120372485809076
L383K,-0.4118952449540736,0.732492805849971,test,1.1443880508040447
L383M,0.5119072783072915,1.00014595558687,test,0.48823867727957837
L383N,0.09615201889513056,0.907325862236201,test,0.8111738433410705
L383P,-0.4118952449540736,0.484018589787524,test,0.8959138347415976
L383Q,-0.11036484399415716,0.831192875152651,test,0.9415577191468081
L383R,-0.4118952449540736,0.70278654931591,test,1.1146817942699836
L383S,0.07157679217997323,0.773731333767367,test,0.7021545415873938
L383T,0.3263361936645779,0.714099731539469,test,0.38776353787489115
L383V,0.5712150286879949,0.942600861818131,test,0.37138583313013607
L383W,-0.21986391354550452,0.672218702235709,test,0.8920826157812135
L383Y,0.46881094593378303,0.796776746812574,test,0.327965800878791
L390A,0.819985557710001,0.930587502637787,train,0.11060194492778597
L390C,0.7705197276927154,0.933840312832368,test,0.16332058513965264
L390D,0.13397525045571942,0.121071755683471,test,0.01290349477224842
L390E,0.13397525045571942,0.560255901687273,test,0.42628065123155356
L390F,0.8971927916692735,0.913318951091792,test,0.016126159422518493
L390G,0.3352471069792917,0.813266732874474,test,0.4780196258951823
L390H,0.6659056581086304,0.875028609177194,test,0.2091229510685636
L390I,1.0564138086161854,0.94921767997787,test,0.1071961286383154
L390K,0.13397525045571942,0.355456625348132,test,0.22148137489241257
L390M,1.2296632603999764,0.978499459071839,test,0.2511638013281374
L390N,1.120216747642094,0.667473246608876,test,0.4527435010332179
L390P,0.600665845582067,0.174208339734878,test,0.426457505847189
L390Q,1.4030740087857472,0.79635912430923,test,0.6067148844765172
L390R,0.13405455875610148,0.0879649988587356,test,0.04608955989736588
L390S,0.20574067948740168,0.82142906010303,test,0.6156883806156283
L390T,0.8510629224989052,0.844720766750162,test,0.0063421557487431945
L390V,0.9619958069504697,0.92142852191812,test,0.04056728503234974
L390W,0.7038832563091717,0.41307382420443,test,0.2908094321047417
L390Y,0.8108319272251523,0.9657192164201,test,0.15488728919494765
L410A,0.5369223396907861,0.818242982003206,train,0.28132064231241993
L410C,0.7546106135784114,0.948940410722778,test,0.1943297971443666
L410D,-0.18924353725932866,0.0723022909506321,test,0.26154582820996075
L410E,-0.3224790492441716,0.777445522012336,test,1.0999245712565076
L410F,0.4627169796884514,0.783936308517636,test,0.3212193288291846
L410G,-0.3224790492441716,0.759939068249872,test,1.0824181174940435
L410H,-0.13446653200846617,0.81973087971407,test,0.9541974117225361
L410I,0.783567790001414,0.991046236791398,test,0.20747844678998406
L410K,-0.3179984902656716,0.528363591560851,test,0.8463620818265226
L410M,0.7957066512583755,0.996043050783735,test,0.20033639952535953
L410N,0.4275541836436909,0.620735882777592,test,0.19318169913390104
L410P,-0.3224790492441716,0.0373155380085669,test,0.3597945872527385
L410Q,-0.3224790492441716,0.849492871261409,test,1.1719719205055807
L410R,-0.3224790492441716,0.0882267684045333,test,0.4107058176487049
L410S,0.18939877183773765,0.795543518626946,test,0.6061447467892083
L410T,0.30672901688981136,0.844601818436156,test,0.5378728015463446
L410V,0.6598604902269825,0.952386037766871,test,0.2925255475398886
L410W,0.2008381498179441,0.0523389505485221,test,0.148499199269422
L410Y,0.1218981951967921,0.205114607564644,test,0.0832164123678519
L424A,0.7956322755483682,0.920255495762326,train,0.12462322021395777
L424C,0.2582114610673629,0.941889788255486,test,0.683678327188123
L424D,0.885131813301437,0.865455654739245,test,0.01967615856219196
L424E,0.9019454179154802,0.921447398599446,test,0.019501980683965803
L424F,0.7935011273022095,1.00609323794728,test,0.21259211064507055
L424G,0.7775077317252179,0.861520817466554,test,0.08401308574133604
L424H,0.6553354015303785,0.872202476320014,test,0.21686707478963552
L424I,1.2875189517769152,0.983034521015201,test,0.3044844307617143
L424K,0.8582549128348222,0.865453332798513,test,0.00719841996369075
L424M,0.39233716185270606,0.97657385114189,test,0.5842366892891839
L424N,0.9344293470714564,0.900818918546846,test,0.03361042852461038
L424P,0.7234627778011269,0.916554874679788,test,0.19309209687866113
L424Q,0.8226297517851922,0.948052324822437,test,0.1254225730372448
L424R,1.0026110711229375,0.873282562292791,test,0.12932850883014646
L424S,0.8857142351770999,0.878233827046233,test,0.007480408130866922
L424T,0.7857526312086616,0.966891018595647,test,0.1811383873869854
L424V,1.4480281351114488,0.97770428458732,test,0.47032385052412884
L424W,0.2805905243603626,0.938431407238689,test,0.6578408828783264
L424Y,0.5454247474059575,0.921652592594344,test,0.3762278451883865
L433A,0.09028526409494272,0.640672229240947,train,0.5503869651460043
L433C,0.1541470057245877,0.664157430144671,test,0.5100104244200833
L433D,0.1541470057245877,0.0950755501895647,test,0.05907145553502299
L433E,0.1541470057245877,0.0734657180970823,test,0.0806812876275054
L433F,0.1541470057245877,0.92340844174641,test,0.7692614360218223
L433G,0.1541470057245877,0.154852931147033,test,0.0007059254224452971
L433H,0.1541470057245877,0.617360517468133,test,0.4632135117435453
L433I,0.1541470057245877,0.916912815786659,test,0.7627658100620712
L433K,0.1541470057245877,0.0847968580462145,test,0.0693501476783732
L433M,0.1541470057245877,0.908218613533238,test,0.7540716078086502
L433N,0.1541470057245877,0.0619831729352508,test,0.0921638327893369
L433P,0.1541470057245877,0.0687663943942834,test,0.08538061133030429
L433Q,0.1541470057245877,0.113363600014944,test,0.0407834057096437
L433R,0.1541470057245877,0.06100217986093,test,0.0931448258636577
L433S,0.1541470057245877,0.406708885592381,test,0.2525618798677933
L433V,0.1541470057245877,0.738688227857216,test,0.5845412221326283
L433W,0.1541470057245877,0.65865874112629,test,0.5045117354017022
L433Y,0.1541470057245877,0.895112125126395,test,0.7409651194018073
L455A,0.6553523837923627,0.865849584310693,train,0.21049720051833032
L455C,0.4366805655732977,0.865641268392968,test,0.42896070281967025
L455D,0.4366805655732977,0.805393891346143,test,0.3687133257728453
L455E,0.4366805655732977,0.806868696452034,test,0.37018813087873625
L455F,0.4366805655732977,0.960161166715368,test,0.5234806011420703
L455G,0.4366805655732977,0.839675836605422,test,0.4029952710321243
L455H,0.4366805655732977,0.845945711956277,test,0.4092651463829793
L455I,0.4366805655732977,0.958254069826973,test,0.5215735042536753
L455K,0.4366805655732977,0.868935121429512,test,0.4322545558562143
L455M,0.4366805655732977,0.946321921751474,test,0.5096413561781763
L455N,0.4366805655732977,0.865184045522566,test,0.4285034799492683
L455P,0.4366805655732977,0.829419006376537,test,0.3927384408032393
L455Q,0.4366805655732977,0.820069122273359,test,0.38338855670006133
L455R,0.4366805655732977,0.878270242565672,test,0.4415896769923743
L455S,0.4366805655732977,0.86274923954723,test,0.42606867397393233
L455T,0.4366805655732977,0.858057982797497,test,0.4213774172241993
L455V,0.4366805655732977,0.94487434787949,test,0.5081937823061923
L455W,0.4366805655732977,0.873150182967623,test,0.4364696173943253
L455Y,0.4366805655732977,0.821845885046234,test,0.3851653194729363
L464A,0.8560811501074534,0.94583932554613,train,0.08975817543867659
L464C,0.5370449487308433,0.999207807396976,test,0.4621628586661327
L464D,0.5370449487308433,1.00834502570025,test,0.4713000769694067
L464E,0.5370449487308433,1.00563264276636,test,0.4685876940355167
L464F,0.5370449487308433,1.01950330428335,test,0.4824583555525066
L464G,0.5370449487308433,1.00413588651433,test,0.46709093778348665
L464H,0.5370449487308433,1.0159978128305,test,0.47895286409965676
L464I,0.5370449487308433,1.00756549147492,test,0.4705205427440766
L464K,0.5370449487308433,1.01363791415027,test,0.47659296541942675
L464M,0.5370449487308433,0.995413608692308,test,0.4583686599614647
L464N,0.5370449487308433,1.01857565206077,test,0.48153070332992676
L464P,0.5370449487308433,0.97480315528263,test,0.43775820655178665
L464Q,0.5370449487308433,1.0249719137911,test,0.4879269650602567
L464R,0.5370449487308433,1.00049993645949,test,0.4634549877286467
L464S,0.5370449487308433,1.01060566082168,test,0.4735607120908367
L464T,0.5370449487308433,1.05426325111166,test,0.5172183023808168
L464W,0.5370449487308433,1.02816245862016,test,0.4911175098893168
L464Y,0.5370449487308433,1.01059990421545,test,0.4735549554846068
L70A,0.664428293763671,0.869316336721039,train,0.20488804295736807
L70C,0.2852867656999696,0.95961231197449,test,0.6743255462745205
L70D,0.4733107319985781,0.203634464784785,test,0.2696762672137931
L70E,0.604701773327897,0.69466522002696,test,0.08996344669906298
L70F,0.3426106701814764,0.947834515688104,test,0.6052238455066276
L70G,0.16129459712650826,0.430105756560447,test,0.26881115943393874
L70H,0.5243029410928568,0.773419928584628,test,0.24911698749177125
L70I,1.0568380626181997,1.02578100643051,test,0.031057056187689724
L70K,0.7982970181809719,0.921190049837431,test,0.12289303165645915
L70M,0.5414720063227045,0.988241119939654,test,0.4467691136169495
L70N,0.512079158084519,0.713890961970258,test,0.20181180388573905
L70P,0.03662052727646367,0.194390915032836,test,0.15777038775637234
L70Q,0.6515907819057538,0.998352203777845,test,0.34676142187209114
L70R,0.8730100140288692,0.850295916781366,test,0.022714097247503284
L70S,0.5809341880066732,0.796321119599545,test,0.2153869315928718
L70T,0.6539794784954693,0.955543130116804,test,0.3015636516213347
L70V,0.8431427813247587,1.01885369010665,test,0.17571090878189133
L70W,0.46506938431281,0.768802142594187,test,0.303732758281377
L70Y,0.4195618489675301,0.836046714864754,test,0.4164848658972239
L80A,0.381485055884186,0.756472400743431,train,0.374987344859245
L80C,0.020924592811842863,0.871577151568457,test,0.8506525587566142
L80D,0.618241072816706,0.244491558546015,test,0.37374951427069103
L80E,0.8945064314873175,0.834133829720106,test,0.06037260176721149
L80F,0.5314374953522407,0.901340171264362,test,0.3699026759121212
L80G,0.1411953099712215,0.445353269077655,test,0.3041579591064335
L80H,0.4399799961924462,0.832005099825704,test,0.3920251036332578
L80I,0.8670488157111567,1.02216333344594,test,0.15511451773478324
L80K,0.44484216875513494,0.685122895715272,test,0.24028072696013703
L80M,0.5146800772707902,0.993863181377335,test,0.47918310410654474
L80N,0.3659224715070104,0.693377469359459,test,0.3274549978524486
L80P,-0.34056028488210655,0.179371475657824,test,0.5199317605399305
L80Q,0.4502439538954246,0.861767377849089,test,0.41152342395366437
L80R,0.594639353206998,0.802662240754681,test,0.20802288754768294
L80S,0.369444027340714,0.82807050513457,test,0.458626477793856
L80T,0.6527120723524658,,,
L80V,0.7150240502104046,1.00182759299632,test,0.28680354278591547
L80W,0.1969890189261265,0.892408521283583,test,0.6954195023574564
L80Y,0.43500557553008545,0.89210213915827,test,0.4570965636281845
L89A,0.7576314136080098,0.90617884351183,train,0.1485474299038202
L89C,0.21358151875199757,0.915166121138953,test,0.7015846023869554
L89D,0.40730061831675735,0.700630395609823,test,0.29332977729306564
L89E,0.03625388621434064,0.664042282012782,test,0.6277883957984414
L89F,0.3357814061573523,0.78413950905644,test,0.44835810289908773
L89G,0.44302905920007185,0.829446989833,test,0.3864179306329282
L89H,0.3770749261947197,0.784984912521584,test,0.40790998632686426
L89I,0.6270487587929805,0.980512276418028,test,0.35346351762504746
L89K,-0.2730461618544415,0.936851228966131,test,1.2098973908205726
L89M,0.48504533738788447,0.979382456755564,test,0.49433711936767954
L89N,0.6263420388094614,0.837289708805624,test,0.21094766999616266
L89P,-0.058087270915566674,0.800586066204003,test,0.8586733371195696
L89Q,-0.10736759758196504,0.892534997844185,test,0.99990259542615
L89R,0.00340277634334038,0.158831786795321,test,0.15542901045198063
L89S,0.4169989541378103,0.886312078280374,test,0.46931312414256365
L89T,0.4736457837886727,0.817228216646401,test,0.34358243285772827
L89V,0.40490137519286784,0.90484109167384,test,0.49993971648097213
L89W,0.04478201013575253,0.07574949647476,test,0.030967486339007463
L89Y,0.035115067688864715,0.685550467922931,test,0.6504354002340662
M100A,1.0059306838067752,1.00555386295352,train,0.0003768208532552997
M100C,0.6119697155805033,0.982832514012489,test,0.37086279843198566
M100D,0.6119697155805033,0.986703690014784,test,0.3747339744342807
M100E,0.6119697155805033,0.984520970530605,test,0.3725512549501018
M100F,0.6119697155805033,1.01667783193729,test,0.4047081163567867
M100G,0.6119697155805033,0.975342736365393,test,0.36337302078488976
M100H,0.6119697155805033,0.956539314913669,test,0.34456959933316567
M100I,0.6119697155805033,0.965479933735173,test,0.35351021815466976
M100K,0.6119697155805033,0.947050170507186,test,0.3350804549266827
M100L,0.6119697155805033,0.98897891569196,test,0.37700920011145667
M100N,0.6119697155805033,0.981180884654724,test,0.3692111690742207
M100P,0.6119697155805033,0.989594315607637,test,0.3776246000271337
M100Q,0.6119697155805033,0.968831507364794,test,0.35686179178429067
M100R,0.6119697155805033,0.222699189050074,test,0.38927052653042926
M100S,0.6119697155805033,1.0059470686658,test,0.3939773530852968
M100T,0.6119697155805033,0.974244006128121,test,0.3622742905476177
M100V,0.6119697155805033,0.941294628601243,test,0.32932491302073974
M100W,0.6119697155805033,0.983982055552175,test,0.3720123399716717
M100Y,0.6119697155805033,0.997886488869379,test,0.38591677328887575
M109A,0.9849273498629227,0.994680651009397,train,0.009753301146474214
M109C,0.9665817750532828,0.984744915526034,test,0.01816314047275125
M109D,0.21262600494383596,0.976679209096114,test,0.7640532041522781
M109E,0.5640048321017124,0.964921980075738,test,0.40091714797402567
M109F,0.9491290797566532,1.53142401662556,test,0.5822949368689068
M109G,1.0172208571470638,0.951712972952507,test,0.06550788419455678
M109H,0.693810859327695,1.09404594025821,test,0.40023508093051485
M109I,1.718975644681277,0.896017390483072,test,0.8229582541982049
M109K,0.4204477029544085,1.13397235473116,test,0.7135246517767515
M109L,1.2495312996261048,0.970848347192478,test,0.27868295243362673
M109N,0.5706926384808317,0.972512334695261,test,0.40181969621442926
M109P,0.2095049804370037,0.146260273225392,test,0.06324470721161168
M109Q,0.7013549362743141,0.94137264190614,test,0.2400177056318259
M109R,0.43164808966105617,0.291472740775342,test,0.14017534888571415
M109S,0.9726034817213656,0.972680983367912,test,7.750164654640734e-05
M109T,0.9171105531006927,0.949729116111866,test,0.032618563011173274
M109V,1.532898657232953,0.966732369930862,test,0.5661662873020911
M109W,0.7048928675892767,0.139514875619819,test,0.5653779919694577
M109Y,0.8101484523720945,0.112077094761371,test,0.6980713576107236
M115A,1.2298731604751805,1.09495792338978,train,0.13491523708540054
M115C,0.5845392585795393,0.666558116378746,test,0.0820188577992067
M115D,0.006446802858118356,0.163404048047623,test,0.15695724518950466
M115E,0.006446802858118356,0.0757016327972394,test,0.06925482993912105
M115F,0.8560596791889392,0.457919328709172,test,0.3981403504797672
M115G,0.37525505765915823,0.97374168838841,test,0.5984866307292518
M115H,0.40828505427820594,1.31794768597306,test,0.909662631694854
M115I,0.8448222656626545,0.470193342303234,test,0.3746289233594205
M115K,0.006446802858118356,0.366636790521597,test,0.36018998766347865
M115L,1.0399772639970426,0.257239819778799,test,0.7827374442182435
M115N,0.3354476114347096,0.832884479839037,test,0.49743686840432744
M115P,0.26396341942645685,0.32894826448006,test,0.06498484505360314
M115Q,0.006446802858118356,0.712735284305795,test,0.7062884814476766
M115R,0.5922549270650668,0.104698201083138,test,0.4875567259819288
M115S,0.6867379276464518,0.945118266716339,test,0.2583803390698872
M115T,0.604913617655036,1.04962242803846,test,0.444708810383424
M115V,0.8496350716626584,0.657918946889666,test,0.19171612477299238
M115W,0.2585241520366426,0.104373955964896,test,0.15415019607174657
M115Y,0.42623913103549405,1.36123780263337,test,0.934998671597876
M123A,-0.034685073096666824,0.591314793567443,train,0.6259998666641098
M123C,-0.19932887522590795,0.871708364213668,test,1.071037239439576
M123D,-0.7120743231860407,0.104375288597956,test,0.8164496117839967
M123E,-0.7120743231860407,0.113105429299968,test,0.8251797524860087
M123F,-0.04483097143677986,0.854757208423609,test,0.8995881798603889
M123G,-0.529341591607732,0.585049444163413,test,1.114391035771145
M123H,-0.7120743231860407,0.19941526085015,test,0.9114895840361907
M123I,0.37646572957804714,0.927618109988015,test,0.5511523804099678
M123K,-0.7120743231860407,0.0893438036210692,test,0.8014181268071099
M123L,0.6299306243875689,1.0025740156822,test,0.3726433912946312
M123N,-0.7120743231860407,0.215106511102013,test,0.9271808342880536
M123P,-1.2443527190312407,0.109604378731187,train,1.3539570977624278
M123Q,-0.7120743231860407,0.541279707033303,test,1.2533540302193438
M123R,-0.7115126333672241,0.0642657778827291,test,0.7757784112499533
M123S,-0.6842621156283923,0.211824698563156,test,0.8960868141915483
M123T,-0.41216436359049413,0.562771522069643,test,0.9749358856601371
M123V,-1.7222421788948283e-05,0.832774858484759,test,0.8327920809065479
M123W,-0.15635075523217415,0.73765554897842,test,0.8940063042105941
M123Y,-0.3248668044752765,0.1528390398183,test,0.4777058442935765
M215A,-1.2389203446211619,0.111096761235373,train,1.350017105856535
M215C,-0.6510925924075435,0.7312054044318,test,1.3822979968393434
M215D,-1.3712692796422503,0.0578896948634946,test,1.429158974505745
M215E,-0.8341475271122529,0.0385196432332624,test,0.8726671703455153
M215F,-1.1505665784990542,0.0828190979012499,test,1.2333856764003042
M215G,-0.9083229468576277,0.0654615996531394,test,0.9737845465107671
M215H,-1.3711663876644982,0.47057086714145,test,1.841737254805948
M215I,-0.40399874694050086,0.694847186043218,test,1.098845932983719
M215K,-0.5815134582249148,0.112704132710405,test,0.6942175909353199
M215L,-0.11198212124888121,0.915987209781879,test,1.0279693310307603
M215N,-0.9503374679377135,0.0737537758772569,test,1.0240912438149703
M215P,-1.3649498401323237,0.122255784500018,test,1.4872056246323417
M215Q,-0.6746379964461899,0.509652824908241,test,1.184290821354431
M215R,-0.5554996514429893,0.0950094056689396,test,0.6505090571119289
M215S,-0.7497208424576731,0.0999866340605142,test,0.8497074765181873
M215T,-0.7782697696835104,0.0914895044355216,test,0.869759274119032
M215V,-0.43996239014291993,0.0719949886371711,test,0.5119573787800911
M215W,-1.3712692796422503,0.102831409185047,test,1.4741006888272974
M215Y,-1.0597793030974703,0.0863908420475666,test,1.1461701451450368
M30A,-0.7008854501659056,0.324661216369317,train,1.0255466665352226
M30C,-0.4232665495993675,0.611977599062237,test,1.0352441486616044
M30D,-0.9635389066218731,0.114810066373536,test,1.0783489729954092
M30E,-0.9635389066218731,0.0691905554651897,test,1.0327294620870628
M30F,-0.06691333565867444,0.999535765799534,test,1.0664491014582085
M30G,-0.48418930932486837,0.601584158378977,test,1.0857734677038455
M30H,-0.9635389066218731,0.231608326278727,test,1.1951472329006
M30I,0.015327875401709629,0.936980566084126,test,0.9216526906824164
M30K,-0.9635389066218731,0.159859377915932,test,1.1233982845378052
M30L,0.3972377093201904,1.02742178089599,test,0.6301840715757996
M30N,-0.9635389066218731,0.351595323667573,test,1.3151342302894462
M30P,-0.7161120850752487,0.146986436349215,test,0.8630985214244637
M30Q,-0.9635389066218731,0.512863949547005,test,1.4764028561688782
M30R,-0.7499119072270657,0.242338603680182,test,0.9922505109072477
M30S,-0.5984319543504701,0.256309254272632,test,0.8547412086231021
M30T,-0.39099682707468975,0.477873709643239,test,0.8688705367179288
M30V,0.06307546576114495,0.741214908299661,test,0.678139442538516
M30W,-0.9635389066218731,0.623701606952339,test,1.587240513574212
M30Y,-0.24658459814792513,0.617716262681044,test,0.8643008608289691
M311A,0.9332814570133838,0.976287512465145,train,0.04300605545176117
M311C,0.5676049382655497,0.962529379920511,test,0.3949244416549613
M311D,-0.02708999977269036,0.218130114480467,test,0.24522011425315737
M311E,0.1520255556912604,0.747560525574659,test,0.5955349698833986
M311F,0.9296881243772657,0.961724185512286,test,0.03203606113502033
M311G,0.04347572957045662,0.880645342733375,test,0.8371696131629184
M311H,-0.02708999977269036,0.919502895117005,test,0.9465928948896953
M311I,1.0791799736406749,0.958896293850016,test,0.1202836797906589
M311K,-0.02708999977269036,0.854517697623731,test,0.8816076973964213
M311L,1.1656459337137222,0.97366378384565,test,0.19198214986807216
M311N,0.17226000689228035,0.846131484407312,test,0.6738714775150316
M311P,0.14111219404048844,0.148413056816005,test,0.007300862775516559
M311Q,0.16660767644449256,0.930468344534988,test,0.7638606680904954
M311R,-0.004243411046974704,0.672054119683395,test,0.6762975307303697
M311S,0.5041402912597126,0.905527413533453,test,0.4013871222737404
M311T,0.48155573245013605,0.957959441441371,test,0.47640370899123496
M311V,0.7662096805831642,0.99124165917871,test,0.2250319785955458
M311W,0.8471514289286592,0.957034960878628,test,0.1098835319499688
M311Y,0.29665874346015664,0.95381156595317,test,0.6571528224930133
M325A,0.7292345725167848,0.894298200967186,train,0.16506362845040123
M325C,-0.09084408967940297,0.851987760050332,test,0.942831849729735
M325D,0.11159415702062267,0.709660649193344,test,0.5980664921727213
M325E,0.16464572302899347,0.76807408221235,test,0.6034283591833565
M325F,0.6640684603389848,0.869420104863029,train,0.2053516445240442
M325G,0.43227671080031604,0.812380979605187,test,0.3801042688048709
M325H,0.17992777045514805,0.875967764341122,test,0.6960399938859739
M325I,0.413826831228153,0.712796524450876,test,0.29896969322272304
M325K,-0.06049802966128473,0.833187327050296,test,0.8936853567115807
M325L,0.34044171155086667,0.80005711340029,test,0.4596154018494233
M325N,0.18550508604742097,0.879092712872516,test,0.693587626825095
M325P,0.4411871364493576,0.127938253360772,test,0.31324888308858556
M325Q,0.07760183409971352,0.834491073336922,test,0.7568892392372084
M325R,0.13497624316320886,0.630286174008031,test,0.4953099308448221
M325S,0.4244482310371891,0.898103101209865,test,0.47365487017267593
M325T,0.2296065854936453,0.845179165071095,test,0.6155725795774497
M325V,0.6126323457360952,0.551709345339042,test,0.06092300039705312
M325W,0.20569006904713324,0.821051427233413,test,0.6153613581862797
M325Y,0.39393927041526644,0.79855293997823,test,0.4046136695629635
M330A,-0.9081994310451005,0.24320582079442,train,1.1514052518395204
M330C,-0.6650478591812357,0.148719773844476,test,0.8137676330257116
M330D,-0.6090164809953629,0.136047692393316,test,0.7450641733886789
M330E,-0.7789660613281064,0.127461505402075,test,0.9064275667301814
M330F,-0.3162968259684742,0.0916779890423284,test,0.40797481501080257
M330G,-0.5759078110858853,0.118152707547944,test,0.6940605186338293
M330H,-0.6461738323914987,0.184205227276982,test,0.8303790596684807
M330I,-0.3757431412609058,0.0679142373246118,test,0.44365737858551757
M330K,-0.634989037863736,0.06354972121539,test,0.698538759079126
M330L,-0.0881196070174333,0.650051292813227,test,0.7381708998306603
M330N,-0.7096437616434235,0.629608091385586,test,1.3392518530290096
M330P,-0.5439443868172391,0.0970987562518367,test,0.6410431430690758
M330Q,-0.6991121402085587,0.685897981367141,test,1.3850101215756996
M330R,-0.6124298481647708,0.105569882436687,test,0.7179997306014577
M330S,-0.508218650557964,0.155614534211878,test,0.663833184769842
M330T,-0.3312114277527065,0.474805671864909,test,0.8060170996176155
M330V,-0.44349079398148006,0.0487460032208875,test,0.49223679720236757
M330W,-0.7418303576620742,0.0407358460594956,test,0.7825662037215698
M330Y,-0.3744765468835396,0.0671318801793277,test,0.4416084270628673
M342A,0.9021395011087929,0.964193424193586,train,0.06205392308479307
M342C,0.5600741242315121,0.989353307357263,test,0.42927918312575086
M342D,0.5600741242315121,0.128999659855954,test,0.4310744643755582
M342E,0.5600741242315121,0.594448059790242,test,0.03437393555872981
M342F,0.5600741242315121,0.678748486379024,test,0.11867436214751181
M342G,0.5600741242315121,0.934254096643134,test,0.3741799724116218
M342H,0.5600741242315121,0.859210716408732,test,0.2991365921772199
M342I,0.5600741242315121,0.932289022035086,test,0.37221489780357386
M342K,0.5600741242315121,0.140906067462441,test,0.41916805676907115
M342L,0.5600741242315121,0.955600184162941,test,0.39552605993142886
M342N,0.5600741242315121,0.946027774209079,test,0.38595364997756687
M342P,0.5600741242315121,0.108241271323042,test,0.45183285290847014
M342Q,0.5600741242315121,0.963362735932359,test,0.40328861170084684
M342R,0.5600741242315121,0.0471275680780466,test,0.5129465561534655
M342S,0.5600741242315121,0.965762235536808,test,0.4056881113052958
M342T,0.5600741242315121,0.954009970140155,test,0.39393584590864283
M342V,0.5600741242315121,0.957364228699904,test,0.39729010446839186
M342W,0.5600741242315121,0.667777610774001,test,0.10770348654248885
M342Y,0.5600741242315121,0.641815448784843,test,0.08174132455333083
M360A,0.9867126039737493,0.997639448856336,train,0.010926844882586773
M360C,0.3410768225620935,1.01655031347324,test,0.6754734909111466
M360D,0.5829692500057673,0.895123144465541,test,0.3121538944597737
M360E,0.4442862795580742,0.906426546655912,test,0.46214026709783784
M360F,0.7205292479257135,1.00261409150391,test,0.2820848435781964
M360G,0.46212310515181776,0.979220513849259,test,0.5170974086974413
M360H,0.6441036681768393,0.995144386810451,test,0.35104071863361175
M360I,1.0604500742793157,1.00852725787831,test,0.05192281640100571
M360K,0.5954621385703474,0.980101873932596,test,0.3846397353622486
M360L,0.9449155059398422,1.00602928990161,test,0.0611137839617677
M360N,0.38789126930756956,0.944761725153899,test,0.5568704558463294
M360P,0.507032512585077,0.133519813863638,test,0.373512698721439
M360Q,0.4808771539378822,1.06643013152052,test,0.5855529775826378
M360R,0.5311781443266843,0.955256959418018,test,0.4240788150913337
M360S,0.5343339016565449,0.992584140185876,test,0.4582502385293311
M360T,0.8432337236845797,0.985076977311989,test,0.14184325362740924
M360V,0.8516063345932452,0.973096823091599,test,0.12149048849835375
M360W,0.3814408111368903,0.970955309194669,test,0.5895144980577787
M360Y,0.5569895534408962,0.965065585995462,test,0.4080760325545658
M371A,0.39885970603677445,0.763851022743469,train,0.3649913167066946
M371C,-0.06901439667756362,0.858585101965202,test,0.9275994986427656
M371D,0.38406674447732914,0.0791037395321322,test,0.3049630049451969
M371E,-0.2633075237677083,0.162712267700569,test,0.4260197914682773
M371F,-0.26056378607605235,0.195493242916828,test,0.45605702899288036
M371G,-0.2633075237677083,0.0814163249743258,test,0.3447238487420341
M371H,0.1468101129899628,0.59814332662028,test,0.4513332136303172
M371I,0.7982673869537333,0.907335647824003,test,0.10906826087026966
M371K,0.37321158676542043,0.549244881207073,test,0.1760332944416526
M371L,0.8105766787736723,0.919097161950762,test,0.10852048317708962
M371N,0.22010838774286354,0.412442341177941,test,0.19233395343507745
M371P,-0.2633075237677083,0.142434654306358,test,0.40574217807406626
M371Q,0.524976867573608,0.769124742764768,test,0.2441478751911601
M371R,-0.2632038932900407,0.0804207601707792,test,0.3436246534608199
M371S,0.29981413252883926,0.579266253097414,test,0.2794521205685747
M371T,0.4754319176326216,1.04736166067788,test,0.5719297430452583
M371V,0.6104876873248182,0.870252884447569,test,0.2597651971227508
M371W,-0.2633075237677083,0.0573599489727003,test,0.3206674727404086
M371Y,0.1376826546376135,0.0637106954186783,test,0.07397195921893521
M376A,0.8811349639165063,0.95449977812246,train,0.07336481420595375
M376C,0.4648339534581447,0.975861137947309,test,0.5110271844891643
M376D,0.01840462472586621,0.8260061800426,test,0.8076015553167337
M376E,0.01840462472586621,0.886309122111785,test,0.8679044973859188
M376F,0.6494009244411687,0.91924222883127,test,0.26984130439010134
M376G,0.18748404258378157,0.905239853956934,test,0.7177558113731524
M376H,0.01840462472586621,0.800581794593347,test,0.7821771698674808
M376I,1.097363794813741,0.974922630571001,test,0.12244116424273987
M376K,0.02123888595644116,0.679006159259567,test,0.6577672733031258
M376L,1.517626393407116,0.947509209406066,test,0.5701171840010499
M376N,0.01840462472586621,0.892672163763918,test,0.8742675390380518
M376P,0.5741368258529975,0.320432890651233,test,0.25370393520176454
M376Q,0.40329857333828456,0.897023025111082,test,0.49372445177279745
M376R,0.19925542524495496,0.115294898457216,test,0.08396052678773896
M376S,0.3150426607138235,0.950104672993342,test,0.6350620122795185
M376T,0.8329413448077354,0.946947592445282,test,0.11400624763754663
M376V,1.0386575212357585,0.965456660258137,test,0.07320086097762146
M376W,0.01840462472586621,0.673418761507987,test,0.6550141367821207
M376Y,0.3289484153297393,0.839970299978146,test,0.5110218846484067
N111A,-1.106244624480819,0.164232816616893,train,1.270477441097712
N111C,-0.938381654142751,0.0474573857816966,test,0.9858390399244475
N111D,-0.6147277745474848,0.0493558194135615,test,0.6640835939610463
N111E,-0.40549685910838185,0.138480677740747,test,0.5439775368491289
N111F,-1.155095428606497,0.0915807380734579,test,1.2466761666799548
N111G,-0.45974187912135256,0.13853297800544,test,0.5982748571267926
N111H,-0.9751646705017716,0.154271610444695,test,1.1294362809464666
N111I,-0.8240281700731014,0.232830301049027,test,1.0568584711221283
N111K,-0.5398340033986064,0.0999021618816156,test,0.639736165280222
N111L,-1.155095428606497,0.177523151861243,test,1.33261858046774
N111M,-0.7824525556563013,0.0920143333945079,test,0.8744668890508093
N111P,-0.6545385198615665,0.268074060057826,test,0.9226125799193925
N111Q,-0.9032032912824792,0.108165321391565,test,1.0113686126740442
N111R,-0.6590697572629718,0.079284032023605,test,0.7383537892865768
N111S,-0.5729839693200274,0.0569726713527335,test,0.6299566406727609
N111T,-0.7219072710273575,0.102176275859687,test,0.8240835468870445
N111V,-1.155095428606497,,,
N111W,-0.975619384840029,0.0959299243297765,test,1.0715493091698054
N111Y,-0.8170193957822807,0.164812149264349,test,0.9818315450466297
N112A,0.9018795608776091,0.963772469028748,train,0.0618929081511389
N112C,0.49203913734339655,0.929092715861117,test,0.4370535785177204
N112D,0.45850897522444645,0.0736489601783849,test,0.38486001504606154
N112E,0.11574288160327148,0.0822238590866661,test,0.03351902251660538
N112F,0.4420765500551298,0.0797687544860485,test,0.3623077955690813
N112G,0.20872837523036855,1.10703357269207,test,0.8983051974617013
N112H,0.04769680308392685,0.465600341863998,test,0.41790353878007114
N112I,0.7865699499961767,1.04965590840481,test,0.26308595840863336
N112K,-0.17203171354815863,0.0505680840858952,test,0.22259979763405383
N112L,0.6198696617383168,0.124087106761118,test,0.4957825549771988
N112M,0.4297835150454852,0.144308617500604,test,0.2854748975448812
N112P,0.42611196208435165,0.0973549606300468,test,0.32875700145430486
N112Q,0.4332810634298767,0.969910637883431,test,0.5366295744535543
N112R,-0.17710809144620823,0.068252256241864,test,0.24536034768807224
N112S,0.4030217624339223,0.844660033108443,test,0.44163827067452066
N112T,0.8417121370692076,0.675520901259757,test,0.1661912358094506
N112V,0.7663172808593604,0.840361909023949,test,0.07404462816458868
N112W,0.24579338525587266,0.0816995687855043,test,0.16409381647036836
N112Y,0.47148169490011616,0.0578119460748885,test,0.41366974882522767
N142A,0.9211973442251791,0.971406625757236,train,0.05020928153205695
N142C,0.45658232165968937,0.942162237014609,test,0.4855799153549196
N142D,1.0337591952174405,0.963400366420732,test,0.07035882879670852
N142E,0.32304261528270684,1.02461010539175,test,0.7015674901090432
N142F,0.40611334188612713,0.770991647958536,test,0.3648783060724089
N142G,1.0212110841135191,0.994075764586591,test,0.02713531952692816
N142H,0.2307860186676207,0.926258330527038,test,0.6954723118594173
N142I,0.24147168278022432,0.745159113044966,test,0.5036874302647416
N142K,0.5359158075023285,0.670698991302669,test,0.1347831838003405
N142L,0.2306969243639385,0.641164526960829,test,0.4104676025968905
N142M,0.24119154841548449,0.914883454202573,test,0.6736919057870885
N142P,0.6285769667392802,0.946217583804218,test,0.31764061706493785
N142Q,0.2306969243639385,0.93526517576763,test,0.7045682514036915
N142R,0.333537355968738,0.71268716952361,test,0.379149813554872
N142S,0.8105497485781548,0.973876189165181,test,0.16332644058702628
N142T,1.0799602179014356,0.957601676315151,test,0.12235854158628456
N142V,0.23085650477282213,0.790384566839039,test,0.5595280620662169
N142W,0.2306969243639385,0.848966543344046,test,0.6182696189801075
N142Y,0.2306969243639385,0.905330053581778,test,0.6746331292178395
N192A,0.7183820197594277,0.890876648264842,train,0.1724946285054143
N192C,0.8803647646566566,0.95576812749691,train,0.0754033628402534
N192D,0.6427640392549916,0.859278972376324,train,0.2165149331213324
N192E,0.6193327566023432,0.889818768364351,test,0.2704860117620078
N192F,0.4161682782281806,0.769552710075118,train,0.35338443184693746
N192G,0.28643284065421004,0.717815142061903,train,0.43138230140769296
N192H,0.8946265458495752,0.962190856736698,train,0.06756431088712278
N192I,0.07646975723474789,0.766366497620988,test,0.68989674038624
N192K,0.07646975723474789,0.851701015216998,test,0.7752312579822501
N192L,0.6009578620150402,0.845493995129617,train,0.24453613311457678
N192M,0.9656426054455765,0.990332465128624,train,0.0246898596830476
N192P,-1.2961476716799807,0.0857426471310466,train,1.3818903188110272
N192Q,0.07646975723474789,0.951048784811087,test,0.8745790275763391
N192R,0.16306469572158797,0.670111125221323,train,0.507046429499735
N192S,0.755253395897874,0.905371191205317,train,0.15011779530744296
N192T,0.6771742591636565,0.873726086653421,train,0.19655182748976452
N192V,0.4891023903023919,0.800690803011457,train,0.3115884127090651
N192W,-0.6381052919688106,0.349274947335751,train,0.9873802393045616
N192Y,0.13796147218161245,0.576943281979827,test,0.43898180979821455
N198A,0.9124478502289295,0.969002878423264,train,0.056555028194334556
N198C,0.16267064878103607,1.03122722786549,test,0.8685565790844538
N198D,0.8233948751969222,0.938870485389854,test,0.11547561019293173
N198E,0.4440325962540592,0.905684202108746,test,0.4616516058546868
N198F,0.31833991952144003,0.908853356233914,test,0.5905134367124739
N198G,0.6146380276444325,1.00833764389618,test,0.39369961625174743
N198H,0.506541517729177,0.972011742577527,test,0.46547022484835
N198I,-0.183778580716129,0.0627164069667874,test,0.2464949876829164
N198K,0.11981206246913853,0.249609954602339,test,0.12979789213320048
N198L,0.1319886910821297,0.387247495750371,test,0.25525880466824125
N198M,-0.01633927990427189,0.936001574957547,test,0.9523408548618189
N198P,0.02399913609754087,0.0639677864204124,test,0.03996865032287153
N198Q,0.2264385060061451,0.878516246013953,test,0.6520777400078078
N198R,0.18641040715136523,0.160291927388106,test,0.026118479763259234
N198S,0.8249443811356343,1.00096163364844,test,0.17601725251280564
N198T,0.4759302040548634,0.927458543671667,test,0.4515283396168036
N198V,0.2426804244857423,0.124255618513186,test,0.11842480597255631
N198W,0.09031932901608705,0.46421116951372,test,0.3738918404976329
N198Y,0.08860531106638511,0.980030766925008,test,0.8914254558586229
N231A,0.4233835866925675,0.775875335448625,train,0.3524917487560575
N231C,-0.1424381848048009,0.847759938159879,test,0.9901981229646799
N231D,-0.15879966936470227,0.858933084454823,test,1.0177327538195253
N231E,-0.839054914424272,0.861480530371909,test,1.7005354447961811
N231F,-0.4540089779374632,0.0686971236417472,test,0.5227061015792104
N231G,-0.1086798334315178,0.6876508141935,test,0.7963306476250178
N231H,-0.06093872887494259,0.57891038754756,test,0.6398491164225025
N231I,-0.5564411607153701,0.55756435818149,test,1.11400551889686
N231K,-0.8389933795527129,0.0866540220910467,test,0.9256474016437596
N231L,-0.839054914424272,0.615106584232854,test,1.454161498657126
N231M,-0.37672295340257445,0.639212095286104,test,1.0159350486886785
N231P,-0.8653995050844487,0.261263418967476,train,1.1266629240519248
N231Q,-0.5453148226493816,0.769654322263185,test,1.3149691449125664
N231R,-0.839054914424272,0.0928075291681317,test,0.9318624435924038
N231S,-0.11480826546398662,0.79754525396629,test,0.9123535194302765
N231T,-0.2595511509252162,0.683461849064423,test,0.9430129999896392
N231V,-0.39718858192226913,0.433084852077766,test,0.8302734340000351
N231W,-1.2454297104509588,0.109684321019762,train,1.3551140314707208
N231Y,-1.18216225214082,0.135021623495479,train,1.317183875636299
N254A,0.2451064989508802,0.70236797291147,train,0.4572614739605898
N254C,0.23155762315255554,0.96419475581095,test,0.7326371326583945
N254D,0.23155762315255554,0.881035111991586,test,0.6494774888390304
N254E,0.23155762315255554,0.804039198371781,test,0.5724815752192254
N254F,0.23155762315255554,0.960386507240895,test,0.7288288840883395
N254G,0.23155762315255554,0.477567453031036,test,0.24600982987848044
N254H,0.23155762315255554,0.890515812512478,test,0.6589581893599225
N254I,0.23155762315255554,0.729179272385385,test,0.4976216492328295
N254K,0.23155762315255554,0.0862817458447967,test,0.14527587730775884
N254L,0.23155762315255554,0.903670757399088,test,0.6721131342465324
N254M,0.23155762315255554,0.899753912380822,test,0.6681962892282665
N254P,0.23155762315255554,0.213817221834716,test,0.01774040131783955
N254Q,0.23155762315255554,0.714020811805413,test,0.4824631886528574
N254R,0.23155762315255554,0.0526568734979133,test,0.17890074965464225
N254S,0.23155762315255554,0.765011246436395,test,0.5334536232838394
N254T,0.23155762315255554,0.626919786123759,test,0.3953621629712034
N254V,0.23155762315255554,0.608899830276391,test,0.3773422071238355
N254W,0.23155762315255554,0.864368076363435,test,0.6328104532108795
N254Y,0.23155762315255554,0.973133911161352,test,0.7415762880087964
N282A,0.5829285275064044,0.835180956484261,train,0.2522524289778566
N282C,0.7506839248529651,0.873346459772056,test,0.12266253491909096
N282D,0.30577224918239954,0.302663544885129,test,0.003108704297270559
N282E,0.30577224918239954,0.693650832183867,test,0.3878785830014675
N282F,1.0444834126451743,0.883299544403829,test,0.16118386824134534
N282G,0.7442431475294142,0.706118842385639,test,0.03812430514377518
N282H,1.1055294955623685,0.965068246459598,test,0.14046124910277047
N282I,0.9635889603226084,0.866740853287558,test,0.09684810703505042
N282K,0.7962192845572609,0.788105577101595,test,0.008113707455665864
N282L,1.1119285060779622,0.916626639677129,test,0.19530186640083325
N282M,0.997895014263319,0.873547506635278,test,0.12434750762804092
N282P,0.6191239136686988,0.1897487518533,test,0.4293751618153988
N282Q,1.7040810599359533,0.931751945441249,test,0.7723291144947043
N282R,0.7266223923119355,0.848407129833976,test,0.12178473752204055
N282S,0.49770691744995044,0.86700640919737,test,0.3692994917474196
N282T,1.4308842276662161,0.815460233125095,test,0.6154239945411212
N282V,1.25218285235539,0.814368490148497,test,0.43781436220689296
N282W,0.30577224918239954,0.790976563745078,test,0.48520431456267843
N282Y,0.9592728622580873,0.845888363813398,test,0.11338449844468923
N372A,0.6490446752476424,0.863823150811434,train,0.2147784755637916
N372C,0.08934164778128892,0.770011305880343,test,0.6806696580990541
N372D,0.5081165920719453,0.706698626631756,test,0.19858203455981072
N372E,0.27764219016726677,0.984548761565138,test,0.7069065713978713
N372F,0.22468095293674015,0.796916001651007,test,0.5722350487142668
N372G,0.4051665908876092,0.815485906859996,test,0.4103193159723868
N372H,0.6907614406789755,0.844208031980709,test,0.15344659130173355
N372I,0.21413490381646813,0.637816879132143,test,0.42368197531567486
N372K,0.32967962583555876,0.931487777082041,test,0.6018081512464822
N372L,-0.3108038894400498,0.659010597300824,test,0.9698144867408738
N372M,0.08628164587996398,0.673974080334519,test,0.587692434454555
N372P,-0.13523906805447908,0.0687813070513152,test,0.2040203751057943
N372Q,0.4147646852957958,0.787960480581651,test,0.3731957952858552
N372R,0.38610740833898904,0.77647785786436,test,0.3903704495253709
N372S,0.6430713692622401,0.905751343689131,test,0.26267997442689095
N372T,0.6219738406683308,0.856326077123518,test,0.2343522364551872
N372V,0.19538450494914958,0.8417352427962,test,0.6463507378470504
N372W,0.4943333997465824,0.638411745233025,test,0.1440783454864426
N372Y,0.525546457557257,0.608025348184133,test,0.08247889062687597
N382A,0.6183804510241091,0.85061833189439,train,0.23223788087028086
N382C,0.1405859686204198,0.915443837207014,test,0.7748578685865942
N382D,0.21508390751610548,0.555922543643266,test,0.3408386361271605
N382E,0.42224105187049576,0.780482876457934,test,0.35824182458743825
N382F,0.4029467360577914,0.80183887567921,test,0.39889213962141856
N382G,0.2759995405044957,0.757924257102232,test,0.4819247165977363
N382H,0.33170723430604343,0.856275140547063,test,0.5245679062410196
N382I,0.5660885621846055,0.822947196053847,test,0.25685863386924157
N382K,0.346249557337585,0.749478555561338,test,0.403228998223753
N382L,0.5079212983876025,0.855848414917705,test,0.34792711653010255
N382M,0.2529849529521815,0.83913091515824,test,0.5861459622060585
N382P,-0.45826705738087736,0.657568960830798,test,1.1158360182116753
N382Q,0.29717685004614114,0.7430400374372,test,0.4458631873910589
N382R,0.4198445479907267,0.755205080040728,test,0.33536053205000127
N382S,0.2839247487609764,0.811260548338418,test,0.5273357995774416
N382T,0.5699789329120206,0.923009789535354,test,0.35303085662333333
N382V,0.47852140264969933,0.850737306040563,test,0.37221590339086363
N382W,-0.27072958220740895,0.715771303115926,test,0.9865008853233349
N382Y,0.3288950397640338,0.651478780835079,test,0.32258374107104526
N385A,0.7730507504220523,0.911070587876078,train,0.13801983745402568
N385C,0.7538347671836043,0.928863277929006,test,0.1750285107454017
N385D,1.0375802630373443,0.953914147404059,test,0.0836661156332853
N385E,0.9463137672820594,0.921302067972013,test,0.02501169931004643
N385F,0.6583808069419625,0.881245930087608,test,0.22286512314564544
N385G,0.7750339562432444,0.95988925422784,test,0.18485529798459555
N385H,1.8587295665520964,0.974053054396376,test,0.8846765121557204
N385I,0.7767995249677206,0.827652151838504,test,0.0508526268707834
N385K,0.9471358015561819,0.893369454816065,test,0.05376634674011693
N385L,0.7914622751382645,0.826883762977881,test,0.03542148783961652
N385M,0.7136858638865349,0.911410869263392,test,0.1977250053768571
N385P,1.092654550328522,0.779841504176018,test,0.31281304615250405
N385Q,0.7945893761164655,0.941104118469131,test,0.14651474235266548
N385R,0.8623467259759672,0.855085095551239,test,0.0072616304247281604
N385S,1.1108461502459692,0.953893754869819,test,0.15695239537615024
N385T,1.2741063057573137,0.972742871335412,test,0.3013634344219016
N385V,0.8214287547148651,0.876409955584443,test,0.05498120086957792
N385W,0.23691618855953475,0.856548172440201,test,0.6196319838806662
N385Y,0.7216560969408292,0.855375870846647,test,0.1337197739058178
N387A,0.732504303744203,0.896807165682329,train,0.16430286193812604
N387C,-0.007725950819694988,0.862196802267681,test,0.869922753087376
N387D,1.0979002669020825,0.946719886493035,test,0.15118038040904758
N387E,0.7127337790512958,0.663808553090549,test,0.04892522596074678
N387F,-0.007725950819694988,0.605298833978651,test,0.613024784798346
N387G,0.5919858694971276,0.94133025248323,test,0.3493443829861024
N387H,0.5170307149163855,0.760144482233674,test,0.2431137673172885
N387I,0.14096381607135086,0.565507370519092,test,0.42454355444774106
N387K,0.3451526348933649,0.812189108671365,test,0.46703647377800006
N387L,0.14660187138422628,0.611542634948625,test,0.46494076356439873
N387M,-0.007725950819694988,0.713609507250251,test,0.7213354580699459
N387P,0.5061368800994843,0.763046599913312,test,0.2569097198138277
N387Q,0.5868841082331444,0.738054197449448,test,0.1511700892163036
N387R,0.491975658941479,0.846151810235257,test,0.354176151293778
N387S,0.6656869397669232,0.906137679238001,test,0.24045073947107787
N387T,0.3134715303123501,0.830550942074521,test,0.5170794117621709
N387V,-0.007725950819694988,0.582800739677916,test,0.590526690497611
N387W,-0.007725950819694988,0.661539443469078,test,0.669265394288773
N387Y,0.19934095362121582,0.632817163977015,test,0.4334762103557992
N54A,0.313770842513833,0.730072820579917,train,0.41630197806608393
N54C,-0.3717858743894833,0.637735261903049,test,1.0095211362925323
N54D,-0.09408339654527145,0.818273786131209,test,0.9123571826764805
N54E,0.034486728759809376,0.617903137174781,test,0.5834164084149716
N54F,0.41310312500742064,0.693591975551174,test,0.2804888505437534
N54G,0.14749005873227736,0.693591339594057,test,0.5461012808617797
N54H,-0.05474163811248081,0.759279509303979,test,0.8140211474164598
N54I,0.062435768188891155,0.667336810359084,test,0.6049010421701928
N54K,0.14094884616045908,0.718765789531138,test,0.5778169433706789
N54L,0.1818753970910729,0.715604778329123,test,0.53372938123805
N54M,-0.20005265661454422,0.618419863893045,test,0.8184725205075892
N54P,0.27440246832906134,0.141438959781991,test,0.13296350854707034
N54Q,0.12422781285359383,0.71782729632387,test,0.5935994834702761
N54R,0.20323172797325403,0.709674668560857,test,0.506442940587603
N54S,0.3612920070728618,0.699807094732918,test,0.3385150876600562
N54T,0.17362265458669787,0.621629261253364,test,0.44800660666666614
N54V,0.09811539531994048,0.586463628550697,test,0.4883482332307565
N54W,0.4836855469682104,0.796284594033107,train,0.3125990470648966
N54Y,0.07225968435656702,0.651563208091914,test,0.579303523735347
N93A,1.011291221599673,1.00764874680389,train,0.0036424747957830572
N93C,0.4546157277050644,0.991983986457033,test,0.5373682587519686
N93D,0.7848347967743365,0.999617777426855,test,0.21478298065251844
N93E,0.7097606663207967,0.98099787098033,test,0.27123720465953327
N93F,0.22368245501648396,0.921594085848768,test,0.697911630832284
N93G,0.953220551786415,1.04114977787381,test,0.08792922608739495
N93H,0.40534500505514237,0.989372367669573,test,0.5840273626144307
N93I,0.278431921385107,0.259233735506154,test,0.019198185878953
N93K,0.66572794308124,0.868763424306084,test,0.20303548122484405
N93L,0.3729863698433362,0.874415488842386,test,0.5014291189990497
N93M,0.10038141906114426,0.91480175705328,test,0.8144203379921358
N93P,0.34992438870241993,1.00080078931561,test,0.65087640061319
N93Q,0.5831869628890656,1.01461547231214,test,0.43142850942307454
N93R,0.6756288322677866,0.880347778336174,test,0.20471894606838736
N93S,0.907126260946501,0.997957644795161,test,0.09083138384866007
N93T,0.5685481044590295,0.991366507125491,test,0.42281840266646153
N93V,0.4160166822866278,0.504258157245451,test,0.08824147495882317
N93W,0.18395801366495654,0.125221544481909,test,0.058736469183047535
N93Y,0.39913305699450397,0.954238846705416,test,0.5551057897109121
N9A,0.49331530196073614,0.801278349782674,train,0.30796304782193784
N9C,0.35566202465748487,0.773482986958229,test,0.41782096230074417
N9D,0.35566202465748487,0.970337265286374,test,0.6146752406288891
N9E,0.35566202465748487,0.734008380185994,test,0.37834635552850915
N9F,0.35566202465748487,0.739799717303281,test,0.3841376926457961
N9G,0.35566202465748487,0.600145105058145,test,0.24448308040066014
N9H,0.35566202465748487,0.779106112236577,test,0.42344408757909213
N9I,0.35566202465748487,0.0988892349711395,test,0.25677278968634537
N9K,0.35566202465748487,0.727914694337057,test,0.37225266967957216
N9L,0.35566202465748487,0.396829681149641,test,0.041167656492156146
N9M,0.35566202465748487,0.716624103860698,test,0.3609620792032131
N9P,0.35566202465748487,0.397654160821333,test,0.041992136163848115
N9Q,0.35566202465748487,0.826419152149361,test,0.47075712749187615
N9R,0.35566202465748487,0.757554815605999,test,0.40189279094851416
N9S,0.35566202465748487,0.743063492415726,test,0.38740146775824114
N9T,0.35566202465748487,0.478654737207138,test,0.12299271254965316
N9V,0.35566202465748487,0.544942329373327,test,0.18928030471584212
N9W,0.35566202465748487,0.125985889090758,test,0.22967613556672686
N9Y,0.35566202465748487,0.608420411032516,test,0.2527583863750311
P129A,-1.1607960007811398,0.142493492226424,train,1.3032894930075638
P129C,-0.7945222950108348,0.200465071564036,test,0.9949873665748709
P129D,-0.49676709563286514,0.216078782901852,test,0.7128458785347171
P129E,-0.7508934869792048,0.0532407734944331,test,0.8041342604736379
P129F,-1.046169211484021,0.0851753834742654,test,1.1313445949582865
P129G,-0.5123663077609384,0.26375894762458,test,0.7761252553855185
P129H,-0.796259773523732,0.0828527207766473,test,0.8791124943003793
P129I,-1.1484284066267845,0.0739712991731456,test,1.22239970579993
P129K,-0.8770794735109326,0.0865203633482188,test,0.9635998368591514
P129L,-0.8528421533666577,0.0547965805383881,test,0.9076387339050458
P129M,-1.2146204667548994,0.0515001998248556,test,1.266120666579755
P129N,-0.6883599291542379,0.119398641909193,test,0.807758571063431
P129Q,-0.9227171638663954,0.0658128218537344,test,0.9885299857201297
P129R,-0.732564386856225,0.0588855368847804,test,0.7914499237410054
P129S,-0.3586578246529324,0.361979353280086,test,0.7206371779330184
P129T,-0.4395133182815447,0.104364950042819,test,0.5438782683243637
P129V,-0.9943568857346026,0.123458054941011,test,1.1178149406756135
P129W,-1.2146204667548994,0.183306609071632,test,1.3979270758265314
P129Y,-1.0466954303501577,0.0455734920649053,test,1.092268922415063
P139A,0.9756298884148127,0.993489967176014,train,0.017860078761201326
P139C,0.14022938156541562,0.99317533073864,test,0.8529459491732243
P139D,-0.14747057251624332,0.638069501740984,test,0.7855400742572273
P139E,-0.14747057251624332,0.396187103864944,test,0.5436576763811873
P139F,-0.14747057251624332,0.0400424016442295,test,0.18751297416047283
P139G,0.0628743203401749,0.523924080754896,test,0.4610497604147211
P139H,-0.147304430954917,0.599905438601095,test,0.747209869556012
P139I,-0.14747057251624332,0.931134127071456,test,1.0786046995876994
P139K,-0.14747057251624332,0.592100995465234,test,0.7395715679814773
P139L,-0.13136619737841818,0.530922792757694,test,0.6622889901361122
P139M,-0.04106484918351219,0.069934654765026,test,0.11099950394853819
P139N,-0.14738252459048587,0.916879303691748,test,1.0642618282822338
P139Q,0.2565434396227142,0.530222591363403,test,0.2736791517406888
P139R,0.04995338748525688,0.288625377273746,test,0.2386719897884891
P139S,0.38921561798308324,0.980616873385138,test,0.5914012554020548
P139T,0.14832646257949753,0.982952911248776,test,0.8346264486692785
P139V,0.10715639088447679,0.977912058771607,test,0.8707556678871302
P139W,-0.14747057251624332,0.034157761152671,test,0.18162833366891432
P139Y,-0.14747057251624332,0.149875206918954,test,0.29734577943519735
P153A,0.9100513279586029,0.96734626070046,train,0.05729493274185715
P153C,0.5640300376564154,0.972083444891864,test,0.4080534072354487
P153D,0.5640300376564154,0.980256316340586,test,0.4162262786841706
P153E,0.5640300376564154,0.989649638392566,test,0.4256196007361507
P153F,0.5640300376564154,0.871574826253981,test,0.3075447885975656
P153G,0.5640300376564154,0.995762918495315,test,0.4317328808388996
P153H,0.5640300376564154,0.972407208068094,test,0.40837717041167865
P153I,0.5640300376564154,0.841487117769435,test,0.2774570801130196
P153K,0.5640300376564154,0.984604456005573,test,0.42057441834915765
P153L,0.5640300376564154,0.887027173016241,test,0.32299713535982566
P153M,0.5640300376564154,0.928317597541554,test,0.3642875598851386
P153N,0.5640300376564154,0.975340776923343,test,0.4113107392669276
P153Q,0.5640300376564154,0.985015729091435,test,0.4209856914350196
P153R,0.5640300376564154,0.977963477483634,test,0.41393343982721864
P153S,0.5640300376564154,0.977138901252463,test,0.4131088635960477
P153T,0.5640300376564154,0.970257173762874,test,0.40622713610645866
P153V,0.5640300376564154,0.89609809572431,test,0.33206805806789463
P153W,0.5640300376564154,0.885438643274648,test,0.3214086056182327
P153Y,0.5640300376564154,0.925419605367932,test,0.36138956771151665
P167A,0.7282389974186934,0.895401828085383,train,0.1671628306666897
P167C,-0.0037538565254313927,0.378977867560786,test,0.38273172408621736
P167D,-0.08340115780902371,0.333446430762781,test,0.4168475885718047
P167E,-0.2675574256424109,0.0969576668417062,test,0.3645150924841171
P167F,-0.2675574256424109,0.0565399877408523,test,0.3240974133832632
P167G,0.2769133700603812,0.405255069845633,test,0.12834169978525178
P167H,-0.2669858611410685,0.0793383210614916,test,0.3463241822025601
P167I,-0.2675574256424109,0.0847806055327186,test,0.3523380311751295
P167K,-0.2675574256424109,0.0753336714694105,test,0.3428910971118214
P167L,-0.06396256588279206,0.0786325531513159,test,0.14259511903410796
P167M,-0.2675574256424109,0.0585854594767999,test,0.3261428851192108
P167N,-0.2675574256424109,0.278439918289344,test,0.5459973439317549
P167Q,0.12967138995480829,0.186926018234662,test,0.057254628279853725
P167R,-0.07397184608520638,0.0552567393246423,test,0.12922858540984866
P167S,0.4241076211143662,0.90282527583526,test,0.4787176547208938
P167T,0.16961774044178687,0.10680500150846,test,0.06281273893332687
P167V,-0.08802608972618023,0.0944336973041711,test,0.18245978703035132
P167W,-0.2675574256424109,0.160483263440663,test,0.4280406890830739
P167Y,-0.017829443906317605,0.123445865936229,test,0.1412753098425466
P173A,1.0352399433553796,1.01626746004445,train,0.01897248331092971
P173C,0.03664730536344171,0.95518155415296,test,0.9185342487895183
P173D,0.25150369495751357,0.9665155729174,test,0.7150118779598864
P173E,0.3985722871680222,0.905216465065936,test,0.5066441778979138
P173F,0.05876562597768517,0.904463885445415,test,0.8456982594677298
P173G,0.3652403997804192,0.978259643479548,test,0.6130192436991287
P173H,0.21378449971099675,0.939540231660818,test,0.7257557319498212
P173I,0.2713307770888742,0.88887028077406,test,0.6175395036851858
P173K,0.1330869086209356,0.955585012858448,test,0.8224981042375124
P173L,0.4153285464951535,0.936214530177899,test,0.5208859836827455
P173M,0.12499442467164831,0.927205007864105,test,0.8022105831924566
P173N,0.20687407846524072,0.948338922095159,test,0.7414648436299183
P173Q,-0.09344025306404438,0.957411302373725,test,1.0508515554377693
P173R,-0.05731473545612678,0.953181407711942,test,1.0104961431680688
P173S,0.7062191105114628,0.958997583179706,test,0.25277847266824316
P173T,0.6168991329928237,0.938926334297684,test,0.3220272013048603
P173V,0.4286991076843838,0.944254410438382,test,0.5155553027539982
P173W,-0.002216381657859562,0.889242950208516,test,0.8914593318663755
P173Y,0.21430886408887082,0.952566726014502,test,0.7382578619256311
P175A,0.9271215092516567,0.973673930618596,train,0.04655242136693927
P175C,-0.06412706537044491,0.981631721014809,test,1.045758786385254
P175D,0.5153339380762174,0.936199182527022,test,0.42086524445080453
P175E,0.6927045511609762,0.958847730737135,test,0.26614317957615885
P175F,0.17182783699039936,0.994650612207265,test,0.8228227752168656
P175G,0.41698650738698695,0.948292577582899,test,0.531306070195912
P175H,0.358558686785863,0.983238043061911,test,0.624679356276048
P175I,0.3385685472421225,0.997759077313123,test,0.6591905300710005
P175K,0.451249469700137,1.00937011938844,test,0.5581206496883029
P175L,0.2998231747946216,1.00730907074157,test,0.7074858959469483
P175M,0.3342748367035606,0.96746766906495,test,0.6331928323613893
P175N,0.4634152229807993,1.01488932569731,test,0.5514741027165107
P175Q,0.8334735439423302,0.996070763885274,test,0.16259721994294385
P175R,0.5163243042331833,0.987446298878005,test,0.47112199464482163
P175S,0.42113060384057,1.00355703349533,test,0.5824264296547601
P175T,0.4054241476023639,0.965493264823765,test,0.5600691172214011
P175V,0.4112616302914842,1.00917306522511,test,0.5979114349336259
P175W,-0.15567736281181757,0.984250464452277,test,1.1399278272640947
P175Y,0.18784513430513902,0.993591741111716,test,0.805746606806577
P195A,-0.9883609083835807,0.21192083867202,train,1.2002817470556006
P195C,-0.8617847759729436,0.149431537946191,test,1.0112163139191346
P195D,-0.9586475728222712,0.205035137236969,test,1.1636827100592402
P195E,-1.3936399904862016,0.046984454009329,test,1.4406244444955305
P195F,-1.0450400285370136,0.191481405873124,train,1.2365214344101376
P195G,-0.7966984566461146,0.0697781551201421,test,0.8664766117662567
P195H,-1.2115520604220096,0.0664160582873868,test,1.2779681187093963
P195I,-0.6538743357837402,0.0579351878569741,test,0.7118095236407143
P195K,-0.653080793277059,0.159985533729518,test,0.813066327006577
P195L,-0.5677706812895165,0.0597432166898685,test,0.627513897979385
P195M,-0.6888646436851571,0.122905119544249,test,0.8117697632294061
P195N,-1.300025406313847,0.0863151334075057,train,1.3863405397213526
P195Q,-0.8536706022681091,0.0669552931030386,test,0.9206258953711477
P195R,-0.8969207960730816,0.108154074312582,test,1.0050748703856636
P195S,-0.5543348610712078,0.056941804534496,test,0.6112766656057038
P195T,-0.5629483692089747,0.0339113845993976,test,0.5968597538083723
P195V,-0.5651068943135653,0.100886471250174,test,0.6659933655637393
P195W,-1.2523924892555358,0.109094880700159,train,1.3614873699556949
P195Y,-0.913424202025914,0.075580145733735,test,0.9890043477596491
P200A,0.9071366545971469,0.964455127030217,train,0.05731847243307009
P200C,0.4830387566765244,1.00145942149749,test,0.5184206648209655
P200D,1.1611607715033394,0.953874001639063,test,0.2072867698642764
P200E,0.8547736066734128,0.948225173807947,test,0.09345156713453417
P200F,0.4676665818984238,0.926499824024027,test,0.45883324212560317
P200G,0.8009725502616167,0.993523435293356,test,0.19255088503173923
P200H,0.5585650854959352,0.971307776953775,test,0.4127426914578398
P200I,0.716754450456311,0.943550448568278,test,0.22679599811196693
P200K,0.6597586265534223,0.993481031374538,test,0.3337224048211157
P200L,0.7563499773812457,0.958274876409897,test,0.2019248990286513
P200M,0.36990106674310197,0.971476589539826,test,0.601575522796724
P200N,0.7984999992186002,0.992407963969854,test,0.19390796475125383
P200Q,0.6448128544816176,0.98853193013966,test,0.3437190756580424
P200R,0.7979405402656721,0.982128598393795,test,0.1841880581281229
P200S,1.0044677408578704,1.00995955620673,test,0.005491815348859674
P200T,1.2274316396995009,0.969016987766541,test,0.25841465193295987
P200V,1.4714861566345665,0.965753400715595,test,0.5057327559189715
P200W,0.5289061671601798,0.900847254825346,test,0.3719410876651662
P200Y,0.6153473653624564,0.94904473504455,test,0.3336973696820936
P203A,0.9411109554285038,0.979646200536224,train,0.03853524510772022
P203C,0.17342821325632604,1.04144173611465,test,0.8680135228583239
P203D,0.6709623611197209,0.993970730249321,test,0.3230083691296002
P203E,0.5901089326619731,0.991422645284509,test,0.4013137126225359
P203F,0.20185103120742928,0.976509424975367,test,0.7746583937679377
P203G,0.49976549941359827,1.00768707798932,test,0.5079215785757216
P203H,0.6356471456529922,1.00664464133368,test,0.37099749568068785
P203I,0.3528905770940092,0.920562942502886,test,0.5676723654088768
P203K,0.6899616205742418,1.00541276952467,test,0.31545114895042814
P203L,0.4792103461534436,0.976264990996801,test,0.4970546448433574
P203M,0.22088675504419816,0.986119947349593,test,0.7652331923053948
P203N,0.6416892283650559,0.998355016714744,test,0.3566657883496881
P203Q,0.9873773569589706,0.995577025055422,test,0.008199668096451451
P203R,0.9079444566974797,1.03464585983074,test,0.12670140313326028
P203S,0.7356498519831092,0.998834828844529,test,0.26318497686141984
P203T,0.7905312217683413,0.991004212213994,test,0.2004729904456527
P203V,0.4142272920347059,1.00008759535806,test,0.585860303323354
P203W,-0.11259278375627593,0.938438499046051,test,1.051031282802327
P203Y,-0.11259278375627593,1.01317515561312,test,1.125767939369396
P237A,0.7279000258603971,0.895146642732518,train,0.16724661687212083
P237C,0.6916452592267219,0.874630629664206,test,0.18298537043748409
P237D,-0.03514747955792322,0.698138177884429,test,0.7332856574423522
P237E,-0.03514747955792322,0.91861694825507,test,0.9537644278129932
P237F,0.9418574460521161,0.575802737822153,test,0.3660547082299631
P237G,0.17504314549768926,0.856034910805223,test,0.6809917653075337
P237H,1.2371280175344401,0.828868910473132,test,0.4082591070613081
P237I,0.8529448255694174,0.777074779699731,test,0.07587004586968638
P237K,-0.03514747955792322,0.788216350697346,test,0.8233638302552692
P237L,0.8231865172525137,0.648100764791001,test,0.1750857524615127
P237M,0.7278134981940034,0.788758409383866,test,0.06094491118986256
P237N,0.0430333763852426,0.71240679835951,test,0.6693734219742674
P237Q,0.4094687539349875,0.891463080569372,test,0.48199432663438446
P237R,-0.029896724778462752,0.665415482281225,test,0.6953122070596878
P237S,0.15767740565050678,0.886988173383424,test,0.7293107677329171
P237T,0.695326006502573,0.873195126259754,test,0.177869119757181
P237V,0.9136609369483122,0.879989105982486,test,0.033671830965826155
P237W,0.6147209559874331,0.748665302703289,test,0.13394434671585587
P237Y,1.0309383539854668,0.686255143653112,test,0.34468321033235483
P280A,0.7259369316777835,0.893730743904008,train,0.16779381222622447
P280C,-0.48199993558627674,0.932205798473166,test,1.4142057340594427
P280D,0.26456006739180205,0.896872342320805,test,0.632312274929003
P280E,0.36078105578998243,0.972184529045008,test,0.6114034732550255
P280F,0.49626251468165683,0.717891669940014,test,0.22162915525835714
P280G,0.3506374324738142,0.989456790365864,test,0.6388193578920498
P280H,0.36010497050109147,0.82586016718269,test,0.4657551966815985
P280I,0.27572333563743023,0.737965291129042,test,0.46224195549161173
P280K,0.23732318255769178,0.906643518281589,test,0.6693203357238972
P280L,0.46768495350538664,0.820911452999545,test,0.3532264994941584
P280M,0.09464019719400005,0.820892160419855,test,0.726251963225855
P280N,0.318927337559231,0.888411120112264,test,0.569483782553033
P280Q,0.2556657928414874,0.938718655637299,test,0.6830528627958116
P280R,0.38212678459776206,0.886625192959768,test,0.504498408362006
P280S,0.5584581092847036,0.928756514553907,test,0.3702984052692033
P280T,0.41928840203891915,0.95793754536511,test,0.5386491433261908
P280V,0.3077701513389963,0.876833655253272,test,0.5690635039142756
P280W,0.0016990776183584966,0.820314398977252,test,0.8186153213588935
P280Y,0.15160496133436416,0.724432824853504,test,0.5728278635191398
P297A,1.0303330007019202,1.01527810452495,train,0.015054896176970312
P297C,0.6241708740280776,0.998316771013254,test,0.3741458969851764
P297D,0.6241708740280776,0.956268606323327,test,0.3320977322952494
P297E,0.6241708740280776,0.939034420506128,test,0.31486354647805037
P297F,0.6241708740280776,0.981427774312154,test,0.3572569002840764
P297G,0.6241708740280776,0.983549943119629,test,0.3593790690915514
P297H,0.6241708740280776,0.989286862886052,test,0.36511598885797447
P297I,0.6241708740280776,0.981938146412805,test,0.3577672723847274
P297K,0.6241708740280776,1.00161917819027,test,0.3774483041621923
P297L,0.6241708740280776,0.978335954607364,test,0.3541650805792864
P297M,0.6241708740280776,0.992801238690743,test,0.3686303646626654
P297N,0.6241708740280776,0.987408669478808,test,0.3632377954507304
P297Q,0.6241708740280776,1.02922084013248,test,0.40504996610440247
P297R,0.6241708740280776,1.02264367588285,test,0.3984728018547725
P297S,0.6241708740280776,0.985695526037828,test,0.36152465200975037
P297T,0.6241708740280776,0.993057666835327,test,0.36888679280724945
P297V,0.6241708740280776,1.0000032282175,test,0.3758323541894224
P297W,0.6241708740280776,0.991059408643606,test,0.3668885346155284
P297Y,0.6241708740280776,0.980328312856802,test,0.3561574388287244
P32A,0.623499708831943,0.852410340295027,train,0.2289106314630841
P32C,0.25801105022575066,0.774231628117669,test,0.5162205778919183
P32D,0.13134376261818678,0.196622789157846,test,0.06527902653965922
P32E,0.12278478073042384,0.66906256693541,test,0.5462777862049861
P32F,0.07195318787030677,0.0787731314470383,test,0.0068199435767315325
P32G,0.5383365433337344,0.587710300380111,test,0.04937375704637659
P32H,0.0987869222854558,0.638158272182523,test,0.5393713498970671
P32I,0.20361095855972186,0.693008814284631,test,0.4893978557249091
P32K,0.12813471888138414,0.781539920243916,test,0.6534052013625319
P32L,0.29958054540520274,0.0704610133184942,test,0.22911953208670854
P32M,0.04619613338678638,0.480323461646047,test,0.4341273282592606
P32N,0.10938491577559281,0.663958777992992,test,0.5545738622173991
P32Q,0.3076732294844542,0.781052941005176,test,0.4733797115207218
P32R,0.11309150184726155,0.977898693266322,test,0.8648071914190604
P32S,0.5384652763289137,0.685285722047659,test,0.1468204457187453
P32T,0.43405492367812193,0.714269087777227,test,0.28021416409910505
P32V,0.38116180802009914,0.786482434794234,test,0.40532062677413483
P32W,-0.054595209026138375,0.0645987367621655,test,0.11919394578830388
P32Y,0.007084348715903327,0.0447682243420223,test,0.037683875626118975
P351A,0.9149354882898149,0.968719211277229,train,0.053783722987414184
P351C,0.47247189450728455,0.943816787520748,test,0.4713448930134635
P351D,0.8570926931239538,0.935176662120864,test,0.07808396899691028
P351E,0.7903268274462374,0.995081002255942,test,0.2047541748097046
P351F,0.4935471814609025,0.922661530420095,test,0.42911434895919254
P351G,0.49643192876005116,0.908578437184588,test,0.4121465084245368
P351H,0.7402848446594252,0.954566453565931,test,0.21428160890650572
P351I,0.6319228724418406,0.971763742039902,test,0.33984086959806137
P351K,0.6634013420132339,0.93251662532355,test,0.2691152833103161
P351L,0.8129962676479583,0.949713807548313,test,0.13671753990035473
P351M,0.47674319030517665,0.96883210910193,test,0.4920889187967533
P351N,0.6145655158368937,0.915028192471504,test,0.30046267663461035
P351Q,0.5366141687839148,0.971021447819112,test,0.43440727903519727
P351R,0.7074521043490456,0.967018586641651,test,0.25956648229260537
P351S,0.6519155683172142,0.96681672420394,test,0.31490115588672585
P351T,0.8056340579232295,0.946630152622609,test,0.14099609469937946
P351V,0.5644416926706357,0.938352511635194,test,0.37391081896455824
P351W,-0.023037054238534777,0.797759766134336,test,0.8207968203728707
P351Y,0.5027485610816471,0.939502356372262,test,0.43675379529061487
P365A,0.8556550808375232,0.944824818219969,train,0.08916973738244582
P365C,-0.04801018341735011,0.92438264671757,test,0.9723928301349201
P365D,-0.02579742978743818,0.331091670661364,test,0.3568891004488022
P365E,-0.19157390370881425,0.840769398480809,test,1.0323433021896233
P365F,0.11181525748198881,0.38820839492231,test,0.27639313744032123
P365G,0.5699379167099135,0.913746517495154,test,0.34380860078524056
P365H,0.15550965982054807,0.704565396351142,test,0.5490557365305939
P365I,0.31148199952291056,0.655447279577013,test,0.34396528005410243
P365K,-0.19157390370881425,0.707879035004756,test,0.8994529387135702
P365L,0.3347480569424086,0.650059829398803,test,0.3153117724563944
P365M,0.3144315370916033,0.607700980861925,test,0.2932694437703217
P365N,0.1201188337367782,0.858353406185788,test,0.7382345724490098
P365Q,-0.19157390370881425,0.863035566588236,test,1.0546094702970503
P365R,-0.04267048873604276,0.84988339102932,test,0.8925538797653627
P365S,0.7438477684812626,0.893801032959614,test,0.14995326447835144
P365T,0.42247277262996596,0.870076965669266,test,0.4476041930393
P365V,0.31372678656461805,0.63675428048785,test,0.32302749392323193
P365W,-0.09555383782985041,0.0950049193194415,test,0.1905587571492919
P365Y,0.18530645899754036,0.743947347408953,test,0.5586408884114126
P377A,0.9242285949156444,0.971833684135505,train,0.04760508921986062
P377C,-0.04071169444680647,0.943507951294399,test,0.9842196457412055
P377D,0.629900708182239,0.950907628890986,test,0.32100692070874703
P377E,0.5966176512089711,0.936254608262517,test,0.3396369570535459
P377F,0.1947079752389291,0.942399568759307,test,0.7476915935203778
P377G,0.74928024533316,0.976901501151702,test,0.2276212558185421
P377H,0.5837099826567831,0.976989774741949,test,0.39327979208516595
P377I,0.3722946775836309,0.957331905705317,test,0.5850372281216861
P377K,0.5460241034020379,0.966267414717843,test,0.42024331131580517
P377L,0.2309451677713474,0.948183030445666,test,0.7172378626743185
P377M,0.020081205187128165,0.937054939764439,test,0.9169737345773108
P377N,0.21347883068356152,0.975393551606383,test,0.7619147209228214
P377Q,0.48146221972971204,0.985636725039598,test,0.504174505309886
P377R,0.35819206840003903,0.98345557257224,test,0.625263504172201
P377S,0.3592783582724326,0.967079060087844,test,0.6078007018154113
P377T,0.27717069128703486,0.960783320021718,test,0.6836126287346831
P377V,0.5328849298438187,0.943196390864171,test,0.4103114610203522
P377W,0.25019966198007126,0.958996636796962,test,0.7087969748168907
P377Y,0.22696015760374008,0.947999087582143,test,0.7210389299784029
P403A,0.9942721458466448,0.99895985707702,train,0.004687711230375147
P403C,-0.027685771815953136,0.91494761917144,test,0.9426333909873931
P403D,-0.09635549916788813,0.167205725860582,test,0.2635612250284701
P403E,0.17514074496476104,0.800550041260003,test,0.6254092962952419
P403F,-0.02388988612688772,0.32969159306228,test,0.3535814791891677
P403G,0.741785515738995,0.861027489729834,test,0.11924197399083902
P403H,-0.28698775405329147,0.50771878963444,test,0.7947065436877314
P403I,0.7463563786873755,0.960047497985972,test,0.21369111929859652
P403K,-0.17940171272076702,0.715956315655402,test,0.895358028376169
P403L,0.38562185893522716,0.839232088878514,test,0.4536102299432868
P403M,0.3042853334157585,0.886684280293824,test,0.5823989468780655
P403N,0.348094954330594,0.464780710966524,test,0.11668575663593
P403Q,0.16413599445829183,0.84525463129664,test,0.6811186368383482
P403R,0.059658945212156506,0.721705124116009,test,0.6620461789038524
P403S,0.5973740523417213,0.799816258437915,test,0.2024422060961938
P403T,0.7170603244800142,0.95523107449712,test,0.23817075001710575
P403V,0.6231196016667127,0.938643657032572,test,0.31552405536585937
P403W,-0.28698775405329147,0.216110772862076,test,0.5030985269153675
P403Y,0.23775993138308868,0.522352503522667,test,0.28459257213957834
P422A,0.9220292037350124,0.970328303138073,train,0.04829909940306054
P422C,0.3419827941803997,0.997645341134696,test,0.6556625469542964
P422D,1.520351537974615,1.03942365608865,test,0.480927881885965
P422E,1.1532121941259164,0.996252142953086,test,0.1569600511728304
P422F,0.13546255426002782,0.911876591151472,test,0.7764140368914442
P422G,1.1384194107634287,0.999420801082044,test,0.13899860968138467
P422H,0.7014521815591575,0.989057414894028,test,0.28760523333487054
P422I,0.7617341057131946,0.825307721135707,test,0.0635736154225125
P422K,0.8229929662115858,0.953924896185542,test,0.1309319299739562
P422L,0.6611114328677041,0.869119941127125,test,0.20800850825942085
P422M,0.354639362948469,0.930138912434635,test,0.575499549486166
P422N,1.1512587868643387,0.997614718591897,test,0.1536440682724417
P422Q,0.9084918960956039,0.952768281528883,test,0.044276385433279164
P422R,0.8333416314657918,0.961354387309318,test,0.12801275584352623
P422S,1.2899760156363718,1.00705115313331,test,0.2829248625030618
P422T,1.000540987008079,0.966036604156836,test,0.03450438285124302
P422V,0.5427181307914821,0.904283381663162,test,0.3615652508716799
P422W,0.13546255426002782,0.915854562456848,test,0.7803920081968202
P422Y,0.5099250195456271,0.986820133425628,test,0.47689511388000094
P441A,0.9151049963570863,0.969360130635015,train,0.05425513427792872
P441C,0.5665568718556597,0.968736764771291,test,0.4021798929156313
P441D,0.5665568718556597,0.886602370800286,test,0.3200454989446263
P441E,0.5665568718556597,0.969635575294417,test,0.4030787034387573
P441F,0.5665568718556597,0.930719802434107,test,0.3641629305784473
P441G,0.5665568718556597,0.906044870953516,test,0.3394879990978563
P441H,0.5665568718556597,0.962796380755116,test,0.39623950889945625
P441I,0.5665568718556597,0.962979757619087,test,0.3964228857634273
P441K,0.5665568718556597,0.964259291752177,test,0.3977024198965172
P441L,0.5665568718556597,0.930855015623078,test,0.3642981437674183
P441M,0.5665568718556597,0.969924237539416,test,0.4033673656837563
P441N,0.5665568718556597,0.914757949396575,test,0.3482010775409152
P441Q,0.5665568718556597,0.951384016462951,test,0.3848271446072913
P441R,0.5665568718556597,0.980931991806352,test,0.4143751199506923
P441S,0.5665568718556597,0.967116580683873,test,0.40055970882821323
P441T,0.5665568718556597,0.976205559148956,test,0.4096486872932963
P441V,0.5665568718556597,0.975500674119286,test,0.40894380226362625
P441W,0.5665568718556597,0.956048922897928,test,0.38949205104226825
P441Y,0.5665568718556597,0.944828887190764,test,0.37827201533510424
P449A,0.9224842404820521,0.97230073470938,train,0.04981649422732792
P449C,0.5702464939181426,0.929120060571886,test,0.35887356665374337
P449D,0.5702464939181426,0.961071633354246,test,0.3908251394361033
P449E,0.5702464939181426,0.931500881612351,test,0.36125438769420837
P449F,0.5702464939181426,0.903708925178289,test,0.3334624312601464
P449G,0.5702464939181426,0.927396888263023,test,0.3571503943448804
P449H,0.5702464939181426,0.967850023789087,test,0.3976035298709444
P449I,0.5702464939181426,0.901166871337509,test,0.3309203774193663
P449K,0.5702464939181426,0.966086688631583,test,0.39584019471344034
P449L,0.5702464939181426,0.916929754432928,test,0.3466832605147854
P449M,0.5702464939181426,0.928581902815584,test,0.3583354088974413
P449N,0.5702464939181426,0.921024514883248,test,0.35077802096510535
P449Q,0.5702464939181426,0.948342629109133,test,0.3780961351909904
P449R,0.5702464939181426,0.963357689056737,test,0.3931111951385944
P449S,0.5702464939181426,0.91352345636455,test,0.3432769624464074
P449T,0.5702464939181426,0.958843419717266,test,0.3885969257991234
P449V,0.5702464939181426,0.943054145271634,test,0.37280765135349136
P449W,0.5702464939181426,0.890858545647828,test,0.3206120517296853
P449Y,0.5702464939181426,0.910027263882421,test,0.3397807699642783
P86A,0.5167109785373503,0.811088341704982,train,0.29437736316763174
P86C,-0.14797249614273758,0.687056386476099,test,0.8350288826188366
P86D,0.24634999792346354,0.78000298164556,test,0.5336529837220965
P86E,0.14787014488674918,0.551608916545811,test,0.4037387716590618
P86F,-0.4106333494763408,0.391072894605958,test,0.8017062440822988
P86G,0.14327552497548643,0.69678596802408,test,0.5535104430485935
P86H,0.2826915564713277,0.944747965285933,test,0.6620564088146053
P86I,-0.20999568406144567,0.108954919744564,test,0.3189506038060097
P86K,0.2762662291436728,0.846082719013814,test,0.5698164898701412
P86L,0.008651893073679612,0.238752683637307,test,0.2301007905636274
P86M,-0.41071402351096853,0.382353774272409,test,0.7930677977833775
P86N,0.4154582398645308,0.929912971111667,test,0.5144547312471363
P86Q,-0.03906509054637544,0.685883071709527,test,0.7249481622559024
P86R,0.1518459870286792,0.836419957677578,test,0.6845739706488988
P86S,0.38381612063677983,0.93994829941128,test,0.5561321787745002
P86T,0.1156313643793043,0.744791071558108,test,0.6291597071788037
P86V,-0.41071402351096853,0.367860664308612,test,0.7785746878195805
P86W,-0.41071402351096853,0.333089566194283,test,0.7438035897052515
P86Y,-0.41071402351096853,0.475069766971859,test,0.8857837904828275
Q113A,-0.7997214042583953,0.285738701053876,train,1.0854601053122712
Q113C,-0.919878246206643,1.09720933284319,test,2.017087579049833
Q113D,-0.663893364369798,0.119305920729878,test,0.783199285099676
Q113E,-1.036976984586478,0.199250942014786,test,1.2362279266012641
Q113F,0.029640554457183582,1.26444741698066,test,1.2348068625234765
Q113G,-0.43319780219708615,0.326836526574108,test,0.7600343287711941
Q113H,-0.5444243702374976,0.235490050746675,test,0.7799144209841726
Q113I,-0.7846084713090453,0.570321867411674,test,1.3549303387207194
Q113K,-1.0364126651229355,0.149143793233754,test,1.1855564583566895
Q113L,-0.17730296403158022,0.91749150885463,test,1.0947944728862102
Q113M,-0.26341537388757597,0.863847727249819,test,1.127263101137395
Q113N,-0.7174972538926878,1.02992138085353,test,1.7474186347462177
Q113P,-0.5251272946307892,0.0624011170187858,test,0.587528411649575
Q113R,-1.036976984586478,0.0612582879170949,test,1.098235272503573
Q113S,-0.34265274162397996,0.554727179011138,test,0.897379920635118
Q113T,-0.36968928026131986,0.54307796493336,test,0.9127672451946799
Q113V,-0.66389198845318,0.984426140577211,test,1.648318129030391
Q113W,-0.6422086511404144,0.0634850786389405,test,0.7056937297793549
Q113Y,-0.21472488927149794,0.988884797714703,test,1.203609686986201
Q196A,0.12554948119515094,0.655265164070212,train,0.529715682875061
Q196C,0.15578419636408844,0.840336360788173,test,0.6845521644240845
Q196D,-0.5682224647457834,0.469184791537697,test,1.0374072562834804
Q196E,-0.5681382416904943,0.811994739445045,test,1.3801329811355392
Q196F,0.11840338940737657,0.800708654485492,test,0.6823052650781154
Q196G,-0.5682224647457834,0.878570583698831,test,1.4467930484446145
Q196H,-0.12042477268182486,0.502371378122401,test,0.6227961508042258
Q196I,0.3789541994432144,0.799106217205287,test,0.42015201776207256
Q196K,-0.5682224647457834,0.140519116602296,test,0.7087415813480794
Q196L,0.2819928649701249,0.875477342557686,test,0.5934844775875611
Q196M,0.3648943175432786,0.623785735133175,test,0.2588914175898964
Q196N,0.22100915336034552,1.12560235649289,test,0.9045932031325445
Q196P,-0.5682224647457834,0.0693226858652862,test,0.6375451506110696
Q196R,-0.2342916880551467,0.0471269493906433,test,0.28141863744579
Q196S,0.10220600437969571,0.851021109811969,test,0.7488151054322733
Q196T,0.1421139262116464,0.719091998787458,test,0.5769780725758116
Q196V,0.176274022465819,0.938879998404477,test,0.762605975938658
Q196W,-0.18196170367002543,1.14823692504291,test,1.3301986287129355
Q196Y,-0.12568676269430304,0.927169893432525,test,1.052856656126828
Q199A,1.0415156332271975,1.02018044574721,train,0.02133518747998764
Q199C,0.08987580215613875,0.903170658739826,test,0.8132948565836873
Q199D,0.36578185349465264,0.170980382487645,test,0.19480147100700765
Q199E,0.39033359317244254,0.917727543019359,test,0.5273939498469165
Q199F,0.11520978005257351,0.191185118751362,test,0.07597533869878847
Q199G,0.4381839425833467,0.905344344001514,test,0.4671604014181673
Q199H,0.48859698427427367,0.870529619605669,test,0.3819326353313953
Q199I,0.3117130922512066,0.840242207668328,test,0.5285291154171214
Q199K,0.09753035972719434,0.0769069230980553,test,0.02062343662913904
Q199L,0.608784649906936,0.904795961670767,test,0.296011311763831
Q199M,0.48589552213907417,0.952831778291003,test,0.4669362561519288
Q199N,0.2994419789701295,0.972406453825816,test,0.6729644748556866
Q199P,0.5330031946367721,1.0224692258086,test,0.48946603117182774
Q199R,0.33039758726738433,0.087129792701556,test,0.2432677945658283
Q199S,0.4962556255332655,0.937759642163586,test,0.44150401663032046
Q199T,0.4393111828223224,0.924813580970961,test,0.4855023981486386
Q199V,0.4528182805941048,0.92786842069655,test,0.4750501401024452
Q199W,-0.3079735557235035,0.151692577663594,test,0.4596661333870975
Q199Y,0.059515403502109904,0.201598910114219,test,0.14208350661210908
Q219A,-1.2024212488912347,0.124989579464008,train,1.3274108283552426
Q219C,-0.8636207582125877,0.537116402695518,test,1.4007371609081056
Q219D,-0.7295976294932787,0.0439499235908071,test,0.7735475530840857
Q219E,-0.2953681898072189,0.700193490933704,test,0.9955616807409229
Q219F,-0.643977802044519,0.0458198493658765,test,0.6897976514103955
Q219G,-0.5708218791213306,0.0391087786570724,test,0.609930657778403
Q219H,-0.7639767429031588,0.613449694375434,test,1.3774264372785927
Q219I,-0.3266332079092946,0.119711500353854,test,0.44634470826314865
Q219K,-0.4780009108348795,0.102203038546074,test,0.5802039493809535
Q219L,-0.8660703420747857,0.0714758433420258,test,0.9375461854168116
Q219M,-0.06604541437519343,0.684100751125948,test,0.7501461655011414
Q219N,-0.7225921322611286,0.232455308624207,test,0.9550474408853356
Q219P,-0.9417098816911753,0.0834301347421934,test,1.0251400164333686
Q219R,-0.37145351363351,0.0965121590799803,test,0.46796567271349027
Q219S,-0.556635805747115,0.572820378104369,test,1.129456183851484
Q219T,-0.6170182425354775,0.273841238403471,test,0.8908594809389485
Q219V,-0.2669326585124614,0.108751938013562,test,0.3756845965260234
Q219W,-0.9944735976861352,0.0871975648794595,test,1.0816711625655946
Q219Y,-0.7078986370560345,0.0419349050283893,test,0.7498335420844238
Q298A,0.9621162527707792,0.987873832221766,train,0.02575757945098678
Q298C,0.5862645472827446,0.971179678239793,test,0.38491513095704843
Q298D,0.7674116132708153,0.952394563699981,test,0.18498295042916568
Q298E,0.8977341187174932,0.956354249967381,test,0.05862013124988785
Q298F,0.5051096668242565,0.952159743653878,test,0.4470500768296215
Q298G,0.6893692302277301,0.96586693761147,test,0.2764977073837399
Q298H,0.7966015750872717,0.973729632280923,test,0.17712805719365132
Q298I,0.7373558157485423,0.916450758973869,test,0.1790949432253267
Q298K,0.864601524483908,0.915648582632346,test,0.05104705814843802
Q298L,0.7228562731341366,0.966102493784528,test,0.24324622065039136
Q298M,0.6209997798304159,0.9732392227651,test,0.3522394429346841
Q298N,0.7960691059088478,0.999581127815936,test,0.20351202190708817
Q298P,0.6545759559186692,0.331852683068714,test,0.3227232728499552
Q298R,0.6668822954051408,1.02031978743089,test,0.35343749202574926
Q298S,1.0418467567966052,0.984440555411864,test,0.05740620138474117
Q298T,0.6489572162016579,0.973831115077259,test,0.32487389887560103
Q298V,0.9117693035435959,0.935457814880091,test,0.023688511336495188
Q298W,0.07131228013717125,0.991165558742265,test,0.9198532786050937
Q298Y,0.6094154559215206,0.995066553422609,test,0.3856510975010884
Q315A,1.0180084965793974,1.00886160082877,train,0.009146895750627326
Q315C,0.6326614905363763,0.961696596645397,test,0.32903510610902065
Q315D,0.2628546140786574,0.919394348044323,test,0.6565397339656656
Q315E,0.12461556242968738,0.975162599833993,test,0.8505470374043056
Q315F,0.3571196603591906,0.987628661112583,test,0.6305090007533923
Q315G,0.36962969900608855,1.0077660084963,test,0.6381363094902115
Q315H,-0.04801183841391746,0.960656335370558,test,1.0086681737844754
Q315I,0.7569857726496554,1.00099068154337,test,0.24400490889371462
Q315K,-0.2126211247862784,0.821797773834227,test,1.0344188986205054
Q315L,0.8520001654844152,0.985112506920494,test,0.13311234143607886
Q315M,0.8954167978058039,1.03979220253167,test,0.14437540472586607
Q315N,-0.22271619964734127,0.995068430943262,test,1.2177846305906033
Q315P,-0.22261737099277637,0.224269411416806,test,0.44688678240958235
Q315R,-0.21949785625451382,0.85827983992863,test,1.0777776961831438
Q315S,0.7964995252880158,0.977896834663766,test,0.18139730937575016
Q315T,0.4368339285339127,0.992839528810279,test,0.5560056002763664
Q315V,0.5072630361328281,0.981492485287593,test,0.47422944915476495
Q315W,-0.05637977950008802,1.08735052025235,test,1.143730299752438
Q315Y,0.2593623011014279,0.987784569468152,test,0.7284222683667241
Q345A,0.9702590061336036,0.991338818847519,train,0.021079812713915347
Q345C,0.5941338767439193,0.981731153846592,test,0.3875972771026728
Q345D,0.5941338767439193,0.995453406391753,test,0.4013195296478337
Q345E,0.5941338767439193,0.98913031926993,test,0.39499644252601074
Q345F,0.5941338767439193,0.939657327210476,test,0.34552345046655675
Q345G,0.5941338767439193,0.994797732817279,test,0.40066385607335975
Q345H,0.5941338767439193,0.980319545942415,test,0.38618566919849573
Q345I,0.5941338767439193,0.960333965864721,test,0.3662000891208017
Q345K,0.5941338767439193,1.02167190960292,test,0.4275380328590008
Q345L,0.5941338767439193,0.978584202174861,test,0.3844503254309417
Q345M,0.5941338767439193,0.987253944807033,test,0.3931200680631137
Q345N,0.5941338767439193,1.00475876824967,test,0.41062489150575066
Q345P,0.5941338767439193,0.476520849041707,test,0.11761302770221227
Q345R,0.5941338767439193,0.996897458337925,test,0.4027635815940057
Q345S,0.5941338767439193,0.984583846765109,test,0.39044997002118975
Q345T,0.5941338767439193,0.964108047541633,test,0.3699741707977138
Q345V,0.5941338767439193,0.922154884783683,test,0.32802100803976375
Q345W,0.5941338767439193,0.941530464241269,test,0.3473965874973497
Q345Y,0.5941338767439193,0.970158995002418,test,0.3760251182584987
Q349A,0.9754883795750653,0.992067869943695,train,0.016579490368629712
Q349C,0.6598359894945556,0.998335826752494,test,0.3384998372579384
Q349D,1.422361155840192,0.99856245097039,test,0.4237987048698021
Q349E,1.0841098947028451,0.989238350604318,test,0.09487154409852716
Q349F,0.565908806463528,1.00335930323723,test,0.43745049677370207
Q349G,0.7635383949078898,0.985517274981924,test,0.2219788800740342
Q349H,0.8064617292787484,1.01410951644243,test,0.2076477871636817
Q349I,0.8308782342369663,1.00160400515132,test,0.1707257709143537
Q349K,0.7323118785888132,0.998722471768243,test,0.26641059317942983
Q349L,0.8211717671411878,0.994536818122863,test,0.1733650509816752
Q349M,0.7489476628272127,0.978093555502884,test,0.22914589267567131
Q349N,0.8177293935315435,0.985155304278681,test,0.16742591074713753
Q349P,0.6451433995952047,1.00552249180957,test,0.36037909221436526
Q349R,0.7666063992306069,0.997947610368369,test,0.23134121113776207
Q349S,0.8184025261167032,0.993121152838666,test,0.1747186267219628
Q349T,0.7911897637001852,0.979261575462591,test,0.18807181176240573
Q349V,0.8474227344055765,0.967397807831575,test,0.11997507342599856
Q349W,-0.005960870297108817,0.979756588140727,test,0.9857174584378358
Q349Y,0.5581533732101842,0.993242798681278,test,0.43508942547109375
Q355A,0.7267658885544239,0.893961602837757,train,0.16719571428333313
Q355C,0.18017560121396345,0.913245504409745,test,0.7330699031957815
Q355D,0.5197945997445996,0.881213368526827,test,0.36141876878222734
Q355E,0.5226442085919165,0.860175134488176,test,0.33753092589625944
Q355F,0.14281526971824496,0.700658818265709,test,0.557843548547464
Q355G,0.571453479503474,0.88603563413511,test,0.31458215463163597
Q355H,0.031782186619793346,0.9376921434938,test,0.9059099568740067
Q355I,0.18965152674155947,0.752563293068758,test,0.5629117663271985
Q355K,0.4834981294955505,0.11910596485186,test,0.3643921646436905
Q355L,0.29329900397876263,0.159967209697356,test,0.13333179428140662
Q355M,0.5395565591055813,0.940927022737428,test,0.4013704636318467
Q355N,0.4074971509130585,0.907846556696424,test,0.5003494057833655
Q355P,0.17947150069280157,0.0386785888297675,test,0.14079291186303408
Q355R,0.5677249813302143,0.106587092119323,test,0.4611378892108913
Q355S,0.6015420176207467,0.918584170384417,test,0.3170421527636703
Q355T,0.45799616702784296,0.918390357729849,test,0.46039419070200605
Q355V,0.20919311061795584,0.835195537075942,test,0.6260024264579861
Q355W,-0.048073337020507784,0.067596436087034,test,0.11566977310754178
Q355Y,0.17664997224496234,0.574756301856423,test,0.39810632961146064
Q3A,0.41874598731011514,0.771562727590067,train,0.3528167402799519
Q3C,0.3183773673321728,0.838694848012241,test,0.5203174806800682
Q3D,0.3183773673321728,0.745960658678343,test,0.42758329134617024
Q3E,0.3183773673321728,0.709652827551465,test,0.39127546021929216
Q3F,0.3183773673321728,0.823840131880837,test,0.5054627645486642
Q3G,0.3183773673321728,0.359753290004342,test,0.04137592267216916
Q3H,0.3183773673321728,0.942524733471013,test,0.6241473661388401
Q3I,0.3183773673321728,0.871337421721947,test,0.5529600543897741
Q3K,0.3183773673321728,0.898350032142509,test,0.5799726648103362
Q3L,0.3183773673321728,0.859894948121619,test,0.5415175807894462
Q3M,0.3183773673321728,0.885609830992595,test,0.5672324636604222
Q3N,0.3183773673321728,0.840381140216962,test,0.5220037728847892
Q3P,0.3183773673321728,0.687057494958587,test,0.3686801276264142
Q3R,0.3183773673321728,0.754892034291805,test,0.43651466695963215
Q3S,0.3183773673321728,0.820729877917027,test,0.5023525105848542
Q3T,0.3183773673321728,0.91944061934477,test,0.6010632520125971
Q3V,0.3183773673321728,0.515916820689631,test,0.19753945335745815
Q3W,0.3183773673321728,0.750151349157282,test,0.4317739818251092
Q3Y,0.3183773673321728,1.05215971750873,test,0.7337823501765572
Q412A,0.8573350509444777,0.9457464686603,train,0.08841141771582228
Q412C,-0.11226541754963185,0.83391982974983,test,0.9461852472994619
Q412D,0.5187762118793382,0.796227823497931,test,0.2774516116185928
Q412E,0.7750618984881219,0.849614642274412,test,0.07455274378629007
Q412F,-0.16230990075757637,0.927850443834709,test,1.0901603445922854
Q412G,0.2106284101121789,0.726099598570322,test,0.5154711884581431
Q412H,0.2899863108842846,0.933085859515252,test,0.6430995486309674
Q412I,0.08413791668195111,0.813496776254338,test,0.7293588595723869
Q412K,0.21337533414679674,0.825242259760628,test,0.6118669256138313
Q412L,0.41706872449508503,0.982223625811376,test,0.565154901316291
Q412M,-0.09576265660400088,0.963006495034335,test,1.058769151638336
Q412N,0.2994410070848412,0.785674292384355,test,0.4862332852995138
Q412P,-0.3461236357041064,0.0554412154792028,test,0.4015648511833092
Q412R,0.34283412700549243,0.849057741480494,test,0.5062236144750015
Q412S,0.3718694098383113,0.800957517466114,test,0.4290881076278027
Q412T,0.3366280199256517,0.764590580579953,test,0.42796256065430127
Q412V,0.4298110247910716,0.72106865564472,test,0.2912576308536484
Q412W,-0.3462094751652065,0.793337027225199,test,1.1395465023904054
Q412Y,0.07903696723098827,0.920381914664727,test,0.8413449474337387
Q415A,0.9946194330194749,0.999616671340763,train,0.004997238321288178
Q415C,0.2226460864522057,1.00355216206181,test,0.7809060756096042
Q415D,1.168229542872947,0.971808251873778,test,0.19642129099916905
Q415E,1.3608003374559072,1.01537328302268,test,0.3454270544332272
Q415F,0.332622273048764,0.958794005705049,test,0.626171732656285
Q415G,0.506229691423514,0.910555643883426,test,0.404325952459912
Q415H,0.613152564088044,0.935515337506379,test,0.3223627734183351
Q415I,0.4859379784310611,0.965322984722563,test,0.4793850062915018
Q415K,1.0007267621706986,1.00614345058915,test,0.005416688418451443
Q415L,0.5599915331008993,0.98002675551421,test,0.4200352224133107
Q415M,0.6896495874556805,1.00264896878151,test,0.3129993813258296
Q415N,0.831555974340761,0.974311213750863,test,0.14275523941010204
Q415P,0.0506425765965883,0.095149725682829,test,0.044507149086240705
Q415R,0.6738692384597307,0.961030904244602,test,0.28716166578487134
Q415S,0.7562994756924561,0.960351985202399,test,0.2040525095099428
Q415T,0.662260769917151,0.985242554009344,test,0.322981784092193
Q415V,0.5587382743028939,0.945717898123385,test,0.3869796238204911
Q415W,0.22583807267373965,0.960426679977174,test,0.7345886073034343
Q415Y,0.5324670765099249,0.969644261691537,test,0.4371771851816121
Q446A,0.9670534359598182,0.990061409867127,train,0.0230079739073088
Q446C,0.5925310916570254,1.01097475830897,test,0.41844366665194466
Q446D,0.5925310916570254,0.981857244820339,test,0.38932615316331354
Q446E,0.5925310916570254,0.982345088172201,test,0.38981399651517556
Q446F,0.5925310916570254,0.990292367152396,test,0.39776127549537055
Q446G,0.5925310916570254,0.987577701396593,test,0.3950466097395675
Q446H,0.5925310916570254,1.00202208443007,test,0.40949099277304457
Q446I,0.5925310916570254,1.03252978697621,test,0.43999869531918456
Q446K,0.5925310916570254,1.01438579032556,test,0.42185469866853453
Q446L,0.5925310916570254,1.00957111891134,test,0.41704002725431466
Q446M,0.5925310916570254,1.02062005429052,test,0.4280889626334945
Q446N,0.5925310916570254,1.00560228383435,test,0.41307119217732446
Q446P,0.5925310916570254,0.892542665905444,test,0.3000115742484185
Q446R,0.5925310916570254,1.02574696940079,test,0.43321587774376447
Q446S,0.5925310916570254,0.972378369507277,test,0.3798472778502515
Q446T,0.5925310916570254,0.989746883524964,test,0.39721579186793854
Q446V,0.5925310916570254,1.00828512690107,test,0.41575403524404453
Q446W,0.5925310916570254,0.989343760767221,test,0.3968126691101955
Q446Y,0.5925310916570254,0.987444752363646,test,0.3949136607066206
R133A,0.9546284329676891,0.983131235812902,train,0.028502802845212893
R133C,0.8126482843233458,0.946599020343975,test,0.13395073602062924
R133D,0.6579440641330441,0.739698667721679,test,0.08175460358863496
R133E,0.9006536112810803,0.932611024465293,test,0.031957413184212635
R133F,0.8243553308489215,0.905297582812539,test,0.08094225196361748
R133G,0.93672799725782,0.927825009692343,test,0.008902987565476916
R133H,0.6482503603671288,0.95631904978813,test,0.3080686894210012
R133I,1.4455991507950838,0.945349704280746,test,0.5002494465143378
R133K,0.8878276412956165,0.991269966453981,test,0.10344232515836449
R133L,1.8437783539515726,0.964105155433189,test,0.8796731985183837
R133M,1.3141683211859105,0.967656108465318,test,0.3465122127205925
R133N,0.6583262303425135,0.941020144882019,test,0.28269391453950554
R133P,0.5761877948105327,0.781921979694817,test,0.2057341848842843
R133Q,0.9635294690942129,0.950935482972132,test,0.012593986122080847
R133S,0.9335343005823529,0.953290242174873,test,0.019755941592520143
R133T,1.072337881451799,0.964141935625958,test,0.10819594582584102
R133V,1.4129687876025347,0.913022121786324,test,0.4999466658162107
R133W,0.4529816265657265,0.950331328199358,test,0.49734970163363146
R133Y,0.7910315427078427,0.939381322999487,test,0.14834978029164425
R152A,0.7973714333870536,0.922443700022807,train,0.12507226663575333
R152C,0.5076900903706443,0.8255945660982,test,0.31790447572755576
R152D,0.5076900903706443,0.841125587560359,test,0.33343549718971477
R152E,0.5076900903706443,0.903036223036625,test,0.39534613266598073
R152F,0.5076900903706443,0.856648563645633,test,0.34895847327498875
R152G,0.5076900903706443,0.905051991104666,test,0.3973619007340218
R152H,0.5076900903706443,0.935255046692324,test,0.4275649563216797
R152I,0.5076900903706443,0.854545142564487,test,0.3468550521938427
R152K,0.5076900903706443,0.945883553819904,test,0.4381934634492597
R152L,0.5076900903706443,0.872533973488152,test,0.3648438831175077
R152M,0.5076900903706443,0.857995945677325,test,0.3503058553066807
R152N,0.5076900903706443,0.873311232189719,test,0.3656211418190747
R152P,0.5076900903706443,0.632860478165977,test,0.12517038779533274
R152Q,0.5076900903706443,0.919426491682879,test,0.41173640131223477
R152S,0.5076900903706443,0.921889775245791,test,0.4141996848751467
R152T,0.5076900903706443,0.896280125505376,test,0.38859003513473167
R152V,0.5076900903706443,0.895455140262362,test,0.3877650498917177
R152W,0.5076900903706443,0.86689600135571,test,0.3592059109850657
R152Y,0.5076900903706443,0.896797363658354,test,0.3891072732877098
R172A,0.7923826920849184,0.920561982296743,train,0.12817929021182461
R172C,-0.05561148771555827,0.943907094225068,test,0.9995185819406263
R172D,0.5870604508958299,0.723293301206641,test,0.13623285031081112
R172E,0.39810074077485047,0.843178147040822,test,0.4450774062659715
R172F,0.03810985544947007,0.882575857267844,test,0.844466001818374
R172G,0.4490763757389933,0.917667802367768,test,0.46859142662877473
R172H,0.258014691019657,0.980183861855997,test,0.72216917083634
R172I,0.22596606637281644,0.936910219095661,test,0.7109441527228445
R172K,0.6564289163597719,0.97293258750436,test,0.3165036711445881
R172L,0.3706157651411226,0.927194996364794,test,0.5565792312236714
R172M,-0.06595476204995768,0.948567425600355,test,1.0145221876503128
R172N,0.5633596841733206,0.911483056439258,test,0.34812337226593737
R172P,0.7363210732246237,0.416453898125936,test,0.31986717509868773
R172Q,0.9101026850128993,0.984777008981721,test,0.07467432396882179
R172S,0.6708053901567339,0.930123390503856,test,0.25931800034712205
R172T,0.6974119307835955,0.94878457293523,test,0.25137264215163446
R172V,0.3204493626133529,0.960042060323029,test,0.6395926977096761
R172W,0.09386928812203285,0.934235923114781,test,0.8403666349927481
R172Y,0.3276727321319479,0.849707905280847,test,0.5220351731488991
R205A,0.9660560227502775,0.988409799634686,train,0.02235377688440854
R205C,0.07520498610643164,0.982081211606989,test,0.9068762255005574
R205D,0.633021988978111,0.964877368189705,test,0.331855379211594
R205E,0.8739651437400593,0.988049828411026,test,0.11408468467096666
R205F,0.4514531573375,0.945984362281712,test,0.494531204944212
R205G,0.5819545280566698,1.00001486189127,test,0.4180603338346003
R205H,0.46132710599520954,0.984241936750792,test,0.5229148307555824
R205I,0.48486244725508576,0.932760655642333,test,0.44789820838724725
R205K,1.3548448902801378,0.99839821877571,test,0.35644667150442777
R205L,0.5457206522016198,0.937699864563601,test,0.3919792123619812
R205M,0.45833882800567216,0.983027375265887,test,0.5246885472602149
R205N,0.9985941278831743,0.962440215430101,test,0.0361539124530732
R205P,0.5777206206453085,0.937583367828522,test,0.35986274718321354
R205Q,0.9298757937588935,0.999030001644134,test,0.06915420788524052
R205S,0.7030671732598293,0.970354295308158,test,0.2672871220483287
R205T,0.6987801129232103,0.939859741766308,test,0.24107962884309775
R205V,0.6588151018447979,0.95824114773571,test,0.29942604589091215
R205W,0.2146819211665518,0.959033193712895,test,0.7443512725463431
R205Y,0.7107274847986573,0.931591674618742,test,0.2208641898200847
R216A,0.9399547510573616,0.978464518567186,train,0.03850976750982438
R216C,0.095966248986713,0.921622744230378,test,0.825656495243665
R216D,1.1006053151801372,0.815980968252164,test,0.2846243469279731
R216E,1.1020968769231285,0.855153787981539,test,0.24694308894158956
R216F,0.28248601332664003,0.612492901923741,test,0.3300068885971009
R216G,0.5570170498355969,0.757934077444085,test,0.20091702760848817
R216H,0.8082305823807847,0.814138275028,test,0.005907692647215246
R216I,0.4893149201086968,0.758845915380167,test,0.2695309952714702
R216K,1.332734541553908,1.00474056780437,test,0.3279939737495381
R216L,0.6237455708184318,0.791805405133403,test,0.16805983431497118
R216M,0.4705642648306527,0.903152468273281,test,0.43258820344262827
R216N,0.8501502507461975,0.929267502617239,test,0.07911725187104146
R216P,0.25860957563537235,0.0158843330644226,test,0.24272524257094974
R216Q,0.7159259249538017,0.933461675678544,test,0.2175357507247423
R216S,0.6272265045283125,0.931236939123621,test,0.3040104345953085
R216T,0.5968106600632195,0.81299667648083,test,0.21618601641761048
R216V,0.5079579561949286,0.839750715573061,test,0.33179275937813246
R216W,-0.05761179733700919,0.481923005065817,test,0.5395348024028261
R216Y,0.4997849320629617,0.372401571950987,test,0.1273833601119747
R217A,0.8745208599203427,0.952177960185724,train,0.07765710026538131
R217C,-0.2901353261726445,0.839854357251561,test,1.1299896834242054
R217D,0.29215828951517886,0.572409857687244,test,0.2802515681720651
R217E,0.591930720209408,0.787975429728194,test,0.19604470951878605
R217F,-0.38622466034471503,0.645781593567204,test,1.032006253911919
R217G,0.12436609997040568,0.727039345951372,test,0.6026732459809663
R217H,0.15432927897630597,0.80887073013578,test,0.654541451159474
R217I,0.21358609100583,0.682963218698318,test,0.46937712769248796
R217K,0.6469134133311767,0.982441473375686,test,0.3355280600445093
R217L,0.20747346479699422,0.848031608328077,test,0.6405581435310828
R217M,0.27991330587558516,0.94602263201957,test,0.6661093261439849
R217N,0.3752163910839046,0.676478514967878,test,0.30126212388397344
R217P,-0.0618303857991396,0.121924588967637,test,0.1837549747667766
R217Q,0.7123093620318641,0.933017426092711,test,0.22070806406084686
R217S,0.501289232541257,0.881208231150231,test,0.37991899860897393
R217T,0.31818292701211726,0.718073040813713,test,0.3998901138015958
R217V,0.042054719384126055,0.693907592910832,test,0.651852873526706
R217W,-0.04996913867643718,0.780290097507355,test,0.8302592361837922
R217Y,-0.0940083703052135,0.706596797704948,test,0.8006051680101615
R243A,-1.1286099174154465,0.155073413814046,train,1.2836833312294924
R243C,-0.8576176327306715,0.205083869995204,test,1.0627015027258755
R243D,-0.6014896376075709,0.271514626403625,test,0.8730042640111959
R243E,-0.8670654623075265,0.273986200289057,test,1.1410516625965834
R243F,-0.5825518880315064,0.0764389388816207,test,0.658990826913127
R243G,-0.5431480017426435,0.0550739358817926,test,0.5982219376244362
R243H,-0.39840775481257995,0.0600350571473296,test,0.45844281195990955
R243I,-0.6616547030823587,0.460909687397388,test,1.1225643904797469
R243K,-0.3755625582952813,0.911279259248749,test,1.2868418175440302
R243L,-0.4272987209875072,0.0664848128600436,test,0.4937835338475508
R243M,-0.6334147639258629,0.146937721152895,test,0.780352485078758
R243N,-0.18365535837387517,0.112365409618039,test,0.2960207679919142
R243P,-0.9497606801236482,0.0713055115862691,test,1.0210661917099173
R243Q,-0.42545363809352454,0.198530515188648,test,0.6239841532821726
R243S,-0.6434138847095026,0.0664808691695355,test,0.7098947538790381
R243T,-0.5321027509305869,0.189383766561859,test,0.7214865174924459
R243V,-0.5462964514593798,0.12278980967838,test,0.6690862611377598
R243W,-0.86966523620688,0.108991263990613,test,0.978656500197493
R243Y,-0.4797408562769012,0.0800962939241145,test,0.5598371502010158
R276A,0.9156943677966229,0.969411848549068,train,0.05371748075244509
R276C,0.6285047774242007,0.988265214455978,test,0.3597604370317773
R276D,-0.1949433295229415,0.209544543505417,test,0.40448787302835854
R276E,-0.19728216320545647,0.82505476676074,test,1.0223369299661964
R276F,0.16585322940604305,0.926184898425194,test,0.760331669019151
R276G,0.41446172672593184,0.95845145627298,test,0.5439897295470482
R276H,0.11518460583447895,0.957515189891099,test,0.84233058405662
R276I,0.4771281895429771,0.940160187332442,test,0.4630319977894649
R276K,0.3478954941084391,0.970248121092357,test,0.6223526269839179
R276L,0.38207776461408804,0.965049304732244,test,0.582971540118156
R276M,0.25670428498552433,0.994311516751926,test,0.7376072317664016
R276N,0.3839787167208184,0.937403377261576,test,0.5534246605407576
R276P,0.07934696823170048,0.0982364071862385,test,0.018889438954538013
R276Q,0.42000551619922866,0.965813688190995,test,0.5458081719917663
R276S,0.657115037540297,0.965883620974189,test,0.308768583433892
R276T,0.663987713275844,0.955520555599603,test,0.291532842323759
R276V,0.5702478555901924,0.94196572940264,test,0.3717178738124476
R276W,-0.19728216320545647,0.881934996432874,test,1.0792171596383304
R276Y,0.1540143398175717,0.933429772909046,test,0.7794154330914743
R277A,0.9315303990364445,0.975907674867128,train,0.044377275830683516
R277C,-0.04403175035322596,0.937501394060632,test,0.981533144413858
R277D,0.5484333104179056,0.963631702947464,test,0.4151983925295585
R277E,0.49666482386753663,0.956615911188458,test,0.4599510873209214
R277F,-0.06172565834745816,0.870391930465661,test,0.9321175888131191
R277G,0.4348270157199676,0.925293653922457,test,0.49046663820248937
R277H,0.5576345332300716,0.966828439841525,test,0.4091939066114534
R277I,0.19746377976078497,0.93259296280299,test,0.735129183042205
R277K,0.601283156164232,1.00624197770321,test,0.4049588215389781
R277L,0.3099827659785179,0.959375180800989,test,0.6493924148224711
R277M,0.0783479672435414,0.967467142896889,test,0.8891191756533475
R277N,0.42726345285411305,0.990774194655191,test,0.563510741801078
R277P,-0.37436268818240737,0.618485477373206,test,0.9928481655556134
R277Q,0.4894505609101001,0.986883365005543,test,0.4974328040954429
R277S,0.36552081696267247,0.985787314773683,test,0.6202664978110105
R277T,0.3316851087875323,0.970650124560299,test,0.6389650157727667
R277V,0.10899601096753406,0.923051195976144,test,0.81405518500861
R277W,-0.374412004203484,0.864710005864447,test,1.239122010067931
R277Y,-0.012644885133623857,0.880519224933255,test,0.8931641100668788
R278A,0.9354000601415688,0.97601382776341,train,0.0406137676218411
R278C,0.2888791365847718,0.992799009555152,test,0.7039198729703802
R278D,0.6242187204467766,1.00991581407701,test,0.3856970936302333
R278E,0.9489627442212314,0.998450090458395,test,0.049487346237163554
R278F,0.6968657532405522,0.988282891688135,test,0.29141713844758277
R278G,0.585849217798067,0.926181701180545,test,0.340332483382478
R278H,0.97938375651954,1.007706541901,test,0.028322785381460047
R278I,0.6473825418186292,0.98002081706424,test,0.33263827524561085
R278K,0.8235589936865371,0.883683070527857,test,0.06012407684131993
R278L,0.7869582746159207,0.961676675730103,test,0.17471840111418224
R278M,0.7614377465305762,0.99767525682549,test,0.2362375102949138
R278N,1.2758549553973657,0.996080271946308,test,0.2797746834510577
R278P,0.12690735536664396,0.181563647618404,test,0.054656292251760025
R278Q,1.0945562836516889,1.01471250727411,test,0.07984377637757878
R278S,0.8129386898713602,0.972453691815516,test,0.1595150019441558
R278T,0.9063753536295434,1.00131681416558,test,0.09494146053603658
R278V,0.6313253564367647,1.02602752176195,test,0.3947021653251852
R278W,0.7491489375769949,0.953006850726125,test,0.20385791314913015
R278Y,1.1677392017182762,0.967246953991152,test,0.20049224772712415
R288A,-1.3571925429983034,0.0644709638272601,train,1.4216635068255634
R288C,-0.6848328949165887,0.0486338614237304,test,0.7334667563403191
R288D,-1.3720187479828974,0.0609966443588564,train,1.4330153923417537
R288E,-1.3663445573807655,0.0632690397961302,train,1.4296135971768957
R288F,-0.6143789152921177,0.152854410609444,test,0.7672333259015618
R288G,-0.7207451023125058,0.0933355904696929,test,0.8140806927821986
R288H,-1.289541288522688,0.0939623274364183,train,1.3835036159591063
R288I,-0.8678395625700233,0.144355308487941,test,1.0121948710579642
R288K,-0.3467702541394526,0.469277554725843,train,0.8160478088652956
R288L,-0.8006312721257547,0.100687441381018,test,0.9013187135067727
R288M,-0.734607239890291,0.104758307883897,test,0.8393655477741879
R288N,-0.6906865594366918,0.138960734742552,test,0.8296472941792438
R288P,-0.6697863763860921,0.0756529838733293,test,0.7454393602594214
R288Q,-1.014107247269158,0.126876815275816,test,1.1409840625449739
R288S,-0.6453941106650836,0.0642942342595382,test,0.7096883449246217
R288T,-0.6765443372952438,0.102107819103038,test,0.7786521563982818
R288V,-0.7228779109949242,0.0503075142614398,test,0.7731854252563639
R288W,-1.1547020138682489,0.0553450375077767,test,1.2100470513760255
R288Y,-1.160150475560224,0.143373376353711,train,1.3035238519139352
R301A,-0.08503843607210262,0.571099784253047,train,0.6561382203251496
R301C,-0.11545379384295876,0.6673676756396,test,0.7828214694825587
R301D,-0.12684016867138828,0.0798595180740767,test,0.20669968674546496
R301E,-0.06781907215268992,0.052072184352176,test,0.11989125650486593
R301F,0.3513570192208533,0.0826595895910589,test,0.26869742962979437
R301G,0.009655233019522508,0.561634751896348,test,0.5519795188768255
R301H,0.311590265656321,0.297950853610291,test,0.013639412046029975
R301I,0.284111795079401,0.123309201940585,test,0.16080259313881598
R301K,-0.49195203180988023,0.926488012060775,test,1.4184400438706553
R301L,0.09066231759501184,0.443776434262838,test,0.3531141166678262
R301M,0.3453787476040875,0.653872543186205,test,0.30849379558211754
R301N,0.08971957662940275,0.115918938178016,test,0.026199361548613256
R301P,-0.27935135827873725,0.0538765248724585,test,0.3332278831511958
R301Q,0.15066198870969336,0.884118741039544,test,0.7334567523298506
R301S,0.08711195878344233,0.866532272705959,test,0.7794203139225166
R301T,0.09157205933329157,0.848735070570817,test,0.7571630112375254
R301V,0.051757541726825645,0.144620049426532,test,0.09286250769970636
R301W,0.0910559924805627,0.0756528837541545,test,0.015403108726408196
R301Y,0.21119166634902717,0.170443463804328,test,0.04074820254469916
R313A,-1.2699270196787473,0.0986335738669434,train,1.3685605935456908
R313C,-0.8404719914023484,0.0532133053229173,test,0.8936852967252658
R313D,-1.066942339875817,0.0768835172590247,test,1.1438258571348419
R313E,-0.7902271083087473,0.127105324976356,test,0.9173324332851033
R313F,-1.0668647942371796,0.0536186018114256,test,1.1204833960486051
R313G,-0.5765263390852373,0.0492227496544297,test,0.6257490887396671
R313H,-0.8852111896930122,0.0939591935219043,test,0.9791703832149165
R313I,-1.066942339875817,0.0737339229092424,test,1.1406762627850595
R313K,-0.4884704120163226,0.896240921005721,test,1.3847113330220435
R313L,-0.741248534300867,0.0774591630031509,test,0.8187076973040179
R313M,-1.066942339875817,0.0780040330974032,test,1.1449463729732203
R313N,-1.0663236200534578,0.0972541514463555,test,1.1635777714998132
R313P,-0.7257073050615401,0.115424463716145,test,0.8411317687776851
R313Q,-0.3605600957507551,0.0848337479460916,test,0.4453938436968467
R313S,-0.6498731230448109,0.0509200093589383,test,0.7007931324037492
R313T,-0.8550520740142928,0.141909593487662,test,0.9969616675019548
R313V,-0.8297036125219541,0.0877779366225542,test,0.9174815491445083
R313W,-0.9144767836020653,0.131398543846348,test,1.0458753274484134
R313Y,-1.066942339875817,0.125321920701131,test,1.192264260576948
R337A,0.8633286813774934,0.947991309638674,train,0.08466262826118054
R337C,0.5355715975850772,0.963360580288428,test,0.42778898270335075
R337D,0.764190461147588,0.895896050618565,test,0.131705589470977
R337E,0.6229656793245348,0.759359587772839,test,0.13639390844830412
R337F,0.6140822428945947,0.750101711143931,test,0.1360194682493363
R337G,0.5986176288099274,0.830034268773214,test,0.23141663996328654
R337H,0.4383046180090575,0.923299259342743,test,0.48499464133368553
R337I,0.7426691885581704,0.913216500549979,test,0.17054731199180861
R337K,1.3208266839247662,1.00733402877651,test,0.3134926551482562
R337L,0.694433214077441,0.833196580511423,test,0.13876336643398202
R337M,0.44260361449638963,0.862510563699575,test,0.4199069492031854
R337N,0.48210826094386205,0.979864541523411,test,0.4977562805795489
R337P,0.4003691576252011,0.698804231270481,test,0.2984350736452799
R337Q,0.48095962938551096,0.894769840100126,test,0.413810210714615
R337S,0.6100033095706239,0.974032095230467,test,0.3640287856598431
R337T,0.901712602106602,0.942097457661875,test,0.04038485555527305
R337V,0.7959455475358468,0.938202387343539,test,0.14225683980769221
R337W,0.07094632476373716,0.878772529112652,test,0.8078262043489148
R337Y,0.5775512773535547,0.900558262072748,test,0.3230069847191933
R354A,0.9482041656834401,0.981340200554561,train,0.03313603487112082
R354C,0.5217740592070859,0.99550828228531,test,0.4737342230782241
R354D,0.9260216311554335,0.992624743841937,test,0.06660311268650354
R354E,1.0504024271183934,0.985189403373608,test,0.06521302374478533
R354F,0.8771537993664691,0.933099977680528,test,0.0559461783140589
R354G,0.8823499462517941,0.997428628817906,test,0.11507868256611187
R354H,1.439862228580233,1.00258757847393,test,0.43727465010630295
R354I,0.7662980791773013,0.930630784570824,test,0.16433270539352274
R354K,1.107125088621545,0.969349456507533,test,0.1377756321140119
R354L,0.9639332890334213,0.958795503221279,test,0.005137785812142304
R354M,0.7438232972974543,0.991259606286208,test,0.24743630898875368
R354N,0.9312734624896788,0.98691819823342,test,0.05564473574374118
R354P,0.829975572449084,0.995131257624713,test,0.16515568517562895
R354Q,1.0017866043071042,1.0128168302328,test,0.011030225925695802
R354S,0.8351735875225945,0.986746264357222,test,0.1515726768346275
R354T,1.1025927230129444,1.01484180523748,test,0.08775091777546451
R354V,0.9210276979145295,0.988311654825301,test,0.06728395691077149
R354W,0.47625862696684584,0.951416272176731,test,0.4751576452098851
R354Y,1.2118135826685024,0.99986323797744,test,0.21195034469106233
R375A,0.552629097731187,0.82510539280903,train,0.272476295077843
R375C,0.09913766487005501,0.805347758853601,test,0.706210093983546
R375D,0.33260690758292566,0.240277469389215,test,0.09232943819371067
R375E,0.25233818018672705,0.262932195913443,test,0.010594015726715977
R375F,0.048297818176438606,0.727582360029103,test,0.6792845418526644
R375G,0.25097224081579594,0.735598161739874,test,0.4846259209240781
R375H,0.5573413082322192,0.678856892985151,test,0.12151558475293178
R375I,0.43265969805548976,0.839874934719147,test,0.4072152366636572
R375K,0.3695894947971128,0.908663005028284,test,0.5390735102311712
R375L,0.6272579620554637,0.815582564378439,test,0.18832460232297532
R375M,0.502633078447493,0.687397645678842,test,0.18476456723134893
R375N,0.5187642269380619,0.857791802013271,test,0.3390275750752091
R375P,-0.37144351499872985,0.810853362263089,test,1.1822968772618188
R375Q,0.4001865161190439,0.807098627258383,test,0.4069121111393391
R375S,0.4654909839523904,0.813401709179181,test,0.34791072522679056
R375T,0.5205201551746457,0.810103858914636,test,0.2895837037399903
R375V,0.5406962982063044,0.829707669331518,test,0.2890113711252136
R375W,-0.3818637321751399,0.71849959157319,test,1.10036332374833
R375Y,0.051829081331449894,0.705940138052572,test,0.6541110567211221
R408A,1.1231749056996254,,,
R408C,0.6372374831378271,0.978036435938933,test,0.34079895280110584
R408D,0.7256209176101975,0.914710955408322,test,0.1890900377981245
R408E,0.9319841732571466,0.969742155520928,test,0.037757982263781464
R408F,0.4001978036353042,0.967360037281019,test,0.5671622336457148
R408G,0.636220610036087,0.847337310765819,test,0.211116700729732
R408H,0.8668539964029922,0.953957924246362,test,0.08710392784336984
R408I,1.2434161619145583,1.0039539027429,test,0.2394622591716582
R408K,1.3526407664626563,0.968589334984952,test,0.38405143147770426
R408L,1.1925598586509534,1.01286066886914,test,0.17969918978181343
R408M,0.9861508674763908,1.00721963973424,test,0.02106877225784909
R408N,0.7056203344668404,1.00048727250179,test,0.29486693803494957
R408P,0.14500627806023678,,,
R408Q,0.9030716328503534,0.999420901370379,test,0.09634926852002557
R408S,0.7629844728459692,0.942260276889731,test,0.17927580404376187
R408T,1.2475993083332055,0.982528677391892,test,0.26507063094131356
R408V,0.9905510915859328,1.00184166538721,test,0.011290573801277182
R408W,0.49738333753777986,,,
R408Y,0.44300297413152,0.957020012504134,test,0.514017038372614
R411A,0.8995294760038466,0.963150895088216,train,0.06362141908436947
R411C,0.5030740450653057,0.896153271133324,test,0.39307922606801826
R411D,0.29409070519762737,0.749727095995046,test,0.4556363907974186
R411E,0.3925958595858725,0.787056946240729,test,0.39446108665485646
R411F,0.5653358188138975,0.920898229702196,test,0.35556241088829854
R411G,0.246382832581949,0.917118754615735,test,0.670735922033786
R411H,0.6061932060521735,0.909830803468227,test,0.30363759741605345
R411I,0.5368488507869686,0.927877568584642,test,0.39102871779767334
R411K,0.7202474949057318,0.977450894839885,test,0.2572033999341532
R411L,0.7265908013481954,0.96887640587391,test,0.24228560452571457
R411M,0.6732075340936434,0.891477488518537,test,0.2182699544248936
R411N,0.3989695700458762,0.880917149643056,test,0.4819475795971798
R411P,-0.14140065830276674,0.107426488386332,test,0.24882714668909872
R411Q,0.6550592196391578,0.912736544740715,test,0.25767732510155716
R411S,0.5712399275622724,0.912432045285382,test,0.34119211772310964
R411T,0.5225342934229411,0.925125299497127,test,0.40259100607418585
R411V,0.7911961680215633,0.930158819830514,test,0.13896265180895062
R411W,-0.09445952336822819,0.806122352621506,test,0.9005818759897342
R411Y,0.5248624183938142,0.902353847317709,test,0.37749142892389476
R418A,0.8335311997474666,0.935410320934917,train,0.10187912118745046
R418C,0.5838719913948045,0.993911114976922,test,0.41003912358211747
R418D,0.5418643284222531,0.937790207006833,test,0.39592587858457995
R418E,1.0690489704645298,0.921631976145442,test,0.14741699431908784
R418F,0.6609142159830703,0.95801450879968,test,0.29710029281660966
R418G,0.6021576155518351,0.928489532133508,test,0.32633191658167293
R418H,0.6357121648301394,0.970629374895543,test,0.33491721006540365
R418I,0.7714570575098219,0.904544560214218,test,0.13308750270439618
R418K,1.2370335276669773,0.980269482515523,test,0.25676404515145423
R418L,0.9249121425790154,0.923863241119565,test,0.0010489014594504686
R418M,0.9486210622369395,0.966992313572605,test,0.018371251335665417
R418N,0.5338417355571747,0.969712782491213,test,0.4358710469340382
R418P,0.15329558700197785,0.247656990658669,test,0.09436140365669116
R418Q,1.1642401174876593,0.968536495241748,test,0.1957036222459113
R418S,0.8512219770778746,1.0274329678207,test,0.1762109907428253
R418T,0.7686921941662217,0.939863336247349,test,0.17117114208112727
R418V,1.1013915223366937,0.970722997640321,test,0.1306685246963727
R418W,-0.02239087748334237,0.856558508370855,test,0.8789493858541974
R418Y,0.5926976970886348,0.918381502685625,test,0.3256838055969902
R428A,0.955037409992632,0.983517346537094,train,0.028479936544462015
R428C,0.04973646868630796,0.97829689834831,test,0.928560429662002
R428D,0.775882142507361,0.858995161138835,test,0.08311301863147402
R428E,0.8967170689754991,0.938357873330076,test,0.041640804354576955
R428F,0.08934807913602258,0.914290826539167,test,0.8249427474031444
R428G,0.9308938600672445,0.938698592469342,test,0.007804732402097447
R428H,0.6376120773793976,0.955094518000248,test,0.3174824406208504
R428I,0.6933576055555191,0.983606519087065,test,0.2902489135315459
R428K,1.4085788039407536,1.02175076373565,test,0.38682804020510364
R428L,0.7795095102538181,0.985407487684949,test,0.20589797743113092
R428M,0.7254981500226492,0.98686028075784,test,0.2613621307351909
R428N,0.7817629934143835,0.977930097069087,test,0.19616710365470347
R428P,0.4349866291887057,0.791229933666393,test,0.3562433044776874
R428Q,1.1043033014062804,0.991059904343097,test,0.11324339706318343
R428S,0.9415919548237366,0.958265965023861,test,0.01667401020012438
R428T,0.8215142982789605,0.978841067703131,test,0.15732676942417045
R428V,0.8378959178382506,0.977421113159658,test,0.1395251953214074
R428W,0.2889539327936561,0.876942563175454,test,0.5879886303817979
R428Y,0.35980385926932956,0.952848461292746,test,0.5930446020234165
R435A,0.6789882209991169,0.875268386292894,train,0.19628016529377712
R435C,0.44849848417667526,0.780215410618497,test,0.3317169264418217
R435D,0.44849848417667526,0.699957845737143,test,0.2514593615604678
R435E,0.44849848417667526,0.704219537340668,test,0.25572105316399274
R435F,0.44849848417667526,0.698197438845449,test,0.2496989546687738
R435G,0.44849848417667526,0.857359578186046,test,0.40886109400937076
R435H,0.44849848417667526,0.876387569559874,test,0.4278890853831987
R435I,0.44849848417667526,0.745217869264441,test,0.29671938508776574
R435K,0.44849848417667526,0.941491957512906,test,0.4929934733362308
R435L,0.44849848417667526,0.79826989170169,test,0.3497714075250148
R435M,0.44849848417667526,0.863685402077555,test,0.4151869179008797
R435N,0.44849848417667526,0.798991180517207,test,0.3504926963405317
R435P,0.44849848417667526,0.0325528341025509,test,0.4159456500741244
R435Q,0.44849848417667526,0.91776874364518,test,0.46927025946850476
R435S,0.44849848417667526,0.857533119446574,test,0.4090346352698987
R435T,0.44849848417667526,0.799783352497046,test,0.35128486832037076
R435V,0.44849848417667526,0.827558606097536,test,0.3790601219208607
R435W,0.44849848417667526,0.737473758616967,test,0.2889752744402917
R435Y,0.44849848417667526,0.755998659369723,test,0.30750017519304773
R452A,0.9031489633817327,0.964595691529153,train,0.06144672814742036
R452C,0.5605788553679829,0.936833934606937,test,0.37625507923895407
R452D,0.5605788553679829,0.903580545979038,test,0.3430016906110551
R452E,0.5605788553679829,0.927973983579622,test,0.3673951282116391
R452F,0.5605788553679829,0.881203785154493,test,0.32062492978651014
R452G,0.5605788553679829,0.92758297422611,test,0.3670041188581271
R452H,0.5605788553679829,0.955880928951753,test,0.3953020735837701
R452I,0.5605788553679829,0.894431706292243,test,0.3338528509242601
R452K,0.5605788553679829,0.962298496235786,test,0.4017196408678031
R452L,0.5605788553679829,0.874627877899697,test,0.3140490225317141
R452M,0.5605788553679829,0.916917326945827,test,0.35633847157784404
R452N,0.5605788553679829,0.907648284150873,test,0.34706942878289004
R452P,0.5605788553679829,0.920487429539181,test,0.35990857417119804
R452Q,0.5605788553679829,0.974863857491204,test,0.41428500212322106
R452S,0.5605788553679829,0.919833945355644,test,0.3592550899876611
R452T,0.5605788553679829,0.944643131936016,test,0.3840642765680331
R452V,0.5605788553679829,0.93048134980506,test,0.3699024944370771
R452W,0.5605788553679829,0.911391781845832,test,0.3508129264778491
R452Y,0.5605788553679829,0.901542930409417,test,0.3409640750414341
R461A,0.994871305043403,1.00114673754866,train,0.006275432505256973
R461C,0.6064400261988181,0.985717816811391,test,0.37927779061257294
R461D,0.6064400261988181,0.990324736963754,test,0.3838847107649359
R461E,0.6064400261988181,0.962682045279383,test,0.35624201908056485
R461F,0.6064400261988181,0.989891725950223,test,0.3834516997514049
R461G,0.6064400261988181,1.00748660853641,test,0.40104658233759194
R461H,0.6064400261988181,1.00114517690892,test,0.3947051507101018
R461I,0.6064400261988181,0.984242174824376,test,0.37780214862555794
R461K,0.6064400261988181,1.00609245474575,test,0.39965242854693184
R461L,0.6064400261988181,0.98861410595335,test,0.3821740797545319
R461M,0.6064400261988181,0.985921617116657,test,0.37948159091783895
R461N,0.6064400261988181,1.01308672180605,test,0.4066466956072319
R461P,0.6064400261988181,1.01784950544676,test,0.4114094792479419
R461Q,0.6064400261988181,0.980853868439764,test,0.37441384224094587
R461S,0.6064400261988181,1.00207111180627,test,0.39563108560745186
R461T,0.6064400261988181,1.0039463206525,test,0.3975062944536818
R461V,0.6064400261988181,1.02710903348567,test,0.42066900728685197
R461W,0.6064400261988181,0.986541762829276,test,0.3801017366304579
R461Y,0.6064400261988181,1.00201071361573,test,0.3955706874169118
R65A,0.40710254752591957,0.765931259436125,train,0.3588287119102054
R65C,-0.024177858695152904,0.880608745143345,test,0.9047866038384978
R65D,0.6261927014391373,0.221754892917216,test,0.4044378085219213
R65E,0.5587804681979696,0.782418646643375,test,0.22363817844540546
R65F,-0.05685636008564535,0.919216936851936,test,0.9760732969375813
R65G,0.44636566249131326,0.700355589572172,test,0.25398992708085877
R65H,0.28549155818856087,0.92628017526619,test,0.6407886170776291
R65I,0.24913300710749572,0.955481097566644,test,0.7063480904591483
R65K,0.9191686077915631,1.01600141643621,test,0.09683280864464683
R65L,0.6153695211994685,0.942520788719771,test,0.32715126752030244
R65M,0.3706337931677426,0.9487161323534,test,0.5780823391856574
R65N,0.43710776106011884,0.791326450072612,test,0.3542186890124932
R65P,0.34630550793972525,0.758594346323383,test,0.4122888383836577
R65Q,0.48047887316485194,0.89134415195443,test,0.410865278789578
R65S,0.4478019987328101,0.765944884915579,test,0.31814288618276887
R65T,0.4555172206748954,0.90746660388624,test,0.4519493832113446
R65V,0.2670246562766041,0.922386903685928,test,0.6553622474093239
R65W,0.06903533284038252,0.798397918637295,test,0.7293625857969125
R65Y,0.16453781432241518,0.95690547406183,test,0.7923676597394148
R6A,-1.142941293466311,0.149235575517198,train,1.292176868983509
R6C,-0.4624662730560407,0.262973856889931,test,0.7254401299459717
R6D,-0.4624662730560407,0.106003520400865,test,0.5684697934569057
R6E,-0.4624662730560407,0.207775295092515,test,0.6702415681485557
R6F,-0.4624662730560407,0.2327843295805,test,0.6952506026365407
R6G,-0.4624662730560407,0.221248038758699,test,0.6837143118147397
R6H,-0.4624662730560407,0.231266809827231,test,0.6937330828832717
R6I,-0.4624662730560407,0.393497995208829,test,0.8559642682648697
R6K,-0.4624662730560407,0.429888024575464,test,0.8923542976315046
R6L,-0.4624662730560407,0.0796098504488943,test,0.5420761235049351
R6M,-0.4624662730560407,0.0581398038211802,test,0.5206060768772209
R6N,-0.4624662730560407,0.114844066677306,test,0.5773103397333467
R6P,-0.4624662730560407,0.136169109843057,test,0.5986353828990977
R6Q,-0.4624662730560407,0.315010344237776,test,0.7774766172938168
R6S,-0.4624662730560407,0.145682302903976,test,0.6081485759600167
R6T,-0.4624662730560407,0.261561929915762,test,0.7240282029718027
R6V,-0.4624662730560407,0.210021175152871,test,0.6724874482089117
R6W,-0.4624662730560407,0.162190378915797,test,0.6246566519718377
R6Y,-0.4624662730560407,0.235323956908248,test,0.6977902299642887
R78A,0.9844940862759313,0.994986980505857,train,0.01049289422992572
R78C,0.678098550076897,0.952824063115142,test,0.274725513038245
R78D,1.17138722760856,0.740063496336457,test,0.431323731272103
R78E,1.1481580592689362,0.913903702906985,test,0.23425435636195124
R78F,0.7321813507795454,0.84910388833411,test,0.11692253755456461
R78G,1.2606479342605275,0.834729518050064,test,0.42591841621046345
R78H,0.7622296227858645,0.961999776080556,test,0.1997701532946915
R78I,0.837256357244063,0.927107050583454,test,0.089850693339391
R78K,1.2901744754215196,1.01908250676069,test,0.27109196866082974
R78L,0.8721096262941199,0.911802516024014,test,0.03969288972989404
R78M,0.5622589940456704,0.987218628861926,test,0.42495963481625565
R78N,1.3361430441020945,0.974132484917597,test,0.36201055918449754
R78P,0.6810612958526867,0.0893688191475113,test,0.5916924767051754
R78Q,1.0766890991686051,0.995747688825569,test,0.08094141034303615
R78S,1.1857131596115817,0.955923810843845,test,0.2297893487677367
R78T,1.2877639854011618,0.95146968310578,test,0.3362943022953818
R78V,0.892884548909824,0.961864493504929,test,0.06897994459510493
R78W,0.6862429680285451,0.774583005125083,test,0.08834003709653793
R78Y,0.7171565173762395,0.875475559222912,test,0.15831904184667245
R92A,0.9121426683038341,0.967651161075077,train,0.05550849277124292
R92C,0.48534539836417756,0.954489232575588,test,0.4691438342114105
R92D,0.6944565105661986,0.824733480090597,test,0.13027696952439838
R92E,0.8041143831483535,0.926662684619887,test,0.1225483014715335
R92F,0.7267917888899127,0.920087909465738,test,0.19329612057582535
R92G,0.7910014564215022,0.941347659637904,test,0.1503462032164018
R92H,0.8880051432817002,0.957577038044863,test,0.06957189476316283
R92I,0.7032754907085141,0.923901546217886,test,0.22062605550937187
R92K,0.7047296766540903,0.974577095316403,test,0.26984741866231277
R92L,0.7051043749243042,0.950456416833558,test,0.24535204190925375
R92M,0.4505899432486904,0.962521010937552,test,0.5119310676888617
R92N,0.5235316682418867,0.96498560939534,test,0.44145394115345327
R92P,1.03677802612613,0.622026312802433,test,0.41475171332369687
R92Q,0.6519254701656434,0.981184834706283,test,0.32925936454063964
R92S,0.8349547702774534,0.995382818802293,test,0.1604280485248396
R92T,0.7804562255939456,0.983095992816938,test,0.20263976722299248
R92V,0.5922999056326039,0.935275663803279,test,0.34297575817067505
R92W,0.44619276977881817,0.957769877542798,test,0.5115771077639798
R92Y,0.5514271678154434,0.877726704857728,test,0.32629953704228454
S103A,0.8793006955017206,0.954657927855714,train,0.07535723235399339
S103C,0.4566714465445918,0.870826213081443,test,0.41415476653685124
S103D,0.4624397349942433,1.02845335381097,test,0.5660136188167266
S103E,0.5675431560252824,0.76390886682069,test,0.19636571079540766
S103F,0.05601758311230684,0.962425791405641,test,0.9064082082933341
S103G,0.669018291785276,0.918265687163758,test,0.24924739537848195
S103H,0.8544708428405572,0.942630298743671,test,0.0881594559031138
S103I,0.397035761470937,0.626407390417371,test,0.22937162894643404
S103K,0.07209983472539536,0.375771071091442,test,0.30367123636604665
S103L,0.4549915582510222,0.603374707810294,test,0.1483831495592718
S103M,0.5119984894592611,0.699344564938077,test,0.18734607547881588
S103N,1.0112140783359067,0.988245394836899,test,0.022968683499007714
S103P,0.061761716745898115,0.891794498535405,test,0.8300327817895069
S103Q,0.9708072310322458,0.861081581324707,test,0.10972564970753873
S103R,0.4292848043317099,0.0969213408759021,test,0.3323634634558078
S103T,0.6724081809888867,0.963455426158427,test,0.2910472451695404
S103V,0.40985099460437113,0.7939680168519,test,0.38411702224752886
S103W,0.19269193060903975,0.211251114791082,test,0.01855918418204225
S103Y,0.07647113440910688,1.07115993271151,test,0.9946887983024031
S140A,0.9327317158017305,0.974190348169638,train,0.04145863236790748
S140C,-0.11296845619797916,0.972005754314718,test,1.0849742105126972
S140D,-0.3295413687912354,0.979826719296196,test,1.3093680880874314
S140E,0.3923339267565138,1.01147767782422,test,0.6191437510677062
S140F,0.13013072287716218,0.980669500464419,test,0.8505387775872568
S140G,0.4232480977845119,0.991813552845969,test,0.5685654550614571
S140H,0.31546891678512146,0.990149774149039,test,0.6746808573639176
S140I,0.21194030748753764,0.928147914622128,test,0.7162076071345903
S140K,0.5046675289450249,0.989759320920513,test,0.48509179197548813
S140L,0.4510247371940783,0.957346240762386,test,0.5063215035683076
S140M,0.16439711683595412,0.9773136197505,test,0.8129165029145459
S140N,0.5286627151644196,1.01485099783315,test,0.48618828266873027
S140P,0.3888895213001431,0.955375369923142,test,0.5664858486229989
S140Q,0.46298204058822257,0.999148544960796,test,0.5361665043725734
S140R,0.5686433637795656,0.966878038849752,test,0.3982346750701864
S140T,0.5931344657456361,0.965567170455086,test,0.3724327047094499
S140V,0.4922515017634559,0.937929682484564,test,0.4456781807211081
S140W,-0.3295413687912354,0.970261328683452,test,1.2998026974746875
S140Y,0.3248926805954182,0.974151662973135,test,0.6492589823777168
S144A,0.9221700120826137,0.970197084466899,train,0.048027072384285274
S144C,0.11610223322569554,0.936450377242956,test,0.8203481440172604
S144D,0.7622136453210866,0.965061813288386,test,0.20284816796729943
S144E,0.9604839780657921,0.995962206912378,test,0.03547822884658591
S144F,-0.17301950407627212,0.8240008779899,test,0.997020382066172
S144G,0.659447075741767,0.98380630150837,test,0.32435922576660303
S144H,0.6031505612747206,0.999526942606137,test,0.3963763813314164
S144I,0.560380430368731,0.820553087419214,test,0.260172657050483
S144K,0.6970373210159446,0.991923739928612,test,0.2948864189126674
S144L,0.42290999199445056,0.847288381038533,test,0.4243783890440824
S144M,0.08782211959962469,0.900679266022725,test,0.8128571464231003
S144N,0.5027099465243754,1.00745065588996,test,0.5047407093655847
S144P,0.6518618353392187,0.975639237770558,test,0.32377740243133935
S144Q,0.626426389331382,0.996351667237136,test,0.369925277905754
S144R,0.8321259864455153,0.980056734556971,test,0.14793074811145568
S144T,0.7126268941371985,0.994572409997824,test,0.28194551586062555
S144V,0.9740520249448468,0.830904669881837,test,0.1431473550630098
S144W,-0.01493010727083613,0.863170295454843,test,0.8781004027256791
S144Y,0.3772455062552875,0.838453727510311,test,0.4612082212550235
S229A,0.9478874108697035,0.983637861000948,train,0.03575045013124445
S229C,-0.046366388922892715,0.720689612265408,test,0.7670560011883006
S229D,-0.7890867740203669,0.1795490122662,test,0.9686357862865669
S229E,-1.3527499955517894,0.0665372098579176,train,1.419287205409707
S229F,0.0036022852042540687,0.144410079382742,test,0.14080779417848793
S229G,-0.5213681178481886,0.851971098557477,test,1.3733392164056655
S229H,-0.6731560535159724,0.261271941323688,test,0.9344279948396603
S229I,-0.036203558869709856,0.208752001227011,test,0.24495556009672087
S229K,-0.7969017730589962,0.0771175440940914,test,0.8740193171530877
S229L,0.2611177494979684,0.129253449778445,test,0.1318642997195234
S229M,0.006032656034877543,0.0528791907474473,test,0.046846534712569755
S229N,-0.7967929734521719,0.0643643725259967,test,0.8611573459781686
S229P,-0.7969017730589962,0.0624756883120673,test,0.8593774613710635
S229Q,-0.5964378706208444,0.142325416589974,test,0.7387632872108184
S229R,-0.9665359422117283,0.221208337176109,train,1.1877442793878372
S229T,-0.10037612700909262,0.263649823305303,test,0.36402595031439566
S229V,0.08723063682222884,0.679025243914506,test,0.5917946070922772
S229W,-0.12319962414387645,0.0883427153028206,test,0.21154233944669704
S229Y,-0.0734937800824447,0.0386991722124104,test,0.1121929522948551
S256A,0.9423530190723131,0.980218376446918,train,0.03786535737460495
S256C,0.5801808832132729,0.942772040358499,test,0.36259115714522616
S256D,0.5801808832132729,0.969552812852836,test,0.38937192963956313
S256E,0.5801808832132729,0.966672226436555,test,0.38649134322328216
S256F,0.5801808832132729,0.682396197167613,test,0.10221531395434014
S256G,0.5801808832132729,0.996764181810363,test,0.4165832985970901
S256H,0.5801808832132729,0.999492507107779,test,0.41931162389450616
S256I,0.5801808832132729,0.707664319945984,test,0.12748343673271112
S256K,0.5801808832132729,1.02147431197267,test,0.44129342875939703
S256L,0.5801808832132729,0.835451437213985,test,0.2552705540007121
S256M,0.5801808832132729,0.910864317616263,test,0.3306834344029901
S256N,0.5801808832132729,1.00410871833626,test,0.42392783512298715
S256P,0.5801808832132729,0.995197816861357,test,0.4150169336480841
S256Q,0.5801808832132729,0.966973735208446,test,0.3867928519951731
S256R,0.5801808832132729,0.988002873220903,test,0.4078219900076301
S256T,0.5801808832132729,1.02802465617014,test,0.44784377295686717
S256V,0.5801808832132729,0.780467715371666,test,0.20028683215839316
S256W,0.5801808832132729,0.573853950213653,test,0.006326932999619839
S256Y,0.5801808832132729,0.696295539407444,test,0.11611465619417116
S296A,0.705127630446637,0.885893843737087,train,0.18076621329045006
S296C,0.12559695491933295,0.899030268354546,test,0.773433313435213
S296D,0.3775781293405924,0.459863487982148,test,0.08228535864155556
S296E,0.5175048297342582,0.0653416179841169,test,0.45216321175014124
S296F,-0.12641934703085214,0.10547467157482,test,0.23189401860567216
S296G,0.7196070008396311,0.976353406916349,test,0.25674640607671784
S296H,0.44936114999941634,0.889868019302341,test,0.4405068693029247
S296I,0.4161157761461649,1.21335837657094,test,0.797242600424775
S296K,0.5498554179073534,0.392831283651398,test,0.15702413425595535
S296L,0.39885464928330916,0.783648404631842,test,0.3847937553485329
S296M,0.41413814908646285,0.645191840875782,test,0.23105369178931912
S296N,0.37155453467497535,0.81709440496106,test,0.44553987028608466
S296P,0.3090321365483153,0.812159213085127,test,0.5031270765368117
S296Q,0.42948684034474494,0.967708164152135,test,0.5382213238073901
S296R,0.9160196804553606,1.19463222590688,test,0.27861254545151937
S296T,0.3966715226340807,0.894562966759235,test,0.4978914441251543
S296V,0.3675044333949178,0.872060376064809,test,0.5045559426698912
S296W,0.11552876189959546,0.0535705424731231,test,0.06195821942647236
S296Y,0.21650479982803203,0.146905718498755,test,0.06959908132927703
S299A,1.0125319907491008,1.00684205039272,train,0.005689940356380818
S299C,0.006795432460465295,0.973059416344142,test,0.9662639838836766
S299D,0.474853035181489,0.16717224733113,test,0.307680787850359
S299E,0.6485501732429062,0.787763084537799,test,0.13921291129489277
S299F,0.11754317911115583,1.17888894989046,test,1.0613457707793041
S299G,0.5266347414172718,1.00494222133995,test,0.4783074799226781
S299H,0.35495363148561077,0.981557151368902,test,0.6266035198832912
S299I,0.20710131924312966,0.887605023589683,test,0.6805037043465533
S299K,0.5230275864265257,0.156050205541877,test,0.3669773808846487
S299L,0.42221770894308785,0.53777933254006,test,0.1155616235969722
S299M,-0.01877624169651318,0.937303836043783,test,0.9560800777402961
S299N,0.7900193317052995,0.920267473777338,test,0.1302481420720385
S299P,0.7850278770397032,0.101356288714957,test,0.6836715883247462
S299Q,0.4384677520325828,0.992975559233323,test,0.5545078072007402
S299R,0.5112335459436073,0.136048225284649,test,0.37518532065895827
S299T,0.863654734540199,1.04283808882568,test,0.17918335428548104
S299V,0.30303161304247817,0.941126041803994,test,0.6380944287615158
S299W,0.01890666560055118,0.72602305915587,test,0.7071163935553187
S299Y,0.1823589131048957,1.11171726323812,test,0.9293583501332243
S318A,0.9855679929523398,0.997736266514432,train,0.012168273562092269
S318C,0.10601088969844305,0.959728078379653,test,0.8537171886812099
S318D,0.8114233543931244,0.837799791308448,test,0.026376436915323542
S318E,0.5554686710749726,0.0644393937121904,test,0.4910292773627821
S318F,0.10601088969844305,0.0668569893685579,test,0.03915390032988515
S318G,0.347031573251823,0.967283639967207,test,0.620252066715384
S318H,0.5043121328821873,0.400095381787515,test,0.10421675109467232
S318I,0.4529964452726991,0.1547763340955,test,0.2982201111771991
S318K,0.1065516836167297,0.075304842474327,test,0.031246841142402698
S318L,0.10601088969844305,0.0612379517729002,test,0.04477293792554285
S318M,0.10601088969844305,0.119513451645321,test,0.013502561946877947
S318N,0.43969115255438207,0.823378578710568,test,0.3836874261561859
S318P,0.14828654612670952,0.145463581261161,test,0.002822964865548533
S318Q,0.10601088969844305,0.250057110438348,test,0.14404622073990495
S318R,0.11245283558842153,0.068270566543237,test,0.04418226904518453
S318T,0.8336884993066154,0.728430826375891,test,0.10525767293072441
S318V,0.10601088969844305,0.0903011981318658,test,0.015709691566577255
S318W,0.10601088969844305,0.0885758998155525,test,0.01743498988289055
S318Y,0.10788679741977411,0.0396071358406385,test,0.06827966157913562
S334A,0.9846750494102576,0.994285395267463,train,0.009610345857205327
S334C,0.0546448155568455,0.991329341714849,test,0.9366845261580035
S334D,0.7589823592789726,0.971544434583371,test,0.2125620753043984
S334E,0.8574001018622204,0.992523937349804,test,0.13512383548758367
S334F,0.4085798084623862,0.989072206262043,test,0.5804923977996568
S334G,0.8434993910396786,0.966858092360943,test,0.12335870132126436
S334H,0.6003716096720402,0.995878359137195,test,0.39550674946515485
S334I,0.5894577283498512,0.96566773670084,test,0.37621000835098883
S334K,1.0050334228677695,0.972155637925168,test,0.03287778494260152
S334L,0.5674073632428274,0.961501106896012,test,0.3940937436531846
S334M,0.507333865463272,0.97194617355609,test,0.46461230809281806
S334N,0.8032528311720226,0.988447230256719,test,0.18519439908469637
S334P,1.2201433904509982,0.996740733201376,test,0.22340265724962216
S334Q,0.727326391095007,1.00989889444654,test,0.28257250335153294
S334R,0.8997619726481345,1.01115823431152,test,0.11139626166338545
S334T,0.6351643817122954,0.944730579934288,test,0.3095661982219926
S334V,0.755231425815156,1.01970063115808,test,0.26446920534292406
S334W,0.4647986804656645,1.00269144146276,test,0.5378927609970954
S334Y,0.5078221716431115,0.962395072586072,test,0.45457290094296054
S335A,1.0210054982621226,1.00947215338818,train,0.01153334487394253
S335C,0.4589402716146431,1.00505947588145,test,0.5461192042668068
S335D,1.0495493780472855,0.953568084825761,test,0.09598129322152449
S335E,1.0961263853132095,0.989616832598546,test,0.10650955271466345
S335F,0.2692033802129139,0.970693738438576,test,0.7014903582256621
S335G,0.8480254381221293,1.00225730078434,test,0.15423186266221078
S335H,0.6480257366636948,0.974614270060389,test,0.32658853339669425
S335I,0.4948525950896461,0.97689082956951,test,0.48203823447986394
S335K,0.8522944104870873,0.975993747260007,test,0.12369933677291967
S335L,0.764162784492165,1.01756058123368,test,0.2533977967415151
S335M,0.4293030872814818,1.00221959809302,test,0.5729165108115382
S335N,0.6096395573205522,1.03740520330414,test,0.4277656459835879
S335P,0.7394382215783153,0.931614034893525,test,0.19217581331520972
S335Q,0.6391031762150525,1.00212982541794,test,0.3630266492028875
S335R,0.6433218524590181,1.02800836374956,test,0.384686511290542
S335T,0.7796498975535193,1.01246051333548,test,0.23281061578196072
S335V,0.5384464405468308,1.01379632604995,test,0.4753498855031193
S335W,0.33375359932624993,0.977913206824127,test,0.644159607497877
S335Y,0.5318531190209328,0.973756397183174,test,0.4419032781622412
S356A,1.0433210452329018,1.01909878400464,train,0.024222261228261877
S356C,0.62865753931365,0.992959255059617,test,0.36430171574596704
S356D,1.3611434163594114,1.00061401019912,test,0.3605294061602913
S356E,1.6540577176744595,0.995200725889571,test,0.6588569917848885
S356F,0.7427838499597612,1.00028168057668,test,0.2574978306169189
S356G,0.9813051911593764,0.980937394867607,test,0.00036779629176941775
S356H,0.8643193184865592,0.993891585890567,test,0.12957226740400785
S356I,0.7406023234245402,0.972508229188042,test,0.23190590576350179
S356K,1.264392448466155,1.00659500721543,test,0.2577974412507251
S356L,0.7489983652749401,0.991263827596704,test,0.24226546232176382
S356M,0.6634459668120234,0.966897451206022,test,0.3034514843939986
S356N,0.9549994888137203,1.01195409064328,test,0.05695460182955969
S356P,1.4422394947107693,1.01002851839701,test,0.4322109763137594
S356Q,0.96368293543003,1.02738229973082,test,0.06369936430078993
S356R,1.0584016957692886,0.983553905538898,test,0.07484779023039057
S356T,0.92652081257278,1.01472227784141,test,0.08820146526863004
S356V,0.674735228623575,0.979496752376603,test,0.304761523753028
S356W,0.23095601934244334,0.964170586227429,test,0.7332145668849857
S356Y,0.7824138603320925,1.02121569108263,test,0.2388018307505375
S368A,-0.6666045955654611,0.339630656139236,train,1.006235251704697
S368C,-0.4885614262304221,0.145135387115859,test,0.633696813346281
S368D,-0.9807488539437468,0.115336759866,test,1.0960856138097468
S368E,-0.7611372483838668,0.127870520016135,test,0.8890077684000017
S368F,-0.9416194535782896,0.100650182261715,test,1.0422696358400045
S368G,-0.20984135881550284,,,
S368H,-1.1607788248562902,0.0278794255878448,test,1.188658250444135
S368I,-0.9787713114903258,0.0550516492646485,test,1.0338229607549743
S368K,-1.3441129278665274,0.0714394235016483,train,1.4155523513681756
S368L,-0.9619278677028749,0.0606070412068873,test,1.0225349089097622
S368M,-1.1607788248562902,0.106938615631344,test,1.2677174404876344
S368N,-1.2646360235084362,0.103268272318002,train,1.3679042958264382
S368P,-1.1214411131688997,0.159945650112128,train,1.2813867632810276
S368Q,-0.675782658114368,0.152249461066092,test,0.82803211918046
S368R,-0.900300622377286,0.133569137848096,test,1.033869760225382
S368T,-0.6820325264518059,0.417966327084482,test,1.099998853536288
S368V,-0.8829992903125958,0.0994254324386988,test,0.9824247227512947
S368W,-1.1606992012725355,0.0549626838809772,test,1.2156618851535126
S368Y,-0.8028618716822808,0.131165203961268,test,0.9340270756435488
S409A,0.9171253410672848,0.969136285264425,train,0.05201094419714014
S409C,-0.017868617103564938,0.937325804812721,test,0.9551944219162859
S409D,0.20572379145154038,0.0519628576921375,test,0.15376093375940286
S409E,0.32273962344979235,0.088733220081402,test,0.23400640336839035
S409F,-0.0141810989183411,0.0541315122836897,test,0.0683126112020308
S409G,0.36074038248142126,0.8503386668725,test,0.4895982843910788
S409H,0.23537684177691595,0.135195955293717,test,0.10018088648319895
S409I,0.1184371011889602,0.126882303403789,test,0.008445202214828806
S409K,0.18657258151972364,0.0881353485768696,test,0.09843723294285404
S409L,0.19105793769297882,0.0757554570570583,test,0.11530248063592052
S409M,-0.07081124854235757,0.570687671320844,test,0.6414989198632015
S409N,0.007171511509005163,0.067591213565597,test,0.060419702056591834
S409P,-0.41871254845775785,0.0830245729344266,test,0.5017371213921844
S409Q,0.16770383253285878,0.207630764642222,test,0.03992693210936321
S409R,0.1505050712382576,0.0645415583033564,test,0.0859635129349012
S409T,0.1692867409209675,0.836383667613073,test,0.6670969266921055
S409V,0.1678994233751829,0.568186163493949,test,0.4002867401187661
S409W,-0.4228965857416853,0.0721839815190525,test,0.4950805672607378
S409Y,0.08173560566793434,0.0879815675124237,test,0.006245961844489362
S439A,0.820424412505455,0.931630235008482,train,0.11120582250302702
S439C,0.5192165799298436,0.903896510503565,test,0.3846799305737214
S439D,0.5192165799298436,0.309055723949266,test,0.2101608559805776
S439E,0.5192165799298436,0.186130289445254,test,0.3330862904845896
S439F,0.5192165799298436,0.95497063585045,test,0.43575405592060634
S439G,0.5192165799298436,0.891527985307733,test,0.3723114053778894
S439H,0.5192165799298436,0.861605027850133,test,0.34238844792028944
S439I,0.5192165799298436,0.743758966693932,test,0.22454238676408844
S439K,0.5192165799298436,0.812960541493176,test,0.2937439615633324
S439L,0.5192165799298436,0.770081218606532,test,0.2508646386766884
S439M,0.5192165799298436,0.766034982443328,test,0.24681840251348441
S439N,0.5192165799298436,0.681111567355442,test,0.16189498742559838
S439P,0.5192165799298436,0.146748121820003,test,0.37246845810984064
S439Q,0.5192165799298436,0.648446054466668,test,0.12922947453682443
S439R,0.5192165799298436,0.725927492106679,test,0.20671091217683535
S439T,0.5192165799298436,0.958281443375781,test,0.4390648634459374
S439V,0.5192165799298436,0.773552856300542,test,0.25433627637069844
S439W,0.5192165799298436,0.835527566749746,test,0.31631098681990244
S439Y,0.5192165799298436,1.0147312640243,test,0.4955146840944564
S462A,1.006183014990729,1.00565441608538,train,0.0005285989053489537
S462C,0.612095881172481,0.980705386457748,test,0.3686095052852669
S462D,0.612095881172481,0.978948774528967,test,0.36685289335648597
S462E,0.612095881172481,0.978965186321063,test,0.36686930514858196
S462F,0.612095881172481,1.02062271258837,test,0.40852683141588897
S462G,0.612095881172481,1.02672002574711,test,0.41462414457462904
S462H,0.612095881172481,1.0012164405726,test,0.389120559400119
S462I,0.612095881172481,1.00180422194341,test,0.389708340770929
S462K,0.612095881172481,1.00554365432979,test,0.39344777315730894
S462L,0.612095881172481,0.99992420148346,test,0.3878283203109789
S462M,0.612095881172481,1.01107941254231,test,0.3989835313698289
S462N,0.612095881172481,0.991316935071698,test,0.379221053899217
S462P,0.612095881172481,1.03380635974264,test,0.42171047857015886
S462Q,0.612095881172481,0.988462839847522,test,0.376366958675041
S462R,0.612095881172481,0.998652534512771,test,0.38655665334029
S462T,0.612095881172481,0.991890706387714,test,0.379794825215233
S462V,0.612095881172481,0.990789148295854,test,0.3786932671233729
S462W,0.612095881172481,1.00079428638549,test,0.3886984052130089
S462Y,0.612095881172481,0.967198498421017,test,0.355102617248536
S49A,0.970393672955981,0.995178209027059,train,0.024784536071078
S49C,0.579933529647062,0.840097717915771,train,0.260164188268709
S49D,-1.039927816251238,0.190721912432092,train,1.23064972868333
S49E,-0.1804264383723029,0.076188054733103,test,0.2566144931054059
S49F,-1.0755489714752164,0.177512163154087,train,1.2530611346293035
S49G,-0.42410110771733955,0.863815283330393,test,1.2879163910477325
S49H,-1.296013126137429,0.0889603404982882,train,1.3849734666357172
S49I,-1.2531068937281276,0.107316507241066,train,1.3604234009691936
S49K,-1.3684261773824116,0.060368755972702,train,1.4287949333551135
S49L,-0.9984893082032629,0.206769521599421,train,1.2052588298026838
S49M,-1.3318006189501699,0.0730666602021174,train,1.4048672791522874
S49N,0.5996029633514739,0.847162281136405,train,0.24755931778493112
S49P,-1.0924001907521357,0.170716240678956,train,1.2631164314310916
S49Q,-1.3211322334587445,0.0764372229198507,train,1.3975694563785952
S49R,-1.2189695776200777,0.120152365805779,train,1.3391219434258568
S49T,-0.49787356995347865,0.527705373853959,test,1.0255789438074376
S49V,0.9934166463379575,1.00622002551884,train,0.01280337918088259
S49W,-1.1621906301379623,0.143727313708973,train,1.3059179438469353
S49Y,-1.1367859304882193,0.153878448922991,train,1.2906643794112103
S4A,0.4348801809934735,0.777992149747474,train,0.3431119687540005
S4C,0.32644446417385287,0.65532526261976,test,0.3288807984459071
S4D,0.32644446417385287,0.753998589874636,test,0.4275541257007831
S4E,0.32644446417385287,0.254683392407426,test,0.07176107176642688
S4F,0.32644446417385287,0.743352039542101,test,0.4169075753682482
S4G,0.32644446417385287,0.659929900275245,test,0.33348543610139214
S4H,0.32644446417385287,0.864137662332716,test,0.5376931981588632
S4I,0.32644446417385287,0.830137675178562,test,0.5036932110047091
S4K,0.32644446417385287,0.852851312725578,test,0.5264068485517251
S4L,0.32644446417385287,0.781332779542894,test,0.4548883153690412
S4M,0.32644446417385287,0.628412537173176,test,0.30196807299932316
S4N,0.32644446417385287,0.795716462333401,test,0.4692719981595481
S4Q,0.32644446417385287,0.917576609405434,test,0.5911321452315811
S4R,0.32644446417385287,0.92524571828662,test,0.5988012541127671
S4T,0.32644446417385287,0.715209176409713,test,0.3887647122358602
S4V,0.32644446417385287,0.260883404425041,test,0.06556105974881188
S4W,0.32644446417385287,0.709167887570928,test,0.3827234233970751
S4Y,0.32644446417385287,0.89059340830021,test,0.5641489441263572
S50A,0.70898141967471,0.890991943597115,train,0.18201052392240502
S50C,0.3510510952286261,0.748879748703199,train,0.39782865347457286
S50D,-1.0668453532451927,0.182329248592929,train,1.2491746018381218
S50E,-1.1229296138850386,0.0655787206068332,test,1.1885083344918719
S50F,-1.3352939949293423,0.0738685162273245,train,1.4091625111566668
S50G,-0.5225027336638399,0.830038817699555,test,1.352541551363395
S50H,-1.2941971243482742,0.0912795882037014,train,1.3854767125519756
S50I,-1.1251070909455192,0.158996633212079,train,1.284103724157598
S50K,-1.317413712640606,0.0819818269891908,train,1.3993955396297968
S50L,-1.3276715009953717,0.07754186269623,train,1.4052133636916018
S50M,-1.3196902418803604,0.0810701243306198,train,1.4007603662109802
S50N,-1.4092041189530036,0.0452039269718211,train,1.4544080459248248
S50P,-1.4206600895850998,0.0398314694653436,train,1.4604915590504435
S50Q,-1.4403645616886915,0.0327425666303208,train,1.4731071283190122
S50R,-1.2232323153573368,0.119699519690751,train,1.3429318350480879
S50T,-0.27950135834089296,0.227620855222095,test,0.5071222135629879
S50V,-1.4124319014689932,0.0439290166607455,train,1.4563609181297388
S50W,-1.3141249893105476,0.0832985620968775,train,1.3974235514074251
S50Y,-1.346825911550553,0.0702024706515412,train,1.4170283822020941
S5A,0.3805236461984258,0.756331252644743,train,0.37580760644631717
S5C,0.29926619677632904,0.961604313961982,test,0.6623381171856529
S5D,0.29926619677632904,0.897106695640371,test,0.597840498864042
S5E,0.29926619677632904,0.862760025914479,test,0.5634938291381499
S5F,0.29926619677632904,0.962607830962808,test,0.663341634186479
S5G,0.29926619677632904,0.939893750535272,test,0.640627553758943
S5H,0.29926619677632904,0.99548841275428,test,0.696222215977951
S5I,0.29926619677632904,0.911738505096994,test,0.6124723083206649
S5K,0.29926619677632904,0.995798082524754,test,0.696531885748425
S5L,0.29926619677632904,0.8096541576652,test,0.510387960888871
S5M,0.29926619677632904,0.940845526037772,test,0.641579329261443
S5N,0.29926619677632904,1.01878305994157,test,0.7195168631652409
S5P,0.29926619677632904,0.928234663316745,test,0.6289684665404159
S5Q,0.29926619677632904,0.962563043038282,test,0.663296846261953
S5R,0.29926619677632904,0.948658636057042,test,0.649392439280713
S5T,0.29926619677632904,0.559693109970074,test,0.260426913193745
S5V,0.29926619677632904,0.675613501310323,test,0.376347304533994
S5W,0.29926619677632904,0.889043627453299,test,0.58977743067697
S5Y,0.29926619677632904,0.983096916896084,test,0.683830720119755
T106A,0.992273336067883,0.999452083291853,train,0.007178747223969939
T106C,0.23407405457387062,0.900286674498064,test,0.6662126199241933
T106D,0.09199738356688433,0.613376074980297,test,0.5213786914134126
T106E,-0.04069925359973217,1.22830269563696,test,1.2690019492366922
T106F,-0.24685273287435086,0.0881732069648555,test,0.33502593983920637
T106G,0.24073184608731799,0.972971900439468,test,0.73224005435215
T106H,0.3203632934124132,0.553450603119284,test,0.23308730970687075
T106I,0.3016501229757653,0.716726682285313,test,0.4150765593095477
T106K,-0.09062638604198872,0.159814306745403,test,0.2504406927873917
T106L,0.3049836331073197,0.564369281688661,test,0.2593856485813413
T106M,0.29325228106652923,0.718770196414829,test,0.42551791534829975
T106N,0.6451505410001734,1.07530328507658,test,0.4301527440764066
T106P,0.184109877724236,0.3387078823978,test,0.15459800467356397
T106Q,0.1492258186520383,0.481498449353889,test,0.33227263070185076
T106R,-0.24685273287435086,0.0516622588959999,test,0.2985149917703508
T106S,0.8040855031790184,0.821306936105257,test,0.017221432926238567
T106V,0.4197623716815817,0.731703195125916,test,0.31194082344433427
T106W,-0.24685273287435086,0.098811595305902,test,0.34566432818025283
T106Y,0.2549654556033867,0.156927636161636,test,0.09803781944175069
T108A,1.001540536250322,1.00192398946618,train,0.0003834532158579762
T108C,0.6554625585072527,0.963432161456914,test,0.30796960294966136
T108D,-0.011477229972004982,0.359062906311694,test,0.370540136283699
T108E,-0.011477229972004982,0.443480228172995,test,0.454957458145
T108F,0.6065619711274299,1.45234669562794,test,0.8457847245005101
T108G,0.1788294351289361,1.00412878939795,test,0.8252993542690139
T108H,-0.011397559734458246,0.801259023780335,test,0.8126565835147932
T108I,0.9351934110742317,0.9917013294527,test,0.05650791837846825
T108K,-0.011477229972004982,0.206506977315446,test,0.217984207287451
T108L,0.8701211462024656,0.964216896125171,test,0.09409574992270542
T108M,0.7923079182583035,0.987196735115606,test,0.19488881685730253
T108N,-0.010272524997993832,0.973762384026351,test,0.9840349090243448
T108P,0.532243983685994,0.882547455274446,test,0.350303471588452
T108Q,-0.011477229972004982,1.04178636374924,test,1.053263593721245
T108R,-0.011477229972004982,0.0430871435351749,test,0.05456437350717988
T108S,0.814571917006597,1.01169710912926,test,0.19712519212266288
T108V,0.9628385288137029,0.999797752944183,test,0.03695922413048014
T108W,0.10536030733704768,0.0899747966619049,test,0.01538551067514278
T108Y,0.07047705489411646,0.0533191779456292,test,0.017157876948487256
T163A,0.33367492718903713,0.736929659510988,train,0.40325473232195086
T163C,0.10562583335184092,0.822488342618866,test,0.7168625092670251
T163D,-0.6493432658373022,0.0443213975255158,test,0.693664663362818
T163E,-0.6493432658373022,0.157146712750325,test,0.8064899785876272
T163F,-0.4656639750877465,0.0626940519109943,test,0.5283580269987408
T163G,0.25494830639096144,0.68908251351015,test,0.4341342071191886
T163H,-0.16164205313430705,0.106399732802105,test,0.26804178593641204
T163I,-0.3115504070945849,0.0822538776752329,test,0.3938042847698178
T163K,-0.6493432658373022,0.0717087499169454,test,0.7210520157542476
T163L,-0.13264331336572857,0.0518049387173792,test,0.18444825208310778
T163M,-0.11596223329319136,0.086504173708328,test,0.20246640700151936
T163N,0.03475596015816171,0.767672750999166,test,0.7329167908410043
T163P,-0.046732261094080824,0.127955546351311,test,0.17468780744539184
T163Q,-0.26278854606342494,0.0863837029416322,test,0.34917224900505717
T163R,-0.10542146956629031,0.0616774995719622,test,0.1670989691382525
T163S,0.33780725032383097,0.896546905779773,test,0.5587396554559421
T163V,0.08318128849858317,0.3688760237291,test,0.2856947352305168
T163W,-0.6473153265499396,0.0756985076450379,test,0.7230138341949776
T163Y,-0.48966687695581945,0.173814059187778,test,0.6634809361435975
T207A,0.8849828057818361,0.957038196113093,train,0.07205539033125696
T207C,0.9449772967956822,0.975381374914259,test,0.030404078118576816
T207D,0.32106665589596894,0.929773019209797,test,0.6087063633138281
T207E,0.31943708501381374,0.914884177829197,test,0.5954470928153832
T207F,0.49940663297019205,0.896497645207261,test,0.397091012237069
T207G,0.7837816267832214,1.0192318671707,test,0.23545024038747853
T207H,0.7089818467349189,0.964149244051008,test,0.25516739731608906
T207I,0.7530952169795253,0.899925305942295,test,0.14683008896276972
T207K,0.7850221535390258,0.959564562452601,test,0.1745424089135752
T207L,0.32079004333718,0.789035703372031,test,0.468245660034851
T207M,0.8392007454010912,0.940414888745944,test,0.10121414334485279
T207N,0.6338068502260581,0.990413818945814,test,0.35660696871975595
T207P,0.3287428051014951,0.404846627193116,test,0.07610382209162087
T207Q,0.31943708501381374,0.956745432789893,test,0.6373083477760793
T207R,0.8353134954791674,0.880158950019849,test,0.04484545454068156
T207S,0.5918046483391348,0.97688034551817,test,0.3850756971790352
T207V,1.2693604581116118,0.941619212355183,test,0.3277412457564288
T207W,0.31943708501381374,0.984628342311137,test,0.6651912572973233
T207Y,0.7279604609604788,0.951102573451728,test,0.22314211249124916
T222A,0.433481601496023,0.777608482720418,train,0.34412688122439505
T222C,0.06482316665868046,0.920927922091326,test,0.8561047554326455
T222D,0.1025488353040773,0.41237137794037,test,0.3098225426362927
T222E,0.17995762799863277,0.588168705850275,test,0.40821107785164223
T222F,-0.046618804719840395,0.247899157427648,test,0.2945179621474884
T222G,0.19380240721823602,0.256316465536171,test,0.06251405831793497
T222H,0.08286445564640507,0.328013199665747,test,0.24514874401934192
T222I,0.16170553107138394,0.811904268780942,test,0.650198737709558
T222K,0.2211981052655256,0.673225971938687,test,0.4520278666731614
T222L,0.167208585489057,0.730690309528313,test,0.563481724039256
T222M,0.165158648938416,0.78236493951499,test,0.617206290576574
T222N,0.2315002133669852,0.358724909315255,test,0.12722469594826982
T222P,-0.41667563646268024,0.0653657525032754,test,0.48204138896595566
T222Q,0.3079545003793991,0.659535633611716,test,0.3515811332323169
T222R,0.2625010891728581,0.692345154074828,test,0.4298440649019699
T222S,0.5460152142427892,0.916512180989206,test,0.37049696674641674
T222V,0.0935786718801703,0.795094620072663,test,0.7015159481924926
T222W,-0.3124016641412648,0.0667354932163961,test,0.3791371573576609
T222Y,-0.12149609375022655,0.290323542820103,test,0.4118196365703295
T233A,0.3635792110879137,0.749523479700722,train,0.3859442686128083
T233C,0.0690931911125576,1.06003214473526,test,0.9909389536227025
T233D,0.0725480916358203,0.182142810191022,test,0.1095947185552017
T233E,-0.4141960933032063,0.0885160884514586,test,0.5027121817546649
T233F,-0.009221365714178892,0.0846476237868081,test,0.09386898950098699
T233G,0.11810764484920375,0.815336852970795,test,0.6972292081215912
T233H,-0.25677073048253507,0.166008853271705,test,0.4227795837542401
T233I,0.2395757134562155,0.135694118097819,test,0.1038815953583965
T233K,-0.4141960933032063,0.0588047505077801,test,0.4730008438109864
T233L,0.0274100369264689,0.167939613515361,test,0.1405295765888921
T233M,0.004096935451549849,0.0729877230570377,test,0.06889078760548785
T233N,0.28210062573298367,0.562225979030045,test,0.28012535329706134
T233P,-0.035262656578647605,0.101240891937845,test,0.1365035485164926
T233Q,-0.02025273369047545,0.224658725445789,test,0.24491145913626444
T233R,-0.10038617564036192,0.0498137187650038,test,0.15019989440536574
T233S,0.7425384933108863,0.965750255116644,test,0.22321176180575775
T233V,0.20843151349635056,0.150931076349324,test,0.057500437147026545
T233W,-0.2458432836444391,0.116635941258904,test,0.3624792249033431
T233Y,0.1147626184510708,0.0886266933294884,test,0.0261359251215824
T250A,0.9814377196142534,0.994190978921267,train,0.012753259307013542
T250C,0.4403364561911933,1.01423990735001,test,0.5739034511588166
T250D,-0.022816186700039848,0.369483241374464,test,0.3922994280745038
T250E,0.9098833307315506,0.956181312425985,test,0.04629798169443444
T250F,0.2707965379990471,0.674949987512994,test,0.4041534495139468
T250G,0.4028157426559422,0.957211330287466,test,0.5543955876315237
T250H,0.6432381129780713,0.94312390081573,test,0.29988578783765873
T250I,0.6358566215370194,0.905551855321003,test,0.26969523378398363
T250K,0.4906603460017356,1.0034222401702,test,0.5127618941684644
T250L,0.5891666778428435,0.896938169098232,test,0.3077714912553885
T250M,0.3993828277325091,0.964182687264197,test,0.5647998595316879
T250N,0.6271372922298004,0.937238962137812,test,0.3101016699080116
T250P,-0.08934263344442675,0.130637224278587,test,0.21997985772301376
T250Q,0.9620476656417811,0.966063366382814,test,0.004015700741032857
T250R,0.5593867040229659,0.99058476423795,test,0.4311980602149842
T250S,0.5741615782533314,0.982274396768458,test,0.4081128185151266
T250V,0.7063325045617794,0.941396682034036,test,0.2350641774722566
T250W,0.3599668664423603,0.741796722580027,test,0.38182985613766673
T250Y,0.3990539410800229,0.772935580757649,test,0.3738816396776261
T273A,0.9675742438941246,0.989016978167889,train,0.02144273427376442
T273C,0.3184130180598077,0.97592749269082,test,0.6575144746310123
T273D,0.42003935598507147,0.986493956106667,test,0.5664546001215955
T273E,0.5359518120850095,0.971578756539281,test,0.4356269444542715
T273F,0.13540931477355064,0.912616707974951,test,0.7772073932014003
T273G,0.5315203764029872,0.983879447624202,test,0.45235907122121477
T273H,0.5848057173465724,0.98338646942533,test,0.39858075207875765
T273I,0.2717033368491537,0.913059805799161,test,0.6413564689500073
T273K,0.455259106683801,0.963009367719343,test,0.507750261035542
T273L,0.4050037770284367,0.940509824486076,test,0.5355060474576393
T273M,0.36990342967714596,0.97028416138362,test,0.600380731706474
T273N,0.42621432054745134,0.989549211813434,test,0.5633348912659827
T273P,0.12156477585800848,0.85335409058373,test,0.7317893147257215
T273Q,0.7435575254364093,1.00049201211714,test,0.2569344866807306
T273R,0.5610786484376005,0.979696360886383,test,0.41861771244878254
T273S,0.9158101115604513,1.01669928618117,test,0.10088917462071856
T273V,0.26558214226398413,0.934655621065502,test,0.6690734788015179
T273W,0.12728766368762853,0.917341900363518,test,0.7900542366758895
T273Y,0.22002320073366397,0.94414097770727,test,0.724117776973606
T274A,1.0322073304230817,1.01537426586361,train,0.016833064559471644
T274C,0.5772718332840971,1.00559734574151,test,0.4283255124574128
T274D,0.6170042650233005,0.800392212223353,test,0.18338794720005247
T274E,0.6998543489936331,0.870602146755169,test,0.17074779776153592
T274F,0.6693884420467782,0.910529206560474,test,0.24114076451369582
T274G,0.6221074807007587,0.965522487250148,test,0.3434150065493893
T274H,0.6308281301992336,1.01232685656177,test,0.38149872636253646
T274I,0.4775988889204823,0.997662168763893,test,0.5200632798434107
T274K,0.5573272104394673,0.981363654679763,test,0.42403644424029574
T274L,1.0960898877555938,0.98631478542566,test,0.10977510232993382
T274M,0.6336500096613198,1.00781016997378,test,0.37416016031246024
T274N,0.45977558478073255,0.948197753152847,test,0.4884221683721145
T274P,0.06074731851231993,0.857080702266838,test,0.796333383754518
T274Q,0.6915928331694772,0.999962331856458,test,0.3083694986869808
T274R,0.6227348794245058,0.973567682825051,test,0.35083280340054523
T274S,0.8037791693287784,1.01041543806485,test,0.20663626873607166
T274V,0.851883962601016,0.964930254619523,test,0.11304629201850702
T274W,0.5189632170112508,0.931854180381962,test,0.4128909633707112
T274Y,0.6478079396904624,0.939589636647315,test,0.29178169695685263
T295A,3.263402083456106,1.90479885223978,train,1.358603231216326
T295C,1.6488875773701654,0.852055876297441,test,0.7968317010727245
T295D,1.8905044963948134,0.261486970330879,test,1.6290175260639344
T295E,1.316845473396928,0.0752793218612079,test,1.24156615153572
T295F,1.5701890596440127,0.064025156392312,test,1.5061639032517007
T295G,1.758704661388949,0.258938275442347,test,1.499766385946602
T295H,1.5835478194601589,0.0598729112540996,test,1.5236749082060592
T295I,1.5498593101105496,0.0857163113076487,test,1.4641429988029009
T295K,1.2732524466027206,0.0910303440986412,test,1.1822221025040793
T295L,1.6318319236226604,0.0703019071470573,test,1.5615300164756032
T295M,1.5147071794560543,0.0934157300069203,test,1.421291449449134
T295N,1.5908093188273444,0.163271258859226,test,1.4275380599681184
T295P,1.4014612156966433,0.0897272479067217,test,1.3117339677899216
T295Q,1.421575153486175,0.0740112087398636,test,1.3475639447463112
T295R,1.4926734247654505,0.109559370701062,test,1.3831140540643885
T295S,2.1750645782076408,0.992961126914763,test,1.1821034512928779
T295V,1.5685391565946578,0.122698417248293,test,1.4458407393463648
T295W,1.278223556882269,0.115541530935782,test,1.1626820259464872
T295Y,1.6440912740385418,0.124624543857064,test,1.519466730181478
T304A,0.994974341850271,1.00042425899139,train,0.005449917141119087
T304C,0.14465477473644858,0.965636313640392,test,0.8209815389039434
T304D,1.0566379637538763,0.988384665869631,test,0.06825329788424528
T304E,0.6088586597639496,1.21780004677332,test,0.6089413870093705
T304F,0.17041293298946078,0.452164101474273,test,0.2817511684848122
T304G,0.7280116921956974,1.01584365900708,test,0.2878319668113827
T304H,0.8262987493595706,0.989114629899008,test,0.1628158805394374
T304I,-0.026782659658698887,0.820866480013903,test,0.8476491396726019
T304K,0.582451608348119,0.90687800090188,test,0.32442639255376093
T304L,0.31222310512830753,0.906995281705349,test,0.5947721765770415
T304M,0.21361975394817653,0.979571957970548,test,0.7659522040223714
T304N,0.9419396376197586,0.9479153501188,test,0.005975712499041386
T304P,0.9077861169584847,1.32069050553235,test,0.41290438857386524
T304Q,0.3779946677724586,0.950528754258754,test,0.5725340864862954
T304R,0.6606392052089374,0.91333882078189,test,0.2526996155729526
T304S,1.2978210280545144,1.02587898174792,test,0.27194204630659446
T304V,0.3913652896856765,0.860216364888589,test,0.46885107520291247
T304W,0.3906606061772384,0.3200878979932,test,0.07057270818403844
T304Y,0.4197499770476474,0.413869432067976,test,0.005880544979671387
T322A,0.8373090519980526,0.93766483797462,train,0.10035578597656736
T322C,0.30900218638248256,0.951349586195103,test,0.6423473998126205
T322D,-0.38125936192319787,0.400398226682897,test,0.7816575886060948
T322E,-0.38125936192319787,0.14584915346514,test,0.5271085153883379
T322F,0.2927250107800925,0.847801821738326,test,0.5550768109582335
T322G,0.2067301449697789,0.941262691703502,test,0.734532546733723
T322H,0.11857306822011202,0.900740199060489,test,0.7821671308403769
T322I,0.4634989839953716,0.898880329537227,test,0.43538134554185537
T322K,-0.38125936192319787,0.72377894476707,test,1.1050383066902678
T322L,0.4150785357897815,0.871258459449354,test,0.4561799236595725
T322M,0.2760921225943884,0.849073989632131,test,0.5729818670377426
T322N,0.26336660618547136,0.922107821721429,test,0.6587412155359577
T322P,-0.38053848584599126,0.705458197314063,test,1.0859966831600543
T322Q,-0.16813448582137872,0.916862981936688,test,1.0849974677580667
T322R,0.023411948096367236,0.156281591788838,test,0.13286964369247076
T322S,0.4141392007361764,0.991027741755244,test,0.5768885410190676
T322V,1.0934387576621145,0.925899163006518,test,0.16753959465559654
T322W,-0.38125936192319787,0.11333553676726,test,0.49459489869045786
T322Y,0.3342952850038332,0.542710636967218,test,0.2084153519633848
T324A,0.27319938647357156,0.715178031635919,train,0.4419786451623474
T324C,-0.5639320361828302,0.829454834170035,test,1.3933868703528651
T324D,-0.6651308528215834,0.0827841728006618,test,0.7479150256222451
T324E,-0.847797668700166,0.0469027232372468,test,0.8947003919374128
T324F,-1.2983865814462756,0.0873749672813938,train,1.3857615487276693
T324G,0.1075050472122678,0.851916723427411,test,0.7444116762151431
T324H,-0.41263834301974245,0.0462743402541259,test,0.45891268327386836
T324I,-0.4990435887355529,0.108416683536733,test,0.6074602722722859
T324K,-1.0179283451712855,0.0786535966113615,test,1.096581941782647
T324L,-0.4486249372963156,0.121600197207018,test,0.5702251345033336
T324M,-0.4145090808713785,0.604539189914234,test,1.0190482707856126
T324N,-0.29479790708608067,0.730621869333453,test,1.0254197764195336
T324P,-0.4605003456964558,0.136710237651074,test,0.5972105833475299
T324Q,-1.0179283451712855,0.754583991521141,test,1.7725123366924265
T324R,-0.7280756467972471,0.0855841275264583,test,0.8136597743237054
T324S,-0.17157311157398317,0.817966829951939,test,0.9895399415259222
T324V,-0.39193485013773954,0.595105600593793,test,0.9870404507315326
T324W,-1.0179283451712855,0.062471887033934,test,1.0804002322052195
T324Y,-0.6100617913105955,0.234249298697829,test,0.8443110900084245
T344A,1.0504862343436348,1.023309100648,train,0.027177133695634792
T344C,0.6342474908489331,0.994155174281208,test,0.35990768343227497
T344D,0.6342474908489331,0.942084509122355,test,0.3078370182734219
T344E,0.6342474908489331,0.950353312877755,test,0.316105822028822
T344F,0.6342474908489331,0.919346170895454,test,0.28509868004652095
T344G,0.6342474908489331,1.01796619932613,test,0.3837187084771969
T344H,0.6342474908489331,0.971431140526128,test,0.33718364967719494
T344I,0.6342474908489331,0.916369228197592,test,0.282121737348659
T344K,0.6342474908489331,0.953669871088947,test,0.3194223802400139
T344L,0.6342474908489331,0.930212570981732,test,0.295965080132799
T344M,0.6342474908489331,0.980756817172896,test,0.3465093263239629
T344N,0.6342474908489331,0.980878852515472,test,0.34663136166653896
T344P,0.6342474908489331,0.532712622425568,test,0.10153486842336501
T344Q,0.6342474908489331,0.976830161808224,test,0.34258267095929096
T344R,0.6342474908489331,0.962408540740344,test,0.3281610498914109
T344S,0.6342474908489331,1.00627324053282,test,0.372025749683887
T344V,0.6342474908489331,0.920033307268425,test,0.28578581641949197
T344W,0.6342474908489331,0.911550178278986,test,0.27730268743005293
T344Y,0.6342474908489331,0.946201837515064,test,0.311954346666131
T364A,0.9730888600221814,0.991533259355045,train,0.01844439933286357
T364C,0.6644474992702747,0.984229712566544,test,0.3197822132962693
T364D,-0.19767505228921126,0.907686381550107,test,1.1053614338393183
T364E,-0.19767505228921126,0.796492606582982,test,0.9941676588721933
T364F,0.5113683358374164,0.948786894886591,test,0.4374185590491746
T364G,-0.0443828317226698,0.943330084306307,test,0.9877129160289768
T364H,-0.19767505228921126,0.984818833519808,test,1.1824938858090193
T364I,0.5887645227512273,0.928850321348023,test,0.3400857985967958
T364K,-0.19080114615244684,0.0247494625039632,test,0.21555060865641004
T364L,0.6773060023154052,0.685967415224008,test,0.008661412908602784
T364M,0.6681377335578531,0.944703177795915,test,0.27656544423806184
T364N,-0.19767505228921126,0.986092871270241,test,1.1837679235594523
T364P,-0.1938277854082047,0.210230619352092,test,0.4040584047602967
T364Q,-0.010582052057299923,0.978295670900948,test,0.9888777229582479
T364R,0.21240278526570686,0.0949438838284783,test,0.11745890143722855
T364S,0.46218813080212384,0.998557255651655,test,0.5363691248495311
T364V,0.7030401916269937,0.962800692457024,test,0.2597605008300303
T364W,0.5149696683607761,0.768366392914606,test,0.2533967245538299
T364Y,0.1320094468850261,0.956632640638211,test,0.8246231937531848
T391A,0.16022067399803694,0.668378296588928,train,0.508157622590891
T391C,0.08544552537919456,0.814887512677912,test,0.7294419872987175
T391D,-0.16184908931603273,0.0739306747821974,test,0.23577976409823015
T391E,-0.058791829210834284,0.113228580684138,test,0.1720204098949723
T391F,-0.011119900195184745,0.105465063612488,test,0.11658496380767275
T391G,0.11203820446071885,0.687053326927027,test,0.5750151224663081
T391H,-0.3463681712916056,0.825162562000303,test,1.1715307332919087
T391I,0.19338743776981657,0.21738194098679,test,0.02399450321697344
T391K,-0.35378779165558494,0.200903080849287,test,0.5546908725048719
T391L,0.31460896903742364,0.104801680737295,test,0.20980728830012862
T391M,0.19646671749965547,0.695798610879917,test,0.4993318933802615
T391N,0.20257303045061034,0.648909433686761,test,0.44633640323615065
T391P,-0.0595213006939497,0.629465269562123,test,0.6889865702560727
T391Q,0.3148465107109939,0.599559012728303,test,0.28471250201730913
T391R,-0.5905251142218952,0.159805943865464,test,0.7503310580873592
T391S,0.04197885112592756,0.89128814342332,test,0.8493092922973924
T391V,0.15786975983844284,0.738264256102737,test,0.5803944962642942
T391W,-0.6001854923690659,0.101772100289272,test,0.7019575926583379
T391Y,-0.4051458149901108,0.132648046953118,test,0.5377938619432288
T41A,0.846470244468102,0.940576017044738,train,0.094105772576636
T41C,0.34556394671314217,0.891059503997906,test,0.5454955572847638
T41D,-0.18960987074895178,0.346535758451455,test,0.5361456292004068
T41E,0.14167654952987638,0.863039318003327,test,0.7213627684734506
T41F,0.34551340917728646,0.401624757882113,test,0.056111348704826536
T41G,0.3358860519181379,0.715780429551159,test,0.37989437763302103
T41H,0.09378890578056362,0.595266999566755,test,0.5014780937861913
T41I,0.5624574756484539,0.64713642196551,test,0.08467894631705608
T41K,0.2331562131290392,0.674159704882677,test,0.44100349175363773
T41L,0.5477073144134506,0.811233284219406,test,0.26352596980595544
T41M,0.288977283607718,0.863514734423349,test,0.574537450815631
T41N,-0.015412578480815481,0.67533642569043,test,0.6907490041712454
T41P,-0.3674345644579471,0.355843935692484,test,0.7232785001504312
T41Q,0.22148751546569675,0.839262542582469,test,0.6177750271167722
T41R,0.3647129144858965,0.733561941875048,test,0.3688490273891515
T41S,0.4081858553432516,0.927638974805149,test,0.5194531194618974
T41V,0.7269846781900327,0.850138976860631,test,0.12315429867059835
T41W,0.09976865050935421,0.348166297475282,test,0.24839764696592778
T41Y,0.21048002682591635,0.365450992943512,test,0.15497096611759567
T460A,0.9904608576837959,0.999389189044273,train,0.008928331360477104
T460C,0.6042348025190145,1.00190485257762,test,0.39767005005860545
T460D,0.6042348025190145,1.02383220388321,test,0.41959740136419543
T460E,0.6042348025190145,1.01019700260642,test,0.40596220008740547
T460F,0.6042348025190145,1.01988928125806,test,0.4156544787390455
T460G,0.6042348025190145,1.02977028113323,test,0.4255354786142156
T460H,0.6042348025190145,1.01116165660128,test,0.4069268540822655
T460I,0.6042348025190145,1.00671718886634,test,0.40248238634732547
T460K,0.6042348025190145,0.978303687814346,test,0.37406888529533144
T460L,0.6042348025190145,1.0074974541272,test,0.4032626516081854
T460M,0.6042348025190145,0.988334021107667,test,0.3840992185886525
T460N,0.6042348025190145,1.00741267560373,test,0.40317787308471553
T460P,0.6042348025190145,1.01963223664012,test,0.4153974341211055
T460Q,0.6042348025190145,1.00350743482133,test,0.39927263230231547
T460R,0.6042348025190145,1.00194062623944,test,0.3977058237204254
T460S,0.6042348025190145,1.02175085595106,test,0.41751605343204545
T460V,0.6042348025190145,1.02200034164691,test,0.4177655391278954
T460W,0.6042348025190145,1.00860703161107,test,0.4043722290920555
T460Y,0.6042348025190145,1.0202793947094,test,0.4160445921903855
T51A,-1.4002962945796005,0.0470112842120053,train,1.4473075787916059
T51C,-1.060599441050672,0.183157387440006,train,1.2437568284906781
T51D,-0.9468181626222669,0.232146575264326,train,1.1789647378865928
T51E,-1.418921147395232,0.0430791392652306,train,1.4620002866604624
T51F,-1.2218587045432086,0.120082438287682,train,1.3419411428308905
T51G,-1.3606752764388952,0.0706285429421792,test,1.4313038193810743
T51H,-1.3678356594170127,0.0616701721486765,train,1.4295058315656892
T51I,-1.2801698079524149,0.0950637014163112,train,1.375233509368726
T51K,-1.2625081496661943,0.105052071121685,train,1.3675602207878792
T51L,-1.3779446157592508,0.056294482827876,train,1.4342390985871267
T51M,-1.3002283127287677,0.0893711203779774,train,1.3895994331067452
T51N,0.2538292766814483,0.709697633613338,train,0.45586835693188976
T51P,-1.558269096790349,0.0773583580637303,test,1.6356274548540792
T51Q,-1.2175882433863785,0.122223756889425,train,1.3398120002758036
T51R,-1.3503667679948117,0.070198377890751,train,1.4205651458855626
T51S,-0.7417226275868065,0.838954813637259,test,1.5806774412240654
T51V,-1.303901149083243,0.0852690042814099,train,1.389170153364653
T51W,-1.3527468715507671,0.0695805617653117,train,1.422327433316079
T51Y,-1.2655372868177206,0.104505465537737,train,1.3700427523554577
T53A,-1.3642255106397714,0.0612631821357009,train,1.4254886927754722
T53C,-0.9333592869927496,0.316048143633744,test,1.2494074306264937
T53D,-1.1184787281164954,0.095979962737584,test,1.2144586908540793
T53E,-0.9885205171442546,0.0672159456144163,test,1.055736462758671
T53F,-0.7494529670391186,0.142445965486397,test,0.8918989325255156
T53G,-0.8527194390427819,0.181661011836358,test,1.0343804508791399
T53H,-1.2250224028265515,0.0811261008743164,test,1.306148503700868
T53I,-0.7159512665107568,0.103563867431663,test,0.8195151339424198
T53K,-0.9131865243245911,0.0971704525984059,test,1.010356976922997
T53L,-0.6836190895534562,0.0620431886941599,test,0.7456622782476161
T53M,-0.759953234163113,0.219467087052411,test,0.979420321215524
T53N,-1.2535174388498798,0.106133762443072,train,1.3596512012929518
T53P,-0.854763584969098,0.097151639891575,test,0.951915224860673
T53Q,-0.7509879223633857,0.077464516429556,test,0.8284524387929417
T53R,-0.9389953260101638,0.11420082140619,test,1.0531961474163538
T53S,-0.25668531980535536,0.738265643654647,test,0.9949509634600023
T53V,-0.7459300132578368,0.0647843249959498,test,0.8107143382537866
T53W,-1.0844110160431313,0.176516203057486,train,1.2609272191006173
T53Y,-0.9781967081792071,0.133091425372643,test,1.11128813355185
T59A,-0.003476987490834721,0.603036652445735,train,0.6065136399365697
T59C,-0.4495946126943051,0.806556087925709,test,1.256150700620014
T59D,0.17221210229364578,0.215754207905768,test,0.04354210561212221
T59E,0.03203758972717827,0.191990657312457,test,0.15995306758527875
T59F,-0.1368030442073678,0.893791298871457,test,1.030594343078825
T59G,0.2139617666450457,0.801788055372412,test,0.5878262887273663
T59H,-0.10074746729960074,0.675791296780057,test,0.7765387640796577
T59I,-0.11540613674434999,0.790617474227344,test,0.9060236109716939
T59K,-0.021817474003738707,0.664837384552736,test,0.6866548585564747
T59L,-0.04557861184486248,0.74966300851453,test,0.7952416203593925
T59M,-0.2227424616147349,0.829024167468678,test,1.051766629083413
T59N,0.07011869769795728,0.856522934579378,test,0.7864042368814207
T59P,0.009253293997147888,0.54425186140142,test,0.5349985674042721
T59Q,-0.07449788557880302,0.573575735392748,test,0.648073620971551
T59R,0.08078990654017223,0.425662452680824,test,0.34487254614065177
T59S,0.26763795306975546,0.842006809506162,test,0.5743688564364066
T59V,0.07501012163329099,0.721250016145724,test,0.646239894512433
T59W,-0.49842503388064663,0.625044698197122,test,1.1234697320777687
T59Y,-0.044771402368783325,0.899447620882349,test,0.9442190232511323
T60A,0.30425738799047886,0.725939404126724,train,0.4216820161362451
T60C,0.2611330676723578,0.790136954008724,test,0.5290038863363662
T60D,0.2611330676723578,0.858432137106427,test,0.5972990694340692
T60E,0.2611330676723578,0.781172422560169,test,0.5200393548878113
T60F,0.2611330676723578,0.693322340336541,test,0.4321892726641833
T60G,0.2611330676723578,0.689174728738699,test,0.42804166106634123
T60H,0.2611330676723578,0.747686696153347,test,0.48655362848098926
T60I,0.2611330676723578,0.79591213109353,test,0.5347790634211722
T60K,0.2611330676723578,0.720232495048041,test,0.4590994273756832
T60L,0.2611330676723578,0.833841476126113,test,0.5727084084537553
T60M,0.2611330676723578,0.77770703168776,test,0.5165739640154022
T60N,0.2611330676723578,0.853321544296806,test,0.5921884766244482
T60P,0.2611330676723578,0.147721978753624,test,0.11341108891873378
T60Q,0.2611330676723578,0.736337428643695,test,0.4752043609713372
T60R,0.2611330676723578,0.711519542729235,test,0.45038647505687723
T60S,0.2611330676723578,0.798620365851131,test,0.5374872981787733
T60V,0.2611330676723578,0.76376165950082,test,0.5026285918284622
T60W,0.2611330676723578,0.563224154869443,test,0.3020910871970852
T60Y,0.2611330676723578,0.657688609966693,test,0.3965555422943352
T64A,0.8311210726918621,0.935667009533696,train,0.10454593684183389
T64C,-0.061878063420219204,0.929501184011385,test,0.9913792474316042
T64D,0.238054509194612,0.409609120896335,test,0.171554611701723
T64E,0.29293054952455955,0.233534083583327,test,0.059396465941232546
T64F,0.430521714214535,0.0816853574654605,test,0.3488363567490745
T64G,0.27605981197241314,0.763975172271424,test,0.48791536029901084
T64H,0.31134500775998597,0.650262902995448,test,0.338917895235462
T64I,0.655770236512591,0.734939222954715,test,0.079168986442124
T64K,0.40797585009768844,0.150710229483142,test,0.25726562061454644
T64L,0.545541276334532,0.463812138502007,test,0.081729137832525
T64M,0.4054977200386245,0.339956731705068,test,0.06554098833355648
T64N,0.07165557000293551,0.456471037686502,test,0.38481546768356645
T64P,0.2778855742719062,0.295294508997519,test,0.017408934725612835
T64Q,0.43498446662520585,0.339424637052861,test,0.09555982957234482
T64R,0.7851655916914713,0.199278797185709,test,0.5858867945057622
T64S,0.699686692020937,0.945791859122137,test,0.2461051671012
T64V,0.5400946713398758,0.952403791178894,test,0.4123091198390182
T64W,0.3721469162042703,0.123475985238615,test,0.24867093096565532
T64Y,0.4702815720893161,0.127691064417947,test,0.3425905076713691
T81A,0.9552684216685148,0.982767455372562,train,0.02749903370404727
T81C,0.9466699756278818,1.01320163028988,test,0.06653165466199829
T81D,0.19711202658738378,0.0969456260243885,test,0.10016640056299528
T81E,0.19718946207123286,0.145758524810445,test,0.05143093726078787
T81F,0.9360464458510454,0.961477504490201,test,0.025431058639155624
T81G,0.7282513329118359,0.341887298051559,test,0.3863640348602769
T81H,0.19711202658738378,0.268140295141792,test,0.07102826855440822
T81I,1.2167027334183953,1.00622225734927,test,0.21048047606912523
T81K,0.19711202658738378,0.078811792103836,test,0.11830023448354778
T81L,1.0646830080083352,0.97178699238672,test,0.0928960156216152
T81M,1.711667301272784,1.0234178960185,test,0.688249405254284
T81N,0.19711202658738378,0.272957271512447,test,0.0758452449250632
T81P,0.21748361235409083,0.109950711140441,test,0.10753290121364983
T81Q,0.19711202658738378,0.388182458408015,test,0.19107043182063124
T81R,0.19743566598412363,0.0270530961114947,test,0.17038256987262893
T81S,0.6540191266142512,0.715557238115832,test,0.06153811150158084
T81V,1.3562157944356346,1.03803686250117,test,0.31817893193446456
T81W,0.19711202658738378,0.236490049438368,test,0.03937802285098421
T81Y,0.6285478712286083,0.656146569395664,test,0.027598698167055624
T95A,0.9787955395855701,0.994740598843518,train,0.01594505925794787
T95C,0.5984021434699007,1.00487696251507,test,0.40647481904516924
T95D,0.5984021434699007,0.994503212269028,test,0.3961010687991273
T95E,0.5984021434699007,0.98235648136256,test,0.3839543378926593
T95F,0.5984021434699007,0.981622100484063,test,0.3832199570141622
T95G,0.5984021434699007,0.987264889046541,test,0.38886274557664025
T95H,0.5984021434699007,0.987774342965438,test,0.38937219949553725
T95I,0.5984021434699007,0.960019848881841,test,0.36161770541194027
T95K,0.5984021434699007,1.02465705591936,test,0.42625491244945923
T95L,0.5984021434699007,1.0168816611799,test,0.41847951770999936
T95M,0.5984021434699007,0.975140419517248,test,0.3767382760473472
T95N,0.5984021434699007,1.00933998860973,test,0.41093784513982934
T95P,0.5984021434699007,0.821199674540843,test,0.22279753107094225
T95Q,0.5984021434699007,1.00529304902274,test,0.40689090555283935
T95R,0.5984021434699007,1.0166524811486,test,0.41825033767869924
T95S,0.5984021434699007,1.00964862332807,test,0.4112464798581692
T95V,0.5984021434699007,0.978132518284169,test,0.3797303748142683
T95W,0.5984021434699007,0.976787392114171,test,0.37838524864427026
T95Y,0.5984021434699007,0.946242757762076,test,0.3478406142921753
V118A,0.7012927636186468,0.883559830151951,train,0.18226706653330427
V118C,0.1509184659562852,0.904066608570374,test,0.7531481426140888
V118D,0.2479146582179201,0.073457888343042,test,0.17445676987487813
V118E,0.01658535185024787,0.057848786456131,test,0.04126343460588313
V118F,0.4852257865189642,1.08818001101393,test,0.6029542244949657
V118G,0.24866948122390406,0.324361949080462,test,0.07569246785655795
V118H,0.6153253436724924,1.02168572407174,test,0.4063603803992477
V118I,1.119339922361663,0.980261123008627,test,0.1390787993530359
V118K,0.20036299249758935,0.486950064588895,test,0.28658707209130563
V118L,0.7540664973240296,0.95049011642184,test,0.19642361909781036
V118M,0.39287669505707723,0.910694617978082,test,0.5178179229210048
V118N,0.18317004089612363,0.930692200574902,test,0.7475221596787783
V118P,0.08344751651020951,0.371208281324004,test,0.28776076481379453
V118Q,0.20951278690861594,0.652714127830443,test,0.44320134092182706
V118R,0.14825259270418664,0.10481823309599,test,0.04343435960819664
V118S,0.396147998465435,0.736379920912387,test,0.340231922446952
V118T,0.38589580714519767,0.797753251351764,test,0.41185744420656634
V118W,0.14786997921073317,0.321552062372146,test,0.17368208316141284
V118Y,0.41135271574904064,1.11057748341255,test,0.6992247676635093
V128A,0.8588026464195708,0.946248032024791,train,0.0874453856052202
V128C,0.06836599197626311,0.954537294365792,test,0.8861713023895289
V128D,0.15488240590454902,0.0936871170363467,test,0.061195288868202316
V128E,0.1612715095242809,0.114927806684967,test,0.04634370283931391
V128F,1.0107691184034258,0.952829780393492,test,0.05793933800993378
V128G,0.38642197258508415,0.475422745045766,test,0.08900077246068183
V128H,-0.0030217773801675396,0.66714630136976,test,0.6701680787499276
V128I,1.1008031614712002,0.979439896937916,test,0.12136326453328417
V128K,0.15021824833006756,0.0995944738454805,test,0.05062377448458706
V128L,1.3029878999776232,0.98879876201408,test,0.3141891379635432
V128M,0.9737593772007911,0.917582576070234,test,0.05617680113055712
V128N,0.0009519329426217193,0.179160756913497,test,0.17820882397087529
V128P,0.6673325905265706,0.455494015782236,test,0.2118385747443346
V128Q,0.03452086491874537,0.437500892128619,test,0.4029800272098736
V128R,-0.0030217773801675396,0.109711917320492,test,0.11273369470065954
V128S,0.246611827065615,0.649373908820623,test,0.40276208175500794
V128T,0.3625553249700648,0.784911989962132,test,0.42235666499206714
V128W,0.7331979311819559,0.887140659068166,test,0.1539427278862101
V128Y,0.6180151279965507,0.781159786443057,test,0.16314465844650627
V141A,1.0880792333443308,1.03661717827177,train,0.05146205507256085
V141C,1.1743692357735875,1.0151700671943,test,0.1591991685792875
V141D,0.41010053277195824,1.00806665364596,test,0.5979661208740017
V141E,0.504960963647447,1.01675811795033,test,0.511797154302883
V141F,0.8718337538283085,0.978367483588185,test,0.10653372975987652
V141G,0.6002720659027558,1.00274963391147,test,0.40247756800871426
V141H,0.8801173500409545,0.995843759743319,test,0.11572640970236447
V141I,0.9398037070578231,1.00592687397816,test,0.06612316692033682
V141K,1.2375494010957906,0.998433365809152,test,0.2391160352866386
V141L,1.0887511509920917,0.979862565690028,test,0.10888858530206369
V141M,1.1366640786903301,0.997343156527894,test,0.1393209221624362
V141N,0.7509608421013099,0.995569592987276,test,0.24460875088596612
V141P,0.2894147869898791,0.898205106023236,test,0.6087903190333569
V141Q,0.8203237618733465,1.02037600845447,test,0.20005224658112342
V141R,0.91674896521555,1.018615965678,test,0.10186700046245001
V141S,0.5869896614981285,1.02552660355593,test,0.4385369420578016
V141T,1.2511931826317315,1.0289527521613,test,0.22224043047043152
V141W,0.804574916221213,0.983230271357941,test,0.17865535513672803
V141Y,1.0285895275304602,0.982750399163953,test,0.045839128366507165
V149A,0.993317749287906,0.999529237845794,train,0.006211488557888001
V149C,0.15104895544237104,1.00907984725859,test,0.8580308918162189
V149D,0.1696938375006962,0.978803009106029,test,0.8091091716053328
V149E,0.3083015800035309,0.994020349652683,test,0.6857187696491521
V149F,0.5153195716454284,0.978833782656655,test,0.4635142110112266
V149G,0.21568005353378192,0.987006245685971,test,0.771326192152189
V149H,0.5804749909784668,1.00079677670149,test,0.42032178572302326
V149I,1.2209248796072905,0.98069328326574,test,0.24023159634155045
V149K,0.7463553567868615,0.99936565953642,test,0.2530103027495585
V149L,0.8480018637761881,0.994567159029853,test,0.1465652952536649
V149M,0.6170666473647095,1.01018334604647,test,0.39311669868176047
V149N,0.06894157448915747,1.00651211782563,test,0.9375705433364725
V149P,-0.1384981257839806,0.969429352864409,test,1.1079274786483897
V149Q,0.4459481625493258,1.02871582494244,test,0.5827676623931142
V149R,0.8608847113998317,0.994125916421993,test,0.1332412050221613
V149S,0.5241423901730016,1.00429125402434,test,0.4801488638513385
V149T,0.7280548721009026,1.01988810938341,test,0.29183323728250743
V149W,0.45554194833164385,0.957262089807914,test,0.5017201414762702
V149Y,0.7764681670952107,0.965220740303754,test,0.18875257320854333
V155A,0.9630881494228356,0.988481256459935,train,0.025393107037099405
V155C,0.5905484483885337,1.00252637218984,test,0.4119779238013064
V155D,0.5905484483885337,1.0056697435122,test,0.41512129512366625
V155E,0.5905484483885337,0.998784463607431,test,0.4082360152188973
V155F,0.5905484483885337,0.947778464707088,test,0.35723001631855433
V155G,0.5905484483885337,1.00409427173261,test,0.4135458233440763
V155H,0.5905484483885337,0.995012763264266,test,0.4044643148757323
V155I,0.5905484483885337,0.998755951131729,test,0.4082075027431953
V155K,0.5905484483885337,1.02625933901653,test,0.4357108906279963
V155L,0.5905484483885337,0.993700342006306,test,0.40315189361777226
V155M,0.5905484483885337,0.983025425900937,test,0.3924769775124033
V155N,0.5905484483885337,1.00175009772222,test,0.4112016493336863
V155P,0.5905484483885337,0.993014584551593,test,0.40246613616305926
V155Q,0.5905484483885337,0.995089362705882,test,0.4045409143173483
V155R,0.5905484483885337,0.994832700277787,test,0.4042842518892533
V155S,0.5905484483885337,1.02266953102442,test,0.43212108263588633
V155T,0.5905484483885337,0.986785985377497,test,0.39623753698896325
V155W,0.5905484483885337,0.940529256478827,test,0.3499808080902933
V155Y,0.5905484483885337,0.987867072374778,test,0.3973186239862443
V160A,0.8233999100614964,0.932521934530202,train,0.10912202446870567
V160C,0.18048945611179798,0.986303853242422,test,0.805814397130624
V160D,0.035370057510786895,0.043416187518552,test,0.008046130007765107
V160E,0.035370057510786895,0.0771338142718465,test,0.0417637567610596
V160F,0.8324028941989494,0.766351968852881,test,0.06605092534606838
V160G,0.2034805181188528,0.059022362609608,test,0.1444581555092448
V160H,0.7549378361046697,0.108382798308759,test,0.6465550377959107
V160I,1.5647350693988467,0.992958584239117,test,0.5717764851597297
V160K,0.035370057510786895,0.0521850962201488,test,0.016815038709361907
V160L,0.9786561310330637,0.98468964943874,test,0.006033518405676341
V160M,0.8320150073458448,0.980761765380842,test,0.14874675803499726
V160N,0.035370057510786895,0.0918912091671057,test,0.05652115165631881
V160P,0.5861879815643654,0.143577041608994,test,0.4426109399553714
V160Q,0.21103946151869232,0.112037458361001,test,0.09900200315769132
V160R,0.03574557185210844,0.0589128698959394,test,0.023167298043830956
V160S,0.5271691646018193,0.119756376671293,test,0.40741278793052627
V160T,0.33729947984387487,0.931495876408086,test,0.5941963965642111
V160W,0.035370057510786895,0.109259002171221,test,0.07388894466043411
V160Y,0.4994123230624441,0.0631246836957759,test,0.4362876393666682
V161A,0.7925079573082814,0.919271867655183,train,0.1267639103469016
V161C,0.25712395578335934,0.935654681113234,test,0.6785307253298747
V161D,-0.35921840669987737,0.10216650687622,test,0.46138491357609734
V161E,-0.06555252814985815,0.54196973851394,test,0.6075222666637982
V161F,0.47912005298218463,0.859024173035817,test,0.3799041200536324
V161G,-0.12587230722835566,0.607206989297363,test,0.7330792965257187
V161H,-0.3635334017354379,0.807935283289841,test,1.171468685025279
V161I,0.4352777907042291,0.962099513804143,test,0.5268217230999139
V161K,-0.3635334017354379,0.0677825692042075,test,0.4313159709396454
V161L,0.5862712942959927,0.992052145472063,test,0.4057808511760703
V161M,0.3002385697788015,0.909722768657424,test,0.6094841988786225
V161N,-0.3635334017354379,0.90858238700845,test,1.2721157887438879
V161P,-0.3635334017354379,0.458266287026702,test,0.8217996887621399
V161Q,0.08537231438863843,0.823520536977922,test,0.7381482225892836
V161R,-0.3635334017354379,0.708047967988251,test,1.071581369723689
V161S,0.42973238630619437,0.920508634890251,test,0.49077624858405666
V161T,0.5253839936745865,0.980032304294395,test,0.4546483106198085
V161W,-0.3613387432683657,0.643719257302549,test,1.0050580005709147
V161Y,0.12070855738624006,0.78931195791328,test,0.6686034005270399
V211A,0.8658873316457114,0.949275969580267,train,0.08338863793455564
V211C,0.6529341941833227,0.98191191439652,test,0.3289777202131974
V211D,-0.34689075155800064,0.0531524731442527,test,0.40004322470225334
V211E,-0.34208656706781393,0.0713483559877865,test,0.4134349230556004
V211F,0.3173233103706139,0.758766993416419,test,0.44144368304580506
V211G,0.2571201865089947,0.102383025903825,test,0.1547371606051697
V211H,-0.039773128665348684,0.107080732462133,test,0.14685386112748167
V211I,0.8496856836392037,0.968718812940404,test,0.11903312930120025
V211K,0.05081865697712848,0.0627395728606336,test,0.01192091588350512
V211L,0.5110250465785733,0.93935809095673,test,0.42833304437815667
V211M,0.6015325054906657,0.967000227646663,test,0.3654677221559973
V211N,0.1628372440557266,0.0321026304358202,test,0.1307346136199064
V211P,-0.30838072768554237,0.061344888889459,test,0.36972561657500136
V211Q,-0.34689075155800064,0.594429884216942,test,0.9413206357749426
V211R,-0.3468104453848262,0.0686360823345375,test,0.4154465277193637
V211S,0.49983551891245814,0.679214343410849,test,0.17937882449839082
V211T,0.523691953975223,0.936091649916389,test,0.4123996959411661
V211W,-0.34409215530063686,0.0887789378760071,test,0.43287109317664396
V211Y,0.3990968162330717,0.844962893039261,test,0.4458660768061893
V247A,0.5324710835646267,0.81695491770205,train,0.2844838341374233
V247C,0.15737518387231805,0.937277318224149,test,0.7799021343518309
V247D,-0.6863834606875228,0.0873853859617105,test,0.7737688466492333
V247E,-0.6863834606875228,0.06756115268185,test,0.7539446133693728
V247F,-0.37191793301164533,0.861150376688952,test,1.2330683097005974
V247G,-0.06554494556582682,0.190148504203315,test,0.2556934497691418
V247H,-0.6863834606875228,0.512099148706763,test,1.1984826093942857
V247I,0.9298598695220515,1.0069959671268,test,0.0771360976047486
V247K,-0.6863834606875228,0.105062484286003,test,0.7914459449735257
V247L,0.12076652440023114,0.975703661316855,test,0.8549371369166239
V247M,-0.09621176688599789,0.977351044764693,test,1.073562811650691
V247N,-0.6863834606875228,0.108291973567099,test,0.7946754342546217
V247P,-1.422576792508387,0.0381189770330643,train,1.4606957695414513
V247Q,-0.676269592123617,0.093651827885682,test,0.7699214200092991
V247R,-0.6863834606875228,0.0237265000250516,test,0.7101099607125744
V247S,-0.20270255730037004,0.395851444948632,test,0.598554002249002
V247T,-0.4208069932019789,0.887645370135919,test,1.308452363337898
V247W,-0.6863834606875228,0.846800084047604,test,1.5331835447351267
V247Y,-0.6863834606875228,0.917691125434762,test,1.6040745861222847
V24A,0.39974615067915065,0.764259890128619,train,0.3645137394494683
V24C,0.2900260037049567,0.794690410589472,test,0.5046644068845153
V24D,-0.3117002009359655,0.0894719469892359,test,0.4011721479252014
V24E,-0.3117002009359655,0.0857786620116971,test,0.3974788629476626
V24F,0.6540819584022379,0.930584856263791,test,0.276502897861553
V24G,-0.31159172383274014,0.095063198548756,test,0.40665492238149614
V24H,-0.3117002009359655,0.0615897994931366,test,0.3732900004291021
V24I,0.8944348373446702,1.03818176736195,test,0.14374693001727978
V24K,-0.3117002009359655,0.115656162437922,test,0.4273563633738875
V24L,0.8194400662885222,0.915144029421364,test,0.0957039631328418
V24M,0.6264421884463267,0.811205707756391,test,0.1847635193100643
V24N,-0.3114922405440044,0.141210769363211,test,0.45270300990721535
V24P,-0.3117002009359655,0.170821808865347,test,0.48252200980131255
V24Q,-0.3117002009359655,,,
V24R,-0.3117002009359655,0.0640058293511178,test,0.3757060302870833
V24S,-0.07261568643800745,0.191961558418752,test,0.2645772448567595
V24T,0.2867893481430752,0.575186545597436,test,0.28839719745436077
V24W,-0.1273439945710864,0.578238909718384,test,0.7055829042894703
V24Y,0.21607356520660057,0.600044605096025,test,0.3839710398894244
V258A,0.1517856947612801,0.665179944927047,train,0.5133942501657669
V258C,0.1848972210577566,0.929299435703868,test,0.7444022146461113
V258D,0.1848972210577566,0.0829125068655296,test,0.101984714192227
V258E,0.1848972210577566,0.0818037125242618,test,0.1030935085334948
V258F,0.1848972210577566,0.0891214446914561,test,0.09577577636630051
V258G,0.1848972210577566,0.143356632734975,test,0.041540588322781596
V258H,0.1848972210577566,0.0860469956540263,test,0.0988502254037303
V258I,0.1848972210577566,0.940298584140411,test,0.7554013630826544
V258K,0.1848972210577566,0.0956157550045716,test,0.089281466053185
V258L,0.1848972210577566,0.692305999295922,test,0.5074087782381653
V258M,0.1848972210577566,0.0893973180405489,test,0.0954999030172077
V258N,0.1848972210577566,0.10930386146873,test,0.0755933595890266
V258P,0.1848972210577566,0.0821334912630196,test,0.10276372979473701
V258Q,0.1848972210577566,0.0417766560497085,test,0.1431205650080481
V258R,0.1848972210577566,0.194981385610577,test,0.010084164552820407
V258S,0.1848972210577566,0.0831322620508709,test,0.1017649590068857
V258T,0.1848972210577566,0.722316138592672,test,0.5374189175349153
V258W,0.1848972210577566,0.0449931665003722,test,0.13990405455738442
V258Y,0.1848972210577566,0.0527313509499059,test,0.1321658701078507
V262A,0.7912969450744061,0.919968497771214,train,0.12867155269680797
V262C,0.397334468637758,0.99534005097114,test,0.598005582333382
V262D,-0.23404219926465045,0.162080412740699,test,0.3961226120053495
V262E,-0.23404219926465045,0.152532303893848,test,0.38657450315849845
V262F,0.5003594706074204,0.710205976724623,test,0.20984650611720268
V262G,-0.04890196276819106,0.046341553467189,test,0.09524351623538006
V262H,0.41292798548556964,0.119260711811568,test,0.29366727367400164
V262I,1.1577949075142444,0.991912429315711,test,0.1658824781985334
V262K,-0.2289471231929532,0.0952201514647937,test,0.3241672746577469
V262L,0.6766665584638953,0.91478190315674,test,0.23811534469284468
V262M,0.5682516258605184,0.834699344599909,test,0.26644771873939066
V262N,-0.21380632734456453,0.317562214282548,test,0.5313685416271126
V262P,-0.23396448163643838,0.16944202681667,test,0.4034065084531084
V262Q,0.12198888541814432,0.216749322166357,test,0.09476043674821269
V262R,-0.2062840780783908,0.0526640490486841,test,0.25894812712707493
V262S,0.07965249723003984,0.548912250879939,test,0.46925975364989914
V262T,0.15042826916835159,0.781715840668557,test,0.6312875715002054
V262W,-0.23404219926465045,0.208639264701532,test,0.44268146396618246
V262Y,0.27513965372155913,0.700805798132378,test,0.42566614441081885
V266A,0.8820644873491206,0.955834902228833,train,0.07377041487971248
V266C,0.39689827805002253,0.991326722236745,test,0.5944284441867225
V266D,-0.35039855493617167,0.827267145363993,test,1.1776657003001647
V266E,-0.13837179562834193,0.929912265505139,test,1.068284061133481
V266F,0.28750153507689036,0.795294398181402,test,0.5077928631045117
V266G,0.15327913912233557,1.11458668850443,test,0.9613075493820944
V266H,0.15923303987155465,0.890479699790647,test,0.7312466599190923
V266I,0.6418795703563285,0.994734780558364,test,0.3528552102020355
V266K,-0.35039855493617167,1.04133096087706,test,1.3917295158132317
V266L,0.6754475731444118,0.983938439318731,test,0.3084908661743192
V266M,0.16727045179551966,0.971912267897224,test,0.8046418161017043
V266N,0.06747965828522881,0.973889045259866,test,0.9064093869746371
V266P,0.4352843387222036,0.925810155516037,test,0.49052581679383334
V266Q,0.1241406888322267,0.953899900833736,test,0.8297592120015093
V266R,-0.35039855493617167,0.579221208228591,test,0.9296197631647627
V266S,0.46220978301557225,0.899999938275188,test,0.43779015525961573
V266T,0.7561041022320312,0.934779122890303,test,0.1786750206582718
V266W,0.39296941368550464,0.953714064864592,test,0.5607446511790873
V266Y,0.32306733195226145,0.777729763863822,test,0.4546624319115605
V294A,1.0163545913808385,1.00950045282045,train,0.006854138560388412
V294C,0.43718848156966916,0.994930494874604,test,0.5577420133049349
V294D,-0.08527390004248162,0.0911335241158065,test,0.1764074241582881
V294E,0.30792685874715864,0.33450535017075,test,0.026578491423591366
V294F,0.9751504002222353,1.26873454020438,test,0.2935841399821446
V294G,0.362150806611935,0.101939847821378,test,0.260210958790557
V294H,0.43603571559663723,1.28035457145135,test,0.8443188558547128
V294I,1.4214148920331835,1.01207900035031,test,0.40933589168287354
V294K,0.3113763198454824,1.25210484665869,test,0.9407285268132075
V294L,0.8351645659611313,0.932025293142977,test,0.09686072718184568
V294M,0.877776656773934,0.96771004430261,test,0.08993338752867597
V294N,0.439397627705598,1.09362712677977,test,0.6542294990741719
V294P,0.2872134623017073,0.092599968301496,test,0.1946134940002113
V294Q,0.5951006793094986,0.965693636405544,test,0.37059295709604534
V294R,0.5315499419858571,0.0866027554405903,test,0.4449471865452668
V294S,0.5548203002555911,1.2208625908438,test,0.6660422905882089
V294T,0.7221721814868174,0.993976130523834,test,0.27180394903701666
V294W,0.5450161954728994,0.200101165897519,test,0.34491502957538034
V294Y,0.9347684906667324,0.905430436062687,test,0.02933805460404537
V307A,1.0197231574560501,1.01040906507661,train,0.009314092379440142
V307C,0.9415703419027615,1.03331473253589,test,0.09174439063312856
V307D,-0.2680784053028302,0.136836243089935,test,0.40491464839276525
V307E,-0.267860036857005,0.207770113058998,test,0.475630149916003
V307F,0.577548419851347,0.904889384545285,test,0.32734096469393803
V307G,0.06489126234264583,0.956146391660558,test,0.8912551293179122
V307H,0.058272244389049294,0.678857240954128,test,0.6205849965650787
V307I,0.5293209030367587,0.966129769227793,test,0.4368088661910343
V307K,-0.26852325051258297,0.13174793915811,test,0.400271189670693
V307L,0.6684221090000013,0.970441730479501,test,0.3020196214794997
V307M,0.3020888736349081,0.979244139795552,test,0.6771552661606439
V307N,0.010823082049996574,0.695357178045109,test,0.6845340959951124
V307P,0.5119177992407453,0.953834178589602,test,0.44191637934885664
V307Q,-0.060502394495879824,0.714512104934979,test,0.7750144994308588
V307R,-0.26852325051258297,0.0799843513789287,test,0.34850760189151164
V307S,0.3790896144852527,1.03124176193224,test,0.6521521474469874
V307T,0.63296566176486,0.973143980419678,test,0.34017831865481796
V307W,0.14100480504871735,0.055982058932917,test,0.08502274611580035
V307Y,0.35797989888392956,0.105020532522182,test,0.25295936636174754
V388A,0.9500323105265001,0.98273878089891,train,0.032706470372409924
V388C,0.7837428946377367,0.999658933933342,test,0.21591603929560532
V388D,-0.03726762032328626,0.169346210597544,test,0.20661383092083027
V388E,0.15759723640781484,0.539193648675114,test,0.3815964122672991
V388F,1.1213567529600732,0.866694107609489,test,0.25466264535058425
V388G,-0.033916579473706215,0.803563384456277,test,0.8374799639299831
V388H,0.4662262389081284,0.892203200642008,test,0.42597696173387956
V388I,1.1023268821378183,0.990638293356189,test,0.11168858878162924
V388K,0.3526612729908727,0.299606839587883,test,0.05305443340298971
V388L,1.2190401052323503,0.997167549616466,test,0.22187255561588426
V388M,0.7203565876809501,0.946688205738389,test,0.22633161805743884
V388N,0.2637047681364073,0.73349326632839,test,0.46978849819198265
V388P,0.09004130929986484,0.655312934691196,test,0.5652716253913311
V388Q,0.5587190073895989,0.909771687094247,test,0.35105267970464815
V388R,0.253553125551641,0.0989270519108037,test,0.1546260736408373
V388S,0.6803152515530153,0.859609903383127,test,0.17929465183011173
V388T,0.8093534552863704,0.955454132839376,test,0.1461006775530056
V388W,0.3897178048003489,0.786193758944158,test,0.3964759541438091
V388Y,0.6390626333770941,0.856632893771564,test,0.21757026039446992
V39A,0.6923508726598355,0.879111184671507,train,0.18676031201167143
V39C,0.042082739139766207,0.925197469993762,test,0.8831147308539957
V39D,0.9451991176949426,0.775944522543607,test,0.16925459515133556
V39E,0.8395359052101325,0.918512632953028,test,0.07897672774289544
V39F,0.4893346114500765,0.83668852768741,test,0.34735391623733347
V39G,0.6084476254802935,0.68650689850643,test,0.07805927302613647
V39H,0.54733692835609,0.914731489786775,test,0.36739456143068494
V39I,0.9760224680437928,1.01940883820304,test,0.04338637015924718
V39K,0.6313404531132412,0.927457174785388,test,0.29611672167214687
V39L,1.4581219839194566,1.0297055064076,test,0.42841647751185663
V39M,0.6215985243214865,0.887425327986809,test,0.2658268036653224
V39N,0.565934122277463,0.849347981278709,test,0.28341385900124605
V39P,0.5613233936631816,0.650758664560618,test,0.08943527089743641
V39Q,0.6561911689934752,0.905184526931987,test,0.24899335793851185
V39R,0.6437380827789367,0.903547795666662,test,0.25980971288772525
V39S,0.6204019750599044,0.82109191007601,test,0.20068993501610566
V39T,0.7564391550470673,0.977695616222364,test,0.22125646117529674
V39W,0.36319926205634867,0.701231163626192,test,0.3380319015698433
V39Y,0.4407861145049352,0.903472105246746,test,0.4626859907418108
V404A,0.9643152355324844,0.985979966577439,train,0.021664731044954588
V404C,0.10980343140583557,1.01220145005886,test,0.9023980186530245
V404D,0.22660793468234416,0.976463313427226,test,0.7498553787448818
V404E,0.7825142786813919,0.978027224549261,test,0.19551294586786916
V404F,0.4816154219679485,0.870834017953474,test,0.38921859598552555
V404G,0.5964341308088807,0.991406815529303,test,0.39497268472042224
V404H,0.39066504990555395,0.977443534563294,test,0.5867784846577401
V404I,0.6298610212400428,0.984903704314796,test,0.3550426830747532
V404K,0.8224367346508539,0.94379413377546,test,0.12135739912460608
V404L,0.6943396615867246,0.926129377527439,test,0.2317897159407144
V404M,0.36233399052293813,0.969725198557256,test,0.6073912080343179
V404N,0.09769340682114233,0.962810753900684,test,0.8651173470795417
V404P,0.319550040837594,0.844720231449591,test,0.525170190611997
V404Q,0.6527959318899834,0.985404630037032,test,0.33260869814704863
V404R,0.7355291775458108,0.949522491687006,test,0.21399331414119516
V404S,0.5814952944157918,0.979552929678443,test,0.39805763526265114
V404T,1.0879031565770954,0.985982949407105,test,0.1019202071699904
V404W,-0.22475972726307417,0.968146824432971,test,1.192906551696045
V404Y,0.43376532619075925,0.900267932631227,test,0.4665026064404677
V421A,0.8649967411105324,0.947492620178177,train,0.08249587906764466
V421C,-0.02646323378789653,0.991577566371599,test,1.0180408001594956
V421D,0.20636863795302426,0.881907317189609,test,0.6755386792365847
V421E,0.5738178311148883,0.928241676219398,test,0.35442384510450975
V421F,0.16776759586334286,0.917632952637568,test,0.7498653567742251
V421G,0.38155268293079936,0.842091166121932,test,0.46053848319113266
V421H,0.2790180419443298,0.969670923085182,test,0.6906528811408522
V421I,1.0040971036111548,1.03265206777487,test,0.02855496416371528
V421K,0.6740890829705977,0.90535053511854,test,0.23126145214794236
V421L,0.42147573984554776,0.875334070382652,test,0.4538583305371042
V421M,0.44525351642861133,0.904110009712651,test,0.45885649328403966
V421N,0.42635048597564684,0.971980976653627,test,0.5456304906779802
V421P,0.031313552389428095,0.492144006916974,test,0.4608304545275459
V421Q,0.7653046266747816,0.924320338698019,test,0.1590157120232374
V421R,0.6261448561314518,0.876186625364733,test,0.25004176923328125
V421S,0.3662419371275514,0.960093831940163,test,0.5938518948126116
V421T,0.7138696714211556,0.942748457318058,test,0.22887878589690236
V421W,0.034559164738980214,0.909461227878816,test,0.8749020631398358
V421Y,0.33451346654291947,0.953843550366918,test,0.6193300838239986
V423A,0.9194751245404633,0.969618068257724,train,0.05014294371726069
V423C,0.14379083541019597,0.977490739829199,test,0.833699904419003
V423D,0.27204187765382914,0.706285870586381,test,0.4342439929325519
V423E,0.5026921562112554,0.815668209168916,test,0.3129760529576606
V423F,0.8152718868576796,0.965147858396264,test,0.14987597153858445
V423G,0.8645224411840784,0.870161318126363,test,0.005638876942284599
V423H,0.4286370073516983,0.882889898356011,test,0.45425289100431265
V423I,1.1258499944734,0.997034235751468,test,0.12881575872193196
V423K,0.2564391346482313,0.69194225441893,test,0.43550311977069867
V423L,1.5043179348349545,1.01455534267936,test,0.48976259215559437
V423M,0.8112128354547818,1.00282632617779,test,0.19161349072300826
V423N,0.23666502623232574,0.861225068653739,test,0.6245600424214133
V423P,1.429859601862027,0.951750347947394,test,0.4781092539146331
V423Q,0.5888514436871211,0.95077455639532,test,0.361923112708199
V423R,0.6142593913570862,0.754220630962698,test,0.1399612396056118
V423S,0.5401605328923493,0.892487230167984,test,0.3523266972756347
V423T,0.740514533250124,0.965519250515432,test,0.22500471726530802
V423W,0.46638757801437536,0.833457349804978,test,0.36706977179060263
V423Y,0.5253045419717266,0.925806525072976,test,0.4005019831012494
V457A,1.0101915466051745,1.00725180251119,train,0.0029397440939844532
V457C,0.6141001469797034,0.973153427544829,test,0.35905328056512564
V457D,0.6141001469797034,0.96131972315388,test,0.34721957617417665
V457E,0.6141001469797034,0.928307318083044,test,0.3142071711033406
V457F,0.6141001469797034,0.996192788677767,test,0.38209264169806356
V457G,0.6141001469797034,0.98629981914727,test,0.37219967216756666
V457H,0.6141001469797034,0.988365089653266,test,0.3742649426735626
V457I,0.6141001469797034,0.995635697878206,test,0.38153555089850266
V457K,0.6141001469797034,0.985974731115014,test,0.3718745841353106
V457L,0.6141001469797034,0.985371214869707,test,0.37127106789000364
V457M,0.6141001469797034,0.969570454057804,test,0.35547030707810057
V457N,0.6141001469797034,0.995868128447828,test,0.38176798146812463
V457P,0.6141001469797034,0.944640228715534,test,0.3305400817358306
V457Q,0.6141001469797034,0.969563921770638,test,0.3554637747909346
V457R,0.6141001469797034,0.957394643749699,test,0.34329449676999557
V457S,0.6141001469797034,0.981965265614752,test,0.36786511863504856
V457T,0.6141001469797034,0.983883451407938,test,0.3697833044282346
V457W,0.6141001469797034,0.97564154810874,test,0.36154140112903665
V457Y,0.6141001469797034,0.994596287555325,test,0.38049614057562164
V55A,0.6971905975504764,0.882495157850333,train,0.18530456029985654
V55C,-0.006046349824334191,0.968679941920576,test,0.9747262917449102
V55D,0.5341623060725269,0.129625224624887,test,0.4045370814476399
V55E,0.32691895384018044,0.530106557854765,test,0.20318760401458458
V55F,0.34671035489165836,0.709736618644927,test,0.36302626375326863
V55G,0.31344097025667783,0.336434794794165,test,0.022993824537487162
V55H,0.2034098547434555,0.792128018295144,test,0.5887181635516885
V55I,0.5346638221256754,0.879411267597036,test,0.3447474454713606
V55K,0.327972368339956,0.766842138142756,test,0.4388697698028
V55L,0.5846711133743623,0.825925379371039,test,0.24125426599667676
V55M,0.3105130735681272,0.832729013030465,test,0.5222159394623378
V55N,0.2634880447467254,0.740752908402363,test,0.4772648636556376
V55P,0.27610558021180087,0.0920619206969861,test,0.18404365951481477
V55Q,0.2590052036201975,0.881437007448476,test,0.6224318038282785
V55R,0.3913209292311308,0.877771963389175,test,0.48645103415804414
V55S,0.5061044951770051,0.682142886693304,test,0.17603839151629896
V55T,0.8001854027199957,0.886883545346642,test,0.08669814262664632
V55W,-0.12613347671876676,0.704654973205343,test,0.8307884499241097
V55Y,0.20831910264922746,0.706705429411291,test,0.4983863267620635
V57A,-0.11981273212411273,0.557043634076199,train,0.6768563662003116
V57C,-0.06970213661509808,0.967819648009467,test,1.037521784624565
V57D,-0.15197266458560568,0.070726023072899,test,0.2226986876585047
V57E,-0.12190324785853227,0.076332730465642,test,0.19823597832417428
V57F,-0.08679700157946504,0.0730751697743663,test,0.15987217135383136
V57G,-0.1098833117476257,0.134764635936821,test,0.2446479476844467
V57H,-0.1888038822732925,0.170025568552872,test,0.35882945082616446
V57I,0.38682031344324197,0.893326952506349,test,0.506506639063107
V57K,-0.13385727271293282,0.0855016292697434,test,0.2193589019826762
V57L,0.4361295423193787,0.822407474064099,test,0.38627793174472025
V57M,-0.05394242451707035,0.175025026995474,test,0.22896745151254436
V57N,-0.13188008238456453,0.0807291760427739,test,0.2126092584273384
V57P,0.06899055800110185,0.253183305906535,test,0.18419274790543314
V57Q,-0.058712892940696176,0.145813226299003,test,0.20452611923969918
V57R,-0.008993489287642459,0.0578640834918031,test,0.06685757277944557
V57S,0.05409054422840606,0.204138398980707,test,0.15004785475230092
V57T,0.21094244807050241,0.94661860318683,test,0.7356761551163276
V57W,-0.352856210669257,0.0486524238462096,test,0.4015086345154666
V57Y,-0.28669847088539924,0.111587314050272,test,0.39828578493567124
V67A,0.8377708175562482,0.937856220442802,train,0.10008540288655388
V67C,0.5632940362466596,0.979010639669889,test,0.41571660342322936
V67D,0.0625542836974706,0.743269462617305,test,0.6807151789198344
V67E,0.24145090587146376,0.792740098134248,test,0.5512891922627842
V67F,0.6755379326335633,0.907799394390856,test,0.23226146175729268
V67G,0.005930780017309817,0.874796267624098,test,0.8688654876067882
V67H,0.6782380742072396,0.958424604962439,test,0.2801865307551994
V67I,0.9746105262597748,0.991164280717692,test,0.01655375445791718
V67K,0.4772801403172624,0.986710081519533,test,0.5094299412022706
V67L,0.9491016605118159,0.927340564691258,test,0.021761095820557852
V67M,0.9348493591166556,0.943784255117503,test,0.008934896000847403
V67N,0.6135186856644059,0.935274796293114,test,0.3217561106287081
V67P,-0.11423757409243399,0.278952141071373,test,0.39318971516380696
V67Q,0.22040507467853862,0.947850923214346,test,0.7274458485358074
V67R,0.5327653360717866,0.988792843522569,test,0.45602750745078247
V67S,0.657899586899745,0.942792687148646,test,0.2848931002489009
V67T,0.5396154443310299,0.963069889757615,test,0.42345444542658506
V67W,0.39972431301111677,0.899661134479947,test,0.49993682146883023
V67Y,0.8756162194437287,0.949453475699509,test,0.0738372562557803
V71A,-0.05816586813443994,0.581116115054269,train,0.6392819831887089
V71C,0.11229353900077196,0.709091394102553,test,0.596797855101781
V71D,-0.7824943062975029,0.0657531996004495,test,0.8482475058979524
V71E,-0.6136727258089405,0.126299753403927,test,0.7399724792128675
V71F,-0.3142386534127948,0.106330389957271,test,0.4205690433700658
V71G,-0.33369935164628584,0.11163996920559,test,0.44533932085187583
V71H,-0.7824943062975029,0.0321564690942403,test,0.8146507753917432
V71I,0.0888489016004301,0.695801964838443,test,0.6069530632380129
V71K,-0.7824943062975029,0.157122508847049,test,0.939616815144552
V71L,-0.08897398890245103,0.59301973210283,test,0.681993721005281
V71M,-0.30713080868227505,0.12554039460679,test,0.43267120328906505
V71N,-0.7824943062975029,0.249117915554538,test,1.031612221852041
V71P,-0.3003641875702787,0.15559496757946,test,0.4559591551497387
V71Q,-0.5422696482693301,0.0831519394851475,test,0.6254215877544776
V71R,-0.7824186510631448,0.0383544964740784,test,0.8207731475372232
V71S,-0.2934142118690428,0.0486323478528736,test,0.34204655972191644
V71T,-0.08855211439106572,0.426243054140121,test,0.5147951685311867
V71W,-0.7824193612375459,0.17313744615816,test,0.9555568073957059
V71Y,-0.45234909332942164,0.0448388355565918,test,0.49718792888601343
V74A,0.7966374872264608,0.920287633946883,train,0.12365014672042218
V74C,0.3795254493158786,0.945821345988693,test,0.5662958966728144
V74D,0.29728415142760123,0.0880801988443397,test,0.20920395258326152
V74E,0.04283925426792942,0.153606975642246,test,0.11076772137431659
V74F,0.5756897139621826,0.781308516408204,test,0.20561880244602138
V74G,0.17840932815110275,0.166947310459795,test,0.011462017691307752
V74H,0.2888291928720619,0.601253925095033,test,0.31242473222297107
V74I,1.2480436428760469,0.981219754486493,test,0.26682388838955384
V74K,0.3834353235502703,0.188061031437951,test,0.19537429211231933
V74L,0.9964683971811594,0.90141484850661,test,0.0950535486745494
V74M,0.7229673577450326,0.825874741899703,test,0.10290738415467038
V74N,0.07717828762662401,0.105560086324065,test,0.02838179869744098
V74P,0.16842207927664285,0.0460337908104196,test,0.12238828846622325
V74Q,0.23713011531671022,0.410443189463508,test,0.17331307414679778
V74R,0.19170158835457826,0.145596595874621,test,0.04610499247995725
V74S,0.2957431918342628,0.415741655082862,test,0.1199984632485992
V74T,0.7236039541159107,0.784311104482834,test,0.06070715036692331
V74W,0.44233640651954853,0.518850708401843,test,0.07651430188229447
V74Y,0.5802486331693528,0.86537051400451,test,0.2851218808351572
V87A,0.7871004665426271,0.917278323848218,train,0.13017785730559084
V87C,0.5616903531503967,0.940029746136792,test,0.3783393929863953
V87D,0.5444247508558535,0.293606445124881,test,0.2508183057309725
V87E,0.5780096573127731,0.421732844478701,test,0.15627681283407208
V87F,0.5388006739079254,0.761106109113759,test,0.22230543520583357
V87G,0.5587589681651688,0.717296747237442,test,0.15853777907227318
V87H,0.6075296547239264,0.569858733312076,test,0.037670921411850355
V87I,1.0948835164251507,0.996263979950037,test,0.09861953647511368
V87K,0.5746391036995109,0.821020901322917,test,0.24638179762340617
V87L,1.2164908523426605,1.00675473823752,test,0.2097361141051406
V87M,0.8842923620791348,0.971662049279286,test,0.08736968720015126
V87N,0.771632522136821,0.671966813093525,test,0.09966570904329597
V87P,0.5381385575421442,0.234183535762915,test,0.30395502177922923
V87Q,0.503789651907667,0.627357689022694,test,0.12356803711502695
V87R,0.5569010301148121,0.788407040030097,test,0.23150600991528492
V87S,0.5979159609166234,0.779779120648723,test,0.18186315973209966
V87T,1.016779687560012,0.948268434439713,test,0.06851125312029893
V87W,0.7801873612788677,0.753140319689321,test,0.027047041589546628
V87Y,0.7826663216643632,0.577634700295863,test,0.20503162136850028
V8A,0.47817492149546514,0.79524495886489,train,0.31707003736942485
V8C,0.3480918344248487,0.917093706223476,test,0.5690018717986273
V8D,0.3480918344248487,0.112354493231058,test,0.2357373411937907
V8E,0.3480918344248487,0.450590566562491,test,0.10249873213764232
V8F,0.3480918344248487,0.66064106280785,test,0.31254922838300125
V8G,0.3480918344248487,0.323801936777344,test,0.02428989764750472
V8H,0.3480918344248487,0.7099953441611,test,0.3619035097362513
V8I,0.3480918344248487,0.890487400480689,test,0.5423955660558403
V8K,0.3480918344248487,0.60976301509902,test,0.2616711806741713
V8L,0.3480918344248487,0.904387419063041,test,0.5562955846381923
V8M,0.3480918344248487,0.885553922643835,test,0.5374620882189863
V8N,0.3480918344248487,0.526981839806641,test,0.17889000538179234
V8P,0.3480918344248487,0.064839047489282,test,0.2832527869355667
V8Q,0.3480918344248487,0.676602847808465,test,0.3285110133836163
V8R,0.3480918344248487,0.438937090410359,test,0.0908452559855103
V8S,0.3480918344248487,0.63332418977833,test,0.28523235535348135
V8T,0.3480918344248487,0.745853406274142,test,0.3977615718492933
V8W,0.3480918344248487,0.337227963337195,test,0.010863871087653687
V8Y,0.3480918344248487,0.544787710408472,test,0.19669587598362326
W147A,0.5174761005889541,0.811293673373106,train,0.2938175727841519
W147C,0.07064756073398845,0.877415615291854,test,0.8067680545578655
W147D,0.09400614799062643,0.641327588229665,test,0.5473214402390385
W147E,0.21869839708344704,0.664103808532586,test,0.4454054114491389
W147F,0.30580716273988906,0.933497676165826,test,0.627690513425937
W147G,0.00023235337343782692,0.752383631167643,test,0.7521512777942051
W147H,0.15195305240970944,0.988403605809854,test,0.8364505534001445
W147I,0.09297891922796728,0.652614433267659,test,0.5596355140396917
W147K,0.7185763478136848,0.478292663631142,test,0.24028368418254287
W147L,0.356709020469961,0.901807714295283,test,0.545098693825322
W147M,0.13520537034535016,0.856559263298454,test,0.7213538929531038
W147N,0.09065914510086179,0.914366891435411,test,0.8237077463345492
W147P,-0.15419036856921656,0.0616236469087151,test,0.21581401547793166
W147Q,0.4379485799690206,0.931315452829267,test,0.4933668728602464
W147R,0.7710135577955282,0.76681828837552,test,0.004195269420008141
W147S,0.3373661349117294,0.888884558086059,test,0.5515184231743296
W147T,0.24774988507414994,0.89848970276478,test,0.65073981769063
W147V,0.012737432833248102,0.756684645666341,test,0.7439472128330928
W147Y,0.44099793962184797,0.962093648273742,test,0.521095708651894
W184A,-1.3850822022411025,0.0525261584499689,train,1.4376083606910715
W184C,-0.7273302525378644,0.0740170760163762,test,0.8013473285542406
W184D,-1.5040957413619649,0.15147829854892,test,1.655574039910885
W184E,-1.5040957413619649,0.0580715319311308,test,1.5621672732930958
W184F,-0.6385369663475833,0.803726426171322,test,1.4422633925189052
W184G,-0.6955739620374286,0.0735036684684243,test,0.7690776305058529
W184H,-1.5040957413619649,0.0378591501700466,test,1.5419548915320116
W184I,-0.8817503737167101,0.134812176652823,test,1.016562550369533
W184K,-1.5040957413619649,0.0840408705837037,test,1.5881366119456686
W184L,-0.6585813216714447,0.163028079160093,test,0.8216094008315377
W184M,-0.8223632250604485,0.109859606175689,test,0.9322228312361375
W184N,-1.5040957413619649,0.0783501883023104,test,1.5824459296642752
W184P,-1.501889794528388,0.113466379773227,test,1.615356174301615
W184Q,-1.5040050941534682,0.0644284387726873,test,1.5684335329261554
W184R,-1.2199748015178604,0.0996645156382147,test,1.3196393171560752
W184S,-0.8119390943343372,0.0881433103601965,test,0.9000824046945337
W184T,-0.8557160350078934,0.0479299142255402,test,0.9036459492334336
W184V,-0.834555895728182,0.121395479614617,test,0.9559513753427991
W184Y,-0.6843765032265485,0.929485173127127,test,1.6138616763536755
W357A,-1.179086402749468,0.135163244058281,train,1.3142496468077491
W357C,-0.757619015014044,0.0766843939673377,test,0.8343034089813818
W357D,-0.5727385810853904,0.0941837457120594,test,0.6669223267974498
W357E,-0.5684224563615616,0.0693741875633777,test,0.6377966439249393
W357F,-0.2743617062191832,0.949371528874384,test,1.2237332350935672
W357G,-0.5940408913187925,0.102475881782579,test,0.6965167731013715
W357H,-0.779959767952701,0.524295756028523,test,1.3042555239812241
W357I,-0.48122510144725594,0.0862355426388517,test,0.5674606440861076
W357K,-0.931774316832233,0.11284599022172,test,1.044620307053953
W357L,-0.3733749041186074,0.782863173521518,test,1.1562380776401255
W357M,-0.3894709759921271,0.922840057879269,test,1.3123110338713961
W357N,-0.7135299999005909,0.115281239609584,test,0.8288112395101749
W357P,-0.7542517927037451,0.0301614301519388,test,0.7844132228556839
W357Q,-0.7011894511503172,0.0734154926613776,test,0.7746049438116948
W357R,-0.5038323830606417,0.0562210140143333,test,0.560053397074975
W357S,-0.46921892117011565,0.123476169197249,test,0.5926950903673647
W357T,-0.5704672487761486,0.07262620123115,test,0.6430934500072987
W357V,-0.6225199842965858,0.138629073068257,test,0.7611490573648428
W357Y,-0.6624445631987548,0.975382062951006,test,1.637826626149761
W414A,0.8509832880497037,0.942205775433365,train,0.09122248738366134
W414C,0.9879670561977847,0.919253666729793,test,0.06871338946799166
W414D,0.17669732904706167,0.683128002546769,test,0.5064306734997073
W414E,1.100703285986561,0.970110518932864,test,0.13059276705369705
W414F,0.9432870110285052,1.00306875242505,test,0.059781741396544685
W414G,0.4829758283072525,0.750070699660795,test,0.2670948713535425
W414H,0.9988645061282171,0.932648856249228,test,0.06621564987898909
W414I,0.9479211955776237,0.851314010276545,test,0.0966071853010787
W414K,0.5894709738161514,0.511569080933695,test,0.07790189288245641
W414L,0.9695528969539275,0.85052358646094,test,0.1190293104929876
W414M,0.7723634294674053,0.866901253331046,test,0.09453782386364062
W414N,0.3829143426414976,0.883339549061864,test,0.5004252064203664
W414P,0.17802550532004632,0.194085970067199,test,0.01606046474715267
W414Q,0.43625235997517353,0.9263129815924,test,0.4900606216172265
W414R,0.8063058178342104,0.149598961539974,test,0.6567068562942364
W414S,0.5544593904893051,0.807962166747528,test,0.2535027762582228
W414T,0.7302396370588091,0.925214262170335,test,0.19497462511152586
W414V,1.0385072205875006,0.920329376755345,test,0.11817784383215557
W414Y,1.148080465781493,0.999333982270209,test,0.14874648351128394
W417A,0.6128448788606684,0.848600451176299,train,0.2357555723156306
W417C,0.40637195409754834,0.88286259907299,test,0.4764906449754417
W417D,-0.4431122853226943,0.709643590124009,test,1.1527558754467033
W417E,0.050799653370757286,0.704137903273102,test,0.6533382499023447
W417F,0.3676053297366486,0.940518484497896,test,0.5729131547612474
W417G,0.15933253564863056,0.743888095907296,test,0.5845555602586654
W417H,0.2766658811414475,0.916999691241555,test,0.6403338101001075
W417I,0.5237998181379877,0.826277235354539,test,0.3024774172165513
W417K,0.1728127236238388,0.821162126164633,test,0.6483494025407942
W417L,0.25663554528230414,0.808212876952521,test,0.5515773316702168
W417M,0.29800183801612357,0.852296485362667,test,0.5542946473465434
W417N,-0.05037331743708398,0.828106269165555,test,0.8784795866026389
W417P,-0.4431122853226943,0.0585232835077666,test,0.5016355688304609
W417Q,0.10956558807808767,0.799924110113521,test,0.6903585220354334
W417R,0.143261778086025,0.891249235557915,test,0.74798745747189
W417S,0.4005954319940137,0.868755197867179,test,0.4681597658731653
W417T,0.36997670369906355,0.864966890693817,test,0.4949901869947535
W417V,0.6326414224475057,0.884311664947264,test,0.25167024249975833
W417Y,0.5234471099108189,1.01139308305235,test,0.4879459731415312
W451A,0.4677815156929668,0.791103221454947,train,0.32332170576198027
W451C,0.34289513152359974,0.66303372131266,test,0.3201385897890603
W451D,0.34289513152359974,0.510280140021844,test,0.16738500849824423
W451E,0.34289513152359974,0.49295726346779,test,0.15006213194419027
W451F,0.34289513152359974,0.801222514962755,test,0.45832738343915524
W451G,0.34289513152359974,0.7717124457531,test,0.4288173142295003
W451H,0.34289513152359974,0.735192456381664,test,0.39229732485806423
W451I,0.34289513152359974,0.75078669735102,test,0.40789156582742025
W451K,0.34289513152359974,0.505126294081065,test,0.16223116255746528
W451L,0.34289513152359974,0.659074861892247,test,0.3161797303686472
W451M,0.34289513152359974,0.76818154482334,test,0.42528641329974026
W451N,0.34289513152359974,0.616420934156192,test,0.2735258026325923
W451P,0.34289513152359974,0.359379562791769,test,0.016484431268169286
W451Q,0.34289513152359974,0.358900717847375,test,0.016005586323775245
W451R,0.34289513152359974,0.499263454994471,test,0.15636832347087126
W451S,0.34289513152359974,0.785563093887228,test,0.44266796236362826
W451T,0.34289513152359974,0.686570222591047,test,0.3436750910674473
W451V,0.34289513152359974,0.785039466858366,test,0.44214433533476627
W451Y,0.34289513152359974,0.797696856275964,test,0.45480172475236424
Y120A,0.4729569560204847,0.792143694610023,train,0.3191867385895383
Y120C,0.16284879216424672,0.823899505326311,test,0.6610507131620642
Y120D,0.285459729660533,0.944270738120994,test,0.658811008460461
Y120E,0.3813929295098244,0.848548052151589,test,0.4671551226417646
Y120F,0.25787375467493834,0.938611310721264,test,0.6807375560463257
Y120G,0.633335919467932,0.666411570219352,test,0.03307565075142005
Y120H,0.6300934103361373,0.859923436405677,test,0.22983002606953973
Y120I,0.11803249348245545,0.518352293409063,test,0.4003197999266075
Y120K,0.3083572924683107,0.92202771783511,test,0.6136704253667993
Y120L,0.1623150762928056,0.321669454063001,test,0.15935437777019543
Y120M,0.10072508531666033,1.16489205378625,test,1.0641669684695896
Y120N,0.38747475329253933,0.732419101567315,test,0.3449443482747757
Y120P,0.1355459877425986,0.214600857312912,test,0.07905486957031341
Y120Q,0.26129834097069593,0.820046838743959,test,0.5587484977732631
Y120R,0.40871315282850307,0.826016509978507,test,0.4173033571500039
Y120S,0.5087145049026904,0.840122701766892,test,0.33140819686420153
Y120T,0.3211441737956793,0.753994062677614,test,0.43284988888193476
Y120V,0.20443875206691617,0.998990455925863,test,0.7945517038589468
Y120W,0.06320352238616708,0.826802785760232,test,0.7635992633740649
Y127A,0.09698846714999407,0.642793311565851,train,0.5458048444158569
Y127C,-0.019835369344172432,0.769730082022474,test,0.7895654513666464
Y127D,0.3197059824646107,0.11779761284172,test,0.2019083696228907
Y127E,0.31142995712577703,0.109204097808279,test,0.20222585931749804
Y127F,0.4523789843014494,0.988545536281799,test,0.5361665519803496
Y127G,0.05847412295417273,0.0873268553181055,test,0.028852732363932765
Y127H,0.5026263335663754,0.903952450635799,test,0.40132611706942356
Y127I,0.1384853240062995,0.698250255782363,test,0.5597649317760635
Y127K,0.3637046465841205,0.53251330484413,test,0.16880865826000946
Y127L,0.1942878631171527,0.765586638816174,test,0.5712987756990212
Y127M,0.1436643522821008,0.723451139346943,test,0.5797867870648422
Y127N,0.044052978891193834,0.478892669082682,test,0.43483969019148816
Y127P,-0.39145449109060926,0.137088286753616,test,0.5285427778442253
Y127Q,0.27041278897838583,0.549167249268833,test,0.27875446029044715
Y127R,0.4721237698829446,0.525296525635696,test,0.05317275575275138
Y127S,0.2797661655450898,0.69973634762871,test,0.41997018208362014
Y127T,0.3746335911570735,0.476740638449224,test,0.10210704729215048
Y127V,0.15302927492196947,0.709678646244338,test,0.5566493713223685
Y127W,0.5862389897006397,1.02583147998068,test,0.4395924902800403
Y132A,0.9361001713373309,0.976267130055265,train,0.040166958717934076
Y132C,0.16711845471376938,0.950315501483091,test,0.7831970467693216
Y132D,0.07029619241983928,0.646054374047155,test,0.5757581816273157
Y132E,0.14199410045403502,0.729940591437957,test,0.5879464909839219
Y132F,1.0761288344360989,0.989757526394682,test,0.0863713080414169
Y132G,0.12624934571006838,0.907540997743924,test,0.7812916520338556
Y132H,0.23813513572976694,0.966114067921096,test,0.727978932191329
Y132I,0.5627144593969857,0.983783494613155,test,0.42106903521616923
Y132K,0.19431462615294512,0.901453033699342,test,0.7071384075463969
Y132L,0.8050386421439992,1.02022585770782,test,0.2151872155638208
Y132M,0.9039067176819391,0.975334430314992,test,0.07142771263305292
Y132N,0.0005334215036045531,0.834245928648577,test,0.8337125071449725
Y132P,0.26092808592348526,0.753470477744755,test,0.4925423918212697
Y132Q,0.08864690583797616,0.908456538832778,test,0.8198096329948018
Y132R,0.08050263136525279,0.812185613957834,test,0.7316829825925811
Y132S,0.0683408719824927,0.929271020110133,test,0.8609301481276402
Y132T,0.37990555180209973,0.891091167039529,test,0.5111856152374292
Y132V,0.6949560310259606,0.963181747902454,test,0.26822571687649344
Y132W,0.48216301668158557,0.927888669238338,test,0.44572565255675245
Y246A,0.9079315247509034,0.966908115040207,train,0.058976590289303576
Y246C,-0.042039185755111036,0.9674329644721,test,1.009472150227211
Y246D,-0.11584248411178003,0.851385990052925,test,0.967228474164705
Y246E,0.1075496663703823,0.976234623142154,test,0.8686849567717717
Y246F,0.8786841938499863,0.981462917231255,test,0.1027787233812687
Y246G,-0.43001303985061967,0.816001423788377,test,1.2460144636389967
Y246H,0.11744025876865402,0.978175221391974,test,0.8607349626233199
Y246I,0.26823531267735157,0.952438187954746,test,0.6842028752773944
Y246K,0.12776786057597375,0.931394452722811,test,0.8036265921468372
Y246L,0.5692402451196317,0.979534738370815,test,0.4102944932511833
Y246M,0.3236720821652741,0.988208638606504,test,0.6645365564412299
Y246N,-0.12243974325481524,0.871911686603563,test,0.9943514298583782
Y246P,-1.3199920189984502,0.0790090601757026,train,1.3990010791741527
Y246Q,0.10686164381997607,0.992112623678172,test,0.8852509798581959
Y246R,0.13113415295769767,0.946585452919758,test,0.8154512999620603
Y246S,-0.039719021920731096,0.958788879427296,test,0.998507901348027
Y246T,0.14368275873992806,0.967793534741677,test,0.8241107760017489
Y246V,0.22052509774506054,0.973901087045618,test,0.7533759893005574
Y246W,-0.1003256035239162,0.948219479775649,test,1.0485450832995653
Y265A,1.5774504192880918,1.23313137029433,train,0.34431904899376176
Y265C,0.7222537658253427,0.85424164089756,test,0.13198787507221732
Y265D,0.5396295630026777,0.0960862552946282,test,0.4435433077080495
Y265E,0.42491166560250515,0.0745921902150172,test,0.350319475387488
Y265F,1.6572697503336442,1.01530244433448,test,0.6419673059991642
Y265G,0.8526247293816842,0.227727822404014,test,0.6248969069776702
Y265H,1.0003177700189527,0.980436441910867,test,0.01988132810808574
Y265I,1.2343220299108453,0.758257163958146,test,0.47606486595269926
Y265K,0.43753728679931636,0.393139638979223,test,0.04439764782009337
Y265L,1.3926351905251344,0.848673695707959,test,0.5439614948171754
Y265M,1.025032269783764,0.959664162758845,test,0.06536810702491891
Y265N,0.9398383759114954,0.934680054831314,test,0.005158321080181438
Y265P,0.9701829715188983,0.272648915900096,test,0.6975340556188023
Y265Q,0.9243847167668198,0.706663191715168,test,0.21772152505165177
Y265R,0.5333159872450437,0.0767421038297809,test,0.4565738834152628
Y265S,0.86749127461211,0.607312832057444,test,0.26017844255466593
Y265T,0.8287553384495963,0.835142462036494,test,0.006387123586897747
Y265V,1.019400775623324,0.913896234181486,test,0.10550454144183807
Y265W,0.9756988775754001,0.909348574635673,test,0.0663503029397271
Y286A,0.5150270554671137,0.805561928511461,train,0.29053487304434733
Y286C,1.381487054524033,1.05650950839098,test,0.3249775461330531
Y286D,2.0907564221615216,1.44034852756815,train,0.6504078945933716
Y286E,0.8137607914965448,0.927364311554954,train,0.11360352005840924
Y286F,1.6245261718396387,0.981667760487887,test,0.6428584113517517
Y286G,1.4607092331184874,0.241066203905752,test,1.2196430292127354
Y286H,0.67123490106449,0.87067946104012,train,0.19944455997562993
Y286I,1.2500167896857433,1.06499489000247,test,0.18502189968327332
Y286K,1.1857168850113935,1.07789899794048,train,0.10781788707091344
Y286L,1.2274170483990423,1.29721917307266,test,0.0698021246736178
Y286M,1.13478329123023,1.01269778427331,test,0.12208550695692
Y286N,0.8376956798563129,0.91418392177013,test,0.07648824191381709
Y286P,0.5250883066525545,0.0653515260201174,test,0.45973678063243706
Y286Q,0.7411108274204736,0.982276601825666,test,0.24116577440519238
Y286R,0.5250883066525545,0.109505188767388,test,0.41558311788516644
Y286S,1.155169455011228,1.1184877851482,test,0.0366816698630279
Y286T,1.195105720873615,0.4942952147129,test,0.700810506160715
Y286V,1.329589762776193,0.886747319837418,test,0.44284244293877506
Y286W,0.9043148015829765,0.541965936629157,test,0.36234886495381946
Y28A,-1.2973984818026485,0.0884136485728608,train,1.3858121303755093
Y28C,-0.9393597674216447,0.601449600895174,test,1.5408093683168187
Y28D,-0.9394315348399427,0.057089022193608,test,0.9965205570335507
Y28E,-0.9394315348399427,0.0991326352004982,test,1.0385641700404409
Y28F,0.05594746940736403,0.906620498160556,test,0.850673028753192
Y28G,-0.9394315348399427,0.182702903276882,test,1.1221344381168246
Y28H,-0.5110466484844804,0.451543435630235,test,0.9625900841147155
Y28I,-0.5029713518294654,0.85007714732494,test,1.3530484991544054
Y28K,-0.9394315348399427,0.0656241214084331,test,1.0050556562483757
Y28L,-0.3870039905100311,0.826750749023921,test,1.213754739533952
Y28M,-0.52098901622519,0.802737092114794,test,1.323726108339984
Y28N,-0.7377637568285376,0.101471960888188,test,0.8392357177167256
Y28P,-0.9394315348399427,0.128539093569142,test,1.0679706284090846
Y28Q,-0.9394315348399427,0.115262704708418,test,1.0546942395483607
Y28R,-0.9394315348399427,0.0280929931088758,test,0.9675245279488185
Y28S,-0.7341767305426135,0.0609250010214763,test,0.7951017315640898
Y28T,-0.7468546972948846,0.246575759599354,test,0.9934304568942386
Y28V,-0.5279687633407553,0.735223083557318,test,1.2631918468980734
Y28W,-0.6124607694146025,0.971071242304358,test,1.5835320117189604
Y303A,1.4993967411238616,1.20237534297676,train,0.2970213981471015
Y303C,0.5081726063388616,0.943750883932761,test,0.43557827759389933
Y303D,0.4428104757136262,0.0787637287049342,test,0.364046747008692
Y303E,0.4701013454656342,1.10137817881882,test,0.6312768333531857
Y303F,0.9870722600181814,0.973074010504068,test,0.013998249514113326
Y303G,0.44536839708793763,1.41671403163292,test,0.9713456345449825
Y303H,0.28839386115973453,0.966564270278332,test,0.6781704091185975
Y303I,1.2002319889099236,0.99073628952649,test,0.2094956993834336
Y303K,0.1087841931552169,0.9316054567103,test,0.8228212635550831
Y303L,1.0886784801615337,0.952681957503171,test,0.1359965226583627
Y303M,1.1873499438425983,0.942089046776986,test,0.24526089706561227
Y303N,0.10933317870194578,1.03187212560018,test,0.9225389468982341
Y303P,0.2760615771658743,1.20600552121891,test,0.9299439440530357
Y303Q,0.1087841931552169,0.927069265221794,test,0.8182850720665771
Y303R,0.28057299188911755,1.23156746424343,test,0.9509944723543124
Y303S,0.1087841931552169,0.952158334501284,test,0.843374141346067
Y303T,0.6267076122754476,0.992753714417339,test,0.36604610214189137
Y303V,1.126753169533128,0.987731983439074,test,0.13902118609405412
Y303W,0.5479446960235081,0.965319733777005,test,0.4173750377534968
Y341A,0.9091190939273017,0.966974768560573,train,0.05785567463327124
Y341C,0.5635639206407677,0.94018050183934,test,0.37661658119857233
Y341D,0.5635639206407677,0.952452001562058,test,0.38888808092129035
Y341E,0.5635639206407677,0.960130230954983,test,0.3965663103142153
Y341F,0.5635639206407677,0.972033513997739,test,0.4084695933569713
Y341G,0.5635639206407677,0.871962919012171,test,0.3083989983714034
Y341H,0.5635639206407677,0.984137381679638,test,0.4205734610388704
Y341I,0.5635639206407677,0.940939972721805,test,0.3773760520810373
Y341K,0.5635639206407677,0.953509799605846,test,0.3899458789650784
Y341L,0.5635639206407677,0.956285605977311,test,0.3927216853365434
Y341M,0.5635639206407677,0.975089063418959,test,0.4115251427781913
Y341N,0.5635639206407677,0.945755241045577,test,0.3821913204048093
Y341P,0.5635639206407677,0.868042673473592,test,0.30447875283282433
Y341Q,0.5635639206407677,0.965991900988439,test,0.40242798034767135
Y341R,0.5635639206407677,0.955224631168516,test,0.3916607105277483
Y341S,0.5635639206407677,0.951515892161286,test,0.3879519715205183
Y341T,0.5635639206407677,1.00825576048109,test,0.44469183984032234
Y341V,0.5635639206407677,0.947014800638893,test,0.3834508799981253
Y341W,0.5635639206407677,0.969695495614383,test,0.4061315749736153
Y353A,-1.1903884829636862,0.129568715483523,train,1.3199571984472092
Y353C,-0.2651814460923714,0.164384404263055,test,0.4295658503554264
Y353D,-0.7321434829821463,0.0806801311754085,test,0.8128236141575548
Y353E,-0.674888354892446,0.0498853473283766,test,0.7247737022208226
Y353F,0.47775939613382623,1.00152608019754,test,0.5237666840637138
Y353G,-0.5644768710069819,0.0739503165155635,test,0.6384271875225453
Y353H,-0.4947365388988534,0.62356271696078,test,1.1182992558596334
Y353I,-0.2657885441217165,0.606716830966409,test,0.8725053750881255
Y353K,-0.5313856157364543,0.0378678537258293,test,0.5692534694622836
Y353L,-0.1546305179082095,0.794366677709379,test,0.9489971956175884
Y353M,-0.3267373225933785,0.740435326137095,test,1.0671726487304736
Y353N,-0.5757581735333879,0.120026740107317,test,0.6957849136407048
Y353P,-0.5237024462459232,0.109873623791312,test,0.6335760700372353
Y353Q,-0.4881330377745645,0.176593549468438,test,0.6647265872430025
Y353R,-0.8835185768311973,0.0998235488715857,test,0.983342125702783
Y353S,-0.3880433695153098,0.0722653340200941,test,0.46030870353540393
Y353T,-0.49698129372722843,0.0995754349485734,test,0.5965567286758018
Y353V,-0.24296981974398804,0.0730607794936896,test,0.3160305992376776
Y353W,-1.0758842709737448,0.995656538877972,test,2.071540809851717
Y36A,0.9509178736030501,0.982558048814203,train,0.03164017521115281
Y36C,0.6996193428346895,0.997836084134012,test,0.2982167412993225
Y36D,0.7624092597332355,0.824955894397662,test,0.06254663466442656
Y36E,0.8673971528289217,0.907388194038011,test,0.03999104120908925
Y36F,1.1688059980723795,1.00556659384616,test,0.16323940422621952
Y36G,0.8996540213080275,0.834268608380538,test,0.06538541292748956
Y36H,1.1907448367324494,0.942466347511222,test,0.2482784892212273
Y36I,0.903520125213259,0.881325510805795,test,0.022194614407463953
Y36K,0.7432951804812855,1.03591469530637,test,0.2926195148250845
Y36L,0.8464631476299227,0.988547871669192,test,0.1420847240392693
Y36M,0.8393786257228266,0.923370837074306,test,0.08399221135147938
Y36N,0.6949518219290478,1.00454407519958,test,0.3095922532705322
Y36P,0.5111474099654341,0.608012841199709,test,0.09686543123427493
Y36Q,0.6788401517672209,0.986660609258527,test,0.30782045749130615
Y36R,0.8473556456080262,1.03875393653647,test,0.19139829092844374
Y36S,0.7202692445790209,0.971020904850495,test,0.2507516602714741
Y36T,0.771262196061034,0.86844309697653,test,0.09718090091549603
Y36V,0.9922972188347787,0.934195665297383,test,0.05810155353739577
Y36W,0.5405536713541668,0.898672690148255,test,0.35811901879408825
Y38A,0.5982284303415317,0.842232123474512,train,0.24400369313298031
Y38C,0.19188082351842103,0.650499931706417,test,0.4586191081879959
Y38D,0.06817220262706433,0.451030462920188,test,0.38285826029312364
Y38E,0.016646848244630003,0.549419336216625,test,0.532772487971995
Y38F,0.9571008080918741,0.991689298026496,test,0.034588489934621824
Y38G,0.398899331684454,0.631727631863767,test,0.232828300179313
Y38H,0.3193363495407484,0.705168185710734,test,0.3858318361699856
Y38I,0.6955635615554321,0.821527926425667,test,0.12596436487023488
Y38K,0.29970949012171766,0.710579578517321,test,0.41087008839560335
Y38L,0.6015670511735178,0.864010914241378,test,0.26244386306786016
Y38M,0.5690546893078758,0.889659668927977,test,0.32060497962010115
Y38N,0.27377572495634106,0.615728919951288,test,0.3419531949949469
Y38P,0.7508323374005148,0.722683520423738,test,0.028148816976776847
Y38Q,0.0998597178464957,0.798586615640173,test,0.6987268977936772
Y38R,0.36364612503257354,0.768501946241586,test,0.4048558212090124
Y38S,0.4694771491734142,0.682638458745875,test,0.21316130957246082
Y38T,0.5105642513561255,0.646225045716882,test,0.1356607943607565
Y38V,0.6633058166515056,0.718853887363478,test,0.05554807071197243
Y38W,0.27749289829168355,0.660980049205027,test,0.3834871509133434
Y426A,0.8914855529792696,0.958742410258416,train,0.06725685727914643
Y426C,0.4496642761751073,0.911019138965635,test,0.46135486279052773
Y426D,0.3969472004581027,0.655002465617946,test,0.25805526515984323
Y426E,0.40866331503694053,0.627052539437641,test,0.21838922440070052
Y426F,1.243184524555011,0.983293611110323,test,0.25989091344468807
Y426G,0.4071574887116889,0.811128874445843,test,0.40397138573415414
Y426H,0.8639943560819343,0.856728482432645,test,0.007265873649289323
Y426I,0.6053584739258977,0.870319072005728,test,0.2649605980798303
Y426K,0.6099769080064779,0.871663903011458,test,0.26168699500498016
Y426L,0.5004481161013399,0.911704359189228,test,0.4112562430878881
Y426M,0.43551118869857075,0.966385570952452,test,0.5308743822538813
Y426N,0.26224674642171464,0.668244991617125,test,0.4059982451954104
Y426P,0.3407223680625344,0.238313036304052,test,0.10240933175848241
Y426Q,0.4983957420751619,0.862218704029118,test,0.36382296195395614
Y426R,0.6299016481894999,0.804484687424528,test,0.17458303923502816
Y426S,0.5207041913352921,0.829583984653171,test,0.30887979331787885
Y426T,0.541707153431845,0.719761296962981,test,0.17805414353113602
Y426V,0.5842582843995967,0.908152664257019,test,0.3238943798574223
Y426W,0.8661578479641168,0.944144408090415,test,0.07798656012629823
Y448A,0.9625521014619471,0.988267643142454,train,0.025715541680506826
Y448C,0.5902804244080897,0.988931472218228,test,0.39865104781013827
Y448D,0.5902804244080897,0.950325736353962,test,0.3600453119458723
Y448E,0.5902804244080897,0.94063512199222,test,0.3503546975841303
Y448F,0.5902804244080897,0.984025868089359,test,0.3937454436812693
Y448G,0.5902804244080897,0.878692273359417,test,0.2884118489513273
Y448H,0.5902804244080897,0.958699741767666,test,0.36841931735957634
Y448I,0.5902804244080897,0.95172769119241,test,0.36144726678432026
Y448K,0.5902804244080897,0.879838789433787,test,0.2895583650256973
Y448L,0.5902804244080897,0.916793375443847,test,0.3265129510357573
Y448M,0.5902804244080897,0.945548933679026,test,0.35526850927093634
Y448N,0.5902804244080897,0.926551555323542,test,0.33627113091545235
Y448P,0.5902804244080897,0.148293783329975,test,0.4419866410781147
Y448Q,0.5902804244080897,0.90552481457129,test,0.31524439016320027
Y448R,0.5902804244080897,0.84756520020299,test,0.2572847757949003
Y448S,0.5902804244080897,0.929487923483175,test,0.3392074990750853
Y448T,0.5902804244080897,0.882234264657594,test,0.2919538402495043
Y448V,0.5902804244080897,0.952090398170863,test,0.36180997376277335
Y448W,0.5902804244080897,0.994831475303442,test,0.40455105089535226
Y72A,-1.4380773231531803,0.0317369911017114,train,1.4698143142548916
Y72C,-0.6777426878165007,0.0684674052888945,test,0.7462100931053952
Y72D,-0.6131278200612156,0.0455780828807118,test,0.6587059029419273
Y72E,-0.674797066204256,0.0678941937636976,test,0.7426912599679536
Y72F,-0.3806115938118071,0.7354117541779,test,1.116023347989707
Y72G,-0.7881251278646422,0.0393006262005912,test,0.8274257540652333
Y72H,-0.7987669187135216,0.14992895866169,test,0.9486958773752115
Y72I,-0.4580608579310306,0.427804574970055,test,0.8858654329010855
Y72K,-0.7339810673997069,0.0577183813112607,test,0.7916994487109676
Y72L,-0.4378197426430177,0.0815010171972774,test,0.5193207598402951
Y72M,-0.7609735609688781,0.0878118892983417,test,0.8487854502672199
Y72N,-1.1953651921951394,0.125061024408826,test,1.3204262166039653
Y72P,-1.3734410551135452,0.0599036359076358,test,1.433344691021181
Y72Q,-0.7570733607316524,0.176385934800183,test,0.9334592955318355
Y72R,-0.6538119786197532,0.166967778581781,test,0.8207797572015342
Y72S,-0.688394683997412,0.0686117260006715,test,0.7570064099980836
Y72T,-0.555655420630355,0.0711061244786141,test,0.6267615451089691
Y72V,-0.3222352016118182,0.0892077833292412,test,0.41144298494105935
Y72W,-1.2121939633647745,0.113308116866888,test,1.3255020802316624
Y7A,-1.2451987340456225,0.108486327855841,train,1.3536850619014635
Y7C,-0.5135949933456947,0.110075697949894,test,0.6236706912955887
Y7D,-0.5135949933456947,0.195092044656551,test,0.7086870380022456
Y7E,-0.5135949933456947,0.105022632435835,test,0.6186176257815297
Y7F,-0.5135949933456947,0.775798821422489,test,1.2893938147681836
Y7G,-0.5135949933456947,0.105307065454801,test,0.6189020588004956
Y7H,-0.5135949933456947,0.737592330767414,test,1.2511873241131086
Y7I,-0.5135949933456947,0.100700678492188,test,0.6142956718378827
Y7K,-0.5135949933456947,0.0237764245278994,test,0.5373714178735941
Y7L,-0.5135949933456947,0.0672569153664526,test,0.5808519087121473
Y7M,-0.5135949933456947,0.530851540403636,test,1.0444465337493307
Y7N,-0.5135949933456947,0.0942926970837607,test,0.6078876904294555
Y7P,-0.5135949933456947,0.0682595530057228,test,0.5818545463514175
Y7Q,-0.5135949933456947,0.0577976073382739,test,0.5713926006839686
Y7R,-0.5135949933456947,0.259597412488539,test,0.7731924058342337
Y7S,-0.5135949933456947,0.143130733097939,test,0.6567257264436337
Y7T,-0.5135949933456947,0.0282410053245007,test,0.5418359986701954
Y7V,-0.5135949933456947,0.051867655241362,test,0.5654626485870566
Y7W,-0.5135949933456947,0.695729644817246,test,1.2093246381629408
Y85A,-1.2401109896866755,0.111616261878852,train,1.3517272515655276
Y85C,-0.4955599376299402,0.182160641382144,test,0.6777205790120842
Y85D,-0.6000914414791814,0.120387146771503,test,0.7204785882506843
Y85E,-0.7890954543749855,0.199713154001768,test,0.9888086083767536
Y85F,0.579603550786645,0.96545583676307,test,0.38585228597642496
Y85G,-0.7890954543749855,0.100601775686608,test,0.8896972300615935
Y85H,-0.18265473309299843,0.658929867766026,test,0.8415846008590244
Y85I,-0.06641292324725237,0.624077393417766,test,0.6904903166650184
Y85K,-0.7890954543749855,0.105477956837739,test,0.8945734112127245
Y85L,-0.053099423719494415,0.573103200155869,test,0.6262026238753634
Y85M,-0.5579399609702647,0.676847140558728,test,1.2347871015289926
Y85N,-0.7890087268256158,0.111695836599719,test,0.9007045634253349
Y85P,-0.7849734738556384,0.0614395733438266,test,0.8464130471994651
Y85Q,-0.39455409163062005,0.102513727181506,test,0.497067818812126
Y85R,-0.7890954543749855,0.0833440087138597,test,0.8724394630888452
Y85S,-0.37177392383557906,0.136754747050043,test,0.508528670885622
Y85T,-0.28595178869427706,0.259618469447257,test,0.545570258141534
Y85V,-0.09481483270870486,0.633232488130905,test,0.7280473208396099
Y85W,-0.1361696835998483,0.842784629161863,test,0.9789543127617113
