AminoAcid,Prediction,Activity,Class,Error
A102C,0.5138382628376271,0.947854717895848,test,0.43401645505822084
A102D,-0.2258653347394922,0.939500499173145,test,1.1653658339126372
A102E,-0.10954682884677455,0.974838949434755,test,1.0843857782815296
A102F,-0.3595213494069739,1.05273117811818,test,1.4122525275251538
A102G,0.20082599586572739,0.993810114972177,test,0.7929841191064496
A102H,-0.34458854423846075,0.979709214514135,test,1.3242977587525957
A102I,0.01711442240147823,0.882240039246779,test,0.8651256168453008
A102K,-0.5169655033456445,0.161589684287335,test,0.6785551876329795
A102L,0.04970261133833956,0.888722431834851,test,0.8390198204965115
A102M,-0.21167768285108254,0.953887838142555,test,1.1655655209936375
A102N,0.15570421826164496,0.964700523644431,test,0.8089963053827861
A102P,0.20262226037517342,0.51278396269191,test,0.31016170231673656
A102Q,0.30821234619223115,0.940864505000438,test,0.6326521588082068
A102R,0.09639411494564745,0.0516287111412806,test,0.04476540380436685
A102S,0.6079099390148938,1.016823696707,test,0.40891375769210614
A102T,0.36959857710962185,0.97536936784186,test,0.6057707907322382
A102V,0.8426409693232025,0.905913540843066,test,0.06327257151986343
A102W,-0.5169655033456445,0.580083298297348,test,1.0970488016429925
A102Y,0.019173127108554816,0.731769897747014,test,0.7125967706384592
A11C,-0.2243910951030251,0.969636531228984,test,1.194027626332009
A11D,-0.2243910951030251,1.00412196465644,test,1.2285130597594651
A11E,-0.2243910951030251,0.936424857066323,test,1.160815952169348
A11F,-0.2243910951030251,0.84128193682711,test,1.065673031930135
A11G,-0.2243910951030251,0.977132611046739,test,1.2015237061497641
A11H,-0.2243910951030251,0.994361781109104,test,1.2187528762121291
A11I,-0.2243910951030251,0.743799108818846,test,0.9681902039218712
A11K,-0.2243910951030251,0.936295575417764,test,1.160686670520789
A11L,-0.2243910951030251,0.920320004281785,test,1.14471109938481
A11M,-0.2243910951030251,0.962749490981501,test,1.187140586084526
A11N,-0.2243910951030251,0.954856392773172,test,1.1792474878761972
A11P,-0.2243910951030251,0.561183824446436,test,0.7855749195494611
A11Q,-0.2243910951030251,1.00277411772863,test,1.227165212831655
A11R,-0.2243910951030251,0.966547831151916,test,1.190938926254941
A11S,-0.2243910951030251,1.00677658783107,test,1.231167682934095
A11T,-0.2243910951030251,0.98544018130674,test,1.2098312764097652
A11V,-0.2243910951030251,0.765123318614601,test,0.9895144137176262
A11W,-0.2243910951030251,0.848135071771969,test,1.0725261668749941
A11Y,-0.2243910951030251,0.877327796330211,test,1.101718891433236
A121C,0.19097350068450117,0.96873540163925,test,0.7777619009547488
A121D,-0.43526662268190364,0.0983719535787361,test,0.5336385762606397
A121E,-0.6636254935187574,0.106844695874562,test,0.7704701893933195
A121F,-0.02731156512794039,0.128445703335093,test,0.1557572684630334
A121G,0.5373353959023907,0.736608991036429,test,0.1992735951340383
A121H,-0.45322761342897644,0.103348400764134,test,0.5565760141931104
A121I,0.19944858335918317,0.725992755575428,test,0.5265441722162448
A121K,-0.4430026037254916,0.0892361911574158,test,0.5322387948829074
A121L,0.5879336978983664,0.619134070716006,test,0.031200372817639654
A121M,0.12860043499891885,0.0580655459360224,test,0.07053488906289646
A121N,-0.6636254935187574,0.851043725303375,test,1.5146692188221325
A121P,-0.5613888763441318,0.0472664879384829,test,0.6086553642826147
A121Q,-0.6628811566439351,0.245261060021924,test,0.908142216665859
A121R,-0.6636254935187574,0.0963144772970085,test,0.7599399708157659
A121S,0.132772057991161,0.896926043013523,test,0.764153985022362
A121T,-0.043588431630280006,0.942000581893466,test,0.9855890135237461
A121V,0.24451825899130566,1.13546588008929,test,0.8909476210979844
A121W,-0.6636254935187574,0.0438263035244689,test,0.7074517970432264
A121Y,-0.15142486295727084,0.0666181920497887,test,0.21804305500705953
A131C,0.40200780298964,0.962071175593476,test,0.560063372603836
A131D,0.5917048725053179,0.991237136632295,test,0.39953226412697707
A131E,0.42798725379908265,0.9670387482543,test,0.5390514944552174
A131F,-0.14798521589756883,0.899275610894286,test,1.0472608267918548
A131G,0.2414959204618953,0.989010677916198,test,0.7475147574543027
A131H,0.14880472000599956,0.994312683939044,test,0.8455079639330445
A131I,0.13739915137546324,0.893033198144332,test,0.7556340467688688
A131K,0.6094863565900771,1.00202059936233,test,0.3925342427722528
A131L,0.06725693593836338,0.940656132849848,test,0.8733991969114846
A131M,-0.12769464857797028,0.97431193974059,test,1.1020065883185604
A131N,0.3094942620143005,1.00371991092774,test,0.6942256489134394
A131P,0.36230207197389463,0.990316480444636,test,0.6280144084707414
A131Q,0.4241810349855065,0.983229090973343,test,0.5590480559878365
A131R,0.618636005793361,1.00269779381498,test,0.38406178802161894
A131S,0.6341726716881767,0.962525166713915,test,0.32835249502573827
A131T,0.31624702009537453,1.00294138326273,test,0.6866943631673555
A131V,0.45392233794698067,0.946063196469572,test,0.4921408585225914
A131W,0.027956275948555792,0.8160156264342,test,0.7880593504856442
A131Y,-0.06458860549738818,0.932966502424748,test,0.9975551079221362
A134C,0.22680859344491258,1.00153051944335,test,0.7747219259984374
A134D,0.7500812280647847,0.994172868979974,test,0.2440916409151893
A134E,0.7801192028141203,1.01947264776814,test,0.23935344495401967
A134F,-0.08026286998132046,1.00147459569693,test,1.0817374656782504
A134G,0.4012486487777519,0.993237662253987,test,0.5919890134762351
A134H,0.45152990434974216,1.01529036208876,test,0.5637604577390177
A134I,0.03851042021849663,0.959239185410868,test,0.9207287651923713
A134K,0.8700803127046443,1.02521648979829,test,0.1551361770936458
A134L,0.4719408567499578,0.948949279460928,test,0.4770084227109702
A134M,0.23154788452546674,0.98468662525021,test,0.7531387407247433
A134N,0.42244774954279374,0.99851945894264,test,0.5760717093998463
A134P,0.1459395833643559,1.00411205132313,test,0.8581724679587742
A134Q,0.718480049181956,1.00190090087984,test,0.2834208516978841
A134R,1.1880651580673975,1.01594659934285,test,0.1721185587245475
A134S,0.44155325853320593,0.996623189659108,test,0.5550699311259021
A134T,0.6300418520096668,0.994052274324717,test,0.3640104223150502
A134V,0.36643884479036937,0.932596199258961,test,0.5661573544685916
A134W,-0.3220316390514867,1.00331148938536,test,1.3253431284368467
A134Y,-0.19478275746915438,0.992377337158192,test,1.1871600946273464
A145C,0.40106647015296704,0.993199212454628,test,0.592132742301661
A145D,1.617629355838709,1.0291961754419,test,0.588433180396809
A145E,0.9794277827791796,0.997902688631025,test,0.018474905851845413
A145F,0.2050392226237762,0.960677857754414,test,0.7556386351306379
A145G,0.8353810343181857,1.00052782472545,test,0.16514679040726443
A145H,1.1075225413938006,0.999394534926796,test,0.1081280064670046
A145I,0.4612232575340244,0.906029254561754,test,0.4448059970277296
A145K,0.8896028055776207,1.00007047981093,test,0.11046767423330917
A145L,0.495718950686607,0.958888818245316,test,0.46316986755870904
A145M,0.5732377062967641,0.987633246997261,test,0.4143955407004969
A145N,1.0697853561437294,1.00704888255839,test,0.06273647358533929
A145P,0.2036244191941098,0.943654355981639,test,0.7400299367875293
A145Q,0.6997375466034531,1.00351515713121,test,0.30377761052775687
A145R,0.7931844424169175,0.994120941859935,test,0.2009364994430175
A145S,0.6913599577551307,1.03299272144368,test,0.34163276368854933
A145T,0.9911150951851494,0.995373136632506,test,0.004258041447356642
A145V,0.8457071372899706,0.892334957086682,test,0.04662781979671138
A145W,0.2036244191941098,0.991967568503668,test,0.7883431493095582
A145Y,0.21222580598740107,0.97335478788767,test,0.761128981900269
A177C,-0.3329812417435235,0.877624111070575,test,1.2106053528140985
A177D,-0.7118012584185441,0.753987374465448,test,1.4657886328839922
A177E,-0.3504802892849085,0.756123964276617,test,1.1066042535615255
A177F,-0.8519898892979548,0.778874577579493,test,1.6308644668774477
A177G,0.29654183869329,0.932848899393302,test,0.636307060700012
A177H,-0.5124773025548203,0.810890470839181,test,1.3233677733940012
A177I,-0.5180542047137612,0.851648905690418,test,1.369703110404179
A177K,-0.3472615241236635,0.812673302922934,test,1.1599348270465977
A177L,-0.35228950161517536,0.796945570337388,test,1.1492350719525635
A177M,-0.6766815410840875,0.874629929777583,test,1.5513114708616706
A177N,-0.5244997594985067,0.594107174651784,test,1.1186069341502907
A177P,-1.0138752193624814,0.607150983767246,test,1.6210262031297273
A177Q,-0.4173436041528714,0.89407182145857,test,1.3114154256114414
A177R,-0.035605530863650564,0.641327796739374,test,0.6769333276030246
A177S,-0.10756766702064655,0.978704885861998,test,1.0862725528826445
A177T,-0.2479814907534091,0.769272743358432,test,1.0172542341118411
A177V,-0.0936012842947512,0.842718501141784,test,0.9363197854365353
A177W,-1.0138752193624814,0.622983197420726,test,1.6368584167832074
A177Y,-0.529434470364229,0.767316831027162,test,1.296751301391391
A179C,-0.9856859726340649,0.892772397535417,test,1.878458370169482
A179D,-1.0593007222647237,0.673829701999572,test,1.7331304242642958
A179E,-0.6967352178625598,0.827056458814989,test,1.5237916766775488
A179F,-0.5503080699053159,0.816876085567365,test,1.367184155472681
A179G,-0.7606814775787812,0.859756674400124,test,1.6204381519789053
A179H,-0.6801810248279127,0.826507397286883,test,1.5066884221147956
A179I,-0.3603946378348212,0.761849566820699,test,1.1222442046555203
A179K,-0.5268038296875991,0.299565143009276,test,0.826368972696875
A179L,-0.038262657450518794,0.72747936615655,test,0.7657420236070688
A179M,-0.3323527365057014,0.816474088604903,test,1.1488268251106044
A179N,-0.6020753970597562,0.881252995007842,test,1.4833283920675981
A179P,-1.2420120658519649,0.0991290673849882,test,1.3411411332369532
A179Q,-0.5370432973821989,0.800836921550969,test,1.3378802189331678
A179R,-0.3550381058752773,0.257418570059555,test,0.6124566759348322
A179S,-0.46629304247608816,0.944555069788464,test,1.4108481122645522
A179T,-0.4232951146922631,,,
A179V,-0.06338407129577947,,,
A179W,-1.0413498893222826,0.973503550514548,test,2.0148534398368305
A179Y,-0.538599570446244,0.860822393284118,test,1.399421963730362
A182C,0.13537363890729606,0.955702909380636,test,0.8203292704733399
A182D,1.1803978037246277,1.01503495236092,test,0.16536285136370776
A182E,0.7282382014942802,1.0102962235631,test,0.2820580220688197
A182F,-0.34108727114324855,0.808347526545027,test,1.1494347976882755
A182G,0.428955021894566,1.03143435415393,test,0.6024793322593639
A182H,0.3548804063649623,0.983002685452137,test,0.6281222790871747
A182I,0.31930549263474683,0.891876777430476,test,0.5725712847957292
A182K,0.5554579541318551,1.04548518440303,test,0.4900272302711749
A182L,0.6068887984740671,0.965422861734631,test,0.3585340632605639
A182M,0.2962155033161139,0.97916309808896,test,0.6829475947728461
A182N,0.6792152950712734,1.00653597094172,test,0.32732067587044666
A182P,0.020518164977959025,0.0740425944971449,test,0.05352442951918587
A182Q,1.249726793953519,1.0342295656129,test,0.21549722834061913
A182R,0.7421658005822317,1.00002628058993,test,0.25786048000769834
A182S,0.5888901783034531,0.986736533752984,test,0.39784635544953084
A182T,0.41239086428848604,1.01193214084867,test,0.5995412765601839
A182V,0.2771504223402804,0.881258331174921,test,0.6041079088346406
A182W,-0.1712195107322326,0.841582237605763,test,1.0128017483379956
A182Y,-0.34117379534624204,0.91293492442915,test,1.2541087197753922
A19C,-0.2243910951030251,0.920961394221338,test,1.1453524893243632
A19D,-0.2243910951030251,0.940759982079348,test,1.165151077182373
A19E,-0.2243910951030251,0.978109957063309,test,1.2025010521663342
A19F,-0.2243910951030251,0.866076516751577,test,1.0904676118546022
A19G,-0.2243910951030251,0.739464448435109,test,0.9638555435381341
A19H,-0.2243910951030251,0.607012931108877,test,0.8314040262119021
A19I,-0.2243910951030251,0.928814358391636,test,1.153205453494661
A19K,-0.2243910951030251,0.989201151735566,test,1.2135922468385911
A19L,-0.2243910951030251,0.963871647212708,test,1.188262742315733
A19M,-0.2243910951030251,0.975222349155054,test,1.199613444258079
A19N,-0.2243910951030251,0.970571744424908,test,1.194962839527933
A19P,-0.2243910951030251,0.382486242139586,test,0.6068773372426111
A19Q,-0.2243910951030251,0.959630672249541,test,1.1840217673525661
A19R,-0.2243910951030251,0.816571189267187,test,1.040962284370212
A19S,-0.2243910951030251,0.961310103494978,test,1.185701198598003
A19T,-0.2243910951030251,0.969988697874949,test,1.194379792977974
A19V,-0.2243910951030251,0.858654195039651,test,1.0830452901426761
A19W,-0.2243910951030251,0.830451109614722,test,1.054842204717747
A19Y,-0.2243910951030251,0.916298108802578,test,1.1406892039056031
A202C,0.5409533593158785,0.940065832904043,test,0.3991124735881645
A202D,-0.11440831410142524,0.952108660420466,test,1.0665169745218912
A202E,-0.1749708182144015,0.955885040261785,test,1.1308558584761865
A202F,-0.27492631468339324,0.985405820795943,test,1.2603321354793362
A202G,0.006329479521262421,0.998813716293118,test,0.9924842367718556
A202H,-0.25703732653479106,0.901989035383439,test,1.15902636191823
A202I,-0.1350460652445221,0.9529799364695,test,1.088026001714022
A202K,-0.31888974520754976,0.811670073731717,test,1.1305598189392667
A202L,-0.07906614587077274,0.970339535881612,test,1.0494056817523847
A202M,-0.12077552070088546,0.970514479007396,test,1.0912899997082814
A202N,0.08867556955894043,0.900575804110009,test,0.8119002345510686
A202P,-0.4972119781479337,0.0976981962925768,test,0.5949101744405105
A202Q,-0.3267369206901932,1.00320242227279,test,1.3299393429629833
A202R,-0.4951937810220487,0.843145980855693,test,1.3383397618777417
A202S,0.3088205332283934,0.984294157704877,test,0.6754736244764836
A202T,-0.14513425447647807,0.974535200317188,test,1.119669454793666
A202V,-0.1507094911207861,0.99297969704968,test,1.143689188170466
A202W,-0.8121622694125795,0.879421953257132,test,1.6915842226697115
A202Y,-0.590503648476353,0.943091808752149,test,1.533595457228502
A209C,0.44818759776621386,0.980590937141008,test,0.5324033393747941
A209D,0.6716339905230538,0.959848201738922,test,0.2882142112158682
A209E,0.6886930769797229,0.968355870537612,test,0.27966279355788903
A209F,0.1794355958290265,0.902325898141489,test,0.7228903023124625
A209G,0.31070222116966806,0.983790052700066,test,0.673087831530398
A209H,0.3760644720316876,1.01788771247902,test,0.6418232404473324
A209I,0.4831118983067292,0.940387280082928,test,0.45727538177619886
A209K,0.8191375492996508,1.03081919768674,test,0.21168164838708925
A209L,0.4654353789343638,0.967535772048972,test,0.5021003931146082
A209M,0.4048366135846134,0.97273661835801,test,0.5679000047733965
A209N,0.44589467667404714,0.964364536499456,test,0.5184698598254088
A209P,1.3222531832158213,1.02964599213125,test,0.29260719108457134
A209Q,0.611166612581359,0.990280119907873,test,0.37911350732651405
A209R,1.0283068907986694,1.01307314349525,test,0.01523374730341942
A209S,0.4932176292843825,0.997022695541014,test,0.5038050662566315
A209T,0.8483377731806404,1.0019527969107,test,0.15361502373005964
A209V,0.5781230693120049,0.96872092689502,test,0.39059785758301513
A209W,-0.2652080910503226,0.928467820526655,test,1.1936759115769777
A209Y,0.18392215623151711,0.941724841084202,test,0.7578026848526849
A212C,-0.10599121873554326,0.682293836279837,test,0.7882850550153803
A212D,-0.752895113321688,0.0750680513165724,test,0.8279631646382604
A212E,-0.19085349577095764,0.21059108709821,test,0.4014445828691676
A212F,0.04984474063775726,0.201426420427495,test,0.15158167978973774
A212G,-0.024216478785957868,0.787057796721831,test,0.8112742755077889
A212H,-0.06222242768540051,0.685650659938922,test,0.7478730876243226
A212I,0.08661855369805918,0.0945369313757474,test,0.007918377677688215
A212K,0.14882797738631806,0.520002251449784,test,0.3711742740634659
A212L,0.1666274321585807,0.172340137264475,test,0.005712705105894306
A212M,0.2247649024987425,0.157938496569759,test,0.0668264059289835
A212N,0.0073264693022740135,0.614629263873339,test,0.6073027945710651
A212P,-0.752895113321688,0.660190259542561,test,1.413085372864249
A212Q,0.19337944884017735,0.520176479370555,test,0.3267970305303777
A212R,0.19076512071477728,0.660695473969923,test,0.46993035325514576
A212S,0.16956655876924356,0.979333419465987,test,0.8097668606967434
A212T,0.1624533198680688,0.603618706738026,test,0.4411653868699572
A212V,0.6175808077516544,0.60020806864121,test,0.017372739110444346
A212W,-0.6749964632365083,0.0950254029448446,test,0.7700218661813529
A212Y,0.1737175710179241,0.399581550165037,test,0.2258639791471129
A214C,-0.6064833019783412,0.893204329432814,test,1.4996876314111551
A214D,-0.5376469937904899,0.061763178380334,test,0.5994101721708238
A214E,-0.13471392369828403,0.899532290746409,test,1.034246214444693
A214F,-0.43198216082540497,0.616911810535888,test,1.0488939713612928
A214G,-0.09093736024652652,0.84310003696851,test,0.9340373972150365
A214H,-0.5421235319905916,0.616253520914316,test,1.1583770529049076
A214I,-0.2872909353757066,0.68570211874442,test,0.9729930541201266
A214K,0.06449925669743775,0.828846752674933,test,0.7643474959774953
A214L,-0.15287312045782495,0.307863800468714,test,0.46073692092653895
A214M,-0.15215949489907418,0.900770152231106,test,1.0529296471301801
A214N,-0.5467619956231283,0.700750790058107,test,1.2475127856812354
A214P,-0.7974078144984128,0.168866751977669,test,0.9662745664760818
A214Q,-0.20314925505092093,0.884074116436973,test,1.0872233714878938
A214R,-0.08308744539912136,0.716490029859144,test,0.7995774752582654
A214S,0.34492635487365286,0.98215734349289,test,0.6372309886192371
A214T,-0.05142317797068893,0.808852736753717,test,0.860275914724406
A214V,0.08556590457972715,0.849077128844716,test,0.7635112242649889
A214W,-0.7895684397343204,0.195226252785717,test,0.9847946925200375
A214Y,-0.2270991709909008,0.799063171138858,test,1.0261623421297588
A218C,0.19811525175239778,0.834932996698431,test,0.6368177449460333
A218D,-0.5970098950370252,0.127033197368559,test,0.7240430924055842
A218E,-0.3475384831340026,0.0281423368632371,test,0.3756808199972397
A218F,-0.35874671978830397,0.121134637653864,test,0.479881357442168
A218G,-0.26026843070266137,0.448434639177819,test,0.7087030698804804
A218H,-0.10888228113050533,0.121302590117136,test,0.2301848712476413
A218I,-0.07136688531685595,0.769582363654542,test,0.840949248971398
A218K,-0.33190474617276633,0.0934800400942502,test,0.42538478626701653
A218L,-0.10640101111258313,0.193558282163955,test,0.29995929327653814
A218M,-0.3775775452936937,0.0817115809905008,test,0.4592891262841945
A218N,-0.3640725051353083,0.102001011839997,test,0.4660735169753053
A218P,-0.8326106901089635,0.069267624365111,test,0.9018783144740745
A218Q,-0.43861200484399354,0.0517262983601794,test,0.49033830320417293
A218R,-0.2645203328162754,0.0423842168827358,test,0.3069045496990112
A218S,0.05383200579737282,0.956765966382863,test,0.9029339605854902
A218T,-0.18145288250767985,0.747737900102017,test,0.9291907826096969
A218V,0.4676705049538509,0.918558895627401,test,0.45088839067355013
A218W,-0.32871769718011057,0.0484840724469403,test,0.3772017696270509
A218Y,-0.17384171674981483,0.0806781877743358,test,0.25451990452415063
A225C,-0.3853629780830129,0.937979142183702,test,1.323342120266715
A225D,-0.1722589494001013,0.732483145385171,test,0.9047420947852723
A225E,-0.07512175754274461,0.87496016838631,test,0.9500819259290546
A225F,-0.4196842484609754,0.848209936260281,test,1.2678941847212564
A225G,0.10364464354199901,0.94288758686157,test,0.839242943319571
A225H,-0.01654253277818038,0.908019695254884,test,0.9245622280330644
A225I,-0.20138044660600793,0.957208303174816,test,1.1585887497808238
A225K,-0.034071048681531074,0.98324635989768,test,1.017317408579211
A225L,-0.2138003040751165,0.905999250473748,test,1.1197995545488644
A225M,-0.2344483286835842,0.974725733644879,test,1.2091740623284633
A225N,-0.059548635582635207,0.821074628531378,test,0.8806232641140133
A225P,0.34616761833919407,0.982231463886724,test,0.6360638455475299
A225Q,-0.10314688966013316,0.93047008724399,test,1.0336169769041232
A225R,0.2549969679318306,0.971486670035336,test,0.7164897021035054
A225S,0.13217082655250292,0.949871577271832,test,0.8177007507193291
A225T,0.2528216624438461,0.962846965491154,test,0.7100253030473079
A225V,-0.07447313690838295,0.974998132742469,test,1.049471269650852
A225W,-0.6878085607679599,0.813337419162211,test,1.501145979930171
A225Y,-0.4046731946152943,0.906002446140598,test,1.3106756407558922
A230C,-0.01418339950281608,1.0230001911851,test,1.037183590687916
A230D,-0.8969939328453042,0.221881266203295,test,1.1188751990485992
A230E,-0.44302557634109696,0.76870372897293,test,1.211729305314027
A230F,0.32877832426359677,0.992655446101731,test,0.6638771218381342
A230G,-0.18908695068704548,0.662533318559118,test,0.8516202692461635
A230H,-0.32038258274377396,0.919336019600402,test,1.239718602344176
A230I,-0.19210040966239492,0.993042931570874,test,1.1851433412332688
A230K,-0.8969939328453042,0.528365800239532,test,1.4253597330848362
A230L,0.034493487082433966,0.962654277626924,test,0.9281607905444901
A230M,-0.04363909761434778,1.0079847366341,test,1.0516238342484476
A230N,-0.7003558107631077,0.614676081403328,test,1.3150318921664357
A230P,0.025814748780356972,0.557285133715551,test,0.531470384935194
A230Q,-0.8969939328453042,0.936740068335101,test,1.8337340011804053
A230R,-0.895574090795164,0.0859281393631767,test,0.9815022301583407
A230S,-0.30608686125039275,0.874646203658465,test,1.1807330649088579
A230T,-0.25464356722619497,0.959426597019412,test,1.2140701642456069
A230V,0.0017435192832110646,0.993096592642003,test,0.991353073358792
A230W,-0.40871106772919397,0.991858838929845,test,1.400569906659039
A230Y,-0.2326006172806728,1.00856270964935,test,1.2411633269300226
A234C,-0.5432443365919409,0.947448539203631,test,1.490692875795572
A234D,-0.19020782129478273,0.494350307322319,test,0.6845581286171017
A234E,-0.5302374609930046,0.0986903374678837,test,0.6289277984608883
A234F,-0.9216658842756144,0.15214640022472,test,1.0738122845003344
A234G,-0.2724224858361278,0.918799475690768,test,1.191221961526896
A234H,-0.4052482647914414,0.116142218759338,test,0.5213904835507794
A234I,-0.8188785496921168,0.17717713345418,test,0.9960556831462968
A234K,-1.0160444566500082,0.0643594797455282,test,1.0804039363955364
A234L,-0.6568632702015739,0.0640851200041147,test,0.7209483902056886
A234M,-0.7463259291726144,0.103016271482703,test,0.8493422006553174
A234N,-0.6256570318599136,0.693022069528052,test,1.3186791013879655
A234P,-0.756571110507687,0.16926916779971,test,0.925840278307397
A234Q,-1.187741656460269,0.0653398107570279,test,1.253081467217297
A234R,-0.76523373806658,0.106849547740773,test,0.8720832858073531
A234S,-0.021231553912988893,0.997678880651249,test,1.018910434564238
A234T,-0.302264819250157,0.929318453000932,test,1.2315832722510889
A234V,-0.6205589930755989,1.34363371972588,test,1.964192712801479
A234W,-1.187741656460269,0.177361297837761,test,1.36510295429803
A234Y,-1.187741656460269,0.103285782635975,test,1.291027439096244
A242C,-0.7939819025502123,0.922380829823753,test,1.7163627323739652
A242D,-0.045907755277186574,0.92057925771907,test,0.9664870129962566
A242E,0.13179433489616846,1.00759377197926,test,0.8757994370830916
A242F,-0.7359333432119696,0.776345568697495,test,1.5122789119094646
A242G,-0.2478711137167092,0.953376789133566,test,1.2012479028502752
A242H,0.07499054872862812,1.01373761417972,test,0.938747065451092
A242I,-0.5932552116572042,0.719957213442107,test,1.3132124250993111
A242K,0.16591185312984327,1.01463957143409,test,0.8487277183042466
A242L,-0.6214639406393244,0.864495229067371,test,1.4859591697066954
A242M,-0.36999164881475044,0.973964680293915,test,1.3439563291086656
A242N,-0.2456602543171907,0.95731104446394,test,1.2029712987811307
A242P,-0.34782836962482866,0.604463240178934,test,0.9522916098037627
A242Q,-0.11951840932121657,1.01359027570242,test,1.1331086850236365
A242R,0.2468450882224659,1.02691951971814,test,0.7800744314956741
A242S,-0.20885532991419206,0.984751641556454,test,1.193606971470646
A242T,-0.34762256549951365,0.893391113284138,test,1.2410136787836517
A242V,-0.48404504623397615,0.768582717856009,test,1.252627764089985
A242W,-0.690286812240028,0.815991878032384,test,1.5062786902724121
A242Y,-0.5748009256677639,0.945893685576029,test,1.520694611243793
A255C,-0.2243910951030251,0.94659360447133,test,1.1709846995743551
A255D,-0.2243910951030251,0.87494681161866,test,1.099337906721685
A255E,-0.2243910951030251,0.927295199289635,test,1.15168629439266
A255F,-0.2243910951030251,0.788242039940347,test,1.0126331350433722
A255G,-0.2243910951030251,0.886909877108141,test,1.111300972211166
A255H,-0.2243910951030251,0.931885457421418,test,1.1562765525244432
A255I,-0.2243910951030251,0.719025509723994,test,0.9434166048270192
A255K,-0.2243910951030251,0.931924589872681,test,1.1563156849757061
A255L,-0.2243910951030251,0.781784121782611,test,1.0061752168856362
A255M,-0.2243910951030251,0.992432548762812,test,1.216823643865837
A255N,-0.2243910951030251,0.92238340382347,test,1.146774498926495
A255P,-0.2243910951030251,0.139952403372827,test,0.3643434984758521
A255Q,-0.2243910951030251,0.956559130663989,test,1.1809502257670141
A255R,-0.2243910951030251,0.958244634805006,test,1.182635729908031
A255S,-0.2243910951030251,0.987174547420803,test,1.2115656425238281
A255T,-0.2243910951030251,0.749255259575031,test,0.9736463546780562
A255V,-0.2243910951030251,0.837107742003187,test,1.0614988371062122
A255W,-0.2243910951030251,0.883127553486477,test,1.107518648589502
A255Y,-0.2243910951030251,0.821075369544755,test,1.04546646464778
A259C,0.10688927223906189,0.985551458922724,test,0.8786621866836621
A259D,-0.8022271021291901,0.737706186852127,test,1.539933288981317
A259E,-0.5394311974773268,0.960594164655407,test,1.500025362132734
A259F,-0.18869211723176912,0.760841022241547,test,0.9495331394733162
A259G,-0.22990223869617163,0.964814988634497,test,1.1947172273306685
A259H,-0.3572778533389197,0.842914474905195,test,1.2001923282441147
A259I,-0.1960324059393915,0.88368182221983,test,1.0797142281592216
A259K,-1.0450534041920718,0.834882474557746,test,1.879935878749818
A259L,-0.14641372826164764,0.885573492171716,test,1.0319872204333636
A259M,-0.013700527486534803,0.839314187967898,test,0.8530147154544329
A259N,-1.0450534041920718,0.924709387993127,test,1.9697627921851988
A259P,-1.0450534041920718,0.640152003439213,test,1.6852054076312848
A259Q,-0.4353676160432557,0.970577850645178,test,1.4059454666884337
A259R,-1.0450534041920718,0.0614608033424569,test,1.1065142075345287
A259S,-0.10562182505906778,0.984418359934936,test,1.0900401849940038
A259T,-0.2325510959390836,0.970793146314398,test,1.2033442422534815
A259V,-0.06492561077708489,0.939241986554404,test,1.004167597331489
A259W,-0.5772728042331513,0.0984622387657614,test,0.6757350429989127
A259Y,-0.3739062624792705,0.683534815665256,test,1.0574410781445265
A267C,0.09439466183889214,0.979994501948523,test,0.8855998401096309
A267D,-0.7046777805508059,0.91401877338371,test,1.618696553934516
A267E,-0.2379467150463007,0.720095735362041,test,0.9580424504083417
A267F,-0.27906770475630827,0.243272100628238,test,0.5223398053845463
A267G,0.82339283488869,1.00113300210063,test,0.17774016721193997
A267H,-0.41325239528599844,0.0705291132149748,test,0.48378150850097323
A267I,0.12961191926400387,0.925201808836974,test,0.7955898895729702
A267K,-0.6631915814906536,0.0581520402026778,test,0.7213436216933314
A267L,0.1585355163601531,0.921191640001178,test,0.762656123641025
A267M,0.057030030994093345,0.868905867642351,test,0.8118758366482577
A267N,-0.3391860391295992,0.89831497256187,test,1.237501011691469
A267P,-0.6884852468792987,0.57568891018664,test,1.2641741570659386
A267Q,-0.19419403055162507,0.918529881518386,test,1.112723912070011
A267R,-0.8399136630729424,0.0996134612512431,test,0.9395271243241854
A267S,0.21772946757913983,0.980341632380948,test,0.7626121648018082
A267T,0.3983654826211588,0.988302406488918,test,0.5899369238677592
A267V,0.20230011052081634,0.919537538565516,test,0.7172374280446997
A267W,-0.8452009603151297,0.0742751231133932,test,0.9194760834285229
A267Y,-0.2673459635386063,0.137808968152102,test,0.40515493169070826
A269C,0.7815708633327764,0.944210167158617,test,0.1626393038258407
A269D,0.4321471978485697,1.06842202654671,test,0.6362748286981402
A269E,0.3873662361466842,1.0509929882748,test,0.6636267521281157
A269F,1.2503692843693364,0.905251883895494,test,0.3451174004738423
A269G,1.2036109723277824,0.990388278038968,test,0.21322269428881435
A269H,0.8274535234791217,0.938757938376256,test,0.11130441489713427
A269I,0.9114864695485229,0.863285341865892,test,0.04820112768263085
A269K,0.17317916330166275,1.04723235640129,test,0.8740531930996273
A269L,0.9444453427761684,0.914902453833132,test,0.02954288894303647
A269M,0.9458963849087071,0.922171394706049,test,0.02372499020265806
A269N,0.5838375162179937,0.975801993571361,test,0.39196447735336726
A269P,1.8903116157517597,1.02637831545236,test,0.8639333002993996
A269Q,0.6564906570863124,0.971704439458507,test,0.31521378237219466
A269R,0.4668522327497385,1.24337939490055,test,0.7765271621508115
A269S,0.5891217851429894,0.988714852897281,test,0.3995930677542916
A269T,1.084691400807458,0.977588592539452,test,0.107102808268006
A269V,1.0600646900749295,0.895508479173055,test,0.16455621090187456
A269W,1.1043506708788942,0.885203606898021,test,0.21914706398087314
A269Y,1.1386516792902432,0.888044093243495,test,0.25060758604674827
A270C,0.1876299667012408,0.979189119280272,test,0.7915591525790312
A270D,0.3067287469577714,0.965746038904048,test,0.6590172919462766
A270E,0.2969348032305682,1.1145984712228,test,0.8176636679922319
A270F,-0.4113449086188038,0.50887143952935,test,0.9202163481481538
A270G,0.8745996617299491,0.971440387566228,test,0.0968407258362789
A270H,-0.0856679429579866,0.755187446849,test,0.8408553898069866
A270I,-0.2020941577138234,0.841654532999453,test,1.0437486907132765
A270K,-0.4113449086188038,0.668517981100762,test,1.079862889719566
A270L,-0.2285766152793481,0.922288174908015,test,1.150864790187363
A270M,0.4629209806897695,0.924356714026242,test,0.4614357333364725
A270N,0.17045712352133405,1.00881881792033,test,0.8383616943989959
A270P,0.5371819908774836,0.971450911767669,test,0.4342689208901853
A270Q,0.21793352622438147,1.08429568252708,test,0.8663621563026985
A270R,-0.19456163707027793,0.265662783295557,test,0.4602244203658349
A270S,0.8173743713391276,0.994622918191901,test,0.17724854685277336
A270T,1.1709075507967788,0.972632853073555,test,0.19827469772322381
A270V,0.16787754167645166,0.926288519370278,test,0.7584109776938264
A270W,-0.4113449086188038,0.208563125552663,test,0.6199080341714668
A270Y,-0.0017780594505122094,0.0970111667164697,test,0.09878922616698191
A271C,-0.433842854946774,0.936405230849676,test,1.37024808579645
A271D,-0.5922967825680926,0.891051672946317,test,1.4833484555144096
A271E,-0.4253629450315878,0.4526247502314,test,0.8779876952629877
A271F,-0.38945838862532545,0.0861070273170533,test,0.4755654159423788
A271G,0.5293256829824761,1.00497336737875,test,0.4756476843962739
A271H,-0.5147087926394102,0.0774712624853529,test,0.592180055124763
A271I,-0.24618784875149688,0.852977141815946,test,1.0991649905674428
A271K,-0.4982569980446717,0.0854235942710623,test,0.583680592315734
A271L,-0.12015438504624351,0.853605076077985,test,0.9737594611242285
A271M,0.28762791943544885,0.93251217917564,test,0.6448842597401911
A271N,-0.2105122439731669,0.89488784989153,test,1.1054000938646968
A271P,-0.46168780697717027,1.11025377654683,test,1.5719415835240005
A271Q,-0.5136161675804546,0.932148083411726,test,1.4457642509921804
A271R,-0.35281679852220404,0.0479668642592886,test,0.40078366278149263
A271S,0.14511809359815123,0.944763184675119,test,0.7996450910769678
A271T,-0.1190929237761423,0.902655186502752,test,1.0217481102788943
A271V,-0.03773251608698866,0.88342403677952,test,0.9211565528665087
A271W,-0.5059463733943511,0.06183778960164,test,0.5677841629959911
A271Y,-0.7723375777380331,0.0911860913520244,test,0.8635236690900575
A275C,0.4836740174714148,0.992758071358353,test,0.5090840538869382
A275D,-0.5820236691647226,0.0966788945008378,test,0.6787025636655604
A275E,-0.5820236691647226,0.120817961091803,test,0.7028416302565256
A275F,0.0719497896313254,0.831540313234371,test,0.7595905236030457
A275G,-0.4754381747287114,0.850851944591506,test,1.3262901193202175
A275H,-0.5820236691647226,0.707114516073649,test,1.2891381852383716
A275I,0.3522520003335622,0.986238152407652,test,0.6339861520740898
A275K,-0.5820236691647226,0.118149412346069,test,0.7001730815107916
A275L,0.34308636103320966,0.95730338913584,test,0.6142170281026303
A275M,0.13839807109548344,0.875290623164559,test,0.7368925520690756
A275N,-0.5820236691647226,0.660629963512338,test,1.2426536326770607
A275P,-0.5800689647987815,0.697189892039297,test,1.2772588568380785
A275Q,-0.5267822067131606,0.582366906168991,test,1.1091491128821516
A275R,-0.3898230083051203,0.0620491289016887,test,0.45187213720680897
A275S,0.017781258206214595,0.93281803021299,test,0.9150367720067755
A275T,-0.3854705419713763,0.904997907707515,test,1.2904684496788912
A275V,0.6679420971644828,1.02473059436458,test,0.3567884972000971
A275W,-0.37752459740302624,1.08253813005182,test,1.4600627274548463
A275Y,-0.1101921238360791,0.607998878637164,test,0.7181910024732431
A27C,-0.2525975626664291,0.895919109344613,test,1.1485166720110422
A27D,-0.10828400960967097,0.0679448889505037,test,0.17622889856017465
A27E,-0.1656519118843661,0.129070069804879,test,0.2947219816892451
A27F,-0.3713569799589326,0.48793948203195,test,0.8592964619908825
A27G,-0.5502605259635226,0.718300100758602,test,1.2685606267221246
A27H,-0.13360994354663833,0.462905845259186,test,0.5965157888058243
A27I,-0.08809653130435566,0.78750490806706,test,0.8756014393714157
A27K,-0.01782896216085414,0.419560189205754,test,0.43738915136660816
A27L,0.02192892347242617,0.688627751159348,test,0.6666988276869219
A27M,-0.3494507114926385,0.808629892203917,test,1.1580806036965554
A27N,-0.30306471336178686,0.570120034036416,test,0.8731847473982028
A27P,-0.9538906374599269,0.0860303255056276,test,1.0399209629655544
A27Q,-0.2099144263210245,0.683609132880208,test,0.8935235592012325
A27R,-0.032966593124367755,0.106856035585767,test,0.13982262871013476
A27S,-0.018226807381872184,0.941222426834805,test,0.9594492342166772
A27T,0.37586260755041645,0.911979274372711,test,0.5361166668222945
A27V,0.2398158610938698,0.892613959903095,test,0.6527980988092252
A27W,-0.5368486166292671,0.299325702948405,test,0.8361743195776721
A27Y,-0.19347248861358354,0.534992554353809,test,0.7284650429673926
A289C,-0.3171183282141591,0.630833196039729,test,0.9479515242538881
A289D,-0.35309511534972804,0.13123507543839,test,0.484330190788118
A289E,-0.9494615034116575,0.089509238336483,test,1.0389707417481404
A289F,-1.1545710740283759,0.0802943589876932,test,1.234865433016069
A289G,-0.352472115563048,0.802934600602972,test,1.15540671616602
A289H,-1.1545710740283759,0.0691241649243892,test,1.223695238952765
A289I,-0.9751139787215636,0.191600219074135,test,1.1667141977956985
A289K,-1.1545710740283759,0.100196749790522,test,1.254767823818898
A289L,-0.9342523753668662,0.0850721288204454,test,1.0193245041873116
A289M,-0.6078653825921657,0.0483030432162083,test,0.656168425808374
A289N,-0.29214209551648407,0.909750732187294,test,1.201892827703778
A289P,-0.5062186752652392,0.0492584109001064,test,0.5554770861653456
A289Q,-0.9445461102822116,0.0604469687248774,test,1.004993079007089
A289R,-1.1545710740283759,0.172714519809591,test,1.3272855938379668
A289S,-0.2283189315298738,0.919415442024322,test,1.1477343735541958
A289T,-0.05430319695871008,0.461802861543025,test,0.5161060585017351
A289V,-0.49328746811193314,0.1309308209073,test,0.6242182890192332
A289W,-1.1545710740283759,0.0526719468414047,test,1.2072430208697806
A289Y,-1.1545710740283759,0.0853426451539508,test,1.2399137191823266
A293C,-0.4500742990842078,0.971778333454146,test,1.4218526325383538
A293D,-0.6110019829631751,0.265907684115348,test,0.876909667078523
A293E,-0.7799735104482662,0.835734908910893,test,1.615708419359159
A293F,-0.22227950686447992,0.113531037291131,test,0.3358105441556109
A293G,0.0049137577852175485,0.949389185850036,test,0.9444754280648184
A293H,-0.5253304223577485,0.35760767330882,test,0.8829380956665684
A293I,-0.13395594384172002,0.91605953788121,test,1.05001548172293
A293K,-0.8122031931730115,0.829389667140645,test,1.6415928603136565
A293L,-0.07016162524440647,0.207709598758412,test,0.2778712240028185
A293M,0.28843409571990153,0.936745679562252,test,0.6483115838423504
A293N,-0.6374438029288884,0.992867984874031,test,1.6303117878029194
A293P,-0.1263036507206404,0.151641336231176,test,0.2779449869518164
A293Q,-0.48578698888294924,0.924451894914239,test,1.4102388837971882
A293R,-0.38572383898822904,0.797220162951594,test,1.182944001939823
A293S,0.12258961223702661,0.993485071866283,test,0.8708954596292564
A293T,-0.0587408603881808,0.938807090271418,test,0.9975479506595988
A293V,-0.07718114923472216,0.913653183845153,test,0.9908343330798752
A293W,-0.5347480746413419,0.0507204619537864,test,0.5854685365951283
A293Y,-0.36329721385744873,0.091890479246529,test,0.4551876931039777
A305C,-0.49611554126999147,0.925967045054914,test,1.4220825863249056
A305D,-0.10381953063685531,0.140969571675586,test,0.2447891023124413
A305E,-0.12382125779648087,0.281374084086322,test,0.4051953418828028
A305F,0.09555093719569255,0.354979251979265,test,0.2594283147835724
A305G,-0.18699626379168274,0.938596320323228,test,1.1255925841149108
A305H,-0.11823428697144175,0.979030922748289,test,1.0972652097197306
A305I,-0.22219350433129778,0.768879360553501,test,0.9910728648847988
A305K,-0.3837955876290383,0.793052037967388,test,1.1768476255964262
A305L,-0.00800952182155465,0.824171494369458,test,0.8321810161910127
A305M,0.2453952637183218,0.872308293838669,test,0.6269130301203473
A305N,-0.115970259128192,0.854947527411125,test,0.970917786539317
A305P,0.16295999446545975,1.0014997467097,test,0.8385397522442403
A305Q,-0.2802620562264003,0.863158570313486,test,1.1434206265398863
A305R,-0.16863668799369722,0.48470518076114,test,0.6533418687548372
A305S,0.5135762673355942,0.870183350881784,test,0.35660708354618975
A305T,0.1642481996392974,0.983583920131659,test,0.8193357204923616
A305V,0.3853417211526772,0.785131939646413,test,0.39979021849373586
A305W,-0.07345050394520344,0.62702145031157,test,0.7004719542567734
A305Y,-0.006280111412407002,0.996854159989399,test,1.0031342714018059
A312C,-0.031549749080330564,0.965729631656235,test,0.9972793807365656
A312D,-0.6519305734280193,0.231197227621224,test,0.8831278010492433
A312E,-0.44579492196162895,0.948372121547095,test,1.3941670435087241
A312F,-0.03909186577626786,1.03995949464757,test,1.0790513604238379
A312G,-0.022524282618182262,0.775442819691283,test,0.7979671023094653
A312H,-0.20833726472823097,0.911566024402122,test,1.1199032891303529
A312I,-0.21359041971813605,0.858475327071097,test,1.072065746789233
A312K,-0.7126772919941894,0.846288887012365,test,1.5589661790065543
A312L,0.10915384069655656,1.00623185519827,test,0.8970780145017135
A312M,0.010869094501481463,0.867493127170288,test,0.8566240326688066
A312N,-0.12249348428641613,0.861432279975312,test,0.9839257642617282
A312P,-0.014857712375452387,0.0550659724665663,test,0.06992368484201869
A312Q,-0.144268741242055,0.8669218897415,test,1.011190630983555
A312R,-0.8778807597356594,0.139724268854634,test,1.0176050285902933
A312S,0.757509843089352,0.963145090451478,test,0.20563524736212602
A312T,0.05998603250647219,0.952802369730504,test,0.8928163372240319
A312V,0.14921607878838086,0.893094507158913,test,0.7438784283705322
A312W,-0.05375284527706933,0.972971206733233,test,1.0267240520103023
A312Y,0.06431935100557565,0.992951804933762,test,0.9286324539281864
A317C,-0.0975231217700386,1.00261030882332,test,1.1001334305933586
A317D,-0.8819201482046449,0.869962651447798,test,1.751882799652443
A317E,-0.8805621682974561,0.306863964267133,test,1.1874261325645892
A317F,-0.16991698536308983,0.955179216494752,test,1.1250962018578419
A317G,0.1287109153326235,0.818637204940167,test,0.6899262896075435
A317H,-0.6746690095396412,0.116141562693452,test,0.7908105722330931
A317I,-0.03171662618827073,0.977264724918893,test,1.0089813511071637
A317K,-0.8823105053899355,0.089533710682032,test,0.9718442160719675
A317L,-0.035713480420751814,0.218237879653686,test,0.2539513600744378
A317M,-0.13313827068046388,1.00770824843986,test,1.1408465191203239
A317N,-0.6776860635698027,0.9605317230726,test,1.6382177866424028
A317P,-0.8823105053899355,0.868587949550396,test,1.7508984549403315
A317Q,-0.8823105053899355,0.0783679184540361,test,0.9606784238439716
A317R,-0.8766842486004024,0.0597522320574848,test,0.9364364806578872
A317S,0.3199406784766957,0.98446385024598,test,0.6645231717692843
A317T,0.0187984583053368,0.985758166633453,test,0.9669597083281162
A317V,0.22598845152513972,0.988751782461792,test,0.7627633309366523
A317W,-0.8820681167760246,0.322452725152137,test,1.2045208419281617
A317Y,-0.4787428668448269,0.110683466330653,test,0.5894263331754799
A338C,0.297190161999788,1.00214443555255,test,0.704954273552762
A338D,0.6504379276471274,0.958269907251821,test,0.30783197960469366
A338E,0.6100352838499,0.953523071712273,test,0.343487787862373
A338F,0.3745214760227388,0.968236066226239,test,0.5937145902035003
A338G,0.4645236446776956,0.981305839901123,test,0.5167821952234274
A338H,0.38559302780775584,0.998558832713444,test,0.6129658049056882
A338I,1.0673335606696386,0.901394171603101,test,0.1659393890665376
A338K,0.5482743065568326,0.95953135028984,test,0.4112570437330074
A338L,0.7919510416880141,1.00341944578392,test,0.21146840409590595
A338M,0.8356406079242406,1.02039117138991,test,0.18475056346566954
A338N,0.7514329959932536,0.98169470614515,test,0.23026171015189634
A338P,0.14834911540759924,0.783572362711707,test,0.6352232473041078
A338Q,0.4571304088770646,0.965562194843624,test,0.5084317859665595
A338R,0.5997076481739169,0.992675002486289,test,0.3929673543123722
A338S,0.5688220935870466,0.981878748039635,test,0.41305665445258843
A338T,0.6114704593232948,0.973436740349069,test,0.3619662810257742
A338V,0.946651619816887,0.93666274019938,test,0.00998887961750694
A338W,-0.01831839214099626,0.974075997088603,test,0.9923943892295993
A338Y,0.38389869470813276,0.954874113228621,test,0.5709754185204883
A340C,-0.2243910951030251,0.954865556724113,test,1.1792566518271381
A340D,-0.2243910951030251,0.913845010204704,test,1.138236105307729
A340E,-0.2243910951030251,0.88377063128504,test,1.108161726388065
A340F,-0.2243910951030251,0.812474554163442,test,1.0368656492664672
A340G,-0.2243910951030251,0.968147212301986,test,1.192538307405011
A340H,-0.2243910951030251,0.801105476869446,test,1.0254965719724711
A340I,-0.2243910951030251,0.709434922896274,test,0.9338260179992991
A340K,-0.2243910951030251,0.811420406617554,test,1.0358115017205791
A340L,-0.2243910951030251,0.785143502110229,test,1.0095345972132541
A340M,-0.2243910951030251,0.89197254560424,test,1.116363640707265
A340N,-0.2243910951030251,0.772908494089089,test,0.9972995891921141
A340P,-0.2243910951030251,0.781650788897704,test,1.006041884000729
A340Q,-0.2243910951030251,0.900131105556645,test,1.12452220065967
A340R,-0.2243910951030251,0.851744560483275,test,1.0761356555863
A340S,-0.2243910951030251,0.954466261986542,test,1.178857357089567
A340T,-0.2243910951030251,0.943651379801025,test,1.16804247490405
A340V,-0.2243910951030251,0.869872824962685,test,1.09426392006571
A340W,-0.2243910951030251,0.802923132974705,test,1.02731422807773
A340Y,-0.2243910951030251,0.843265957448673,test,1.0676570525516982
A348C,0.26175288055983403,0.989341453287145,test,0.7275885727273109
A348D,0.1028033516603252,0.883088508355938,test,0.7802851566956128
A348E,0.31329881650973734,0.87749524559657,test,0.5641964290868327
A348F,-0.26812615105458126,0.840193989246424,test,1.1083201403010052
A348G,0.032617458141902894,0.948647931421231,test,0.9160304732793282
A348H,-0.1594749552344886,0.935827122121167,test,1.0953020773556557
A348I,-0.0908752859259486,0.89168913786671,test,0.9825644237926586
A348K,-0.1793479934707317,0.643629303778024,test,0.8229772972487557
A348L,-0.10148607863193812,0.769325513239757,test,0.8708115918716951
A348M,-0.3430028355165241,0.90449489608468,test,1.2474977316012041
A348N,-0.052475516599763544,0.96500950479976,test,1.0174850213995235
A348P,-0.1244990041977235,0.944373315260891,test,1.0688723194586145
A348Q,0.08774736222191284,0.915928488354792,test,0.8281811261328792
A348R,-0.07245231747437972,0.673168281677577,test,0.7456205991519568
A348S,0.24756186972405173,0.974325040934775,test,0.7267631712107233
A348T,-0.0826252577105627,0.853822224990362,test,0.9364474827009247
A348V,0.26125734628510566,0.951624125750279,test,0.6903667794651733
A348W,-0.46185310172656047,0.872911955532151,test,1.3347650572587115
A348Y,-0.12151432879300325,0.957194001003557,test,1.0787083297965603
A34C,-0.2243910951030251,0.960867980876612,test,1.185259075979637
A34D,-0.2243910951030251,0.971616852609779,test,1.196007947712804
A34E,-0.2243910951030251,0.962907636829619,test,1.187298731932644
A34F,-0.2243910951030251,0.965852804007215,test,1.19024389911024
A34G,-0.2243910951030251,0.914851227632173,test,1.139242322735198
A34H,-0.2243910951030251,0.996515621717514,test,1.220906716820539
A34I,-0.2243910951030251,0.9530188000388,test,1.177409895141825
A34K,-0.2243910951030251,1.01042708146791,test,1.234818176570935
A34L,-0.2243910951030251,0.975243133169086,test,1.199634228272111
A34M,-0.2243910951030251,0.971483577922852,test,1.1958746730258771
A34N,-0.2243910951030251,0.985119035644301,test,1.2095101307473262
A34P,-0.2243910951030251,1.02150603824156,test,1.245897133344585
A34Q,-0.2243910951030251,0.992486890363149,test,1.216877985466174
A34R,-0.2243910951030251,1.00639899430574,test,1.230790089408765
A34S,-0.2243910951030251,0.962768263605833,test,1.187159358708858
A34T,-0.2243910951030251,0.988769564127535,test,1.2131606592305602
A34V,-0.2243910951030251,0.99170223917872,test,1.216093334281745
A34W,-0.2243910951030251,0.971941302728624,test,1.1963323978316491
A34Y,-0.2243910951030251,0.933987559349228,test,1.158378654452253
A362C,-0.1430852487199686,1.01179449597256,test,1.1548797446925285
A362D,0.3280870407700128,0.984021943752205,test,0.6559349029821921
A362E,0.3117068603131973,0.993577939251046,test,0.6818710789378487
A362F,-0.27064187680526997,0.969706577372238,test,1.240348454177508
A362G,0.4605198143079591,0.986341927803137,test,0.5258221134951779
A362H,0.02080059932776704,1.01057679582473,test,0.989776196496963
A362I,-0.1671247791982203,1.01024715655701,test,1.1773719357552301
A362K,0.33953010322184485,0.991403906028452,test,0.6518738028066071
A362L,-0.012151672862361046,0.972665718909906,test,0.9848173917722671
A362M,-0.28821939218097936,0.998712154217986,test,1.2869315463989652
A362N,0.3387121139877106,1.00170133054332,test,0.6629892165556094
A362P,0.9248451855121634,0.99471286849332,test,0.06986768298115653
A362Q,0.45690557756322614,0.981379944704397,test,0.5244743671411709
A362R,0.38599860016316756,1.00200694057456,test,0.6160083404113924
A362S,0.6619444176501778,0.989644671595765,test,0.3277002539455872
A362T,0.44460148432882607,1.00803986160616,test,0.563438377277334
A362V,0.06456953954037883,0.962283661792306,test,0.8977141222519271
A362W,-0.5306702429359292,0.9747095688039,test,1.5053798117398292
A362Y,-0.22588601587657417,0.980379627728822,test,1.2062656436053962
A373C,-0.48619047535677085,0.938974129577871,test,1.4251646049346418
A373D,-0.6514918409395237,0.184332626079156,test,0.8358244670186797
A373E,-0.5181150795527175,0.239415404426389,test,0.7575304839791065
A373F,-0.4263631342279187,1.12401118469293,test,1.5503743189208485
A373G,-0.3473313241827295,0.884631211288222,test,1.2319625354709514
A373H,-0.5551160457164735,0.72695781054503,test,1.2820738562615035
A373I,-0.29828316941938515,0.743224461441269,test,1.0415076308606541
A373K,-0.7606660791462131,0.142602314828997,test,0.9032683939752101
A373L,-0.2847692806162744,0.300370214410244,test,0.5851394950265183
A373M,-0.48192089848761144,0.771209623426447,test,1.2531305219140585
A373N,-1.067820751101135,0.559741704586455,test,1.62756245568759
A373P,0.045142909477938226,0.950389301502883,test,0.9052463920249448
A373Q,-0.2949483875639579,0.859665142114101,test,1.154613529678059
A373R,-0.41287203138791184,0.0935413699364857,test,0.5064134013243975
A373S,-0.3703718454035968,0.921783919125149,test,1.2921557645287458
A373T,-0.459528781336345,0.831872618535758,test,1.291401399872103
A373V,0.12992218258452018,0.835587134869674,test,0.7056649522851538
A373W,-0.6433234773813895,0.0621953539106135,test,0.705518831292003
A373Y,-0.6415689508440904,0.357177857853024,test,0.9987468086971143
A386C,-0.2243910951030251,0.885408194633267,test,1.109799289736292
A386D,-0.2243910951030251,0.866734554310828,test,1.091125649413853
A386E,-0.2243910951030251,0.698057502367393,test,0.9224485974704181
A386F,-0.2243910951030251,0.683143566817644,test,0.9075346619206691
A386G,-0.2243910951030251,0.917973085900427,test,1.1423641810034522
A386H,-0.2243910951030251,0.773739343840909,test,0.9981304389439342
A386I,-0.2243910951030251,0.796719183617587,test,1.021110278720612
A386K,-0.2243910951030251,0.72861146030733,test,0.9530025554103552
A386L,-0.2243910951030251,0.699491523785366,test,0.9238826188883912
A386M,-0.2243910951030251,0.823313953491615,test,1.04770504859464
A386N,-0.2243910951030251,0.745365023657956,test,0.9697561187609811
A386P,-0.2243910951030251,0.848664575782655,test,1.07305567088568
A386Q,-0.2243910951030251,0.74648451487279,test,0.9708756099758151
A386R,-0.2243910951030251,0.661422099375425,test,0.8858131944784501
A386S,-0.2243910951030251,1.00777640541944,test,1.232167500522465
A386T,-0.2243910951030251,0.910391780259394,test,1.1347828753624192
A386V,-0.2243910951030251,0.720100791738952,test,0.9444918868419772
A386W,-0.2243910951030251,0.707783754908056,test,0.9321748500110811
A386Y,-0.2243910951030251,0.780692324919933,test,1.0050834200229581
A392C,0.41465574463114374,1.01813642715668,test,0.6034806825255362
A392D,-0.4679619547413404,0.085226210378166,test,0.5531881651195064
A392E,-0.7848176589559083,0.0990518719109582,test,0.8838695308668665
A392F,0.1148615011090183,0.10834777586953,test,0.006513725239488302
A392G,-0.1889115910604445,0.876696605966534,test,1.0656081970269784
A392H,-0.7848176589559083,0.0573878776907714,test,0.8422055366466796
A392I,0.008067979069705494,0.574831220901326,test,0.5667632418316205
A392K,-0.7848176589559083,0.108435510691589,test,0.8932531696474972
A392L,0.10895531821237694,0.0744855376750341,test,0.03446978053734284
A392M,0.25032502270912504,0.86370686760111,test,0.613381844891985
A392N,-0.5741008467732781,0.348765720149525,test,0.9228665669228031
A392P,-0.054377361814740816,0.145746645685568,test,0.20012400750030881
A392Q,-0.7848176589559083,0.0992137531789642,test,0.8840314121348725
A392R,-0.7848176589559083,0.039419485728654,test,0.8242371446845622
A392S,0.6747180629715254,0.998494710773996,test,0.3237766478024706
A392T,-0.14587976171832148,0.798813387179449,test,0.9446931488977706
A392V,0.0009325307143847328,0.732966334860737,test,0.7320338041463523
A392W,-0.7848176589559083,0.0710644421332695,test,0.8558821010891777
A392Y,-0.29796620655031203,0.121855428231305,test,0.41982163478161705
A396C,0.44632196931845025,0.999219610788336,test,0.5528976414698857
A396D,-0.44320620491257123,0.153509183096526,test,0.5967153880090972
A396E,-0.44305861203917807,0.0960189531706067,test,0.5390775652097848
A396F,0.015920967102694,0.279641625095174,test,0.26372065799248
A396G,-0.27221024937844474,0.905170577045003,test,1.1773808264234478
A396H,-0.44320620491257123,0.146536189106058,test,0.5897423940186293
A396I,0.42088502001715755,0.815018316497669,test,0.39413329648051143
A396K,-0.44320620491257123,0.11585422452583,test,0.5590604294384012
A396L,0.3082093005259289,0.840651023689857,test,0.5324417231639281
A396M,0.20419261034814054,0.664897380071615,test,0.4607047697234745
A396N,-0.44303216441663273,0.849465052885366,test,1.2924972173019986
A396P,-0.442532536948259,0.0825626179844611,test,0.5250951549327201
A396Q,-0.44320620491257123,0.267204766722148,test,0.7104109716347192
A396R,-0.44320620491257123,0.143721239969193,test,0.5869274448817643
A396S,0.7321709683110901,0.983536704666421,test,0.2513657363553309
A396T,0.4849936329111292,0.987359030504687,test,0.5023653975935578
A396V,0.6815663809516491,0.973836039147122,test,0.2922696581954729
A396W,-0.44320620491257123,0.0942211809826861,test,0.5374273858952573
A396Y,-0.10472575126636338,0.100789514805883,test,0.20551526607224638
A405C,-0.34713938259514376,0.976511159193721,test,1.3236505417888647
A405D,-0.08161666416627464,0.995514416555911,test,1.0771310807221857
A405E,0.28261303533775506,0.922983679731489,test,0.6403706443937339
A405F,-0.5204907884077853,0.896228973354965,test,1.4167197617627503
A405G,0.10278451551143566,0.874651593848164,test,0.7718670783367284
A405H,-0.25352318319121847,0.935222618429184,test,1.1887458016204024
A405I,-0.24749749363732607,0.903379459622119,test,1.150876953259445
A405K,0.060171131166066566,0.858055146666404,test,0.7978840155003375
A405L,-0.2380595317269186,0.821069189702855,test,1.0591287214297735
A405M,-0.33792178470226586,0.964964975081721,test,1.3028867597839868
A405N,-0.2200500976761027,0.962374955438706,test,1.1824250531148086
A405P,0.07049805632616893,0.902769777778427,test,0.8322717214522581
A405Q,-0.13978741149674642,0.948923499588862,test,1.0887109110856084
A405R,-0.06753725637101868,0.916281125755067,test,0.9838183821260857
A405S,0.3522324199676451,0.97982402157717,test,0.6275916016095249
A405T,-0.15103273057906316,0.864241269636964,test,1.0152740002160272
A405V,-0.02022046010260356,0.877917447994911,test,0.8981379080975146
A405W,-0.5095913304288343,0.915699339860527,test,1.4252906702893613
A405Y,-0.1566844781976545,0.872757556470854,test,1.0294420346685085
A407C,-0.26552043087992094,0.778750041884321,test,1.044270472764242
A407D,-0.9362374847473384,0.107159955513649,test,1.0433974402609874
A407E,-0.8687288597345252,0.88869966828201,test,1.7574285280165352
A407F,-0.40096130590805223,0.12390031929847,test,0.5248616252065222
A407G,0.2653375538216146,0.907536049355778,test,0.6421984955341634
A407H,-0.9362374847473384,0.170391228158234,test,1.1066287129055723
A407I,0.02509930774684546,0.136194535362767,test,0.11109522761592153
A407K,-0.9362374847473384,0.122155656543981,test,1.0583931412913195
A407L,-0.31573628429270817,0.261434359614693,test,0.5771706439074011
A407M,-0.2257337249836396,0.165856183455434,test,0.3915899084390736
A407N,-0.6097226894492239,0.636292427451155,test,1.246015116900379
A407P,-0.9308605596060681,0.723679147290655,test,1.6545397068967231
A407Q,-0.8675309391335809,0.864066114531539,test,1.73159705366512
A407R,-0.49003711341066436,0.117295816304543,test,0.6073329297152074
A407S,-0.05467724637873092,0.937962543626331,test,0.992639790005062
A407T,0.023432627135597933,0.633222051316811,test,0.6097894241812131
A407V,0.14888076275370712,0.748178699307481,test,0.599297936553774
A407W,-0.7317070304384584,0.287470692928224,test,1.0191777233666826
A407Y,-0.7663151637760132,0.368539421456188,test,1.1348545852322012
A40C,-0.5690483978625233,0.904772745886712,test,1.4738211437492352
A40D,0.516737422680759,0.82820404470202,test,0.3114666220212611
A40E,0.87844582736955,1.00719186192442,test,0.12874603455487
A40F,0.16294993656777526,0.663702129985287,test,0.5007521934175118
A40G,0.43659968419872863,0.858824914164236,test,0.4222252299655074
A40H,0.20469820491353521,0.973391091487785,test,0.7686928865742498
A40I,0.06470788214710557,0.834339258328166,test,0.7696313761810605
A40K,0.5651324873198665,0.989226451468131,test,0.4240939641482645
A40L,0.12936494370474497,0.840879692333275,test,0.71151474862853
A40M,-0.0668671421825969,0.905766076483566,test,0.9726332186661629
A40N,0.10161043936876593,0.938220252388764,test,0.8366098130199981
A40P,-0.08022107697061495,0.976566385180274,test,1.056787462150889
A40Q,0.4699134879269412,1.02001569317787,test,0.5501022052509289
A40R,0.3722476666710858,1.00527239805541,test,0.6330247313843241
A40S,0.6492698501090591,0.968911645771087,test,0.3196417956620279
A40T,0.32355918370091674,0.95665222982879,test,0.6330930461278732
A40V,0.19288567181101227,0.864911827189463,test,0.6720261553784508
A40W,0.08469694804536024,0.688548835176545,test,0.6038518871311848
A40Y,0.12252419452344979,0.752563519841436,test,0.6300393253179862
A413C,-0.5118952440770984,0.917798644448086,test,1.4296938885251844
A413D,-1.003977133510033,0.107966028133507,test,1.11194316164354
A413E,-0.3870581951896227,0.0602336512069857,test,0.4472918463966084
A413F,-0.6448749949943527,0.80211763300051,test,1.4469926279948626
A413G,-0.13881949643236022,0.930027710926273,test,1.0688472073586333
A413H,-0.6523059114681965,0.233480998345295,test,0.8857869098134915
A413I,-0.349402032879118,0.916313255513824,test,1.2657152883929421
A413K,-0.4529327864298901,0.0999720490459638,test,0.5529048354758539
A413L,-0.42894892884918334,0.87493597650441,test,1.3038849053535935
A413M,-0.3813684994822143,0.94298399092023,test,1.3243524904024442
A413N,-0.7027178389469858,0.248569629697171,test,0.9512874686441568
A413P,-1.0039853005540624,0.141631125044655,test,1.1456164255987173
A413Q,-0.47718568205510203,0.751324212546227,test,1.228509894601329
A413R,-0.4358949061701719,0.110119084419592,test,0.5460139905897639
A413S,0.4691381091058663,0.973233429546987,test,0.5040953204411207
A413T,-0.2768271329107822,0.895249631687272,test,1.1720767645980543
A413V,-0.22680626655246736,0.940333273424916,test,1.1671395399773834
A413W,-0.6365492630368722,0.840911475770714,test,1.4774607388075862
A413Y,-1.0040758421729759,0.778916986207942,test,1.7829928283809178
A416C,0.6651359285549355,0.796720376076806,test,0.13158444752187048
A416D,-0.23850483873072323,0.0827865550306328,test,0.321291393761356
A416E,0.10463999113994196,0.1073355971205,test,0.0026956059805580412
A416F,-0.39676800330749307,0.62998280495059,test,1.026750808258083
A416G,0.18864517863215516,0.854499230978325,test,0.6658540523461699
A416H,-0.1511646643843981,0.668941618170486,test,0.8201062825548842
A416I,0.11345231859181806,0.614599414274204,test,0.5011470956823859
A416K,-0.03860920872942794,0.0988171229471095,test,0.13742633167653745
A416L,0.04178783554422308,0.876372195837284,test,0.8345843602930609
A416M,-0.2268433288395609,0.851408041705513,test,1.0782513705450738
A416N,-0.1524292855360375,0.680568263854408,test,0.8329975493904456
A416P,-0.42915208354593204,0.10694950016551,test,0.536101583711442
A416Q,0.031185649791897113,0.703044854961949,test,0.6718592051700519
A416R,-0.005309047185296428,0.481224848302791,test,0.48653389548808745
A416S,0.32736215384365475,0.952581875169457,test,0.6252197213258023
A416T,-0.08361979269211192,0.870391913931822,test,0.954011706623934
A416V,0.03431895921607234,0.78742438774324,test,0.7531054285271677
A416W,-0.3662553648648238,0.506090535067428,test,0.8723458999322518
A416Y,-0.22306170049601834,0.232327618309243,test,0.45538931880526134
A427C,-0.6078851595813374,0.912893096127217,test,1.5207782557085543
A427D,-0.4803924137136034,0.0357453565415031,test,0.5161377702551065
A427E,-0.4158517299908312,0.0502081198044402,test,0.4660598497952714
A427F,-0.7897127887228373,0.637366928029735,test,1.4270797167525724
A427G,-0.20377721229614063,0.893378250868093,test,1.0971554631642335
A427H,-0.8214798582072736,0.272320028014705,test,1.0937998862219787
A427I,-0.3325005601023271,0.862524060315854,test,1.1950246204181811
A427K,-0.40933384616514956,0.616458222114935,test,1.0257920682800845
A427L,-0.41019061963547443,0.791571831527461,test,1.2017624511629355
A427M,-0.41730202531394667,0.814373618685438,test,1.2316756439993846
A427N,-0.653464763068237,0.169962245460557,test,0.823427008528794
A427P,-0.49621916910378105,0.25493135104464,test,0.751150520148421
A427Q,-0.5254010442063007,0.681896347865296,test,1.2072973920715966
A427R,-0.4143024516096422,0.68537964161519,test,1.0996820932248323
A427S,-0.14699242699433798,0.909183318908371,test,1.056175745902709
A427T,-0.4502843324042435,0.748371568770367,test,1.1986559011746105
A427V,-0.22221950067754856,0.836935218898206,test,1.0591547195757545
A427W,-1.033420129480105,0.661895035391059,test,1.6953151648711642
A427Y,-0.7468649608586174,0.501365661213094,test,1.2482306220717114
A42C,0.05304942709534158,0.758206980902052,test,0.7051575538067104
A42D,-0.9676468361079981,0.257673520792748,test,1.225320356900746
A42E,-0.9675549245075804,0.105047605975433,test,1.0726025304830133
A42F,-0.43968155518683083,0.100720745308683,test,0.5404023004955139
A42G,-0.04920805786886748,0.685745592149697,test,0.7349536500185645
A42H,-0.9676468361079981,0.12132373133481,test,1.088970567442808
A42I,-0.21437156701882495,0.171958735965613,test,0.38633030298443793
A42K,-0.9662556218853212,0.198261443680136,test,1.1645170655654573
A42L,-0.15383684002863904,0.121517559369938,test,0.27535439939857703
A42M,-0.38564381352282096,0.49429596835645,test,0.8799397818792709
A42N,-0.9676468361079981,0.275343299484645,test,1.2429901355926432
A42P,-0.9676468361079981,0.0902972055458655,test,1.0579440416538635
A42Q,-0.9676468361079981,0.0991579785763806,test,1.0668048146843787
A42R,-0.9670834612266422,0.143046347964614,test,1.1101298091912561
A42S,-0.15468642638056837,0.771440990662213,test,0.9261274170427815
A42T,-0.2490435145734103,0.589476084958762,test,0.8385195995321724
A42V,0.02601140793015913,0.429113387456825,test,0.4031019795266658
A42W,-0.5680398737146793,0.107418929043796,test,0.6754588027584754
A42Y,-0.6792832779428041,0.0836595779366337,test,0.7629428558794378
A434C,-0.2243910951030251,0.96474366024351,test,1.189134755346535
A434D,-0.2243910951030251,0.650448118317856,test,0.8748392134208811
A434E,-0.2243910951030251,0.911168286162762,test,1.1355593812657871
A434F,-0.2243910951030251,0.877610944425139,test,1.102002039528164
A434G,-0.2243910951030251,0.979108322422403,test,1.203499417525428
A434H,-0.2243910951030251,0.947150739290826,test,1.171541834393851
A434I,-0.2243910951030251,0.843680198966597,test,1.068071294069622
A434K,-0.2243910951030251,0.978791661244273,test,1.203182756347298
A434L,-0.2243910951030251,0.93512006254103,test,1.159511157644055
A434M,-0.2243910951030251,0.969205203286288,test,1.1935962983893131
A434N,-0.2243910951030251,0.908444944525765,test,1.13283603962879
A434P,-0.2243910951030251,0.221131541895467,test,0.4455226369984921
A434Q,-0.2243910951030251,0.938478057744104,test,1.162869152847129
A434R,-0.2243910951030251,0.97971106483458,test,1.2041021599376052
A434S,-0.2243910951030251,0.998444245874522,test,1.222835340977547
A434T,-0.2243910951030251,0.911965052397604,test,1.136356147500629
A434V,-0.2243910951030251,0.854548184807055,test,1.07893927991008
A434W,-0.2243910951030251,0.939681333051258,test,1.1640724281542831
A434Y,-0.2243910951030251,0.972845126637306,test,1.1972362217403312
A436C,-0.2243910951030251,0.936841450793304,test,1.161232545896329
A436D,-0.2243910951030251,0.618176099859742,test,0.8425671949627671
A436E,-0.2243910951030251,0.845327231669406,test,1.069718326772431
A436F,-0.2243910951030251,0.721371895921336,test,0.9457629910243611
A436G,-0.2243910951030251,0.856610391532368,test,1.081001486635393
A436H,-0.2243910951030251,0.647211856305338,test,0.8716029514083631
A436I,-0.2243910951030251,0.757365905612141,test,0.9817570007151661
A436K,-0.2243910951030251,0.0464791364042205,test,0.2708702315072456
A436L,-0.2243910951030251,0.908801393320988,test,1.133192488424013
A436M,-0.2243910951030251,0.794072036980546,test,1.018463132083571
A436N,-0.2243910951030251,0.721771099105067,test,0.9461621942080921
A436P,-0.2243910951030251,0.0506408715583536,test,0.2750319666613787
A436Q,-0.2243910951030251,0.734742795045968,test,0.9591338901489931
A436R,-0.2243910951030251,0.100229706809744,test,0.3246208019127691
A436S,-0.2243910951030251,0.962235047149044,test,1.186626142252069
A436T,-0.2243910951030251,0.901380173878835,test,1.12577126898186
A436V,-0.2243910951030251,0.914772788784809,test,1.1391638838878342
A436W,-0.2243910951030251,0.312586983840434,test,0.5369780789434591
A436Y,-0.2243910951030251,0.767389215593081,test,0.9917803106961062
A43C,-0.5460852881743795,0.669003733671671,test,1.2150890218460506
A43D,-0.30275243694617904,0.411893890197203,test,0.714646327143382
A43E,-0.03204383560168042,0.694604834135897,test,0.7266486697375775
A43F,-0.6481971002334473,0.0956182521997101,test,0.7438153524331574
A43G,-0.10091044650413425,0.866013303495585,test,0.9669237499997193
A43H,-0.5241475647732313,0.478248697432874,test,1.0023962622061053
A43I,-0.344954769608368,0.709628334430333,test,1.054583104038701
A43K,-0.35415284157564064,0.634771405005664,test,0.9889242465813046
A43L,-0.3456374471453628,0.531095058134208,test,0.8767325052795708
A43M,-0.2951897627505037,0.781264384347671,test,1.0764541470981746
A43N,-0.264542744676714,0.688461766530045,test,0.953004511206759
A43P,-0.6357699922319545,0.0808060987028396,test,0.7165760909347941
A43Q,-0.12469265876072763,0.785263810866141,test,0.9099564696268687
A43R,-0.1302366660086228,0.656592468314317,test,0.7868291343229398
A43S,-0.03657985851831422,0.807565051235066,test,0.8441449097533802
A43T,-0.08001391203688998,0.688565703845548,test,0.7685796158824381
A43V,-0.32561520177076664,0.59259772933191,test,0.9182129311026767
A43W,-0.5387097610298562,0.21597440437142,test,0.7546841654012763
A43Y,-0.6656283478488779,0.101077067849688,test,0.7667054156985659
A444C,-0.2243910951030251,0.886655675508263,test,1.111046770611288
A444D,-0.2243910951030251,0.304243612204969,test,0.5286347073079941
A444E,-0.2243910951030251,0.192294888280956,test,0.4166859833839811
A444F,-0.2243910951030251,0.73687607939997,test,0.9612671745029951
A444G,-0.2243910951030251,0.966272470294646,test,1.1906635653976712
A444H,-0.2243910951030251,0.663102527029114,test,0.8874936221321391
A444I,-0.2243910951030251,0.756225127666622,test,0.9806162227696471
A444K,-0.2243910951030251,0.319930109147315,test,0.5443212042503401
A444L,-0.2243910951030251,0.731631694376138,test,0.9560227894791631
A444M,-0.2243910951030251,0.863361843373484,test,1.087752938476509
A444N,-0.2243910951030251,0.800915819397398,test,1.025306914500423
A444P,-0.2243910951030251,0.725405701129157,test,0.9497967962321822
A444Q,-0.2243910951030251,0.729694334300081,test,0.9540854294031061
A444R,-0.2243910951030251,0.709472307041742,test,0.9338634021447672
A444S,-0.2243910951030251,0.954629506074485,test,1.1790206011775102
A444T,-0.2243910951030251,0.802261118093608,test,1.0266522131966331
A444V,-0.2243910951030251,0.778582049902056,test,1.0029731450050812
A444W,-0.2243910951030251,0.816061685478102,test,1.040452780581127
A444Y,-0.2243910951030251,0.631787185899004,test,0.8561782810020291
A454C,-0.2243910951030251,0.998183601268176,test,1.222574696371201
A454D,-0.2243910951030251,0.963688400483892,test,1.1880794955869172
A454E,-0.2243910951030251,0.99482790040707,test,1.2192189955100952
A454F,-0.2243910951030251,1.01504961271837,test,1.239440707821395
A454G,-0.2243910951030251,0.957033084339537,test,1.1814241794425622
A454H,-0.2243910951030251,0.999254128456814,test,1.2236452235598392
A454I,-0.2243910951030251,1.00326587575059,test,1.227656970853615
A454K,-0.2243910951030251,0.997715955691404,test,1.2221070507944292
A454L,-0.2243910951030251,0.972282929248982,test,1.196674024352007
A454M,-0.2243910951030251,0.985357288634532,test,1.209748383737557
A454N,-0.2243910951030251,0.972592342179312,test,1.1969834372823371
A454P,-0.2243910951030251,0.936849477899396,test,1.1612405730024211
A454Q,-0.2243910951030251,1.00084889019933,test,1.225239985302355
A454R,-0.2243910951030251,0.994638126200954,test,1.219029221303979
A454S,-0.2243910951030251,0.988242147404028,test,1.2126332425070532
A454T,-0.2243910951030251,1.00122113139055,test,1.225612226493575
A454V,-0.2243910951030251,1.00124871675709,test,1.225639811860115
A454W,-0.2243910951030251,0.982736956432728,test,1.207128051535753
A454Y,-0.2243910951030251,0.997763832391821,test,1.222154927494846
A463C,-0.2243910951030251,1.0201177557978,test,1.244508850900825
A463D,-0.2243910951030251,1.01133329904939,test,1.235724394152415
A463E,-0.2243910951030251,0.990072751206042,test,1.2144638463090671
A463F,-0.2243910951030251,1.02965349122545,test,1.254044586328475
A463G,-0.2243910951030251,1.02926189140149,test,1.253652986504515
A463H,-0.2243910951030251,1.01730912134723,test,1.241700216450255
A463I,-0.2243910951030251,1.01926553097,test,1.243656626073025
A463K,-0.2243910951030251,1.02640150122288,test,1.250792596325905
A463L,-0.2243910951030251,1.01355444377315,test,1.237945538876175
A463M,-0.2243910951030251,0.984704633127054,test,1.2090957282300792
A463N,-0.2243910951030251,1.02966498983871,test,1.254056084941735
A463P,-0.2243910951030251,0.975641074675476,test,1.200032169778501
A463Q,-0.2243910951030251,1.01702720443718,test,1.241418299540205
A463R,-0.2243910951030251,1.00187515488201,test,1.226266249985035
A463S,-0.2243910951030251,1.00377270576576,test,1.228163800868785
A463T,-0.2243910951030251,1.00554729262727,test,1.229938387730295
A463V,-0.2243910951030251,1.01484648128924,test,1.239237576392265
A463W,-0.2243910951030251,1.01949683330908,test,1.243887928412105
A463Y,-0.2243910951030251,1.027166902103,test,1.2515579972060251
A46C,0.02719784381862103,0.851740645037197,test,0.824542801218576
A46D,-0.9373397477358488,0.145254118562322,test,1.082593866298171
A46E,-0.9972126791370933,0.0432384253942277,test,1.040451104531321
A46F,-0.9972126791370933,0.0980430228272132,test,1.0952557019643065
A46G,-0.24915084514614558,0.52482296464304,test,0.7739738097891856
A46H,-0.9972126791370933,0.0441292007435129,test,1.0413418798806062
A46I,-0.4802856762012725,0.290003289715555,test,0.7702889659168275
A46K,-0.9972126791370933,0.105517662592477,test,1.1027303417295704
A46L,-0.33357725329341326,0.119337225032173,test,0.4529144783255863
A46M,-0.6200477365182356,0.154268707430404,test,0.7743164439486396
A46N,-0.9972126791370933,0.075305473582585,test,1.0725181527196783
A46P,-0.7409275944310275,0.0685786357819917,test,0.8095062302130193
A46Q,-0.49799730917670837,0.0823820524179005,test,0.5803793615946089
A46R,-0.44787627403833674,0.133260406308043,test,0.5811366803463798
A46S,-0.2112544945675697,0.555609003652766,test,0.7668634982203357
A46T,-0.3472473417241687,0.572870726658508,test,0.9201180683826767
A46V,-0.2146487138781573,0.577526457129904,test,0.7921751710080613
A46W,-0.9972126791370933,0.0570609585039618,test,1.054273637641055
A46Y,-0.9972126791370933,0.126517303794872,test,1.1237299829319654
A47C,-0.7645951972655597,0.747778733614768,test,1.5123739308803277
A47D,-0.4348255203447636,0.0661759558363357,test,0.5010014761810994
A47E,-0.34156681113319143,0.650585700726913,test,0.9921525118601044
A47F,-0.5604627016448726,0.0891702265787095,test,0.6496329282235821
A47G,0.025688578269844747,0.625340525890187,test,0.5996519476203422
A47H,-0.5746445579332183,0.0779335162698954,test,0.6525780742031138
A47I,-0.2998105657859632,0.476367582525254,test,0.7761781483112172
A47K,-0.39890760133434255,0.322395937041096,test,0.7213035383754385
A47L,-0.2328713950222102,0.708001110389922,test,0.9408725054121322
A47M,-0.6320260074704253,0.317688364570516,test,0.9497143720409413
A47N,-0.4923575555766758,0.234786453358756,test,0.7271440089354319
A47P,-1.1811992250387913,0.0748129068384871,test,1.2560121318772783
A47Q,-0.49504187599726757,0.134579386572914,test,0.6296212625701816
A47R,-0.4254226652573142,0.758257169172719,test,1.1836798344300332
A47S,-0.0631409129397141,0.654989379139489,test,0.7181302920792031
A47T,-0.3620600810755835,0.670058774551452,test,1.0321188556270355
A47V,-0.30536107057495554,0.832389006079112,test,1.1377500766540676
A47W,-0.8888212074814285,0.104300979218733,test,0.9931221867001615
A47Y,-0.5444775490730235,0.0713755219576111,test,0.6158530710306346
A69C,-0.37846913723278985,0.84600060207901,test,1.2244697393117998
A69D,-0.7702271078710451,0.13418051121739,test,0.9044076190884351
A69E,-0.629786071958374,0.267929845367552,test,0.8977159173259259
A69F,-0.9660040793222188,0.0992299373664461,test,1.065234016688665
A69G,0.0002707253541040233,0.805790564007691,test,0.805519838653587
A69H,-0.9660040793222188,0.0721938624834357,test,1.0381979418056544
A69I,-0.40632418524914804,0.135590612864609,test,0.5419147981137571
A69K,-0.7940700236690551,0.0607705352441559,test,0.854840558913211
A69L,-0.7813469474160518,0.11327076727663,test,0.8946177146926818
A69M,-0.9660040793222188,0.0542362314121589,test,1.0202403107343776
A69N,-0.9660040793222188,0.439103485635655,test,1.4051075649578737
A69P,-0.1717218661987093,0.948225330610344,test,1.1199471968090533
A69Q,-0.9660040793222188,0.135766041555571,test,1.1017701208777897
A69R,-0.5238663023857656,0.138194820055268,test,0.6620611224410335
A69S,-0.1814526049219086,0.799633637573994,test,0.9810862424959026
A69T,-0.6129858876772344,0.756435725530285,test,1.3694216132075194
A69V,-0.22454445919597563,0.0856870729083759,test,0.3102315321043515
A69W,-0.9660040793222188,0.126668586175472,test,1.0926726654976908
A69Y,-0.8259660014334437,0.212550015410099,test,1.0385160168435426
A77C,-0.06894474984260976,0.940213975524813,test,1.0091587253674228
A77D,0.7616243621815341,0.989066238798192,test,0.22744187661665793
A77E,0.7028842038750726,0.995284594136626,test,0.2924003902615534
A77F,0.07159795584731801,0.950929507826912,test,0.879331551979594
A77G,0.643458289461826,0.956855660881617,test,0.31339737141979096
A77H,0.29011058934713463,0.965904735435116,test,0.6757941460879814
A77I,0.07549784151272446,0.958814337474336,test,0.8833164959616115
A77K,0.6575474484543965,0.990191836787868,test,0.33264438833347154
A77L,0.056928848188426834,0.929731255812677,test,0.8728024076242502
A77M,-0.27167394868176975,0.973502036181351,test,1.2451759848631208
A77N,0.2852315043170016,0.962402317029049,test,0.6771708127120474
A77P,0.13847902563568373,0.90103512178606,test,0.7625560961503763
A77Q,0.505859540813706,1.00396278955402,test,0.498103248740314
A77R,0.3952389034554621,0.967255205439805,test,0.572016301984343
A77S,0.5963636214360301,0.991458116313546,test,0.3950944948775159
A77T,0.445102292134974,,,
A77V,0.15018532674307009,0.983197937953348,test,0.8330126112102779
A77W,-0.05383517717712957,0.906089421122813,test,0.9599245982999426
A77Y,0.16686405867416068,0.952343289780007,test,0.7854792311058464
A84C,-0.5673746342275455,0.920813660453761,test,1.4881882946813065
A84D,-0.08868911750165717,0.0925350718849252,test,0.18122418938658236
A84E,-0.21024435475886025,0.0781638022449744,test,0.28840815700383465
A84F,-0.6983417554881418,0.138653343369653,test,0.8369950988577948
A84G,-0.04962291538858418,0.562176599375411,test,0.6117995147639952
A84H,-0.4630319584466077,0.0935089001031855,test,0.5565408585497932
A84I,-0.8796615590084905,0.0807959936071605,test,0.960457552615651
A84K,-0.5500042407119062,0.159588588096151,test,0.7095928288080573
A84L,-0.3939618837540525,0.117093529993386,test,0.5110554137474385
A84M,-0.7364292166917265,0.602449876579872,test,1.3388790932715984
A84N,-0.6416644710595415,0.0713186021890465,test,0.712983073248588
A84P,-1.0564036770189513,0.0897153188842292,test,1.1461189959031806
A84Q,-0.45694331834233404,0.15611250797738,test,0.613055826319714
A84R,-0.1755855257243922,0.149374291646491,test,0.3249598173708832
A84S,-0.16403457852535505,0.641947945577546,test,0.805982524102901
A84T,-0.3762686831119989,0.11105804336061,test,0.4873267264726089
A84V,-0.674067792259453,0.223105442458678,test,0.897173234718131
A84W,-0.852688078934105,0.0523672160666579,test,0.905055295000763
A84Y,-0.6293987339171844,0.133006975811836,test,0.7624057097290203
A88C,0.0703863037243441,0.983155895989682,test,0.9127695922653379
A88D,0.831525329260071,0.941820039233484,test,0.11029470997341306
A88E,0.86450589106971,1.01707041113637,test,0.15256452006666
A88F,0.04115600226836383,0.78740058344477,test,0.7462445811764062
A88G,0.5925344270156218,0.946520671073279,test,0.3539862440576572
A88H,0.4901733654672943,0.97623115021705,test,0.4860577847497557
A88I,0.35772270718973653,0.898314040477701,test,0.5405913332879645
A88K,0.4384845903003406,1.02080358060824,test,0.5823189903078995
A88L,0.4648045684583778,0.910022720760004,test,0.4452181523016262
A88M,0.030061814480374288,0.922282278685713,test,0.8922204642053387
A88N,0.22959187419025864,0.951876892154341,test,0.7222850179640824
A88P,0.23169171443656614,0.83192980431859,test,0.6002380898820239
A88Q,0.2816049604720533,1.02006604923624,test,0.7384610887641866
A88R,0.5003992009485679,0.993025501944338,test,0.4926263009957701
A88S,0.3119211509454761,1.00751000859067,test,0.695588857645194
A88T,0.28105800423074323,0.953775882691077,test,0.6727178784603338
A88V,0.39011229248048773,0.922246251975442,test,0.5321339594949542
A88W,-0.027006795293662428,0.922248541099458,test,0.9492553363931204
A88Y,-0.012788792631619778,0.907451207316396,test,0.9202399999480158
A99C,-0.2243910951030251,0.971665313550592,test,1.1960564086536172
A99D,-0.2243910951030251,0.0723022249258142,test,0.2966933200288393
A99E,-0.2243910951030251,0.518570371136817,test,0.7429614662398422
A99F,-0.2243910951030251,0.939552578953911,test,1.163943674056936
A99G,-0.2243910951030251,0.98649747202075,test,1.210888567123775
A99H,-0.2243910951030251,0.938983030487961,test,1.163374125590986
A99I,-0.2243910951030251,0.951534711322538,test,1.175925806425563
A99K,-0.2243910951030251,0.472590002203358,test,0.6969810973063831
A99L,-0.2243910951030251,0.95137793572295,test,1.1757690308259752
A99M,-0.2243910951030251,0.971691224330093,test,1.196082319433118
A99N,-0.2243910951030251,0.977753898131573,test,1.202144993234598
A99P,-0.2243910951030251,0.979187847425606,test,1.2035789425286312
A99Q,-0.2243910951030251,0.961916147976428,test,1.186307243079453
A99R,-0.2243910951030251,0.72548925123656,test,0.9498803463395852
A99S,-0.2243910951030251,0.984285085617099,test,1.208676180720124
A99T,-0.2243910951030251,1.0057681509185,test,1.230159246021525
A99V,-0.2243910951030251,0.95010257240663,test,1.1744936675096551
A99W,-0.2243910951030251,0.856408703753691,test,1.0807997988567162
A99Y,-0.2243910951030251,0.945106754211676,test,1.169497849314701
C180A,0.5604174345015364,0.933162579142348,train,0.37274514464081165
C180D,-0.9705513220488226,0.0838083028001291,test,1.0543596248489517
C180E,-0.9705513220488226,0.130978660495278,test,1.1015299825441005
C180F,-0.08830917349239473,0.711372653953026,test,0.7996818274454207
C180G,-0.08367016027193616,0.212220502052677,test,0.29589066232461314
C180H,-0.9705513220488226,0.952320548747974,test,1.9228718707967967
C180I,-0.11640364482063101,0.789741987346939,test,0.90614563216757
C180K,-0.9705513220488226,0.0720136446604818,test,1.0425649667093044
C180L,-0.25228303397775986,0.83108862172451,test,1.08337165570227
C180M,-0.31395492797429225,0.880893818387516,test,1.1948487463618083
C180N,-0.4023654283880628,0.102735488086289,test,0.5051009164743517
C180P,-0.9705513220488226,0.0440538726133956,test,1.014605194662218
C180Q,-0.9705513220488226,0.0738568001469001,test,1.0444081221957227
C180R,-0.6923081375107495,0.0884992007550898,test,0.7808073382658393
C180S,0.01910081968375335,0.65429864819266,test,0.6351978285089067
C180T,-0.12876481024809502,0.685199657236181,test,0.8139644674842761
C180V,-0.04864451300657033,0.756964585435011,test,0.8056090984415814
C180W,-0.9705513220488226,0.147125825583897,test,1.1176771476327196
C180Y,-0.48486293189238594,0.356377962496924,test,0.8412408943893099
C26A,0.18312769172054347,0.783065591547781,train,0.5999378998272376
C26D,-0.8348693002800814,0.0387590452618889,test,0.8736283455419703
C26E,-0.5165912318136171,0.139995800544445,test,0.656587032358062
C26F,-0.22548083600639343,0.908337949968712,test,1.1338187859751054
C26G,-0.0007119855469029657,0.737144075785417,test,0.73785606133232
C26H,-0.8344489046051521,0.11255385035768,test,0.947002754962832
C26I,-0.15584713676481896,0.967338271980726,test,1.1231854087455448
C26K,-0.830822695378686,0.0509670976559445,test,0.8817897930346306
C26L,-0.10780385306472459,0.626899322376098,test,0.7347031754408226
C26M,-0.2943795272093469,0.770026154259928,test,1.064405681469275
C26N,-0.8348693002800814,0.110870000816671,test,0.9457393010967524
C26P,-0.826867810240412,0.0525459553536155,test,0.8794137655940275
C26Q,-0.8346070240016367,0.202506526189993,test,1.0371135501916298
C26R,-0.8347788693365285,0.112102821549054,test,0.9468816908855825
C26S,-0.09186804714686522,0.705272482161884,test,0.7971405293087492
C26T,0.2016721368871798,0.77124481256244,test,0.5695726756752603
C26V,0.5171214771170912,0.929283812627944,test,0.4121623355108528
C26W,-0.8348693002800814,0.0705844359290546,test,0.905453736209136
C26Y,-0.8348693002800814,0.0733290672402716,test,0.9081983675203531
C309A,0.8052859666407893,0.982059294725535,train,0.17677332808474566
C309D,0.24319875831704488,0.898284066799688,test,0.6550853084826431
C309E,0.3183873267457452,0.882365084677353,test,0.5639777579316078
C309F,0.036893867073014036,0.228417176610851,test,0.19152330953783697
C309G,0.45398867008042665,1.00990156819912,test,0.5559128981186933
C309H,0.26010832674727224,0.915652070047917,test,0.6555437433006448
C309I,0.4468014731166444,0.831498326017102,test,0.38469685290045763
C309K,0.0464579542267162,0.757644927661695,test,0.7111869734349788
C309L,0.48367843581340886,0.811917847133621,test,0.32823941132021217
C309M,0.813776656433821,0.927878380521389,test,0.11410172408756802
C309N,0.26017654205481,0.995005107872432,test,0.734828565817622
C309P,-0.2557004179181751,0.448955067552093,test,0.7046554854702681
C309Q,0.5302137025024553,0.832120013864844,test,0.30190631136238877
C309R,-0.26082900350113414,0.339249599953068,test,0.6000786034542022
C309S,0.9977790600209843,0.975348937138872,test,0.022430122882112213
C309T,0.8894681823630829,0.964194777551828,test,0.07472659518874514
C309V,0.3706327435443525,0.948306242943876,test,0.5776734993995235
C309W,-0.26082900350113414,1.01990659313288,test,1.2807355966340142
C309Y,0.21000340953102872,0.0414679704522015,test,0.16853543907882723
C363A,0.4617080457786408,0.93531034138245,train,0.4736022956038092
C363D,-0.5411217936138376,0.0880802990482929,test,0.6292020926621305
C363E,-0.5411217936138376,0.0955456474542141,test,0.6366674410680517
C363F,-0.5411217936138376,0.208767883990073,test,0.7498896776039106
C363G,0.07630523215970589,0.940804949184762,test,0.8644997170250561
C363H,-0.5411217936138376,0.040544863701407,test,0.5816666573152446
C363I,0.3590592909816085,0.979321015840217,test,0.6202617248586085
C363K,-0.5410069271457564,0.0637796056931511,test,0.6047865328389075
C363L,0.31894952330587645,0.98917797817973,test,0.6702284548738535
C363M,0.4864597649059018,0.955735067428853,test,0.46927530252295113
C363N,0.11199910335808175,0.803619822020062,test,0.6916207186619803
C363P,0.16234481207297483,0.836852905639261,test,0.6745080935662862
C363Q,-0.5411217936138376,0.642552476136601,test,1.1836742697504388
C363R,-0.42480882288510535,0.0680466282393185,test,0.49285545112442386
C363S,0.45409420035634407,0.96754036321478,test,0.5134461628584359
C363T,1.081736208645607,1.01203449384607,test,0.06970171479953713
C363V,0.6718151855575077,0.984413146423608,test,0.31259796086610026
C363W,-0.5411217936138376,0.0689725284804089,test,0.6100943220942465
C363Y,-0.5411217936138376,0.0575284178956433,test,0.598650211509481
C58A,0.3964280730622921,0.922820956197378,train,0.5263928831350859
C58D,0.1802560202885616,0.782927991214419,test,0.6026719709258574
C58E,0.23040105423246585,0.857661877863382,test,0.6272608236309162
C58F,0.015426135136441893,0.90356821760132,test,0.8881420824648781
C58G,0.4071442377176254,0.95811437406832,test,0.5509701363506946
C58H,0.08239767993908811,0.92116972492533,test,0.8387720449862419
C58I,0.23993305949034718,0.927036268175029,test,0.6871032086846819
C58K,0.3591191458563433,0.9385910840583,test,0.5794719382019567
C58L,0.15457880335199872,0.918588362107304,test,0.7640095587553053
C58M,-0.1740059123547478,0.918612749127673,test,1.0926186614824207
C58N,0.12242543477886661,0.910443720680865,test,0.7880182859019984
C58P,0.12762254536095843,0.774795720703095,test,0.6471731753421366
C58Q,0.1447331459139726,0.945848739791215,test,0.8011155938772424
C58R,0.1296228960349272,0.933722621668109,test,0.8040997256331819
C58S,0.8004489717142552,0.956100982526041,test,0.1556520108117858
C58T,0.2593971145758879,0.929354330834096,test,0.6699572162582081
C58V,0.36208867449031035,0.966456464648651,test,0.6043677901583406
C58W,0.19402148715065484,0.925343929367453,test,0.7313224422167982
C58Y,0.05767044646476163,0.892034703526272,test,0.8343642570615104
D117A,0.10967632684257791,0.868182213043121,train,0.7585058862005432
D117C,-0.38626780713045894,0.96449023144058,test,1.350758038571039
D117E,0.12198740891306739,0.958001059648882,test,0.8360136507358147
D117F,-0.21480526182019086,0.756779005060212,test,0.9715842668804029
D117G,-0.12803199638902138,0.798053887438912,test,0.9260858838279334
D117H,-0.5149559795149082,0.882358188151439,test,1.3973141676663472
D117I,-0.1851161818756196,0.80295109288066,test,0.9880672747562796
D117K,-0.4205883245171326,0.556580748039439,test,0.9771690725565716
D117L,-0.34233586843294217,0.896410018842004,test,1.2387458872749462
D117M,-0.16629833470155506,0.90083988027772,test,1.067138214979275
D117N,-0.25774555366455976,0.568294051813249,test,0.8260396054778087
D117P,-0.2529075951999825,0.927160848689903,test,1.1800684438898856
D117Q,-0.3473675061879916,0.91875235860823,test,1.2661198647962215
D117R,-0.3439527190080799,0.65213081491462,test,0.9960835339226999
D117S,-0.1330887006178688,0.821570005923992,test,0.9546587065418608
D117T,-0.1424058857964677,0.731148843696927,test,0.8735547294933947
D117V,-0.3223608068565301,0.893067869596852,test,1.2154286764533822
D117W,-1.0969835889806479,0.972037024151335,test,2.0690206131319826
D117Y,-0.3838395436312346,0.860025749725623,test,1.2438652933568575
D125A,-1.4976543717482487,0.0691854159679075,train,1.5668397877161562
D125C,-1.7463144199028853,0.0724192134502093,test,1.8187336333530946
D125E,-0.8833400419831045,0.101603258151534,test,0.9849433001346385
D125F,-1.7825920426128934,0.0912234702561217,test,1.873815512869015
D125G,-0.9521670921271025,0.0804568464024993,test,1.0326239385296019
D125H,-1.1512568002975712,0.111542378483961,test,1.2627991787815322
D125I,-1.7825920426128934,0.0873431409032877,test,1.869935183516181
D125K,-1.1217735360443875,0.0578968360285646,test,1.179670372072952
D125L,-1.7601042748287221,0.233980921288948,test,1.9940851961176702
D125M,-1.7825920426128934,0.101967127501824,test,1.8845591701147173
D125N,-0.8825982033802288,0.0788932925798609,test,0.9614914959600896
D125P,-1.7825920426128934,0.0981185727540089,test,1.8807106153669022
D125Q,-1.0951984296409474,0.270215395724273,test,1.3654138253652204
D125R,-1.1014893352501882,0.101119985258102,test,1.2026093205082902
D125S,-0.7879146346360434,0.093626508315766,test,0.8815411429518094
D125T,-1.190320341017174,0.145337416821589,test,1.3356577578387632
D125V,-1.5764762315496683,0.0864720221799325,test,1.6629482537296008
D125W,-1.3368335281999688,0.0734513034755919,test,1.4102848316755607
D125Y,-1.5563790874715964,0.0884465977436394,test,1.6448256852152359
D137A,0.23427258565080292,0.984532538388694,train,0.7502599527378911
D137C,-0.4289931483666444,0.971523692880427,test,1.4005168412470712
D137E,0.06163988990708416,0.992749166627602,test,0.9311092767205179
D137F,-0.46262115027345574,0.97507558928281,test,1.4376967395562659
D137G,-0.07072161946638142,0.988403600264437,test,1.0591252197308183
D137H,-0.296646135072573,0.959015402669201,test,1.2556615377417741
D137I,-0.4964604386245751,1.00006196721563,test,1.4965224058402051
D137K,0.010423493934467537,0.94950554965864,test,0.9390820557241725
D137L,-0.12111311228510888,0.965453067098396,test,1.0865661793835049
D137M,-0.4218179817149651,0.959490234526259,test,1.3813082162412242
D137N,-0.23053960855615538,0.958871105363107,test,1.1894107139192625
D137P,-0.07502374924974684,0.943364169934175,test,1.0183879191839218
D137Q,0.04260277350420308,0.96864596961083,test,0.926043196106627
D137R,-0.19395541688914472,0.941096460608022,test,1.1350518774971667
D137S,-0.03540848606934008,0.975148085475306,test,1.010556571544646
D137T,-0.1770195829023272,0.973456462055042,test,1.1504760449573692
D137V,-0.3816698934430697,0.96171943228505,test,1.3433893257281198
D137W,-0.6817412726572835,0.927753058412635,test,1.6094943310699183
D137Y,-0.44486331222897746,0.997111099481266,test,1.4419744117102433
D156A,0.3143246082880303,0.918891025160795,train,0.6045664168727647
D156C,-0.4956614816992898,0.921029520468773,test,1.4166910021680628
D156E,0.2431473259193219,0.953569424388772,test,0.7104220984694501
D156F,0.21231504327259967,0.739442902079273,test,0.5271278588066733
D156G,0.36920951975196703,0.933508250841536,test,0.564298731089569
D156H,0.3367783739684779,0.941353176198655,test,0.6045748022301771
D156I,-0.18674124677965262,0.846662736797857,test,1.0334039835775095
D156K,0.13635279364328282,0.894839699416765,test,0.7584869057734822
D156L,-0.1059533258444659,0.783138713209659,test,0.8890920390541249
D156M,-0.07769510264120458,0.858568988143201,test,0.9362640907844056
D156N,1.0211767628775432,0.997541112478199,test,0.023635650399344232
D156P,0.312722548886352,0.875159711518325,test,0.562437162631973
D156Q,0.059024532066746765,0.942400347381992,test,0.8833758153152452
D156R,0.2030805453517083,0.857520085570325,test,0.6544395402186167
D156S,0.3189623222791017,0.932842794196747,test,0.6138804719176453
D156T,0.25389576547287407,0.931623933209794,test,0.6777281677369199
D156V,0.16221647124434183,0.862852986459147,test,0.7006365152148052
D156W,0.20709772317005784,0.755431945977228,test,0.5483342228071701
D156Y,0.12468522273060292,0.850802361991386,test,0.7261171392607831
D16A,-0.17490532813907075,0.756931675680832,train,0.9318370038199028
D16C,-0.19964821162104793,0.848654024729643,test,1.0483022363506909
D16E,-0.19964821162104793,0.981057567755445,test,1.1807057793764928
D16F,-0.19964821162104793,0.741531051828247,test,0.9411792634492949
D16G,-0.19964821162104793,0.713232245187596,test,0.9128804568086439
D16H,-0.19964821162104793,0.846537436112126,test,1.046185647733174
D16I,-0.19964821162104793,0.821916108851534,test,1.021564320472582
D16K,-0.19964821162104793,0.822401152931951,test,1.0220493645529989
D16L,-0.19964821162104793,0.825127374479914,test,1.024775586100962
D16M,-0.19964821162104793,0.869128537126023,test,1.068776748747071
D16N,-0.19964821162104793,0.910124049934891,test,1.1097722615559389
D16P,-0.19964821162104793,0.226792939062578,test,0.4264411506836259
D16Q,-0.19964821162104793,0.938148543215883,test,1.137796754836931
D16R,-0.19964821162104793,0.761964052253001,test,0.961612263874049
D16S,-0.19964821162104793,0.878889371960215,test,1.078537583581263
D16T,-0.19964821162104793,0.88399821973673,test,1.0836464313577778
D16V,-0.19964821162104793,0.82529983229683,test,1.024948043917878
D16W,-0.19964821162104793,0.769824845956432,test,0.9694730575774799
D16Y,-0.19964821162104793,0.811125522574759,test,1.010773734195807
D188A,-0.3841467730001348,0.732977819928227,train,1.1171245929283617
D188C,-0.47867379379582553,0.67986380926211,test,1.1585376030579355
D188E,-0.08943476547327153,0.906324069227039,test,0.9957588347003106
D188F,-0.7645605863306061,0.185407569515285,test,0.9499681558458911
D188G,-0.43809664247257174,0.109698410490087,test,0.5477950529626587
D188H,-0.07139842913356129,0.779472449852869,test,0.8508708789864303
D188I,-0.2581960995080287,0.185381160038396,test,0.4435772595464247
D188K,-0.534351695462623,0.0907777943020337,test,0.6251294897646567
D188L,-0.3670713427413371,0.0526939094003539,test,0.419765252141691
D188M,-0.2863201620379122,0.676393993811401,test,0.9627141558493132
D188N,-0.11422460291459155,0.87119620031675,test,0.9854208032313416
D188P,-0.45922873758186655,0.178017229977613,test,0.6372459675594795
D188Q,-0.3950451352505645,0.814159946551202,test,1.2092050818017666
D188R,-0.3223895866447378,0.114603953233661,test,0.43699353987839884
D188S,-0.45997522255578127,0.810500669095645,test,1.2704758916514263
D188T,0.052019269261909834,0.839321851754738,test,0.7873025824928281
D188V,-0.3494627816304877,0.572611206328256,test,0.9220739879587437
D188W,-0.7645605863306061,0.128960367134537,test,0.8935209534651432
D188Y,-0.304313327408812,0.10288950523705,test,0.407202832645862
D193A,-1.4849421596778354,0.0951491235246094,train,1.5800912832024447
D193C,-1.0537886906294236,0.0803023814122056,test,1.1340910720416293
D193E,-0.7771008305379267,0.0872098482030531,test,0.8643106787409798
D193F,-1.2196021734449658,0.0948010966250284,test,1.3144032700699941
D193G,-0.7476829159977813,0.137406761826262,test,0.8850896778240432
D193H,-1.029799706286785,0.234395416964342,test,1.264195123251127
D193I,-0.9917356261008629,0.198553348762451,test,1.1902889748633139
D193K,-1.2196021734449658,0.080143595288521,test,1.2997457687334868
D193L,-1.2196021734449658,0.101987683631182,test,1.3215898570761477
D193M,-1.21524334437471,0.0544904874226373,test,1.2697338317973472
D193N,-0.8988735036018295,0.0572010151014393,test,0.9560745187032688
D193P,-0.7562850186911584,0.0759016168267864,test,0.8321866355179448
D193Q,-1.2196021734449658,0.141644496062762,test,1.3612466695077279
D193R,-1.21798875659785,0.0698853494622874,test,1.2878741060601373
D193S,-0.8416712065657802,0.0835835665168664,test,0.9252547730826466
D193T,-0.932396268794096,0.104724967345864,test,1.03712123613996
D193V,-1.2196021734449658,0.062980226610267,test,1.2825824000552328
D193W,-1.2196021734449658,0.0812380466365812,test,1.300840220081547
D193Y,-1.034168510298058,0.0960660477292457,test,1.1302345580273037
D206A,0.6032491730382291,0.967563782418696,train,0.3643146093804669
D206C,-0.2398018234332436,0.936906853959077,test,1.1767086773923205
D206E,1.258024740132374,1.00716367144664,test,0.250861068685734
D206F,-0.03218376383858543,0.841994514762115,test,0.8741782786007004
D206G,0.16193002793223923,1.01485276181705,test,0.8529227338848108
D206H,0.0971315212682772,0.983777419985402,test,0.8866458987171248
D206I,0.015085054361438616,0.85220458304202,test,0.8371195286805814
D206K,0.7954990438340738,1.00529149247212,test,0.20979244863804614
D206L,0.19979033742827537,0.887161557503311,test,0.6873712200750357
D206M,-0.31603483305615787,0.918476917286025,test,1.234511750342183
D206N,0.30452592410384016,1.00571025686458,test,0.7011843327607398
D206P,0.20028647493357857,1.03000994752327,test,0.8297234725896915
D206Q,0.7400069327971509,0.991404142728123,test,0.25139720993097214
D206R,0.3393460948828434,1.00633326002764,test,0.6669871651447966
D206S,0.42318726527799344,0.99998301290964,test,0.5767957476316465
D206T,0.5608898481544992,0.984533225450353,test,0.4236433772958539
D206V,0.32198051863695343,0.876801165445199,test,0.5548206468082456
D206W,-0.41277961993491175,0.834440082104217,test,1.247219702039129
D206Y,-0.1318426842389456,0.948352605523311,test,1.0801952897622566
D213A,0.10005112234300709,0.804789348863383,train,0.704738226520376
D213C,-0.6668816486511234,0.805693455860712,test,1.4725751045118354
D213E,0.3210028970801414,0.928852881350385,test,0.6078499842702436
D213F,-0.6377271566272226,0.335389537291074,test,0.9731166939182966
D213G,-0.08448699701136805,0.705808313967193,test,0.7902953109785611
D213H,-0.1764231581852623,0.762692008841485,test,0.9391151670267474
D213I,-0.15483444126131504,0.719367928245493,test,0.8742023695068081
D213K,0.2990704360431714,0.767512135803385,test,0.46844169976021355
D213L,-0.43970006414067064,0.686437852964126,test,1.1261379171047965
D213M,-0.17755025532902055,0.775303324967207,test,0.9528535802962276
D213N,-0.06493092024829247,0.916205377900686,test,0.9811362981489785
D213P,-0.14483692605987594,0.13980751298401,test,0.2846444390438859
D213Q,0.28809540553723745,0.917133242578995,test,0.6290378370417575
D213R,-0.12045589249511254,0.730041272982993,test,0.8504971654781056
D213S,0.055602222067578616,0.791567676809807,test,0.7359654547422284
D213T,-0.17909258369632783,0.848030760435938,test,1.0271233441322658
D213V,-0.35769309039058006,0.726961408323189,test,1.084654498713769
D213W,-0.8883267064212309,0.533637418304089,test,1.4219641247253199
D213Y,-0.32991774977259813,0.786264394189557,test,1.116182143962155
D220A,-0.23307021314503049,0.58766618512524,train,0.8207363982702706
D220C,-0.998393277900205,0.721233040762584,test,1.719626318662789
D220E,0.006198284396283477,0.826963507586676,test,0.8207652231903926
D220F,-0.665276086472017,0.546163948470084,test,1.2114400349421008
D220G,-0.3849995711986981,0.487354083866927,test,0.8723536550656251
D220H,-0.5955499316257272,0.71495100554683,test,1.3105009371725571
D220I,-0.6573375605429538,0.329710464733857,test,0.9870480252768108
D220K,-0.0771302927623164,0.10714281247849,test,0.1842731052408064
D220L,-0.6122928153835557,0.485593187345382,test,1.0978860027289377
D220M,-0.854106400197998,0.676853310701774,test,1.5309597108997721
D220N,-0.2747105405554876,0.750703207865829,test,1.0254137484213166
D220P,-0.950877240655127,0.0600579711917497,test,1.0109352118468766
D220Q,0.27205346901911975,0.794832700366826,test,0.5227792313477062
D220R,-0.2540834569219331,0.0925276371984742,test,0.34661109412040736
D220S,-0.3320475458586841,0.622818312602615,test,0.9548658584612991
D220T,-0.49270588977873986,0.361330560487821,test,0.8540364502665608
D220V,-0.6518260372116517,0.490123941830653,test,1.1419499790423047
D220W,-1.0168086350775318,0.68314027808892,test,1.6999489131664518
D220Y,-0.7187964559174199,0.542115481424092,test,1.260911937341512
D235A,0.3994524877629836,1.04832166264269,train,0.6488691748797065
D235C,-0.766079341103436,0.881536285372176,test,1.6476156264756119
D235E,0.09392573531613882,0.990045175648152,test,0.8961194403320132
D235F,-0.7390651853409599,0.0544319019541344,test,0.7934970872950943
D235G,0.18947802049895093,0.868406300644262,test,0.6789282801453111
D235H,-0.24572845466946655,0.101582769180784,test,0.34731122385025054
D235I,-0.5041060090415866,0.0886328276371857,test,0.5927388366787724
D235K,-0.25965303700629894,0.0607014360315247,test,0.3203544730378236
D235L,-0.6211360879137823,0.0963733559565254,test,0.7175094438703077
D235M,-0.9678439429454934,0.0825254822622648,test,1.0503694252077582
D235N,-0.2195091432309034,0.86262996928769,test,1.0821391125185933
D235P,-0.09570566961011226,0.107094424263671,test,0.20280009387378325
D235Q,-0.29148386686569727,0.264939558784869,test,0.5564234256505662
D235R,-0.016721397723680503,0.106100673178806,test,0.12282207090248651
D235S,0.13335836620248612,0.981388210672097,test,0.8480298444696109
D235T,-0.15305699510861567,0.767446928010656,test,0.9205039231192716
D235V,-0.3364315876218015,0.781485697208347,test,1.1179172848301486
D235W,-0.8668772872579752,0.0732569631920594,test,0.9401342504500346
D235Y,-0.9083870268678397,0.0830988468189194,test,0.9914858736867591
D236A,-0.04474257724052175,0.790304391446266,train,0.8350469686867877
D236C,-0.8010083178298449,0.945013769391924,test,1.7460220872217689
D236E,-0.24565975209351829,0.882190467807656,test,1.1278502199011742
D236F,-0.21174912559492784,0.575008896617633,test,0.7867580222125609
D236G,-0.10961274260849971,0.733807736467772,test,0.8434204790762717
D236H,-0.9267056718284622,0.852123414676511,test,1.7788290865049732
D236I,-0.7395029045040994,0.495809894643948,test,1.2353127991480473
D236K,-0.45974643141770544,0.30755638977854,test,0.7673028211962454
D236L,-0.7568585626422658,0.589623210547733,test,1.346481773189999
D236M,-1.00106944877571,0.774725005023262,test,1.775794453798972
D236N,-0.10420629047723504,0.931171157508039,test,1.035377447985274
D236P,-0.7025875841199708,0.0716499892959226,test,0.7742375734158934
D236Q,-0.27784250567311763,0.797068143016997,test,1.0749106486901145
D236R,-0.2876037728487745,0.410194796619628,test,0.6977985694684025
D236S,0.08107700673036936,0.912318680189011,test,0.8312416734586416
D236T,0.04352225276397062,0.926825035469321,test,0.8833027827053505
D236V,-0.9754462452045133,0.687169444753003,test,1.6626156899575162
D236W,-0.9329771891084943,0.594986152988741,test,1.5279633420972352
D236Y,-0.6132814392541336,0.662738085447751,test,1.2760195247018846
D263A,-1.161608330275709,0.147745677697609,train,1.309354007973318
D263C,-0.8713865532933934,0.196334064988577,test,1.0677206182819705
D263E,-1.0766196577546203,0.242862670821977,test,1.3194823285765973
D263F,-1.691569769134111,0.0870293903712845,test,1.7785991595053954
D263G,-0.9249211815142598,0.0969128394830661,test,1.021834020997326
D263H,-1.691569769134111,0.0685564231427333,test,1.7601261922768443
D263I,-0.9913224921555245,0.114029263480116,test,1.1053517556356405
D263K,-1.4780429759247011,0.0765725050893931,test,1.5546154810140942
D263L,-1.099572759797678,0.0816239631358393,test,1.1811967229335174
D263M,-1.109511674090158,0.0895562425338144,test,1.1990679166239724
D263N,-0.6957812822280983,0.270061604944313,test,0.9658428871724114
D263P,-1.2040198369434456,0.0724711118025664,test,1.276490948746012
D263Q,-1.122632802158187,0.198440374363148,test,1.321073176521335
D263R,-1.516003147899251,0.0903645409109749,test,1.6063676888102258
D263S,-0.7425182638371156,0.129053490310141,test,0.8715717541472566
D263T,-0.9037427044547596,0.196526049491821,test,1.1002687539465805
D263V,-0.8131475577518982,0.153895480729323,test,0.9670430384812212
D263W,-1.691569769134111,0.04629907496025,test,1.737868844094361
D263Y,-1.4669562468584265,0.0495671710667393,test,1.5165234179251659
D281A,0.4199075857933533,0.961537741228653,train,0.5416301554352997
D281C,0.03893830518473221,0.932962808116991,test,0.8940245029322588
D281E,0.531024702195822,0.991637932546985,test,0.46061323035116297
D281F,-0.4673640865780987,0.860569905628242,test,1.3279339922063407
D281G,0.7939333401728029,0.980881566394035,test,0.18694822622123208
D281H,0.38666892000760955,0.94637936650784,test,0.5597104465002305
D281I,-0.2951376728837779,0.896823485343231,test,1.1919611582270089
D281K,0.6824267417586826,0.953840984522255,test,0.2714142427635724
D281L,-0.12806843311569724,0.925678442435131,test,1.0537468755508281
D281M,-0.07263152056787656,0.899227406863384,test,0.9718589274312606
D281N,0.9086435771183351,1.02137249494089,test,0.1127289178225549
D281P,0.5952709800841253,0.662704245519238,test,0.06743326543511274
D281Q,0.2921183696873012,0.958029195144957,test,0.6659108254576558
D281R,0.6717367681100904,0.926357633535531,test,0.2546208654254406
D281S,0.6337854086861371,0.943366545869664,test,0.30958113718352687
D281T,0.3659405686175724,0.938654201039873,test,0.5727136324223006
D281V,-0.02209146053374264,0.910686879854592,test,0.9327783403883346
D281W,-0.4673640865780987,0.824876746437471,test,1.2922408330155697
D281Y,0.043898154313676635,0.922747214845415,test,0.8788490605317384
D336A,-0.08996546010148018,0.73888688597925,train,0.8288523460807302
D336C,-0.5975455371804527,0.638703789335561,test,1.2362493265160137
D336E,0.48364480165362134,0.902269491166542,test,0.41862468951292064
D336F,-0.5616152354915082,0.092554729113615,test,0.6541699646051231
D336G,-0.08178411630256507,0.809534141827879,test,0.8913182581304441
D336H,-0.3757355851360028,0.947599526182201,test,1.3233351113182037
D336I,-0.2675326400849197,0.0750936391860917,test,0.3426262792710114
D336K,-0.18518934823944763,0.240454526921616,test,0.4256438751610636
D336L,-0.2842336460806386,0.544678980449793,test,0.8289126265304316
D336M,-0.455406937045843,1.06638359225041,test,1.5217905292962528
D336N,-0.2291793364632667,0.897286684139316,test,1.1264660206025827
D336P,-0.39473562070618795,0.120171883418566,test,0.514907504124754
D336Q,-0.29783355556370095,0.963676920596472,test,1.261510476160173
D336R,-0.30433802772911667,0.105585659891665,test,0.4099236876207817
D336S,-0.11850468354609087,0.698735052989217,test,0.8172397365353079
D336T,0.029026260103858142,0.668722156651042,test,0.6396958965471838
D336V,-0.08024182183582015,0.149512185431543,test,0.22975400726736314
D336W,-0.6136234704035773,0.153866353986795,test,0.7674898243903723
D336Y,-0.5539081760137735,1.14045399111098,test,1.6943621671247535
D346A,0.2374482713377987,1.00072019501555,train,0.7632719236777513
D346C,0.0065285881173867966,1.00415837093493,test,0.9976297828175432
D346E,0.0065285881173867966,1.0102436440574,test,1.0037150559400132
D346F,0.0065285881173867966,1.02513487363355,test,1.018606285516163
D346G,0.0065285881173867966,0.987918484858829,test,0.9813898967414423
D346H,0.0065285881173867966,0.995676408442265,test,0.9891478203248782
D346I,0.0065285881173867966,0.93816121952985,test,0.9316326314124632
D346K,0.0065285881173867966,0.994116417935214,test,0.9875878298178272
D346L,0.0065285881173867966,0.96327421157623,test,0.9567456234588433
D346M,0.0065285881173867966,1.0034168326569,test,0.9968882445395132
D346N,0.0065285881173867966,1.01161790807682,test,1.005089319959433
D346P,0.0065285881173867966,1.01550424019439,test,1.008975652077003
D346Q,0.0065285881173867966,0.999940148717066,test,0.9934115605996793
D346R,0.0065285881173867966,1.00729036052034,test,1.0007617724029532
D346S,0.0065285881173867966,0.991622623089538,test,0.9850940349721512
D346T,0.0065285881173867966,0.992903991470811,test,0.9863754033534242
D346V,0.0065285881173867966,0.976213361163382,test,0.9696847730459952
D346W,0.0065285881173867966,0.942470674427605,test,0.9359420863102182
D346Y,0.0065285881173867966,0.949877842376337,test,0.9433492542589502
D401A,-0.3590458568491023,0.614065937371574,train,0.9731117942206763
D401C,-0.921040752295286,0.713030964971854,test,1.63407171726714
D401E,-0.24807980113670278,0.874043231351829,test,1.1221230324885318
D401F,-0.713355481846777,0.577680215811452,test,1.291035697658229
D401G,0.053509620282172016,0.784730765168971,test,0.731221144886799
D401H,-0.34348611149996733,0.714801224129938,test,1.0582873356299052
D401I,-0.7994379338056715,0.509084150305686,test,1.3085220841113574
D401K,-0.1490435303501648,0.753800933641188,test,0.9028444639913529
D401L,-0.23043262130416972,0.749874213600258,test,0.9803068349044277
D401M,-0.23228759400788088,0.779580614875302,test,1.0118682088831827
D401N,-0.47721318972037474,0.793110991691592,test,1.2703241814119668
D401P,-0.6062021073442375,0.159749659927756,test,0.7659517672719935
D401Q,-0.18923062999200754,0.71649856572464,test,0.9057291957166476
D401R,-0.29124625838170315,0.560377345523061,test,0.8516236039047641
D401S,-0.20208286219847724,0.721751410673594,test,0.9238342728720713
D401T,-0.5802485471910591,0.602264475124663,test,1.182513022315722
D401V,-0.7923828760447437,0.420489637267743,test,1.2128725133124867
D401W,-0.3928832013499214,0.702180436053703,test,1.0950636374036242
D401Y,-0.6890636803421882,0.632127692445318,test,1.3211913727875062
D419A,0.9663304732373846,0.966416285247568,train,8.581201018331708e-05
D419C,-0.009358752496469641,0.982368369031857,test,0.9917271215283266
D419E,1.107796264790949,0.985565624473968,test,0.12223064031698094
D419F,-0.06063208984586796,0.936411717062209,test,0.997043806908077
D419G,0.5934467847394541,0.986868133650065,test,0.39342134891061087
D419H,0.4392528913781423,0.957951001429058,test,0.5186981100509157
D419I,0.14832319393766694,0.956064107480488,test,0.8077409135428211
D419K,0.8687813707204911,0.971076398028083,test,0.10229502730759188
D419L,0.6370254975363886,0.979037756353492,test,0.3420122588171034
D419M,0.29911842801194555,0.952839176923354,test,0.6537207489114084
D419N,0.5597751466284838,0.967392899686379,test,0.40761775305789516
D419P,0.23285838120871252,0.146907444380356,test,0.08595093682835653
D419Q,1.0041791792733081,0.990253376421707,test,0.013925802851601166
D419R,0.6011407294859571,0.932744380160843,test,0.33160365067488595
D419S,0.8871151352294079,0.969228036317397,test,0.08211290108798908
D419T,0.4708098719057393,0.957873988800851,test,0.48706411689511164
D419V,0.20875944657761428,0.956537668901102,test,0.7477782223234878
D419W,-0.3171190376372962,0.878900974274551,test,1.1960200119118474
D419Y,0.09712577031443073,0.951363099448435,test,0.8542373291340043
D425A,0.4226076037565548,0.941086427866382,train,0.5184788241098272
D425C,-0.3570298222229068,0.923958976142759,test,1.2809887983656658
D425E,1.0306330671977133,0.997689316519571,test,0.03294375067814226
D425F,-0.6880604121721902,0.788046965499323,test,1.476107377671513
D425G,-0.10054234677921356,0.892673547326655,test,0.9932158941058686
D425H,-0.06392346287316761,0.945750999648768,test,1.0096744625219356
D425I,-0.04551832950685983,0.883889294918183,test,0.9294076244250429
D425K,0.20357924854382384,0.978334747854149,test,0.7747554993103252
D425L,-0.06770201224809055,0.923188301636924,test,0.9908903138850146
D425M,-0.20608940420923302,0.959662853904075,test,1.165752258113308
D425N,0.030120489026301073,0.940490636471428,test,0.910370147445127
D425P,-0.19409259204303572,0.865854871419639,test,1.0599474634626747
D425Q,0.2714451421988541,0.994556429535626,test,0.7231112873367719
D425R,0.2733110731592726,0.919677246779918,test,0.6463661736206454
D425S,0.26809814417648303,1.01752943087767,test,0.7494312867011869
D425T,0.2799292878894578,0.972976649839702,test,0.6930473619502442
D425V,0.23282793786362946,0.952481094668812,test,0.7196531568051826
D425W,-0.40777601681312337,0.891874392774547,test,1.2996504095876704
D425Y,-0.4034581781079324,0.905058768862011,test,1.3085169469699434
D443A,0.18306292328504595,0.968566908389458,train,0.7855039851044121
D443C,-0.020664085908989577,0.958127192773051,test,0.9787912786820406
D443E,-0.020664085908989577,0.90350985321074,test,0.9241739391197296
D443F,-0.020664085908989577,0.906986661087264,test,0.9276507469962536
D443G,-0.020664085908989577,0.857825212689254,test,0.8784892985982437
D443H,-0.020664085908989577,0.940208728047628,test,0.9608728139566176
D443I,-0.020664085908989577,0.946664049799733,test,0.9673281357087226
D443K,-0.020664085908989577,0.842146284226725,test,0.8628103701357146
D443L,-0.020664085908989577,0.902821712580385,test,0.9234857984893746
D443M,-0.020664085908989577,0.942936254170525,test,0.9636003400795146
D443N,-0.020664085908989577,0.903646766685851,test,0.9243108525948406
D443P,-0.020664085908989577,0.868341991274274,test,0.8890060771832636
D443Q,-0.020664085908989577,0.982536816217379,test,1.0032009021263686
D443R,-0.020664085908989577,0.79548418269633,test,0.8161482686053196
D443S,-0.020664085908989577,0.911320176797342,test,0.9319842627063316
D443T,-0.020664085908989577,0.973450497234691,test,0.9941145831436806
D443V,-0.020664085908989577,0.947701172891559,test,0.9683652588005486
D443W,-0.020664085908989577,0.675052863484914,test,0.6957169493939036
D443Y,-0.020664085908989577,0.938356730062477,test,0.9590208159714666
D445A,0.10202418752635337,0.920655811155351,train,0.8186316236289977
D445C,-0.06118345378833587,0.918212952029522,test,0.9793964058178579
D445E,-0.06118345378833587,0.954347620287434,test,1.01553107407577
D445F,-0.06118345378833587,0.892234094674283,test,0.953417548462619
D445G,-0.06118345378833587,0.92829443469107,test,0.9894778884794059
D445H,-0.06118345378833587,0.940856609017094,test,1.0020400628054298
D445I,-0.06118345378833587,0.852657112962385,test,0.9138405667507209
D445K,-0.06118345378833587,0.879538101182173,test,0.9407215549705089
D445L,-0.06118345378833587,0.867385482230415,test,0.9285689360187509
D445M,-0.06118345378833587,0.902529499242847,test,0.9637129530311829
D445N,-0.06118345378833587,0.9778923378426,test,1.0390757916309359
D445P,-0.06118345378833587,0.604670040018612,test,0.6658534938069479
D445Q,-0.06118345378833587,0.931592401032188,test,0.9927758548205239
D445R,-0.06118345378833587,0.892520506656692,test,0.9537039604450279
D445S,-0.06118345378833587,0.946154752853834,test,1.0073382066421699
D445T,-0.06118345378833587,0.939515889048028,test,1.0006993428363637
D445V,-0.06118345378833587,0.871941226574996,test,0.9331246803633318
D445W,-0.06118345378833587,0.85364543080133,test,0.9148288845896659
D445Y,-0.06118345378833587,0.876587451298794,test,0.9377709050871299
D459A,0.2593899877778544,1.01369240762477,train,0.7543024198469156
D459C,0.017499446337414654,0.969774043053469,test,0.9522745967160544
D459E,0.017499446337414654,1.00231648579804,test,0.9848170394606254
D459F,0.017499446337414654,0.996885221997795,test,0.9793857756603803
D459G,0.017499446337414654,1.00114711783531,test,0.9836476714978953
D459H,0.017499446337414654,0.996213360539512,test,0.9787139142020974
D459I,0.017499446337414654,1.00430829942806,test,0.9868088530906455
D459K,0.017499446337414654,0.996828008124818,test,0.9793285617874034
D459L,0.017499446337414654,0.981542830444892,test,0.9640433841074774
D459M,0.017499446337414654,1.01732353173375,test,0.9998240853963353
D459N,0.017499446337414654,1.01760494268526,test,1.0001054963478453
D459P,0.017499446337414654,0.985885973188767,test,0.9683865268513524
D459Q,0.017499446337414654,1.02430402969955,test,1.0068045833621353
D459R,0.017499446337414654,0.97024290496268,test,0.9527434586252653
D459S,0.017499446337414654,0.973047479278467,test,0.9555480329410524
D459T,0.017499446337414654,0.972896844420251,test,0.9553973980828364
D459V,0.017499446337414654,1.00289634604592,test,0.9853968997085053
D459W,0.017499446337414654,0.971499603336584,test,0.9540001569991694
D459Y,0.017499446337414654,0.980179618937314,test,0.9626801725998994
D61A,-0.7421388634506622,0.414855832925984,train,1.1569946963766462
D61C,-1.280136213531453,0.824956915474937,test,2.1050931290063897
D61E,-0.44027751278144833,0.641590769374373,test,1.0818682821558214
D61F,-1.2418760696491147,0.118698218483567,test,1.3605742881326817
D61G,-0.7016787748668184,0.634225849150874,test,1.3359046240176924
D61H,-0.8465215958491158,0.42326217349731,test,1.2697837693464258
D61I,-0.9360744422779125,0.331332170046334,test,1.2674066123242465
D61K,-0.36937662791048564,0.379879581004923,test,0.7492562089154087
D61L,-0.7990013710870668,0.398828043158013,test,1.1978294142450798
D61M,-0.9790311850675683,0.646064167338467,test,1.6250953524060354
D61N,-0.5269983145017315,0.891480686021777,test,1.4184790005235084
D61P,-0.41163161990974195,0.271488494421186,test,0.683120114330928
D61Q,-0.6187066244200276,0.732972610127665,test,1.3516792345476927
D61R,-0.5168847357435696,0.525264360891123,test,1.0421490966346927
D61S,-0.42079262121448735,0.764843173641631,test,1.1856357948561183
D61T,-0.31258047774465536,0.852449713923173,test,1.1650301916678285
D61V,-0.7622357035339652,0.253569032553103,test,1.0158047360870681
D61W,-1.2623363788734887,0.226008869801277,test,1.4883452486747657
D61Y,-0.9146150071383382,0.371950591221274,test,1.2865655983596123
D62A,0.39422345396638614,0.994203033895514,train,0.5999795799291279
D62C,-0.6561671644802723,0.991759622619082,test,1.6479267870993544
D62E,0.40977749711687894,0.962976025054725,test,0.5531985279378461
D62F,-0.1257287446905003,0.960766478865131,test,1.0864952235556313
D62G,0.29705896400863774,0.978404327174158,test,0.6813453631655203
D62H,0.02964363567532549,0.99561345531531,test,0.9659698196399845
D62I,-0.21085029361697524,0.972941699369075,test,1.1837919929860503
D62K,0.17391679760929227,1.01613849374185,test,0.8422216961325578
D62L,-0.003078232347530324,0.982172331087457,test,0.9852505634349874
D62M,-0.3216344991889656,0.974924461352608,test,1.2965589605415735
D62N,0.014217285397368024,1.01821237052475,test,1.003995085127382
D62P,0.13274758494919117,0.981803068036452,test,0.8490554830872609
D62Q,0.07693574754920865,1.01693445258217,test,0.9399987050329613
D62R,0.061942613141359765,1.00494386115523,test,0.9430012480138702
D62S,0.23003600461776555,1.00813870684993,test,0.7781027022321644
D62T,-0.056364020478270355,0.989514207233379,test,1.0458782277116494
D62V,-0.24549435935585992,0.953025331858601,test,1.198519691214461
D62W,-0.15737430957813667,0.954118550650026,test,1.1114928602281626
D62Y,-0.15073923589944224,0.971866524013024,test,1.1226057599124661
D68A,0.19206260360753694,0.982078833689844,train,0.7900162300823071
D68C,-0.09501908187543714,0.808137729821312,test,0.9031568116967492
D68E,-0.06906678681143882,0.159968234377313,test,0.22903502118875183
D68F,-0.3201741935347634,0.0664700250621451,test,0.3866442185969085
D68G,0.28036339017292067,0.781377475292975,test,0.5010140851200543
D68H,-0.16040419348121157,0.353343783773485,test,0.5137479772546966
D68I,-0.150990398483238,0.235944543410286,test,0.386934941893524
D68K,0.12063008189326721,0.194500729741489,test,0.07387064784822178
D68L,0.03606862547616321,0.0533557970817967,test,0.017287171605633485
D68M,-0.008504538946821988,0.308218448507698,test,0.31672298745452
D68N,0.17678713229765078,0.691249859587906,test,0.5144627272902552
D68P,-0.1335360276938292,0.81036872564336,test,0.9439047533371893
D68Q,0.09016344471744167,0.218873906750769,test,0.12871046203332734
D68R,0.1485291120989253,0.226445359575852,test,0.07791624747692669
D68S,0.17931584595158837,0.69133651201078,test,0.5120206660591916
D68T,-0.0764823931935886,0.482437989592067,test,0.5589203827856556
D68V,-0.02518450605483155,0.151977428330556,test,0.17716193438538755
D68W,-0.8589474860698133,0.114266521057005,test,0.9732140071268183
D68Y,-0.8589474860698133,0.131653601160096,test,0.9906010872299094
D75A,-0.08563329142106144,0.731797709938365,train,0.8174310013594265
D75C,-0.5142656958632065,0.878000609512399,test,1.3922663053756055
D75E,0.1848355630713329,0.781626056673985,test,0.5967904936026521
D75F,-0.4719266079382164,0.559558428321604,test,1.0314850362598205
D75G,0.36238695727345027,0.307675599653785,test,0.05471135761966528
D75H,-0.28592534011698445,0.822574203830485,test,1.1084995439474694
D75I,-0.4255424482148563,0.644716634674535,test,1.0702590828893914
D75K,0.007778453609139341,0.592637443207534,test,0.5848589895983947
D75L,-0.3215834924875679,0.552800706946469,test,0.8743841994340369
D75M,-0.7166673048050102,0.693236958559369,test,1.4099042633643792
D75N,0.13730334867785357,0.887714049197986,test,0.7504107005201325
D75P,-0.0074788234027568234,0.0760176912657127,test,0.08349651466846952
D75Q,-0.16321013074648713,0.814086777641775,test,0.9772969083882621
D75R,-0.12640773612301745,0.533021893409716,test,0.6594296295327334
D75S,-0.10961299328078264,0.789625015614648,test,0.8992380088954307
D75T,-0.21057104221405284,0.538961525067385,test,0.7495325672814379
D75V,-0.23218255407478092,0.701486684861487,test,0.933669238936268
D75W,-0.684121278195556,0.730653696008536,test,1.414774974204092
D75Y,-0.4504182698431717,0.630563899515255,test,1.0809821693584267
D91A,-0.4692408529148041,0.589258215811917,train,1.058499068726721
D91C,-0.6666055094408397,0.921233065744236,test,1.5878385751850757
D91E,-0.045650839923754155,0.935590751132626,test,0.9812415910563802
D91F,-0.8608366278634144,0.107775533528809,test,0.9686121613922234
D91G,-0.17960386498587896,0.68166887267462,test,0.8612727376604989
D91H,-0.6391345071229336,0.100168918890774,test,0.7393034260137077
D91I,-0.7892507342933358,0.123769767791256,test,0.9130205020845918
D91K,-0.5417138884269862,0.100304326419839,test,0.6420182148468252
D91L,-0.6191160833386616,0.0554349702572888,test,0.6745510535959505
D91M,-0.7439289401874015,0.157555341711379,test,0.9014842818987805
D91N,-0.4055419400189003,0.318926811485086,test,0.7244687515039863
D91P,-0.5000676707412607,0.088600684784657,test,0.5886683555259177
D91Q,-0.5241741474495706,0.892831485405669,test,1.4170056328552396
D91R,-0.5135818919692857,0.108449955668453,test,0.6220318476377387
D91S,-0.2557468997274984,0.77669825623447,test,1.0324451559619683
D91T,-0.5253919423542376,0.0870083645638114,test,0.612400306918049
D91V,-0.5487689928510407,0.063464458221359,test,0.6122334510723998
D91W,-0.7758162683233033,0.0573893939914292,test,0.8332056623147325
D91Y,-0.7448473428838772,0.132431925244915,test,0.8772792681287922
D96A,-0.013549505748955276,0.852327222309808,train,0.8658767280587633
D96C,-0.11897030042599108,0.957353881321693,test,1.076324181747684
D96E,-0.11897030042599108,0.986480076369043,test,1.105450376795034
D96F,-0.11897030042599108,0.89378922773664,test,1.0127595281626312
D96G,-0.11897030042599108,0.95827170337154,test,1.077242003797531
D96H,-0.11897030042599108,0.917302048677655,test,1.036272349103646
D96I,-0.11897030042599108,0.646493324331203,test,0.7654636247571941
D96K,-0.11897030042599108,0.873872349052239,test,0.9928426494782301
D96L,-0.11897030042599108,0.78520958614754,test,0.9041798865735311
D96M,-0.11897030042599108,0.853815231742928,test,0.972785532168919
D96N,-0.11897030042599108,1.01142913025518,test,1.130399430681171
D96P,-0.11897030042599108,0.110790551049125,test,0.22976085147511607
D96Q,-0.11897030042599108,0.907661340631789,test,1.02663164105778
D96R,-0.11897030042599108,0.811995241367467,test,0.9309655417934581
D96S,-0.11897030042599108,1.00049734018744,test,1.119467640613431
D96T,-0.11897030042599108,0.959060101182902,test,1.078030401608893
D96V,-0.11897030042599108,0.708502864184043,test,0.8274731646100341
D96W,-0.11897030042599108,0.702769277863813,test,0.8217395782898042
D96Y,-0.11897030042599108,0.798963548808316,test,0.9179338492343071
E119A,0.5440338662171041,0.968922147542607,train,0.4248882813255028
E119C,-0.21153240150035688,0.939310128744253,test,1.15084253024461
E119D,0.3787389396500572,0.944118013061723,test,0.5653790734116658
E119F,-0.14102025915089586,0.875229826948813,test,1.0162500860997088
E119G,0.08992641601225562,0.911261325490434,test,0.8213349094781784
E119H,0.0007738347063061257,0.933608875325493,test,0.9328350406191869
E119I,0.20395069604003316,0.786414905098397,test,0.5824642090583638
E119K,0.2428621606367273,0.878088309294955,test,0.6352261486582277
E119L,-0.04088311290587607,0.968545575372599,test,1.009428688278475
E119M,-0.26850733544888816,0.927682306635262,test,1.1961896420841502
E119N,0.11504427049800339,0.865958396346034,test,0.7509141258480306
E119P,0.04581217963915987,0.123182005222723,test,0.07736982558356313
E119Q,0.19534217796456735,0.967611941125282,test,0.7722697631607147
E119R,0.3001862233038942,0.886465973568832,test,0.5862797502649378
E119S,0.1939439283783614,0.933807137355588,test,0.7398632089772266
E119T,0.1374838600010563,0.867531187948196,test,0.7300473279471397
E119V,0.35395160008185445,0.84268069380327,test,0.4887290937214156
E119W,-0.3175861143839217,0.817848463358509,test,1.1354345777424308
E119Y,-0.10541417385463556,0.90879253019374,test,1.0142067040483755
E130A,0.5975463048590673,0.983146445264291,train,0.3856001404052236
E130C,-0.049821388453889476,0.940367986901632,test,0.9901893753555215
E130D,0.43170233151599613,0.992614988917674,test,0.5609126574016778
E130F,-0.028461800039039836,0.925032649977857,test,0.9534944500168968
E130G,0.4439562433449403,0.961386776809683,test,0.5174305334647427
E130H,0.38560413439320984,0.977754108034443,test,0.5921499736412331
E130I,0.2898234027008254,0.919593222460692,test,0.6297698197598666
E130K,0.7749218656604492,0.963531872322946,test,0.18861000666249683
E130L,0.4724976381355074,0.923983557339805,test,0.4514859192042976
E130M,-0.042408415547101036,0.926502914717743,test,0.9689113302648441
E130N,0.4168381089775718,0.957150153724449,test,0.5403120447468772
E130P,1.453344737447399,1.01588717835855,test,0.437457559088849
E130Q,0.6033704667798007,0.979405301847028,test,0.37603483506722735
E130R,0.9149712194741327,0.961538773769379,test,0.04656755429524628
E130S,0.6153154924486747,0.976446994876751,test,0.36113150242807635
E130T,0.49265400988409136,0.950512108720709,test,0.45785809883661766
E130V,0.49125018285790356,0.945899599375248,test,0.4546494165173445
E130W,-0.037037295777233886,0.945501358818904,test,0.9825386545961379
E130Y,0.26355944980675405,0.939100237868629,test,0.6755407880618749
E14A,-0.9699610331979284,0.286884964870421,train,1.2568459980683493
E14C,-0.5971760641504761,0.0780448508926562,test,0.6752209150431323
E14D,-0.5971760641504761,0.608012575128685,test,1.205188639279161
E14F,-0.5971760641504761,0.128133307013943,test,0.7253093711644191
E14G,-0.5971760641504761,0.148984381305413,test,0.7461604454558891
E14H,-0.5971760641504761,0.574031020737193,test,1.1712070848876692
E14I,-0.5971760641504761,0.150595113815784,test,0.7477711779662601
E14K,-0.5971760641504761,0.0414152329398166,test,0.6385912970902927
E14L,-0.5971760641504761,0.0783658343942455,test,0.6755418985447216
E14M,-0.5971760641504761,0.105147158126572,test,0.7023232222770481
E14N,-0.5971760641504761,0.261729153689798,test,0.8589052178402741
E14P,-0.5971760641504761,0.199717112199692,test,0.7968931763501681
E14Q,-0.5971760641504761,0.86020055524951,test,1.457376619399986
E14R,-0.5971760641504761,0.134879939811445,test,0.732056003961921
E14S,-0.5971760641504761,0.116197354357507,test,0.7133734185079831
E14T,-0.5971760641504761,0.229981426910382,test,0.8271574910608581
E14V,-0.5971760641504761,0.184701075094624,test,0.7818771392451
E14W,-0.5971760641504761,0.142774623714296,test,0.7399506878647721
E14Y,-0.5971760641504761,0.087631659155303,test,0.6848077233057791
E154A,0.23713906189663683,1.00053738659114,train,0.7633983246945032
E154C,0.00637398339680631,0.991617142581835,test,0.9852431591850287
E154D,0.00637398339680631,0.977608837503423,test,0.9712348541066167
E154F,0.00637398339680631,0.963577812913951,test,0.9572038295171447
E154G,0.00637398339680631,0.982079653909947,test,0.9757056705131407
E154H,0.00637398339680631,0.980428121359253,test,0.9740541379624467
E154I,0.00637398339680631,1.0011604603415,test,0.9947864769446938
E154K,0.00637398339680631,0.976640446563524,test,0.9702664631667177
E154L,0.00637398339680631,0.990872734937943,test,0.9844987515411368
E154M,0.00637398339680631,0.990417606166389,test,0.9840436227695827
E154N,0.00637398339680631,0.963578860858372,test,0.9572048774615657
E154P,0.00637398339680631,1.00342027852576,test,0.9970462951289537
E154Q,0.00637398339680631,1.01290595822447,test,1.0065319748276635
E154R,0.00637398339680631,0.964838390675353,test,0.9584644072785468
E154S,0.00637398339680631,1.0019301771655,test,0.9955561937686938
E154T,0.00637398339680631,1.00740378806206,test,1.0010298046652537
E154V,0.00637398339680631,0.977674080436915,test,0.9713000970401087
E154W,0.00637398339680631,0.935172012529298,test,0.9287980291324918
E154Y,0.00637398339680631,0.942939141584218,test,0.9365651581874117
E15A,0.19398861977804996,0.975026314525616,train,0.781037694747566
E15C,-0.015201237662486683,0.875314138508374,test,0.8905153761708607
E15D,-0.015201237662486683,0.946692760871155,test,0.9618939985336417
E15F,-0.015201237662486683,0.76851385544887,test,0.7837150931113567
E15G,-0.015201237662486683,0.885520329982785,test,0.9007215676452717
E15H,-0.015201237662486683,0.908336222388054,test,0.9235374600505407
E15I,-0.015201237662486683,0.88865155502429,test,0.9038527926867768
E15K,-0.015201237662486683,0.94399878727347,test,0.9592000249359567
E15L,-0.015201237662486683,0.844228111938511,test,0.8594293496009977
E15M,-0.015201237662486683,0.828233480633725,test,0.8434347182962117
E15N,-0.015201237662486683,0.899894646608686,test,0.9150958842711727
E15P,-0.015201237662486683,0.844354362265691,test,0.8595555999281778
E15Q,-0.015201237662486683,0.957233300172445,test,0.9724345378349317
E15R,-0.015201237662486683,0.90263946946518,test,0.9178407071276667
E15S,-0.015201237662486683,0.925207847007643,test,0.9404090846701297
E15T,-0.015201237662486683,0.893975728524915,test,0.9091769661874017
E15V,-0.015201237662486683,0.889659199966982,test,0.9048604376294687
E15W,-0.015201237662486683,0.81098696294923,test,0.8261882006117167
E15Y,-0.015201237662486683,0.875928081412994,test,0.8911293190754808
E178A,0.6126999613200922,0.970602959056742,train,0.3579029977366498
E178C,-0.22790139495252978,0.928160890700871,test,1.1560622856534009
E178D,1.1465735398190422,1.01144741728023,test,0.1351261225388123
E178F,-0.1984720066677331,0.759865862913978,test,0.9583378695817111
E178G,0.4369246377451296,0.893892885256443,test,0.4569682475113134
E178H,0.3518245951352791,0.966027837686388,test,0.6142032425511089
E178I,0.18965948812611325,0.741350820625514,test,0.5516913324994008
E178K,0.7893583813216579,0.962598974438592,test,0.17324059311693407
E178L,0.24863474144044476,0.854518490185289,test,0.6058837487448443
E178M,-0.03293591619147071,0.933881658928467,test,0.9668175751199377
E178N,0.47017594798229345,0.971674669262188,test,0.5014987212798946
E178P,0.03602717550880877,0.0612303091900727,test,0.02520313368126393
E178Q,0.7614889020358034,0.977345467072139,test,0.21585656503633555
E178R,0.5922714231872322,0.961215172499386,test,0.3689437493121538
E178S,0.34338449903626744,1.03651816248851,test,0.6931336634522426
E178T,0.4365124866866902,0.959715466375665,test,0.5232029796889748
E178V,0.24002931250376727,0.878709354661462,test,0.6386800421576948
E178W,-0.14319667974907388,0.76891274756944,test,0.9121094273185139
E178Y,-0.0402836167582675,0.886894755571798,test,0.9271783723300655
E194A,-1.3062173324900235,0.154648385626573,train,1.4608657181165965
E194C,-1.3674031337905517,0.0800380162634251,test,1.4474411500539768
E194D,-0.9946011614946259,0.14117657628233,test,1.1357777377769558
E194F,-1.3674031337905517,0.129608601892273,test,1.4970117356828248
E194G,-1.3592346631465253,0.196076714541948,test,1.5553113776884733
E194H,-0.7194792239627982,0.110519927221244,test,0.8299991511840422
E194I,-1.0769186253001617,0.0822422637870379,test,1.1591608890871996
E194K,-0.8879709861189217,0.151940588398248,test,1.0399115745171696
E194L,-1.0746725916753934,0.110808171560283,test,1.1854807632356765
E194M,-1.1952531285711732,0.0661741983075613,test,1.2614273268787344
E194N,-1.3674031337905517,0.088093883251321,test,1.4554970170418726
E194P,-0.9157238119782897,0.0847559287561535,test,1.0004797407344432
E194Q,-0.5801383186933381,0.0712043252978449,test,0.651342643991183
E194R,-1.3674031337905517,0.155963218454786,test,1.5233663522453376
E194S,-1.3674031337905517,0.044259702476088,test,1.4116628362666397
E194T,-0.8888613602302095,0.153363138265003,test,1.0422244984952125
E194V,-1.1840416597974837,0.0461826350303455,test,1.2302242948278292
E194W,-1.3674031337905517,0.0731299917907195,test,1.4405331255812712
E194Y,-1.3674031337905517,0.0642004198590787,test,1.4316035536496303
E221A,0.5239393034863294,0.993181830004549,train,0.4692425265182195
E221C,-0.47253467535791793,0.954978591669886,test,1.427513267027804
E221D,0.3165207637935993,1.0017547953498,test,0.6852340315562008
E221F,-0.3588892618204981,0.907064615783568,test,1.265953877604066
E221G,0.08857105917047794,0.884632261642326,test,0.7960612024718481
E221H,-0.0873496508339556,0.938012897622996,test,1.0253625484569515
E221I,0.14947025348734724,0.991457810805318,test,0.8419875573179708
E221K,0.6676126739014184,0.988775087323486,test,0.3211624134220675
E221L,0.08451231846640864,0.921399289808913,test,0.8368869713425043
E221M,-0.07661122211613355,0.986801862518182,test,1.0634130846343155
E221N,-0.2345025549678311,0.963477504088015,test,1.197980059055846
E221P,-0.5245926104868909,0.100972625456849,test,0.6255652359437399
E221Q,0.027899218169785606,1.01660760838865,test,0.9887083902188644
E221R,0.003000511269664635,0.975339578390101,test,0.9723390671204364
E221S,0.252735613303949,0.975594202021545,test,0.722858588717596
E221T,0.059286181998645354,0.971719971838378,test,0.9124337898397327
E221V,0.21606288812773902,0.985129355779248,test,0.769066467651509
E221W,-0.43380220153676363,0.847290409170627,test,1.2810926107073906
E221Y,-0.7163256266646515,0.954551983351128,test,1.6708776100157796
E224A,0.4347447271927153,0.968180320033452,train,0.5334355928407367
E224C,-0.09399141666760066,0.966688000718162,test,1.0606794173857625
E224D,0.20883893539306989,0.983228040860684,test,0.7743891054676142
E224F,-0.049826632364156825,0.946249312913123,test,0.9960759452772798
E224G,0.06035815863984176,0.892809989091045,test,0.8324518304512033
E224H,0.20939290785406342,0.967115432309699,test,0.7577225244556356
E224I,-0.11386945005183144,0.915198945841647,test,1.0290683958934783
E224K,0.18597029619946795,0.992966840406456,test,0.8069965442069881
E224L,-0.041046203346240734,0.95723990562467,test,0.9982861089709107
E224M,0.004300883769007197,0.974448630220888,test,0.9701477464518808
E224N,0.020766710204865785,0.972159679992668,test,0.9513929697878022
E224P,-0.14814524342515853,0.0582152979654163,test,0.20636054139057483
E224Q,0.7763337136671448,0.976875227471612,test,0.20054151380446728
E224R,0.4147016721860731,0.96938997037199,test,0.5546882981859169
E224S,0.27049462910905586,0.974852161221292,test,0.7043575321122362
E224T,0.02743283739588534,0.98925375670996,test,0.9618209193140747
E224V,0.3053269733801792,0.981710671860294,test,0.6763836984801148
E224W,-0.42048694627677363,0.694113073592033,test,1.1146000198688066
E224Y,-0.18749906148911485,0.958673576198225,test,1.1461726376873398
E22A,0.5632053345208529,0.99429320364627,train,0.4310878691254172
E22C,-0.1095239881529467,0.960713628195734,test,1.0702376163486806
E22D,0.6715215613969071,0.954094253221877,test,0.2825726918249699
E22F,-0.31110607196577733,0.689216998545353,test,1.0003230705111303
E22G,0.6360743119954623,0.934612421904837,test,0.2985381099093747
E22H,0.3556140094160233,0.898417539582552,test,0.5428035301665287
E22I,-0.0743539252944346,0.792033815104064,test,0.8663877403984986
E22K,0.925097927049639,0.942531087715533,test,0.017433160665893954
E22L,-0.16097961420424353,0.941458067192673,test,1.1024376813969166
E22M,-0.17357640388716553,0.964831595731365,test,1.1384079996185306
E22N,0.9695471560061711,0.916907385148001,test,0.052639770858170176
E22P,0.27815363396234594,0.132735465378507,test,0.14541816858383894
E22Q,0.97799537467965,1.00174298930052,test,0.02374761462087005
E22R,1.2023222411879975,0.96793331116588,test,0.23438893002211747
E22S,0.7895847070273653,0.921033779410058,test,0.13144907238269277
E22T,0.5900885474798773,0.850894493316728,test,0.2608059458368507
E22V,0.10033422292027852,0.929871576550412,test,0.8295373536301335
E22W,-0.06989048048815091,0.710766697837498,test,0.780657178325649
E22Y,-0.021111785332757677,0.768834288297648,test,0.7899460736304057
E239A,-1.2701279510953467,0.137277949941171,train,1.4074059010365176
E239C,-1.415263006118779,0.238348096264881,test,1.65361110238366
E239D,-0.7207249198638682,0.929744872854773,test,1.6504697927186411
E239F,-1.7469131734933778,0.0888712570407647,test,1.8357844305341424
E239G,-0.9897094146417319,0.0852964809079609,test,1.0750058955496928
E239H,-0.9989796347804737,0.0869251178931074,test,1.085904752673581
E239I,-0.9404590326611099,0.101676430201026,test,1.0421354628621358
E239K,-0.936901205453175,0.0617837060393632,test,0.9986849114925382
E239L,-0.8778865505136076,0.0666539624922628,test,0.9445405130058704
E239M,-1.1170273791865541,0.18429212649556,test,1.301319505682114
E239N,-1.0364017107245116,0.155669788672544,test,1.1920714993970556
E239P,-1.412685033553479,0.117589874682877,test,1.530274908236356
E239Q,-0.720315060483366,0.677308582543795,test,1.3976236430271611
E239R,-0.7206906254578901,0.0722015405167829,test,0.792892165974673
E239S,-0.9667581807190134,0.286980987082849,test,1.2537391678018626
E239T,-0.6183853393064521,0.0784387373141033,test,0.6968240766205555
E239V,-0.775679105370158,0.121332596166446,test,0.897011701536604
E239W,-1.407055710358475,0.0710090485308427,test,1.4780647588893179
E239Y,-1.157049332842648,0.0570186444677465,test,1.2140679773103946
E245A,-0.4782722268998215,0.545774418399102,train,1.0240466452989234
E245C,-0.8218319103263404,0.458001170563119,test,1.2798330808894594
E245D,0.12180798716227828,0.897430007558381,test,0.7756220203961027
E245F,-0.7070748403537251,0.0937268604389451,test,0.8008017007926702
E245G,-0.6248306765410766,0.200363255574518,test,0.8251939321155946
E245H,-0.4604530667528314,0.513651036004411,test,0.9741041027572424
E245I,-0.6544378144420427,0.123904951455846,test,0.7783427658978888
E245K,0.031833943609401644,0.489244504412333,test,0.4574105608029314
E245L,-0.5192533748250708,0.257452750863312,test,0.7767061256883828
E245M,-0.6396388700266481,0.479860116964726,test,1.119498986991374
E245N,-0.25902080746739864,0.657929986487156,test,0.9169507939545546
E245P,-1.251820332143019,0.115158344290635,test,1.366978676433654
E245Q,-0.29012989657193466,0.710639285949891,test,1.0007691825218257
E245R,-0.3023410623855719,0.263217712406649,test,0.5655587747922208
E245S,-0.552691018898748,0.661669710319578,test,1.214360729218326
E245T,-0.6338618526553969,0.790113655481408,test,1.4239755081368048
E245V,-0.5639676756598581,0.131017765144993,test,0.694985440804851
E245W,-0.8712674828969028,0.166665798896886,test,1.0379332817937887
E245Y,-0.4776020042540393,0.23428946627336,test,0.7118914705273993
E249A,0.1329833880790751,0.84618682298144,train,0.7132034349023649
E249C,-0.825221232141199,0.606324805891568,test,1.4315460380327671
E249D,0.34073022265886543,1.00093027113085,test,0.6602000484719847
E249F,-0.7769195386213744,0.27488726910858,test,1.0518068077299545
E249G,0.08859161251165229,0.853539560500296,test,0.7649479479886437
E249H,-0.281212968478452,0.916746539003514,test,1.197959507481966
E249I,-0.6401961812329694,0.0871671189362881,test,0.7273633001692575
E249K,0.3266485790218897,0.98771465073431,test,0.6610660717124203
E249L,-0.4208238620052066,0.457495837851932,test,0.8783196998571385
E249M,-0.6062890484863369,0.570064739264905,test,1.1763537877512418
E249N,0.34449845828657566,1.0061476715941,test,0.6616492133075244
E249P,-0.825221232141199,0.0416765968612019,test,0.866897829002401
E249Q,0.14079071815240166,0.957937272416793,test,0.8171465542643914
E249R,0.32586642627043816,0.947459282097476,test,0.6215928558270378
E249S,0.30578146565523945,0.984410827668604,test,0.6786293620133645
E249T,-0.25715175699597814,0.923318836089329,test,1.1804705930853072
E249V,-0.4039621673492929,0.273164866953037,test,0.6771270343023299
E249W,-0.5526596831529832,0.501594079599051,test,1.054253762752034
E249Y,-0.32511921593476856,0.586213751150035,test,0.9113329670848036
E253A,0.08174751776639036,0.796935831640915,train,0.7151883138745246
E253C,-0.3744918497519242,0.740879392806933,test,1.1153712425588571
E253D,0.32976218161951343,0.918051358812395,test,0.5882891771928815
E253F,-0.14382759617601457,0.446489893110815,test,0.5903174892868296
E253G,0.10334962595618849,0.643967221190606,test,0.5406175952344175
E253H,0.09279513909116291,0.697884914154044,test,0.6050897750628811
E253I,-0.03210390734208998,0.725957333264035,test,0.758061240606125
E253K,0.2598838882333988,0.802574842860602,test,0.5426909546272032
E253L,-0.24779514808855416,0.572732017543797,test,0.8205271656323512
E253M,-0.40859863307376487,0.657543358655306,test,1.0661419917290709
E253N,0.4910397998539838,0.811401395020444,test,0.3203615951664601
E253P,0.5778481001192716,0.738187504079957,test,0.16033940396068547
E253Q,0.057748368585514825,0.823024323007514,test,0.7652759544219992
E253R,0.3200390537717249,0.676884585997184,test,0.3568455322254591
E253S,0.16483381433996827,0.843576146030152,test,0.6787423316901837
E253T,0.0007067340862884353,0.785079252859877,test,0.7843725187735886
E253V,0.2614204202029834,0.698366364968472,test,0.43694594476548865
E253W,-0.7046677564996052,0.268926833186475,test,0.9735945896860803
E253Y,-0.673834431510333,0.521191035297043,test,1.195025466807376
E331A,0.0900832032412954,0.86045168849622,train,0.7703684852549246
E331C,-0.4489952110069003,0.866335686457696,test,1.3153308974645963
E331D,-0.10055046949521293,0.80617706041416,test,0.906727529909373
E331F,-0.057685145351931005,0.961816699423887,test,1.019501844775818
E331G,-0.1543663092527033,0.641305137884339,test,0.7956714471370423
E331H,-0.11843655475869883,0.908081716434359,test,1.0265182711930578
E331I,-0.41915254357263565,0.848215578300358,test,1.2673681218729937
E331K,-0.10893475370437708,0.556839024413368,test,0.6657737781177451
E331L,-0.47214587255878315,0.889515188366283,test,1.3616610609250661
E331M,-0.46889571767141314,0.801574838647397,test,1.2704705563188101
E331N,-0.3809758493118015,0.723765056155332,test,1.1047409054671335
E331P,-0.1871485350312486,0.210512987228081,test,0.3976615222593296
E331Q,-0.034759709556887536,0.935786082470975,test,0.9705457920278625
E331R,-0.22348291126904338,0.654284731104368,test,0.8777676423734114
E331S,0.12206889653670108,0.662177952447847,test,0.540109055911146
E331T,-0.23538934533668185,0.80219387979855,test,1.0375832251352317
E331V,-0.1782662238590301,0.833365652976913,test,1.0116318768359431
E331W,-0.3563853720973523,0.873321111672006,test,1.2297064837693583
E331Y,-0.3561121872165519,0.895148132428287,test,1.2512603196448389
E333A,0.6226726603789589,1.05037959913882,train,0.4277069387598612
E333C,-0.022966448686407265,1.02025260887544,test,1.0432190575618472
E333D,0.8671878842653561,0.999923564890863,test,0.1327356806255069
E333F,0.038456105087013054,1.02070766917738,test,0.982251564090367
E333G,0.7320913266685617,1.01370953327732,test,0.28161820660875836
E333H,0.4874373053607962,0.991002645146841,test,0.5035653397860448
E333I,0.13383420998392573,1.0010801762493,test,0.8672459662653743
E333K,0.3913199181627399,1.02395305644462,test,0.6326331382818801
E333L,0.2066894121561839,0.99195033876959,test,0.7852609266134062
E333M,0.09445102406319719,1.02286788724367,test,0.9284168631804729
E333N,0.4749969623807858,1.00347047376717,test,0.5284735113863842
E333P,0.45608130949519865,0.484529366868233,test,0.028448057373034352
E333Q,0.12605708841572763,1.01078516574674,test,0.8847280773310123
E333R,0.45215257106213624,1.00115911413806,test,0.5490065430759238
E333S,0.652407546613564,1.0207489494356,test,0.36834140282203587
E333T,0.5260550014535746,1.01907259491242,test,0.4930175934588453
E333V,0.43405949076656125,1.04628782779264,test,0.6122283370260787
E333W,-0.28107878421136545,0.987233843678374,test,1.2683126278897394
E333Y,0.31719552843324383,1.01946281763727,test,0.7022672892040261
E347A,0.2749702883751378,1.02290367295195,train,0.7479333845768122
E347C,0.02528959663605615,1.00766038992685,test,0.9823707932907938
E347D,0.02528959663605615,1.00484320855453,test,0.9795536119184739
E347F,0.02528959663605615,0.994965278546906,test,0.9696756819108499
E347G,0.02528959663605615,0.968052080374928,test,0.9427624837388718
E347H,0.02528959663605615,0.997549040673684,test,0.9722594440376279
E347I,0.02528959663605615,0.975874430256941,test,0.9505848336208849
E347K,0.02528959663605615,0.990551353527901,test,0.9652617568918449
E347L,0.02528959663605615,1.01474147385733,test,0.9894518772212738
E347M,0.02528959663605615,1.01471542353943,test,0.9894258269033739
E347N,0.02528959663605615,0.992197707153221,test,0.9669081105171649
E347P,0.02528959663605615,0.849722594778861,test,0.8244329981428049
E347Q,0.02528959663605615,1.01195719877267,test,0.986667602136614
E347R,0.02528959663605615,0.956719987093463,test,0.9314303904574068
E347S,0.02528959663605615,0.986885645273357,test,0.9615960486373009
E347T,0.02528959663605615,0.988639254152096,test,0.9633496575160398
E347V,0.02528959663605615,1.04376479523648,test,1.0184751986004237
E347W,0.02528959663605615,0.98257571006401,test,0.9572861134279539
E347Y,0.02528959663605615,0.995432894612184,test,0.9701432979761279
E381A,0.6565078201172821,0.995293892767463,train,0.3387860726501809
E381C,-0.54175949092637,0.963494463488549,test,1.5052539544149188
E381D,0.9419817819001307,1.00973437449914,test,0.06775259259900934
E381F,-0.40766899689491864,0.928123716925,test,1.3357927138199186
E381G,0.30111118614797017,0.986440438236177,test,0.6853292520882068
E381H,0.1460293088643511,0.97833536107138,test,0.8323060522070289
E381I,-0.40226720688848416,0.85762577306469,test,1.2598929799531742
E381K,0.5018073719200872,0.964659454939452,test,0.46285208301936487
E381L,-0.0379330810927406,0.931671126162855,test,0.9696042072555956
E381M,-0.20695762327254594,0.945712521861937,test,1.152670145134483
E381N,0.39128109557751467,0.976362754721842,test,0.5850816591443273
E381P,-0.2519644281203156,0.668788911165602,test,0.9207533392859176
E381Q,0.4694542064010868,0.994993745921536,test,0.5255395395204492
E381R,0.32945735957136046,0.973394819885099,test,0.6439374603137386
E381S,0.4840163402407974,0.991871288707028,test,0.5078549484662306
E381T,0.34921309448741733,0.9815372262757,test,0.6323241317882826
E381V,-0.02352204684036105,0.86003468354484,test,0.8835567303852011
E381W,-0.5939913931665378,0.899537935723163,test,1.493529328889701
E381Y,-0.10558033347699367,0.938097861102929,test,1.0436781945799227
E429A,0.5104818461971875,0.979367756053201,train,0.4688859098560135
E429C,-0.16175083533472887,0.952708914639793,test,1.114459749974522
E429D,0.9664053264597611,1.00088304870507,test,0.03447772224530887
E429F,0.09450816827368072,0.921619306933848,test,0.8271111386601673
E429G,0.40715469325779463,0.948493800663977,test,0.5413391074061824
E429H,0.4631890427743973,1.00751296452336,test,0.5443239217489627
E429I,-0.046679803091539046,0.811143566139936,test,0.8578233692314751
E429K,0.4108408759671197,0.869391576099068,test,0.4585507001319483
E429L,0.0863810936049633,0.802069819202106,test,0.7156887255971427
E429M,-0.1634389002205817,0.895485234970856,test,1.0589241351914376
E429N,0.5432368508446893,0.942216922547168,test,0.39898007170247873
E429P,0.0832269662449702,0.695285299364385,test,0.6120583331194148
E429Q,0.43232551358156723,0.99564803078644,test,0.5633225172048728
E429R,0.3719414771784103,0.867494487594092,test,0.49555301041568167
E429S,0.7638135305835375,0.966134586120196,test,0.20232105553665847
E429T,0.7095835330537975,0.90088474167523,test,0.19130120862143252
E429V,0.04701250247408609,0.880231988076336,test,0.8332194856022499
E429W,-0.4536283434108829,0.988253423620148,test,1.4418817670310309
E429Y,0.0793212516771861,0.959089770000669,test,0.8797685183234829
E432A,0.2839387033790427,0.910198854985726,train,0.6262601516066832
E432C,-0.783505454001716,0.944122066650204,test,1.72762752065192
E432D,0.1865766531096528,0.963985243893565,test,0.7774085907839122
E432F,-0.49213012112082166,0.743936057170184,test,1.2360661782910056
E432G,-0.5070432807146904,0.700220686822293,test,1.2072639675369834
E432H,-0.2823647249982594,0.864688161680664,test,1.1470528866789234
E432I,-0.5380298797131718,0.710209290813311,test,1.2482391705264828
E432K,-0.31085018964584543,0.437903238389925,test,0.7487534280357704
E432L,-0.29410209497292905,0.557748790681769,test,0.851850885654698
E432M,-0.3848689625756839,0.781713355306843,test,1.166582317882527
E432N,-0.20807325874575908,0.825946960638124,test,1.034020219383883
E432P,0.10638858047022617,0.809166554656682,test,0.7027779741864558
E432Q,0.3135698744071883,0.890439111509962,test,0.5768692371027737
E432R,-0.29931726597930586,0.338420157824678,test,0.6377374238039839
E432S,-0.09284405146927929,0.890502343354499,test,0.9833463948237783
E432T,-0.23344551819846457,0.828303935628118,test,1.0617494538265826
E432V,-0.14768072965377085,0.827005849545639,test,0.9746865791994099
E432W,-0.5192193769959882,0.739611163335591,test,1.2588305403315792
E432Y,-0.41759485977995003,0.768683511541331,test,1.186278371321281
E438A,0.2098795490866411,0.984421227367184,train,0.7745416782805429
E438C,-0.007255773008192218,0.989963706780464,test,0.9972194797886562
E438D,-0.007255773008192218,0.954111231768933,test,0.9613670047771252
E438F,-0.007255773008192218,0.945528650603913,test,0.9527844236121052
E438G,-0.007255773008192218,0.929473669829434,test,0.9367294428376263
E438H,-0.007255773008192218,0.99153834213642,test,0.9987941151446122
E438I,-0.007255773008192218,1.00196129041172,test,1.0092170634199122
E438K,-0.007255773008192218,0.982910148819122,test,0.9901659218273142
E438L,-0.007255773008192218,1.00830315497428,test,1.0155589279824722
E438M,-0.007255773008192218,1.01746168349029,test,1.0247174564984822
E438N,-0.007255773008192218,0.937560728088704,test,0.9448165010968963
E438P,-0.007255773008192218,0.949226134836896,test,0.9564819078450882
E438Q,-0.007255773008192218,0.98728582619311,test,0.9945415992013023
E438R,-0.007255773008192218,0.981468113491308,test,0.9887238864995003
E438S,-0.007255773008192218,0.99195776366664,test,0.9992135366748323
E438T,-0.007255773008192218,0.965490513187751,test,0.9727462861959433
E438V,-0.007255773008192218,1.00782897968859,test,1.0150847526967821
E438W,-0.007255773008192218,0.9643659900591,test,0.9716217630672922
E438Y,-0.007255773008192218,0.983607279129968,test,0.9908630521381603
E458A,0.2684332513984501,1.01903889629568,train,0.7506056448972299
E458C,0.02202107814771251,0.991022242645469,test,0.9690011644977565
E458D,0.02202107814771251,1.02348912469567,test,1.0014680465479575
E458F,0.02202107814771251,0.992865954471809,test,0.9708448763240966
E458G,0.02202107814771251,1.01899266190916,test,0.9969715837614476
E458H,0.02202107814771251,0.974433439864746,test,0.9524123617170335
E458I,0.02202107814771251,1.00532728259076,test,0.9833062044430475
E458K,0.02202107814771251,1.02792219683261,test,1.0059011186848974
E458L,0.02202107814771251,0.984289260413439,test,0.9622681822657265
E458M,0.02202107814771251,1.00787054722459,test,0.9858494690768774
E458N,0.02202107814771251,1.00985688854424,test,0.9878358103965276
E458P,0.02202107814771251,1.01418431690398,test,0.9921632387562674
E458Q,0.02202107814771251,1.01073555890682,test,0.9887144807591076
E458R,0.02202107814771251,1.00030314883985,test,0.9782820706921375
E458S,0.02202107814771251,1.00550817262824,test,0.9834870944805275
E458T,0.02202107814771251,1.03878656192534,test,1.0167654837776274
E458V,0.02202107814771251,0.967507350058398,test,0.9454862719106856
E458W,0.02202107814771251,1.00269592428958,test,0.9806748461418676
E458Y,0.02202107814771251,1.00552169378971,test,0.9835006156419975
E48A,-1.3547108730405795,0.197023024275966,train,1.5517338973165455
E48C,-1.3274472899009633,0.0690239739863233,test,1.3964712638872865
E48D,-0.6025641396658069,0.0476554137562208,test,0.6502195534220278
E48F,-1.0296746096310396,0.0745388651617565,test,1.104213474792796
E48G,-0.5823444699857986,0.0478115057262338,test,0.6301559757120324
E48H,-0.803597886686826,0.096141240815955,test,0.899739127502781
E48I,-0.8352975893748312,0.109655526428009,test,0.9449531158028402
E48K,-0.8374661785633933,0.0522660061615741,test,0.8897321847249674
E48L,-0.7432378125962472,0.0485172931137297,test,0.7917551057099769
E48M,-0.9123240370466136,0.0350329720820463,test,0.9473570091286598
E48N,-0.8568782126394926,0.134535693063032,test,0.9914139057025246
E48P,-1.3274472899009633,0.120946012976388,test,1.4483933028773512
E48Q,-1.1189437269080045,0.03842755479909,test,1.1573712817070945
E48R,-1.3271324352479683,0.0514533846993133,test,1.3785858199472816
E48S,-0.7940145364365784,0.0817283617594879,test,0.8757428981960663
E48T,-0.9854150060561019,0.0773996178217416,test,1.0628146238778435
E48V,-1.1126347899890792,0.0847576058052217,test,1.197392395794301
E48W,-1.3274472899009633,0.128265099178996,test,1.4557123890799593
E48Y,-1.133756064836892,0.160855908467608,test,1.2946119733045
E56A,0.3512301844357878,0.982408446196339,train,0.6311782617605513
E56C,-0.4503619290629145,0.949703995165148,test,1.4000659242280626
E56D,0.4789801516782247,1.00468489103999,test,0.5257047393617652
E56F,-0.29979714163131754,0.869337579289243,test,1.1691347209205607
E56G,0.07727799381431591,0.93069277656263,test,0.8534147827483142
E56H,0.062334075443588294,0.988407234181896,test,0.9260731587383078
E56I,0.005188878718129036,0.940949624097162,test,0.935760745379033
E56K,0.3475509593868821,0.96913489303471,test,0.6215839336478279
E56L,-0.06697368174453264,0.821903354106816,test,0.8888770358513487
E56M,-0.3815510754105772,0.922674393705712,test,1.3042254691162891
E56N,0.48480525859089163,0.996392971914157,test,0.5115877133232654
E56P,0.21754342561751297,0.967668195411477,test,0.750124769793964
E56Q,0.28137454367286374,0.989152618185626,test,0.7077780745127623
E56R,0.4698807484908808,0.956193668545795,test,0.4863129200549142
E56S,0.2563990531980621,0.972455574239074,test,0.7160565210410119
E56T,0.3199594647030529,0.975931441201481,test,0.6559719764984281
E56V,0.019637271987219013,0.960158656753712,test,0.940521384766493
E56W,-0.26542902267189683,0.915027164521551,test,1.1804561871934478
E56Y,-0.3814659524972529,0.88720973366563,test,1.268675686162883
E73A,0.5073970930756736,0.950975488303162,train,0.44357839522748843
E73C,-0.11376592414834738,0.92628558354355,test,1.0400515076918972
E73D,0.568612769030609,0.943653277748232,test,0.37504050871762307
E73F,0.3673825889964727,1.0142337695959,test,0.6468511805994274
E73G,0.25465485727006565,0.749117180198088,test,0.4944623229280224
E73H,0.5999630793732599,0.984653628189215,test,0.3846905488159551
E73I,-0.2587386433069868,0.577422498928104,test,0.8361611422350909
E73K,0.3193836643801534,0.8299981710187,test,0.5106145066385466
E73L,0.09853825608898306,0.849276887318943,test,0.75073863122996
E73M,-0.1743208443069489,0.959006966269598,test,1.133327810576547
E73N,0.1602647756551351,0.815863163934248,test,0.6555983882791129
E73P,-0.13483934316920396,0.0752855668403321,test,0.21012491000953604
E73Q,0.42414782444286614,0.945114385786963,test,0.5209665613440969
E73R,0.25456998881036574,0.732454137510413,test,0.47788414870004725
E73S,0.49464574510806314,0.938332612264177,test,0.44368686715611383
E73T,0.03579420340055131,0.685476070065505,test,0.6496818666649538
E73V,-0.04668114887882288,0.84899001749524,test,0.8956711663740629
E73W,0.25858780017037886,0.959804271542828,test,0.7012164713724491
E73Y,0.4679916972595143,1.00554378956772,test,0.5375520923082057
E76A,0.4927520662423316,0.948977264087386,train,0.45622519784505444
E76C,-0.10093654687238315,0.833972549149711,test,0.9349090960220942
E76D,0.4858621629693364,0.72637807292701,test,0.24051590995767358
E76F,0.07514156283956167,0.719985851621718,test,0.6448442887821564
E76G,0.22056111053896257,0.70648465963992,test,0.4859235491009575
E76H,0.04776451034346221,0.787782569548808,test,0.7400180592053458
E76I,0.03714253743179588,0.897135145088964,test,0.8599926076571681
E76K,0.2789110502536044,0.765767865690791,test,0.4868568154371866
E76L,0.2037778398460596,0.780110054756516,test,0.5763322149104564
E76M,-0.055580315978114164,0.873751553969957,test,0.9293318699480712
E76N,0.15417810879315366,0.645619051129795,test,0.4914409423366414
E76P,0.6036360865599698,0.960620463405742,test,0.3569843768457722
E76Q,0.06911612674221748,0.928964937257045,test,0.8598488105148275
E76R,0.23620918683934958,0.732629039448489,test,0.49641985260913946
E76S,0.17123596087056261,0.858160812051219,test,0.6869248511806564
E76T,0.15394113828658687,0.901727117361816,test,0.7477859790752291
E76V,0.12310112710956536,0.901905407585694,test,0.7788042804761287
E76W,-0.08358392143854085,0.600080944803326,test,0.6836648662418668
E76Y,0.1069408572004186,0.711496774285605,test,0.6045559170851864
E79A,0.4539128145058525,0.989564713351771,train,0.5356518988459185
E79C,0.13600332977948484,1.01814388448319,test,0.8821405547037052
E79D,0.3482996889579303,0.948285917820801,test,0.5999862288628707
E79F,0.35373789813787104,1.02013828750749,test,0.666400389369619
E79G,0.9604567903304196,1.02220999487084,test,0.06175320454042044
E79H,0.3003191396422823,1.03760624603397,test,0.7372871063916876
E79I,-0.02702818085237388,0.869139167579998,test,0.8961673484323719
E79K,0.2043937392990293,0.985699938224231,test,0.7813061989252017
E79L,0.23621717026123493,1.04823716304684,test,0.812019992785605
E79M,-0.2324691101117787,1.03079949097643,test,1.2632686010882086
E79N,0.2586850240580839,1.03691900277337,test,0.778233978715286
E79P,0.04153221764721651,0.548521724911887,test,0.5069895072646705
E79Q,0.20594950066401432,1.01412957993155,test,0.8081800792675357
E79R,0.1255387775139122,1.01018351384587,test,0.8846447363319577
E79S,0.29180232378141346,1.02891222337401,test,0.7371098995925965
E79T,-0.021801617263274536,0.977416434176198,test,0.9992180514394725
E79V,0.34150141857575333,0.850030833599815,test,0.5085294150240617
E79W,0.2681035463896114,0.999941903521807,test,0.7318383571321956
E79Y,0.30981146409383575,1.00601523484827,test,0.6962037707544343
F104A,0.1598449662780063,0.931862990200322,train,0.7720180239223158
F104C,-0.10324500782508425,0.877524328483495,test,0.9807693363085793
F104D,-0.5831739831775623,0.133449973317668,test,0.7166239564952304
F104E,-0.5831739831775623,0.311785686459297,test,0.8949596696368594
F104G,-0.4009827378128791,0.873739053798573,test,1.274721791611452
F104H,-0.5831739831775623,0.875037001998474,test,1.4582109851760363
F104I,0.33323528013361214,0.977475894802413,test,0.6442406146688009
F104K,-0.5823989353854978,0.838162426658543,test,1.4205613620440407
F104L,0.6000015090369876,0.98601673612991,test,0.38601522709292246
F104M,0.5687517539407897,0.995099108606561,test,0.42634735466577134
F104N,-0.5831739831775623,0.84984764037391,test,1.4330216235514723
F104P,-0.5831739831775623,0.819923461530253,test,1.4030974447078153
F104Q,-0.45761024664568184,0.898035112016847,test,1.355645358662529
F104R,-0.5831739831775623,0.186226010040583,test,0.7693999932181453
F104S,-0.31586654736864117,0.918448551938391,test,1.2343150993070322
F104T,0.0926572850272486,0.928811717628253,test,0.8361544326010044
F104V,0.48338861246534714,0.948998750789508,test,0.46561013832416087
F104W,0.15248974833148635,0.966396321426543,test,0.8139065730950567
F104Y,0.08508864692519294,0.83221946381689,test,0.7471308168916971
F126A,-0.1909826225757388,0.759036773294998,train,0.9500193958707368
F126C,-0.16191342238676784,0.97759971961953,test,1.1395131420062978
F126D,-1.0328800444666804,,,
F126E,-1.0328800444666804,0.108346351878517,test,1.1412263963451974
F126G,-1.0328800444666804,0.153748696384296,test,1.1866287408509764
F126H,-1.0328800444666804,0.245010863116009,test,1.2778909075826894
F126I,0.15189364144825893,0.991976720435804,test,0.8400830789875451
F126K,-1.0104736390265188,0.0802428321508286,test,1.0907164711773474
F126L,0.017369920977703096,0.950135205023666,test,0.9327652840459629
F126M,-0.04240459928787596,0.955978420477743,test,0.9983830197656189
F126N,-1.0328800444666804,0.313180664845029,test,1.3460607093117094
F126P,-1.0307186477807206,0.0995508701217162,test,1.130269517902437
F126Q,-1.023046876793068,0.0853842137424038,test,1.108431090535472
F126R,-1.0243287224210345,0.068020193114681,test,1.0923489155357156
F126S,-1.0258080635455904,0.453142863499335,test,1.4789509270449255
F126T,-0.6174814564388716,0.638447335195104,test,1.2559287916339756
F126V,0.055086564880655026,0.951439019327424,test,0.896352454446769
F126W,-0.7031521059168634,0.847438268446771,test,1.5505903743636344
F126Y,-0.4990503275946997,0.928510561770942,test,1.4275608893656417
F136A,-0.05456809883444644,0.950777478182165,train,1.0053455770166113
F136C,0.15780262047664598,0.972085484960414,test,0.8142828644837681
F136D,-0.6643575981232827,0.395248294139406,test,1.0596058922626885
F136E,-0.6643575981232827,0.909921463081759,test,1.5742790612050417
F136G,-0.16047427463156824,0.893982742673485,test,1.0544570173050531
F136H,0.2348263618865666,0.944131515435011,test,0.7093051535484444
F136I,-0.07681789360324695,0.986597401767365,test,1.063415295370612
F136K,-0.6643575981232827,0.79265728500497,test,1.4570148831282528
F136L,0.1574481929008759,0.98749090888261,test,0.8300427159817342
F136M,-0.11087751645846597,0.979290608440458,test,1.090168124898924
F136N,-0.0439425814701305,0.957389246572754,test,1.0013318280428845
F136P,-0.6643575981232827,0.0361299061504672,test,0.7004875042737498
F136Q,0.22470093169161812,0.930349189923346,test,0.7056482582317279
F136R,-0.6643575981232827,0.929443499932978,test,1.5938010980562607
F136S,-0.24245978852874503,0.958755067816653,test,1.201214856345398
F136T,-0.3509278134346857,0.963045592600752,test,1.3139734060354376
F136V,-0.19922656652139845,0.983318685509017,test,1.1825452520304154
F136W,-0.08584106858687188,0.949328255499266,test,1.035169324086138
F136Y,0.6395683489753258,0.980879064975994,test,0.3413107160006682
F176A,-0.31624057552324414,0.766818987464374,train,1.0830595629876183
F176C,-1.1395803000179618,0.833597357777821,test,1.973177657795783
F176D,-1.1524669383028445,0.54263138439626,test,1.6950983226991045
F176E,-0.6694861734081042,0.608120976514444,test,1.2776071499225483
F176G,-0.3595626360241265,0.493706689144011,test,0.8532693251681376
F176H,-0.2540720138554494,0.845784919515291,test,1.0998569333707404
F176I,-0.3022791156363688,0.864846339493483,test,1.1671254551298518
F176K,-1.1524669383028445,0.536912426376787,test,1.6893793646796316
F176L,-0.12458622667357697,0.824648184497245,test,0.949234411170822
F176M,-0.31681085941767895,0.898615053560933,test,1.215425912978612
F176N,-0.5351778523175964,0.740577439831477,test,1.2757552921490733
F176P,-1.1524669383028445,0.0376605366370585,test,1.1901274749399031
F176Q,-0.32923593657614025,0.751715266437118,test,1.0809512030132582
F176R,-1.1524669383028445,0.067173197657067,test,1.2196401359599116
F176S,-0.4909548306388588,0.746200427685053,test,1.2371552583239118
F176T,-0.2579785386466472,0.82502942035847,test,1.0830079590051174
F176V,-0.3732004712615179,0.869521403733848,test,1.242721874995366
F176W,-0.42582323301352865,0.715898202635838,test,1.1417214356493668
F176Y,-0.050567156216461434,0.461044108380082,test,0.5116112645965434
F183A,-0.4002296292883426,0.544419194579856,train,0.9446488238681986
F183C,-0.5298646457482329,0.414330039273778,test,0.9441946850220109
F183D,-1.3226997452160065,0.119797755958739,test,1.4424975011747456
F183E,-1.0863048312921666,0.13173853377343,test,1.2180433650655966
F183G,-0.441301458403207,0.443463787699129,test,0.884765246102336
F183H,-0.9582565244230218,0.17455462923356,test,1.1328111536565817
F183I,-0.5335258467351641,0.662579970728939,test,1.1961058174641033
F183K,-1.3227992692871526,0.147160870995374,test,1.4699601402825266
F183L,-0.20318811326550654,0.572417295242123,test,0.7756054085076296
F183M,-0.4863385410386941,0.734087993500209,test,1.2204265345389032
F183N,-1.321423630378206,0.36444829777347,test,1.685871928151676
F183P,-1.174339933641822,0.0766134240920703,test,1.2509533577338925
F183Q,-0.7149765147972621,0.0883232378425633,test,0.8032997526398253
F183R,-1.127230065800865,0.0968033537366409,test,1.2240334195375058
F183S,-0.3381701298396059,0.360030113471176,test,0.6982002433107819
F183T,-0.4710741411200553,0.333547062799506,test,0.8046212039195613
F183V,-0.23802962245364898,0.514736873981997,test,0.752766496435646
F183W,-1.3206221154209212,0.90581965460108,test,2.226441770022001
F183Y,-0.42132786212869966,0.896605079837558,test,1.3179329419662578
F189A,0.03946863039138973,0.933817995499953,train,0.8943493651085633
F189C,-0.20200933250643013,0.607746457756462,test,0.8097557902628921
F189D,-0.859642074714137,0.0791661501539228,test,0.9388082248680598
F189E,-0.8616910515554616,0.931408695439639,test,1.7930997469951007
F189G,-0.28064950990756754,0.225284692699042,test,0.5059342026066096
F189H,-0.8616910515554616,0.807715804858837,test,1.6694068564142985
F189I,0.12412080090067837,1.05177365193436,test,0.9276528510336816
F189K,-0.8616910515554616,0.220748380912121,test,1.0824394324675826
F189L,0.24178104753410037,0.948872433862924,test,0.7070913863288236
F189M,-0.07611291580821908,0.854217770214387,test,0.9303306860226062
F189N,-0.2565055603165426,0.16874073439096,test,0.4252462947075026
F189P,-0.8616910515554616,0.0688547457968651,test,0.9305457973523267
F189Q,-0.8616910515554616,0.864390055187077,test,1.7260811067425386
F189R,-0.8616910515554616,0.0602454492445616,test,0.9219365008000231
F189S,-0.4801509888519456,0.465751509544179,test,0.9459024983961246
F189T,0.022026926625627802,0.769358039338105,test,0.7473311127124772
F189V,0.19772215402661578,1.07369960483337,test,0.8759774508067543
F189W,-0.26029392250803374,0.863138524336101,test,1.1234324468441348
F189Y,0.04945036984619447,0.910746220639087,test,0.8612958507928925
F201A,0.08860417135754664,0.928709389127002,train,0.8401052177694553
F201C,-0.3115254162310549,0.877956360358638,test,1.1894817765896928
F201D,-0.24656366620048717,0.911370996396006,test,1.1579346625964932
F201E,-0.3766468516646192,0.85064536455212,test,1.2272922162167392
F201G,-0.22654597805839347,0.900186842921663,test,1.1267328209800564
F201H,-0.1298276399986754,0.967908613683853,test,1.0977362536825284
F201I,-0.21288597364869796,0.942853491375389,test,1.1557394650240869
F201K,-0.43818567798175045,0.870055712521273,test,1.3082413905030235
F201L,-0.1622538291212837,0.910995701352671,test,1.0732495304739547
F201M,-0.4075201785184718,0.869287850824174,test,1.2768080293426458
F201N,-0.1866703029309956,0.909629051483141,test,1.0962993544141366
F201P,-0.04552835077997516,0.860252171353273,test,0.9057805221332482
F201Q,-0.4748630433471325,0.901114710120938,test,1.3759777534680704
F201R,-0.3818376617277014,0.787239987267822,test,1.1690776489955232
F201S,-0.12530893588169464,0.884119321157197,test,1.0094282570388917
F201T,-0.23034516828855475,0.861007896484203,test,1.0913530647727576
F201V,-0.3935149395675491,0.895370243747741,test,1.2888851833152901
F201W,-0.15402920259642303,0.957574047088657,test,1.11160324968508
F201Y,0.3074172769131295,0.991106721538018,test,0.6836894446248886
F228A,-1.209542390916735,0.162087014560492,train,1.3716294054772271
F228C,-0.8212783820034234,0.426026918647299,test,1.2473053006507224
F228D,-1.1424030873758546,0.0547434321254082,test,1.1971465195012627
F228E,-1.4000170477590557,0.182614018817921,test,1.5826310665769767
F228G,-1.1939359137793193,0.0728774399723739,test,1.2668133537516932
F228H,-0.40996530615229687,0.146333609486342,test,0.5562989156386389
F228I,-0.8200848734608156,0.785115019005739,test,1.6051998924665547
F228K,-1.4000170477590557,0.0518420038294115,test,1.451859051588467
F228L,-0.781199326840253,0.831449878825902,test,1.612649205666155
F228M,-0.6523154247796258,0.754738341062871,test,1.4070537658424969
F228N,-1.356075763075639,0.0928033135027204,test,1.4488790765783595
F228P,-1.3996027123079815,0.117308870509774,test,1.5169115828177555
F228Q,-1.1209545855661058,0.11060210667469,test,1.231556692240796
F228R,-1.4000170477590557,0.102431287575846,test,1.5024483353349016
F228S,-0.8202257368733926,0.083106241055229,test,0.9033319779286216
F228T,-1.1390330892186007,0.0858400129597828,test,1.2248731021783834
F228V,-0.7507852594641283,0.70962826659224,test,1.4604135260563682
F228W,-0.7884213482552583,0.864570014985252,test,1.6529913632405102
F228Y,-0.4567546499699334,0.997963616177046,test,1.4547182661469793
F238A,0.8040195134519373,1.01516594278426,train,0.21114642933232275
F238C,-0.1691580889982983,1.02398386387379,test,1.1931419528720881
F238D,0.4968475863141838,0.983449024682122,test,0.48660143836793823
F238E,0.3499625023970033,0.999100844269812,test,0.6491383418728087
F238G,0.3252742471897264,0.975057191577702,test,0.6497829443879756
F238H,0.48928382550581173,1.01227211836199,test,0.5229882928561783
F238I,0.008971374582557395,0.956378489312281,test,0.9474071147297236
F238K,0.25846470718671066,0.986217804912461,test,0.7277530977257504
F238L,0.18381585802716108,0.983859687615808,test,0.800043829588647
F238M,0.2100819219291218,1.01839082975884,test,0.8083089078297182
F238N,0.5045337315386239,1.0086632632087,test,0.5041295316700761
F238P,0.15414383126137535,0.842838202636648,test,0.6886943713752727
F238Q,0.19891792072125516,1.00788518447752,test,0.8089672637562649
F238R,0.3846666231795105,1.00868903026989,test,0.6240224070903796
F238S,0.35265281105261226,0.998912190543961,test,0.6462593794913487
F238T,0.36841598893144367,0.999214154424546,test,0.6307981654931023
F238V,-0.0063195086539241385,1.00484995490675,test,1.011169463560674
F238W,0.0443146154668487,1.02016389529495,test,0.9758492798281014
F238Y,0.5474500760265447,0.998698313573591,test,0.45124823754704624
F251A,-1.410654369164029,0.0828368565523683,train,1.4934912257163973
F251C,-1.192895214358512,0.0712094860264627,test,1.2641047003849748
F251D,-0.7426823548475964,0.127073251257845,test,0.8697556061054413
F251E,-0.6803634588687947,0.0654617735453958,test,0.7458252324141905
F251G,-0.5374750564906486,0.099823378143364,test,0.6372984346340127
F251H,-0.9174321917141509,0.158692948380232,test,1.076125140094383
F251I,-1.3603795294075607,0.0504542401944777,test,1.4108337696020383
F251K,-0.7718038414845049,0.0882180199805903,test,0.8600218614650952
F251L,-1.1645449812432058,0.331433381969372,test,1.4959783632125778
F251M,-0.5943171102099404,0.876520342790689,test,1.4708374530006294
F251N,-0.6833110957168133,0.130258913455328,test,0.8135700091721413
F251P,-1.3603795294075607,0.120095594343729,test,1.4804751237512896
F251Q,-1.032309295198625,0.0507916675245525,test,1.0831009627231776
F251R,-0.8569696575644085,0.060182152630148,test,0.9171518101945565
F251S,-0.9208189905907184,0.0280572981875868,test,0.9488762887783052
F251T,-1.1456900185382242,0.0740659576032694,test,1.2197559761414936
F251V,-1.3602998947956835,0.0845347065320597,test,1.444834601327743
F251W,-1.0388396251168206,0.0953842769128707,test,1.1342239020296914
F251Y,-1.3603795294075607,0.189439339435867,test,1.5498188688434276
F279A,-1.2148424801856244,0.127725126225748,train,1.3425676064113723
F279C,-0.5273617329094792,0.244838425791183,test,0.7722001587006622
F279D,-0.5295576459503865,0.0581555370412214,test,0.5877131829916079
F279E,-0.8123190358683589,0.134803061498345,test,0.9471220973667038
F279G,-0.6389002582739133,0.131187538634676,test,0.7700877969085893
F279H,-0.6761006239493076,0.270231858869019,test,0.9463324828183266
F279I,-0.9356124358619579,0.363188975910051,test,1.2988014117720088
F279K,-0.7139716970729472,0.0717575836782137,test,0.7857292807511609
F279L,-0.8715907452034511,0.835203383366616,test,1.7067941285700672
F279M,-0.9391981197592941,0.767070000021536,test,1.7062681197808303
F279N,-0.610940729924358,0.137359827498607,test,0.748300557422965
F279P,-0.700444446263924,0.0715758331923541,test,0.772020279456278
F279Q,-0.8616397702877795,0.0425889070788466,test,0.904228677366626
F279R,-0.7977209937565432,0.181694384988617,test,0.9794153787451602
F279S,-0.6850893015224185,0.125564223265787,test,0.8106535247882055
F279T,-0.6824097895973148,0.0756919717154864,test,0.7581017613128012
F279V,-0.856247191861489,0.106793641981624,test,0.963040833843113
F279W,-0.7582842802455486,0.799474049259151,test,1.5577583295046997
F279Y,-0.3194491919020418,0.772744003597945,test,1.0921931954999868
F283A,-0.01581171168357573,0.788972117640771,train,0.8047838293243468
F283C,-0.24270207650113237,0.901541663148594,test,1.1442437396497263
F283D,-0.6329926545667574,0.113688813702337,test,0.7466814682690943
F283E,-0.49197627468105176,0.0897366023203873,test,0.581712877001439
F283G,-0.1869211057615597,0.190834022772841,test,0.37775512853440074
F283H,-0.8259640825746154,0.89721469048203,test,1.7231787730566452
F283I,0.09503584238420407,0.903260302414671,test,0.808224460030467
F283K,-0.8259640825746154,0.0694046112871657,test,0.8953686938617811
F283L,-0.014068730966832227,0.924140511675843,test,0.9382092426426752
F283M,-0.09487635331288077,0.92956155284955,test,1.0244379061624307
F283N,-0.5209656735641944,0.485947373526024,test,1.0069130470902183
F283P,0.0008455840379305857,0.691158495699984,test,0.6903129116620534
F283Q,-0.7134255339271854,0.31765498729658,test,1.0310805212237655
F283R,-0.45820366394789447,0.0454387302620918,test,0.5036423942099862
F283S,-0.34216416785005455,0.275696177623415,test,0.6178603454734695
F283T,-0.44336017738569466,0.648386890470638,test,1.0917470678563328
F283V,0.06551932507051786,0.927118318603134,test,0.8615989935326162
F283W,-0.5977640735565378,0.831834502797033,test,1.4295985763535708
F283Y,0.49200376015176606,0.946475947502728,test,0.45447218735096195
F306A,0.35545272748033485,0.954834436331729,train,0.5993817088513942
F306C,-0.1815767989920388,0.937826759219096,test,1.1194035582111348
F306D,-0.009940187261870598,0.888375781228669,test,0.8983159684905396
F306E,0.0857194498310904,0.93327853642603,test,0.8475590865949396
F306G,0.10611159260461958,0.951178392642928,test,0.8450668000383085
F306H,-0.05921853580959566,0.948200409982214,test,1.0074189457918097
F306I,0.09843100188742829,0.946440812375196,test,0.8480098104877677
F306K,0.19911364585196592,0.726612229973461,test,0.5274985841214951
F306L,0.8311800710261129,0.998914403359545,test,0.16773433233343205
F306M,0.11747516163044094,0.982798007416413,test,0.8653228457859721
F306N,0.02023174555513632,0.97486756608391,test,0.9546358205287737
F306P,0.11793068466807957,0.932133690317162,test,0.8142030056490824
F306Q,0.1257941146721692,0.95148718832016,test,0.8256930736479908
F306R,0.277236542366596,0.697092533240578,test,0.41985599087398195
F306S,-0.01257579616545565,0.947714365105444,test,0.9602901612708997
F306T,0.03670501635482429,0.953658251722164,test,0.9169532353673397
F306V,0.10542318986107949,0.957319356386577,test,0.8518961665254975
F306W,-0.4860469909943189,0.830143376206843,test,1.316190367201162
F306Y,0.1486198000599647,0.968024711958291,test,0.8194049118983263
F327A,0.2951266313832491,0.948011919837292,train,0.6528852884540429
F327C,-0.4060616884500722,0.959246373166008,test,1.3653080616160802
F327D,0.16630729397097857,0.468057873643357,test,0.3017505796723784
F327E,0.13326814760441655,0.983131805115008,test,0.8498636575105915
F327G,0.3820612032949221,0.932184222918388,test,0.5501230196234659
F327H,0.231338512233943,0.938330378938853,test,0.70699186670491
F327I,0.3337304316684172,0.830502434999359,test,0.49677200333094185
F327K,0.22609551106036788,0.879136346740964,test,0.6530408356805961
F327L,0.26676032046067955,0.863607334827252,test,0.5968470143665725
F327M,-0.04656706239795158,0.844385328069906,test,0.8909523904678576
F327N,0.04836648469755969,0.807842678758079,test,0.7594761940605194
F327P,-0.14084123320809847,0.0794973555162226,test,0.22033858872432105
F327Q,0.08328488933223147,0.888993497320372,test,0.8057086079881406
F327R,0.2671556576384134,0.901798817495109,test,0.6346431598566956
F327S,0.3485293062885383,0.919513786503299,test,0.5709844802147607
F327T,0.11039505387707008,0.866343772067538,test,0.7559487181904679
F327V,0.43908601912748113,0.865365278682116,test,0.42627925955463486
F327W,0.054127596324315214,0.938542175713973,test,0.8844145793896578
F327Y,1.0813897361784444,0.998198190830483,test,0.08319154534796136
F352A,0.5830869975861487,0.983370532396081,train,0.4002835348099323
F352C,0.18007746163216046,0.98886956622666,test,0.8087921045944996
F352D,0.15698679151049225,0.862134858198584,test,0.7051480666880918
F352E,0.2592177143879081,0.952040784362757,test,0.6928230699748489
F352G,0.252974887751083,0.859130772360972,test,0.606155884609889
F352H,0.4730186209546684,0.989416135312992,test,0.5163975143583236
F352I,0.2843200978540047,0.982223769690523,test,0.6979036718365184
F352K,0.20485809387461953,0.850603835979154,test,0.6457457421045345
F352L,0.495208040069688,0.985115956809157,test,0.489907916739469
F352M,0.3754673570735406,0.982999484975012,test,0.6075321279014714
F352N,0.3051347832050638,0.938241160518176,test,0.6331063773131121
F352P,0.14314736618695859,0.051595181057773,test,0.09155218512918559
F352Q,0.3129606073165899,0.965567456671456,test,0.6526068493548661
F352R,0.4072346602724327,0.882902183283993,test,0.47566752301156023
F352S,0.15439110689902838,0.977536660187266,test,0.8231455532882377
F352T,0.25770173672742447,0.984611893048333,test,0.7269101563209085
F352V,0.6490503126222827,0.995731183215622,test,0.3466808705933393
F352W,0.2671696471912771,0.99436202965726,test,0.7271923824659828
F352Y,1.0839398390800972,1.02222885280531,test,0.061710986274787105
F379A,-0.255548065788059,0.69480697388503,train,0.950355039673089
F379C,-0.46139049321293724,0.663154644682772,test,1.1245451378957092
F379D,-1.0309703404611346,0.0829363237416961,test,1.1139066642028306
F379E,-0.2795734075448072,0.426915766976262,test,0.7064891745210692
F379G,-0.8025503433229261,0.658309488358095,test,1.460859831681021
F379H,-0.5162226291210551,0.8058201582335,test,1.322042787354555
F379I,-0.08436697276767133,0.839840856428493,test,0.9242078291961644
F379K,-1.0308169860876537,0.262441576562181,test,1.2932585626498347
F379L,0.0936483992720524,0.902253645367459,test,0.8086052460954066
F379M,-0.14585196339826054,0.81080018506532,test,0.9566521484635806
F379N,-0.16226990947910855,0.746442640354223,test,0.9087125498333316
F379P,-0.7931002803080677,0.468264833289468,test,1.2613651135975357
F379Q,-0.4809819513935153,0.639406309040459,test,1.1203882604339743
F379R,-0.8363986426426332,0.149644698304937,test,0.9860433409475702
F379S,-0.28297700215530897,0.632363455052531,test,0.91534045720784
F379T,-0.13832682849051578,0.698367619998092,test,0.8366944484886079
F379V,0.05823916655820641,0.718386966434196,test,0.6601477998759896
F379W,-0.39024302602922434,0.869420443893942,test,1.2596634699231664
F379Y,-0.13342760533052753,0.788613663003309,test,0.9220412683338366
F380A,0.18672246964888264,0.905623554206888,train,0.7189010845580054
F380C,-0.019599179955249596,0.904496543382349,test,0.9240957233375986
F380D,-0.5272755120094942,0.0949506657974989,test,0.6222261778069931
F380E,-0.581304401638722,0.0727519380426837,test,0.6540563396814056
F380G,-0.4287974909377005,0.686001708895459,test,1.1147991998331594
F380H,-0.08937248190735345,0.834752615743427,test,0.9241250976507804
F380I,0.24567581989382306,0.946039720422046,test,0.700363900528223
F380K,-0.21365438397850886,0.16880807301898,test,0.3824624569974888
F380L,0.3927522746726725,0.956422594743986,test,0.5636703200713136
F380M,0.09863732756167978,0.958478238590966,test,0.8598409110292863
F380N,-0.2867212885749074,0.740647726664335,test,1.0273690152392425
F380P,-0.8567701046209847,0.218862057678163,test,1.0756321622991476
F380Q,-0.17744380421486503,0.78905609162174,test,0.966499895836605
F380R,-0.07928224069436793,0.0667295171671355,test,0.14601175786150344
F380S,-0.22122443314157123,0.815903844014121,test,1.0371282771556922
F380T,-0.02671646897641486,0.855868592479533,test,0.8825850614559478
F380V,0.018475894581506808,0.905654732928667,test,0.8871788383471603
F380W,-0.15574970201215108,0.868770903524371,test,1.0245206055365221
F380Y,0.137090364440884,0.895305799382517,test,0.758215434941633
F397A,-0.06214566227970439,0.753756564394798,train,0.8159022266745024
F397C,-0.3700973322301463,0.645033164962207,test,1.0151304971923532
F397D,-0.1758519725806321,0.0577998020255304,test,0.2336517746061625
F397E,-0.8056786389244784,0.120349456964726,test,0.9260280958892044
F397G,-0.6191894347419516,0.622248954545084,test,1.2414383892870355
F397H,0.3337249445847862,0.471643864371614,test,0.1379189197868278
F397I,0.08175777815052201,0.861392367186518,test,0.779634589035996
F397K,-0.8034171827379172,0.0979238820721335,test,0.9013410648100507
F397L,0.19074243404927196,0.913554789967113,test,0.7228123559178411
F397M,0.06880459784992135,0.883955370785555,test,0.8151507729356336
F397N,-0.30895463038143,0.279207611103966,test,0.588162241485396
F397P,-0.8056786389244784,0.0386672992536978,test,0.8443459381781763
F397Q,0.07089390598951675,0.188943339794708,test,0.11804943380519126
F397R,-0.30987083612212396,0.106338716999938,test,0.416209553122062
F397S,-0.0077624008998190275,0.655586074561759,test,0.663348475461578
F397T,-0.049161984026047406,0.107634502459664,test,0.1567964864857114
F397V,-0.023059129390716165,0.360664519583725,test,0.3837236489744411
F397W,-0.07908314382269074,0.708015056411727,test,0.7870982002344178
F397Y,0.5699423960501547,0.929921265995909,test,0.35997886994575423
F437A,-0.38339834103969783,0.633668042306042,train,1.0170663833457398
F437C,-0.3038947180713615,0.79251758798754,test,1.0964123060589015
F437D,-0.3038947180713615,0.101863649287491,test,0.4057583673588525
F437E,-0.3038947180713615,0.0707364695152445,test,0.37463118758660596
F437G,-0.3038947180713615,0.0959180113032923,test,0.3998127293746538
F437H,-0.3038947180713615,0.648795558983218,test,0.9526902770545794
F437I,-0.3038947180713615,0.894940059980214,test,1.1988347780515753
F437K,-0.3038947180713615,0.0731781979374504,test,0.3770729160088119
F437L,-0.3038947180713615,0.915874898710662,test,1.2197696167820236
F437M,-0.3038947180713615,0.823426532997412,test,1.1273212510687736
F437N,-0.3038947180713615,0.0734132069571681,test,0.3773079250285296
F437P,-0.3038947180713615,0.0800940857053254,test,0.38398880377668687
F437Q,-0.3038947180713615,0.129150829755651,test,0.4330455478270125
F437R,-0.3038947180713615,0.0606686664816078,test,0.36456338455296927
F437S,-0.3038947180713615,0.0587481401183885,test,0.36264285818974995
F437T,-0.3038947180713615,0.254185608677072,test,0.5580803267484336
F437V,-0.3038947180713615,0.79615479664924,test,1.1000495147206015
F437W,-0.3038947180713615,0.807927879580721,test,1.1118225976520826
F437Y,-0.3038947180713615,0.915246081827878,test,1.2191407998992396
F440A,-0.060938735165271346,0.824310127063214,train,0.8852488622284854
F440C,-0.14266491513414822,0.881619004571982,test,1.0242839197061302
F440D,-0.14266491513414822,0.479098244528243,test,0.6217631596623913
F440E,-0.14266491513414822,0.680055539062844,test,0.8227204541969922
F440G,-0.14266491513414822,0.659233455365996,test,0.8018983705001442
F440H,-0.14266491513414822,0.873425085221029,test,1.0160900003551772
F440I,-0.14266491513414822,0.811974017273647,test,0.9546389324077953
F440K,-0.14266491513414822,0.846753557406917,test,0.9894184725410653
F440L,-0.14266491513414822,0.831630588358243,test,0.9742955034923912
F440M,-0.14266491513414822,0.844415633987244,test,0.9870805491213922
F440N,-0.14266491513414822,0.900197696488831,test,1.042862611622979
F440P,-0.14266491513414822,0.131755822993366,test,0.2744207381275142
F440Q,-0.14266491513414822,0.785537742692772,test,0.9282026578269202
F440R,-0.14266491513414822,0.816221860740139,test,0.9588867758742873
F440S,-0.14266491513414822,0.808777681127098,test,0.9514425962612463
F440T,-0.14266491513414822,0.759531965816224,test,0.9021968809503722
F440V,-0.14266491513414822,0.851956704625894,test,0.9946216197600423
F440W,-0.14266491513414822,0.971525969406235,test,1.1141908845403832
F440Y,-0.14266491513414822,0.961352996770859,test,1.104017911905007
F45A,-0.321252247751563,0.651963828744024,train,0.9732160764955871
F45C,-0.5447605226170159,0.868928265547123,test,1.413688788164139
F45D,-0.975584185264604,0.0588694349079477,test,1.0344536201725516
F45E,-0.9748211271039694,0.0715943788293586,test,1.046415505933328
F45G,-0.9129299245938512,0.179127778468302,test,1.0920577030621532
F45H,-0.7991764029643521,0.355266226162021,test,1.1544426291263732
F45I,0.27768435600427355,0.970083601980786,test,0.6923992459765125
F45K,-0.9754806864523616,0.446922658159614,test,1.4224033446119757
F45L,0.05763075733854142,0.983204039710769,test,0.9255732823722276
F45M,-0.18776821942958075,0.941182244230813,test,1.1289504636603938
F45N,-0.975481250398169,0.106888250909954,test,1.082369501308123
F45P,-0.975584185264604,0.0590565583521775,test,1.0346407436167815
F45Q,-0.975584185264604,0.612736211870074,test,1.588320397134678
F45R,-0.975584185264604,0.0884364569377295,test,1.0640206422023335
F45S,-0.975584185264604,0.105250353886713,test,1.080834539151317
F45T,-0.27002067312593636,0.410656114797102,test,0.6806767879230384
F45V,0.33119500615877195,0.918462492131678,test,0.587267485972906
F45W,-0.975584185264604,0.125229471846095,test,1.100813657110699
F45Y,-0.5444161188389524,0.852422969028908,test,1.3968390878678605
F63A,0.20064611782973932,0.925065453117866,train,0.7244193352881267
F63C,-0.29947447286160267,0.863715165642268,test,1.1631896385038707
F63D,0.009155906476543102,0.897992578127728,test,0.888836671651185
F63E,0.03227845050411707,0.881794027964377,test,0.84951557746026
F63G,-0.01167275388234254,0.864772429680665,test,0.8764451835630076
F63H,0.2128379783022464,1.02076738235394,test,0.8079294040516937
F63I,0.09547491056919602,0.806775689753636,test,0.71130077918444
F63K,-0.04789903658536007,0.898502304840701,test,0.9464013414260611
F63L,0.1843054806142629,0.861696813496159,test,0.6773913328818961
F63M,0.11336431370055036,0.819572440827092,test,0.7062081271265417
F63N,-0.07769030099747307,0.952605427297756,test,1.030295728295229
F63P,-0.4111315082067887,0.651483266503492,test,1.0626147747102808
F63Q,-0.12636630576930083,0.889825308993357,test,1.0161916147626577
F63R,0.053817536208773525,0.873678017637251,test,0.8198604814284775
F63S,-0.016322041565248163,0.893165379579643,test,0.9094874211448912
F63T,-0.05509515777217752,0.881940422050644,test,0.9370355798228216
F63V,0.2077169972134151,0.839267720292346,test,0.6315507230789309
F63W,-0.4182401725263486,0.986762822731154,test,1.4050029952575027
F63Y,0.1425052018280614,0.967286930270722,test,0.8247817284426606
F90A,-0.37619161068804663,0.710768620929349,train,1.0869602316173956
F90C,-0.5104309209527423,0.805674508446821,test,1.3161054293995633
F90D,-1.1783759251313313,0.0526092301595752,test,1.2309851552909066
F90E,-0.892405175264284,0.127290955588411,test,1.019696130852695
F90G,-0.7516961609987719,0.627511987106516,test,1.3792081481052878
F90H,-0.8630076670672623,0.58696873039146,test,1.4499763974587223
F90I,-0.179750843662655,0.868204030168499,test,1.047954873831154
F90K,-1.1783759251313313,0.201645589868695,test,1.3800215150000263
F90L,-0.263684019981547,0.951842438645976,test,1.215526458627523
F90M,-0.3730612521564399,0.85749678904559,test,1.23055804120203
F90N,-1.1783759251313313,0.27052531366717,test,1.4489012387985012
F90P,-0.7017665110799521,0.334369280279484,test,1.036135791359436
F90Q,-0.9614695411023292,0.10078644269252,test,1.062255983794849
F90R,-1.141554341992548,0.161023218780096,test,1.302577560772644
F90S,-0.3900345670025732,0.845448017060407,test,1.2354825840629802
F90T,-0.31515432996122994,0.741284812025904,test,1.056439141987134
F90V,-0.10336450060483879,0.813000676145555,test,0.9163651767503939
F90W,-0.3437230180936378,0.773212784613003,test,1.116935802706641
F90Y,-0.38879969100101197,0.755049968106085,test,1.143849659107097
G110A,-1.3580415061512896,0.101794812361591,train,1.4598363185128806
G110C,-1.4226645460502494,0.176618371532776,test,1.5992829175830254
G110D,-1.2603441772624964,0.0440793544538321,test,1.3044235317163284
G110E,-1.0329897962072876,0.0358712241239102,test,1.068861020331198
G110F,-1.4227508510960865,0.0753996620738393,test,1.4981505131699258
G110H,-1.223599926089822,0.129692992647937,test,1.353292918737759
G110I,-1.4227508510960865,0.0622445430735875,test,1.4849953941696739
G110K,-1.242854599144936,0.0562469919450234,test,1.2991015910899595
G110L,-1.4227508510960865,0.132868902433164,test,1.5556197535292504
G110M,-1.4108896866414147,0.158519551446743,test,1.5694092380881577
G110N,-1.0756205727370534,0.0621173663241069,test,1.1377379390611602
G110P,-1.4227508510960865,,,
G110Q,-1.4227508510960865,0.113786764468866,test,1.5365376155649524
G110R,-1.096724209322277,0.0590843440370164,test,1.1558085533592934
G110S,-0.9141690751340156,0.083731718821733,test,0.9979007939557486
G110T,-1.0431940517877758,0.0784650030667594,test,1.121659054854535
G110V,-1.4227508510960865,0.163105611927842,test,1.5858564630239285
G110W,-1.4227508510960865,0.0973540265198191,test,1.5201048776159056
G110Y,-1.2274415321039405,0.0797652271562778,test,1.3072067592602183
G114A,0.0794102830607312,0.88535065750585,train,0.8059403744451188
G114C,-0.51084443211387,0.604681131683634,test,1.1155255637975041
G114D,-0.06353250903490912,0.111342292900073,test,0.17487480193498212
G114E,-0.11055785499955237,0.059193437300814,test,0.16975129230036637
G114F,-0.2719716499937167,0.193908267388506,test,0.4658799173822227
G114H,-0.3721219534453789,0.576283894172775,test,0.9484058476181539
G114I,-0.9983311794414548,0.184675523833736,test,1.1830067032751908
G114K,-0.9983311794414548,0.142005254216021,test,1.1403364336574757
G114L,-0.7559007781032826,0.060400193199666,test,0.8163009713029485
G114M,-0.9983311794414548,0.122976317487963,test,1.121307496929418
G114N,-0.25848939679550964,0.605102719386377,test,0.8635921161818867
G114P,-0.9983311794414548,0.048567387530825,test,1.0468985669722797
G114Q,-0.9983311794414548,0.516190702122801,test,1.5145218815642558
G114R,-0.3353248756263988,0.312492017308158,test,0.6478168929345568
G114S,-0.06344674400507197,0.63467273233958,test,0.698119476344652
G114T,-0.5835534195702555,0.766027453320662,test,1.3495808728909175
G114V,-0.4826772069906079,0.109766007427138,test,0.592443214417746
G114W,-0.9780817400833158,0.0711029317454265,test,1.0491846718287423
G114Y,-0.2958640257134747,0.05014407801323,test,0.3460081037267047
G116A,0.49453050225676043,0.969161114398185,train,0.47463061214142455
G116C,-0.8599197708055913,0.928951725061078,test,1.7888714958666694
G116D,0.07043054632745141,0.899422902191431,test,0.8289923558639796
G116E,0.22292159116699276,0.913032807271887,test,0.6901112161048942
G116F,-0.3873267412994287,0.860900577244652,test,1.2482273185440806
G116H,-0.17972738105492367,0.940372639177567,test,1.1201000202324907
G116I,-0.39242442273194544,0.905749738034791,test,1.2981741607667363
G116K,0.17955339447396726,1.02155828900815,test,0.8420048945341828
G116L,-0.2820587297584142,0.919278873962572,test,1.2013376037209862
G116M,-0.3468824430849645,0.959155671899299,test,1.3060381149842635
G116N,-0.010974213665364857,0.929290025937161,test,0.9402642396025259
G116P,-0.12404902073347421,0.113143924191256,test,0.2371929449247302
G116Q,-0.2282639245015042,0.975904764626831,test,1.2041686891283352
G116R,0.055065362034448256,1.0179012308816,test,0.9628358688471518
G116S,0.3379296285896599,0.986647066330112,test,0.6487174377404521
G116T,-0.23304409028638537,0.876132869186979,test,1.1091769594733643
G116V,-0.21035756849714224,0.909838402171481,test,1.1201959706686233
G116W,-0.5448187153697578,0.823845319182159,test,1.3686640345519168
G116Y,-0.275599657025173,0.863326102445935,test,1.138925759471108
G138A,0.1577340240452806,0.995466464045331,train,0.8377324400000504
G138C,-0.34821110929975896,0.976399452967169,test,1.324610562266928
G138D,-0.5821737131938541,0.64830960151633,test,1.2304833147101841
G138E,-0.21276877774398292,0.902693521805982,test,1.1154622995499648
G138F,-0.18472346482191324,0.965858554050382,test,1.1505820188722953
G138H,-0.30301684531625683,0.983426143831666,test,1.2864429891479228
G138I,-0.44506174051076053,0.627227043672539,test,1.0722887841832995
G138K,-0.039357437135006584,0.848161380860681,test,0.8875188179956877
G138L,0.022433355302826335,0.94632582316772,test,0.9238924678648937
G138M,-0.01794348737550097,0.959159034890819,test,0.97710252226632
G138N,-0.3956918155793451,0.909507692609033,test,1.305199508188378
G138P,-0.15378494260228312,0.804900238232368,test,0.9586851808346512
G138Q,-0.19171004783630372,0.926820866576926,test,1.1185309144132296
G138R,0.10731671051071925,0.768843171691085,test,0.6615264611803657
G138S,0.14230509527626337,0.990082628884399,test,0.8477775336081357
G138T,-0.10574556065736859,0.959869293812263,test,1.0656148544696316
G138V,-0.38681321472384533,0.745014737718695,test,1.1318279524425403
G138W,-0.5821737131938541,0.783324686443391,test,1.3654983996372452
G138Y,-0.34566900951068413,0.945616839866198,test,1.2912858493768822
G151A,0.19849407755325835,0.967603178075445,train,0.7691091005221867
G151C,-0.4836906090906944,0.966819907222408,test,1.4505105163131025
G151D,0.545317437983334,0.968026210417595,test,0.42270877243426097
G151E,0.2502975187805633,1.00095578443832,test,0.7506582656577566
G151F,-0.5455991637027812,0.801476803081644,test,1.3470759667844252
G151H,-0.020419926622116197,0.967130920477095,test,0.9875508470992113
G151I,-0.536373656210725,0.803369278879006,test,1.339742935089731
G151K,0.13582080385686282,1.00576330147301,test,0.8699424976161473
G151L,-0.369750783337527,0.889044750541431,test,1.258795533878958
G151M,-0.5667122110838009,0.927935044105388,test,1.494647255189189
G151N,0.3592660830799749,0.984999448921037,test,0.6257333658410621
G151P,-0.7405199146616098,0.890279039569192,test,1.630798954230802
G151Q,0.21621580851321567,0.971261624278213,test,0.7550458157649974
G151R,0.17211233816070517,0.995367937333145,test,0.8232555991724398
G151S,0.14776603173261207,0.961821369345266,test,0.8140553376126539
G151T,-0.36800950075242234,0.947041187492263,test,1.3150506882446853
G151V,-0.4998759536496572,0.88659633275459,test,1.3864722864042474
G151W,-0.7405199146616098,0.789204907044836,test,1.5297248217064459
G151Y,-0.34569897607015043,0.862065466814147,test,1.2077644428842973
G157A,0.14627284321079662,0.963165350697033,train,0.8168925074862364
G157C,-0.45965552607228355,0.863665625473594,test,1.3233211515458776
G157D,0.2866299388509358,0.819268312892866,test,0.5326383740419302
G157E,0.2060777524477381,0.920282109553385,test,0.7142043571056469
G157F,-0.783837870429111,0.760403693216952,test,1.5442415636460631
G157H,-0.18396442902686547,0.844945185504034,test,1.0289096145308994
G157I,-0.6022062114583621,0.484655817396231,test,1.086862028854593
G157K,0.0699667726036918,0.75066022346659,test,0.6806934508628982
G157L,-0.42873939716749143,0.688486568290574,test,1.1172259654580654
G157M,-0.8863377962539783,0.842866502268244,test,1.7292042985222222
G157N,0.274343565838716,0.819890120939256,test,0.54554655510054
G157P,-0.2123490736047938,0.770349920308916,test,0.9826989939137099
G157Q,-0.009846580581092418,0.952058713145503,test,0.9619052937265955
G157R,0.16835658740640871,0.82972368222448,test,0.6613670948180713
G157S,0.13712498546250243,0.96728639490131,test,0.8301614094388076
G157T,0.23006780027092302,0.785514038791105,test,0.555446238520182
G157V,-0.3341966092780465,0.664686423576237,test,0.9988830328542835
G157W,-0.8755265702686462,0.660023393026893,test,1.5355499632955392
G157Y,-0.472130482522377,0.793419657676476,test,1.2655501401988531
G158A,-0.23765417165229316,0.748359566338089,train,0.9860137379903822
G158C,-0.6305261198655349,0.68161629631731,test,1.3121424161828448
G158D,-0.45210600902537557,0.629691007120408,test,1.0817970161457837
G158E,-0.24130894145176626,0.69952527164226,test,0.9408342130940263
G158F,-0.6877875574277102,0.199183117941796,test,0.8869706753695062
G158H,-0.4650642413072593,0.635351345690987,test,1.1004155869982464
G158I,-0.6544095797376909,0.13119326120925,test,0.7856028409469409
G158K,-0.2078527132898403,0.488728320149884,test,0.6965810334397243
G158L,-0.4025187422117543,0.160721236278007,test,0.5632399784897613
G158M,-0.27947773508709683,0.558002441300022,test,0.8374801763871188
G158N,-0.514675455676742,0.714774608919438,test,1.22945006459618
G158P,-0.8620676459828939,0.763340682467151,test,1.625408328450045
G158Q,-0.19088863315599788,0.721968907297523,test,0.912857540453521
G158R,0.07624519069995564,0.509025979008464,test,0.4327807883085084
G158S,-0.2578182160433772,0.79656827026565,test,1.0543864863090273
G158T,-0.3197278839897776,0.563935028303302,test,0.8836629122930796
G158V,-0.630459737581284,0.12769012536243,test,0.758149862943714
G158W,-0.8025722172723707,0.215822202605468,test,1.0183944198778387
G158Y,-0.9099780233303768,0.475641700538659,test,1.3856197238690358
G162A,-0.10664002085932842,0.707106370668887,train,0.8137463915282155
G162C,-0.24657955588793298,0.16815495493071,test,0.414734510818643
G162D,-1.258602395400121,0.0604064056613433,test,1.3190088010614645
G162E,-1.2598622060621218,0.0424969697128116,test,1.3023591757749335
G162F,-0.5309362278469186,0.157265580161192,test,0.6882018080081106
G162H,-0.8920977678259167,0.0695769970643428,test,0.9616747648902595
G162I,-0.5358297305863234,0.0638903780204854,test,0.5997201086068088
G162K,-1.0706932564394476,0.0557563387118018,test,1.1264495951512494
G162L,-0.3572303803000393,0.0675689841921916,test,0.4247993644922309
G162M,-0.4917878136822401,0.225134566234824,test,0.7169223799170641
G162N,-0.5357432380903261,0.108219291082339,test,0.643962529172665
G162P,-0.9735645484966592,0.0342528673881944,test,1.0078174158848536
G162Q,-0.737614350111539,0.0724264310684311,test,0.81004078117997
G162R,-0.9530119120908703,0.0667465170714139,test,1.0197584291622843
G162S,-0.49254614091984894,1.17836218976091,test,1.670908330680759
G162T,-0.8614990893600328,0.0914348627612727,test,0.9529339521213055
G162V,-0.49471996216149694,0.0793309619315654,test,0.5740509240930624
G162W,-1.2605517275241842,0.154824659016578,test,1.4153763865407623
G162Y,-1.2605517275241842,0.10456707778374,test,1.3651188053079242
G170A,-0.3635960570877298,0.706575567905295,train,1.0701716249930247
G170C,-0.8696097479761286,0.105180800171246,test,0.9747905481473745
G170D,-0.5752641853178927,0.0898142876273928,test,0.6650784729452854
G170E,-0.5313694572722797,0.0723895616497046,test,0.6037590189219842
G170F,-0.8696097479761286,0.0587618762897888,test,0.9283716242659174
G170H,-0.8696097479761286,0.127049285248824,test,0.9966590332249525
G170I,-0.8696097479761286,0.0861578087918403,test,0.9557675567679689
G170K,-0.8696097479761286,0.0335263862551991,test,0.9031361342313277
G170L,-0.8676943754401475,0.0551613921026153,test,0.9228557675427628
G170M,-0.8696097479761286,0.077863526357722,test,0.9474732743338505
G170N,-0.8696097479761286,0.0566767484909446,test,0.9262864964670732
G170P,-0.536275660358409,0.126764325601652,test,0.663039985960061
G170Q,-0.7011951000248627,0.197577883220361,test,0.8987729832452237
G170R,-0.6075071102000974,0.0409238269879039,test,0.6484309371880013
G170S,-0.3463033936644958,0.506970773283681,test,0.8532741669481768
G170T,-0.719096090766873,0.0966235515155325,test,0.8157196422824055
G170V,-0.8647013866207381,0.0981965138664499,test,0.962897900487188
G170W,-0.8695247112101122,0.0340845057230937,test,0.903609216933206
G170Y,-0.35117378140594047,0.117792943149729,test,0.46896672455566946
G186A,0.4889087661583785,1.00991351482302,train,0.5210047486646415
G186C,-0.3221671259812292,0.874839447560309,test,1.1970065735415383
G186D,-0.7711495937371725,0.931130925446708,test,1.7022805191838803
G186E,-0.22405288884068794,0.97393867052756,test,1.197991559368248
G186F,-0.7715599751863172,0.761862265629403,test,1.53342224081572
G186H,-0.7715599751863172,0.961314382050683,test,1.7328743572370002
G186I,-0.7715599751863172,0.771335867832566,test,1.5428958430188833
G186K,-0.5906676433851,0.82163417972913,test,1.41230182311423
G186L,-0.7715599751863172,0.838026986889424,test,1.6095869620757413
G186M,-0.7715599751863172,0.853504843509178,test,1.6250648186954952
G186N,-0.023153817183334396,0.980398652718005,test,1.0035524699013394
G186P,-0.4712711699367421,0.225530251133868,test,0.6968014210706102
G186Q,-0.45262039031200485,0.948187777439389,test,1.4008081677513937
G186R,-0.6094400472556764,0.780999293562867,test,1.3904393408185434
G186S,0.10990130445285531,0.954656989922529,test,0.8447556854696737
G186T,-0.4327498056787341,0.948003528281404,test,1.380753333960138
G186V,-0.256802997426948,0.870760195997758,test,1.127563193424706
G186W,-0.5915645768561543,0.834546406076544,test,1.4261109829326983
G186Y,-0.7715599751863172,0.955993665141798,test,1.7275536403281153
G187A,-0.13090182842731388,0.829749733295507,train,0.960651561722821
G187C,-0.3281616936295578,0.140572405379245,test,0.4687340990088028
G187D,-0.15071830880906298,0.138507538854993,test,0.289225847664056
G187E,-0.17911005914403674,0.343349978763416,test,0.5224600379074528
G187F,-0.8191187732095425,0.0696020460763056,test,0.8887208192858481
G187H,-0.8191187732095425,0.132057304634365,test,0.9511760778439076
G187I,-0.8191187732095425,0.0652881384433664,test,0.884406911652909
G187K,-0.5793364607680339,0.058623528011495,test,0.6379599887795289
G187L,-0.8190352817108749,0.176450535785499,test,0.9954858174963739
G187M,-0.5220946001817176,0.0622750455385675,test,0.5843696457202852
G187N,-0.4125144422385735,0.154401819623299,test,0.5669162618618725
G187P,-0.4199334041780397,0.0595602947046699,test,0.4794936988827096
G187Q,-0.36542111807090627,0.121453241510254,test,0.48687435958116027
G187R,-0.48604238609216466,0.143435001707094,test,0.6294773877992587
G187S,-0.13986793904217784,0.418864733754763,test,0.5587326727969408
G187T,-0.6072815572498457,0.142200274543645,test,0.7494818317934907
G187V,-0.5160857711716557,0.143310874596334,test,0.6593966457679896
G187W,-0.6882630176855437,0.155119009579454,test,0.8433820272649977
G187Y,-0.8191187732095425,0.103643844398329,test,0.9227626176078715
G197A,0.463064000113402,0.9810797424235,train,0.5180157423100981
G197C,-0.2581017219307834,0.98888528210613,test,1.2469870040369133
G197D,-0.9716584015213406,0.30287936464715,test,1.2745377661684907
G197E,-0.5013181640159513,0.269805443356464,test,0.7711236073724153
G197F,-0.283432100031911,0.0908084887078324,test,0.3742405887397434
G197H,-0.2745348058087077,0.107978301724635,test,0.3825131075333427
G197I,-0.35477071433358665,0.0920778004641493,test,0.44684851479773596
G197K,-0.9800038464557573,0.0714531985756154,test,1.0514570450313727
G197L,-0.29072227294163244,0.0828613553978876,test,0.37358362833952
G197M,-0.2918641918095871,0.302663547729561,test,0.5945277395391482
G197N,-0.11694511835603358,1.06870793230794,test,1.1856530506639735
G197P,-0.304050440511311,0.0841548795920046,test,0.38820532010331565
G197Q,-0.37590264432720744,0.872722111269522,test,1.2486247555967296
G197R,-0.6437572611182166,0.102218876867738,test,0.7459761379859546
G197S,0.015595040793206533,0.988588749441003,test,0.9729937086477964
G197T,0.14965211425549732,0.84161536231563,test,0.6919632480601327
G197V,-0.0467751096435228,0.89972324092221,test,0.9464983505657328
G197W,-0.9800038464557573,0.0586479114031642,test,1.0386517578589216
G197Y,-0.380769565437144,0.0709944212063916,test,0.4517639866435356
G20A,0.19979692787256256,0.978460257704482,train,0.7786633298319194
G20C,-0.012297083615229937,0.83140204337637,test,0.8436991269916
G20D,-0.012297083615229937,0.925531058174445,test,0.937828141789675
G20E,-0.012297083615229937,0.91655011585197,test,0.9288471994672
G20F,-0.012297083615229937,0.763811081114016,test,0.7761081647292459
G20H,-0.012297083615229937,0.719707676887579,test,0.7320047605028089
G20I,-0.012297083615229937,0.804168435280474,test,0.816465518895704
G20K,-0.012297083615229937,0.954763525930995,test,0.967060609546225
G20L,-0.012297083615229937,0.838815341755509,test,0.851112425370739
G20M,-0.012297083615229937,0.830150086920977,test,0.842447170536207
G20N,-0.012297083615229937,0.963202225005794,test,0.975499308621024
G20P,-0.012297083615229937,0.21751239713339,test,0.22980948074861993
G20Q,-0.012297083615229937,0.888196194036407,test,0.900493277651637
G20R,-0.012297083615229937,0.880353799678539,test,0.892650883293769
G20S,-0.012297083615229937,0.902781778233988,test,0.9150788618492179
G20T,-0.012297083615229937,0.873996446099449,test,0.886293529714679
G20V,-0.012297083615229937,0.77084413484794,test,0.78314121846317
G20W,-0.012297083615229937,0.807493380599529,test,0.819790464214759
G20Y,-0.012297083615229937,0.786669679317573,test,0.798966762932803
G21A,-0.09398799223878593,0.8047709998256,train,0.8987589920643859
G21C,-0.15918954367090551,0.718037182833125,test,0.8772267265040306
G21D,-0.15918954367090551,0.786524381954181,test,0.9457139256250865
G21E,-0.15918954367090551,0.771620414468703,test,0.9308099581396085
G21F,-0.15918954367090551,0.0740456261157702,test,0.23323516978667572
G21H,-0.15918954367090551,0.600777124309885,test,0.7599666679807905
G21I,-0.15918954367090551,0.093235962088653,test,0.2524255057595585
G21K,-0.15918954367090551,0.799924483399411,test,0.9591140270703166
G21L,-0.15918954367090551,0.270876150303762,test,0.43006569397466754
G21M,-0.15918954367090551,0.639206378015301,test,0.7983959216862065
G21N,-0.15918954367090551,0.850618442741066,test,1.0098079864119716
G21P,-0.15918954367090551,0.0384131824896244,test,0.19760272616052993
G21Q,-0.15918954367090551,0.990156856123693,test,1.1493463997945985
G21R,-0.15918954367090551,0.791629249543842,test,0.9508187932147475
G21S,-0.15918954367090551,0.785510935908608,test,0.9447004795795135
G21T,-0.15918954367090551,0.29498166763639,test,0.45417121130729554
G21V,-0.15918954367090551,0.0713475936683481,test,0.23053713733925363
G21W,-0.15918954367090551,0.102435573271935,test,0.2616251169428405
G21Y,-0.15918954367090551,0.0863916442477614,test,0.2455811879186669
G223A,-0.5359902885098403,0.641904384431606,train,1.1778946729414463
G223C,-0.782373398674585,0.64890451876221,test,1.431277917436795
G223D,-0.16870188126099114,0.408598106385913,test,0.5772999876469042
G223E,-0.5640535905699305,0.161035706488272,test,0.7250892970582026
G223F,-0.7164904866412737,0.0708762668778466,test,0.7873667535191202
G223H,-0.3895413856697142,0.571926274068165,test,0.9614676597378792
G223I,-0.8862605883096711,0.0915993767094939,test,0.9778599650191651
G223K,-0.3278881493455875,0.2232905231802,test,0.5511786725257876
G223L,-0.6694076965744692,0.385711123489908,test,1.055118820064377
G223M,-0.7898068752390465,0.502108555374778,test,1.2919154306138245
G223N,-0.24388918818998326,0.652897055949026,test,0.8967862441390093
G223P,-0.7952114821827049,0.0988354423523163,test,0.8940469245350212
G223Q,-0.4793841985547779,0.739137996905157,test,1.218522195459935
G223R,-0.4566503294469978,0.0897306201266739,test,0.5463809495736717
G223S,-0.41902326159520864,0.886145632926572,test,1.3051688945217808
G223T,-0.5811192605155892,0.527846940276355,test,1.108966200791944
G223V,-0.648829555380566,0.0394762375030479,test,0.6883057928836138
G223W,-0.770099917447553,0.0601064895356805,test,0.8302064069832336
G223Y,-0.971997734336746,0.120371730838802,test,1.092369465175548
G244A,0.41688396180451914,0.919082077795232,train,0.5021981159907128
G244C,0.004349111178410109,0.77871723412686,test,0.7743681229484499
G244D,-0.7098713344213569,0.0758377276480545,test,0.7857090620694114
G244E,-0.9441605076065013,0.0331119026045902,test,0.9772724102110915
G244F,-0.34185738147385425,0.464962905389371,test,0.8068202868632253
G244H,-0.28534165914343734,0.101373005065385,test,0.38671466420882233
G244I,-0.21003966681524475,0.724321105939599,test,0.9343607727548437
G244K,-0.9441605076065013,0.11041878792781,test,1.0545792955343112
G244L,-0.15151299569776086,0.132413386914032,test,0.28392638261179287
G244M,-0.16619860375687687,0.676971616852571,test,0.8431702206094479
G244N,-0.6499595653406861,0.0485220118258986,test,0.6984815771665847
G244P,-0.8916551291401195,0.0594859932596601,test,0.9511411223997795
G244Q,-0.614211908907781,0.0850107858032416,test,0.6992226947110226
G244R,-0.5747016590970436,0.103741138198963,test,0.6784427972960066
G244S,-0.22348716276510658,0.67771629889209,test,0.9012034616571966
G244T,-0.07449577934821491,0.633898869842081,test,0.7083946491902959
G244V,-0.08074648028775208,0.634887503019622,test,0.7156339833073742
G244W,-0.4813644260155109,0.420202482696913,test,0.9015669087124238
G244Y,-0.3057932960060067,0.617113753572596,test,0.9229070495786027
G252A,0.485561147907701,0.966365176663396,train,0.48080402875569506
G252C,-0.02285009958637993,0.931155558539049,test,0.9540056581254289
G252D,-0.2267110156175479,0.916270832125109,test,1.1429818477426568
G252E,-0.30942454526346974,0.836978465242928,test,1.1464030105063978
G252F,-0.10775722168008514,0.647139700344177,test,0.7548969220242622
G252H,-0.3666585120043976,0.944967106949372,test,1.3116256189537696
G252I,-0.14917047111961765,0.294754382308507,test,0.4439248534281246
G252K,0.059218534698027764,1.02552397427263,test,0.9663054395746024
G252L,-0.025964477740678976,0.799173371345634,test,0.825137849086313
G252M,-0.2608998444794145,0.889866030120822,test,1.1507658746002365
G252N,0.012032379227660567,0.943292628380477,test,0.9312602491528165
G252P,-0.7902316396743515,0.0551813812978318,test,0.8454130209721833
G252Q,-0.5173253618615153,0.971108573529417,test,1.4884339353909324
G252R,-0.4111092351780198,1.00293791759687,test,1.4140471527748897
G252S,0.003894375616250084,0.958731071968662,test,0.954836696352412
G252T,-0.12216089113524639,0.652450798041113,test,0.7746116891763594
G252V,-0.11680208045974347,0.556430820260357,test,0.6732329007201004
G252W,-0.18679289419568854,0.667692607253825,test,0.8544855014495135
G252Y,-0.7902316396743515,0.869239641139057,test,1.6594712808134084
G264A,-0.18203182911329593,,,
G264C,-0.7795142086945427,0.281948527110599,test,1.0614627358051416
G264D,-0.9725842478513734,0.0674225515335136,test,1.040006799384887
G264E,-0.6413693090431453,0.1102351144554,test,0.7516044234985453
G264F,-0.16805553924750635,0.0882755359168799,test,0.25633107516438625
G264H,-0.7739949464633588,0.103499448150185,test,0.8774943946135437
G264I,-0.20356807454916778,0.06749850394004,test,0.2710665784892078
G264K,-1.154847475274775,0.0442823877217058,test,1.1991298629964808
G264L,-0.26599051500626414,0.0447257759223097,test,0.31071629092857384
G264M,-0.357303809203913,0.0708594360276376,test,0.42816324523155064
G264N,-0.9475805128248681,0.0888343880438889,test,1.036414900868757
G264P,-0.4753029445923337,0.0865636538817087,test,0.5618665984740424
G264Q,-0.9277310502353914,0.149635665568485,test,1.0773667158038764
G264R,-1.154847475274775,0.0869141461293065,test,1.2417616214040816
G264S,-0.3210110012360431,1.22006400051204,test,1.5410750017480832
G264T,-0.3647222592449054,0.360578905390778,test,0.7253011646356835
G264V,-0.023095789047685805,0.230658207733984,test,0.25375399678166977
G264W,-0.6484429883823525,0.076063158962275,test,0.7245061473446275
G264Y,-0.29188028626812323,0.116135455823066,test,0.40801574209118924
G268A,-0.3116949590494008,0.818512056841552,train,1.130207015890953
G268C,-0.5441925977783589,0.477990574891437,test,1.0221831726697959
G268D,-0.6131754654707339,0.114639872472199,test,0.7278153379429328
G268E,-0.79635428623116,0.0957979389969558,test,0.8921522252281158
G268F,-0.797764452861711,0.135454088186128,test,0.9332185410478391
G268H,-0.797764452861711,0.0987653726244531,test,0.8965298254861641
G268I,-0.6173116677607043,0.116762908443985,test,0.7340745762046893
G268K,-0.797764452861711,0.0992195846418044,test,0.8969840375035154
G268L,-0.797764452861711,0.0721695229588424,test,0.8699339758205534
G268M,-0.6771336224892076,0.110326486966995,test,0.7874601094562026
G268N,-0.5092384200749914,0.820711277440287,test,1.3299496975152785
G268P,-0.797764452861711,0.108720514440557,test,0.906484967302268
G268Q,-0.797764452861711,0.979831374411973,test,1.777595827273684
G268R,-0.7955124471545462,0.0719669938425826,test,0.8674794409971287
G268S,-0.19239938337047033,0.916261801266457,test,1.1086611846369272
G268T,-0.34586810743369145,0.625885411548121,test,0.9717535189818125
G268V,-0.795444791605099,0.084274733396044,test,0.8797195250011429
G268W,-0.5976046515405978,0.127189814049266,test,0.7247944655898638
G268Y,-0.797764452861711,0.104328044013381,test,0.9020924968750921
G290A,-1.3439285106562238,0.15391906584053,train,1.4978475764967538
G290C,-1.0778682072555583,0.14483990987403,test,1.2227081171295884
G290D,-1.386883641332388,0.0600620410500317,test,1.4469456823824196
G290E,-1.6005884280425942,0.0829921490357534,test,1.6835805770783476
G290F,-0.6320352464125282,0.0915130811063092,test,0.7235483275188374
G290H,-0.9714043548133263,0.068441631846503,test,1.0398459866598293
G290I,-1.0256739699348156,0.139298208670918,test,1.1649721786057337
G290K,-1.5892156213132533,0.0554775693429555,test,1.6446931906562088
G290L,-0.6825296174638144,0.142245346235654,test,0.8247749636994683
G290M,-0.3593139835049598,0.27086111354369,test,0.6301750970486498
G290N,-1.169295479527171,0.14041626619115,test,1.309711745718321
G290P,-1.4001057310547764,0.0600103642982095,test,1.460116095352986
G290Q,-0.900849287972075,0.0917416600536389,test,0.9925909480257139
G290R,-1.4179750128071393,0.107896144520142,test,1.5258711573272814
G290S,-0.8033538798521057,0.116214553757461,test,0.9195684336095667
G290T,-1.1102264674306632,0.147149089956801,test,1.2573755573874643
G290V,-0.8899999912576598,0.109680792412582,test,0.9996807836702418
G290W,-1.0076813162629759,0.0669409136962693,test,1.0746222299592452
G290Y,-0.8425736233899944,0.0714684248062633,test,0.9140420481962577
G292A,0.23644758247214184,0.860358998725763,train,0.6239114162536212
G292C,-1.001239782750938,0.471011394912988,test,1.472251177663926
G292D,-0.3191577591662752,0.0867128932579145,test,0.4058706524241897
G292E,-0.3838846939683086,0.0793900518547494,test,0.463274745823058
G292F,-1.001239782750938,0.101596777341022,test,1.10283656009196
G292H,-1.0011550710314803,0.110162970682596,test,1.1113180417140762
G292I,-0.6422513405357319,0.0561166412879451,test,0.698367981823677
G292K,-0.5062818528599661,0.203335142441114,test,0.70961699530108
G292L,-0.4805879225478912,0.0759649815933417,test,0.5565529041412329
G292M,-0.70509791669732,0.214093841938685,test,0.919191758636005
G292N,-0.433566537764117,0.19802406538898,test,0.631590603153097
G292P,-0.5051502030702516,0.180279802179694,test,0.6854300052499456
G292Q,-0.5750971273449011,0.0891588144817901,test,0.6642559418266912
G292R,-0.45813829249626437,0.151901156806456,test,0.6100394493027204
G292S,-0.06232040899218369,0.757224538065875,test,0.8195449470580587
G292T,-0.45202644845490914,0.109986768451385,test,0.5620132169062941
G292V,-0.6212596398147782,0.0493529546995315,test,0.6706125945143097
G292W,-0.8167655184486095,0.0718790827751698,test,0.8886446012237792
G292Y,-0.5367776399318974,0.0823280789891085,test,0.619105718921006
G302A,0.4055304575223061,1.1900377501244,train,0.7845072926020938
G302C,-0.6186022647691137,0.151677001296444,test,0.7702792660655577
G302D,-0.6186918001396039,0.110974735798795,test,0.7296665359383989
G302E,-0.600483370990902,0.147376743154247,test,0.747860114145149
G302F,-0.4442017474614127,0.101571156990284,test,0.5457729044516967
G302H,-0.13945057783638312,0.208376380711408,test,0.3478269585477911
G302I,-0.3479157007835577,0.0651477649073681,test,0.4130634656909258
G302K,-0.44556592239704373,0.110217247750959,test,0.5557831701480027
G302L,-0.6186918001396039,0.0580525912849974,test,0.6767443914246013
G302M,-0.500079961960853,0.193991713217181,test,0.694071675178034
G302N,-0.399110001766274,0.0876190865558104,test,0.4867290883220844
G302P,-0.31785295629004284,0.176184444653392,test,0.49403740094343485
G302Q,-0.27157528062246417,0.106166443070855,test,0.37774172369331915
G302R,-0.04677481888670862,0.0629381721441869,test,0.10971299103089552
G302S,0.11347004626939597,0.12887311117042,test,0.015403064901024027
G302T,-0.135264941149792,0.0952176326592837,test,0.23048257380907572
G302V,-0.06214985607870979,0.0501313039713439,test,0.1122811600500537
G302W,-0.46205549358364395,0.0485915036777322,test,0.5106469972613762
G302Y,-0.39146957284454886,0.150185954628048,test,0.5416555274725969
G316A,-0.01816896209634397,0.92746958282284,train,0.945638544919184
G316C,-0.49874192784489135,0.70927471114805,test,1.2080166389929414
G316D,-0.4881306601322136,0.221458575891013,test,0.7095892360232267
G316E,-0.4994598204872246,0.140698568963057,test,0.6401583894502816
G316F,-0.4994598204872246,0.0756764099805346,test,0.5751362304677592
G316H,-0.4994598204872246,0.0842920841305043,test,0.5837519046177289
G316I,-0.4994598204872246,0.189976505087521,test,0.6894363255747455
G316K,-0.4994598204872246,0.14966765761974,test,0.6491274781069646
G316L,-0.4994598204872246,1.09654755120177,test,1.5960073716889944
G316M,-0.4994598204872246,0.373780334270876,test,0.8732401547581006
G316N,-0.4994598204872246,0.181804626912482,test,0.6812644473997066
G316P,-0.4994598204872246,0.04631167985508,test,0.5457715003423046
G316Q,-0.4994598204872246,0.596081656713737,test,1.0955414772009617
G316R,-0.25346065901012504,0.845510511200601,test,1.098971170210726
G316S,0.13263588938761042,0.811251414699618,test,0.6786155253120076
G316T,-0.3949298999417524,0.158027413179808,test,0.5529573131215604
G316V,-0.4604074482078103,0.0684196744885025,test,0.5288271226963128
G316W,-0.49912329320544113,0.156121251182646,test,0.6552445443880871
G316Y,-0.4994598204872246,0.0864957628525311,test,0.5859555833397557
G319A,0.24801042212435545,0.984199816586627,train,0.7361893944622716
G319C,-0.4475698662505584,0.773002945769546,test,1.2205728120201043
G319D,-0.6445107632187125,0.0867211383752151,test,0.7312319015939276
G319E,-0.3123202430332993,0.0790230327573978,test,0.3913432757906971
G319F,-0.16202625228767284,0.769828477040396,test,0.9318547293280689
G319H,0.12033475584964362,0.0753278461342143,test,0.045006909715429325
G319I,-0.13839328685303118,0.09638758459518,test,0.2347808714482112
G319K,-0.9975066815967314,0.0811408086921773,test,1.0786474902889087
G319L,-0.16245024760395696,0.563281564827521,test,0.725731812431478
G319M,-0.2402313121966316,0.887122625081573,test,1.1273539372782047
G319N,-0.18347036257883817,0.136508391816784,test,0.3199787543956222
G319P,-0.9952132129107935,0.0893579414531856,test,1.084571154363979
G319Q,0.08085336359252407,0.118159109753787,test,0.037305746161262934
G319R,-0.970193336431186,0.116476780793614,test,1.0866701172248
G319S,0.1428530981511497,0.88453750553837,test,0.7416844073872203
G319T,-0.18194059995308573,0.376492708380086,test,0.5584333083331717
G319V,-0.08882917033384027,0.0533795053249289,test,0.14220867565876916
G319W,-0.42518858411749016,0.640792227515303,test,1.0659808116327931
G319Y,-0.30879751546937884,0.116049656635759,test,0.42484717210513784
G323A,-0.998463760412953,0.298569377933294,train,1.297033138346247
G323C,-1.0554040182708826,0.11893078586384,test,1.1743348041347226
G323D,-0.47239212555272203,0.128528433996058,test,0.6009205595487801
G323E,-0.9709455431839248,0.044371595520943,test,1.0153171387048678
G323F,-1.1812471159669873,0.0471828305330889,test,1.228429946500076
G323H,-0.6917031035096873,0.0544951440447922,test,0.7461982475544795
G323I,-0.8588475630395019,0.0728843461890658,test,0.9317319092285677
G323K,-1.4135436133658097,0.108642555296261,test,1.5221861686620708
G323L,-0.8375553938672445,0.0514938669856965,test,0.889049260852941
G323M,-0.8847238715908413,0.03664812112388,test,0.9213719927147214
G323N,-0.6458724910944021,0.228995862039682,test,0.8748683531340842
G323P,-0.6919925975516631,0.0829335722943863,test,0.7749261698460495
G323Q,-0.963369458923303,0.0462628153088159,test,1.0096322742321189
G323R,-1.1168280666602237,0.0650575868031841,test,1.181885653463408
G323S,-0.6440747245906796,0.698627787520521,test,1.3427025121112006
G323T,-0.6528439983298026,0.177679050195827,test,0.8305230485256295
G323V,-0.7702481603231662,0.11766714115339,test,0.8879153014765562
G323W,-1.4132872940142172,0.05946733442358,test,1.4727546284377973
G323Y,-0.7490422309880186,0.042381780954432,test,0.7914240119424506
G326A,0.07200724500625202,0.902909425574589,train,0.830902180568337
G326C,-0.07619192504838676,0.899101373229361,test,0.9752932982777478
G326D,-0.07619192504838676,0.783609039280376,test,0.8598009643287627
G326E,-0.07619192504838676,1.11303128974431,test,1.1892232147926967
G326F,-0.07619192504838676,0.252768703658663,test,0.3289606287070498
G326H,-0.07619192504838676,0.944346223916126,test,1.0205381489645127
G326I,-0.07619192504838676,0.0943015006999478,test,0.17049342574833456
G326K,-0.07619192504838676,0.955415201875306,test,1.0316071269236928
G326L,-0.07619192504838676,0.647192548857326,test,0.7233844739057128
G326M,-0.07619192504838676,0.922883308456387,test,0.9990752335047738
G326N,-0.07619192504838676,0.848970862174617,test,0.9251627872230038
G326P,-0.07619192504838676,0.105244113051142,test,0.18143603809952874
G326Q,-0.07619192504838676,0.825417607316556,test,0.9016095323649428
G326R,-0.07619192504838676,0.910970222060968,test,0.9871621471093548
G326S,-0.07619192504838676,0.985614148694971,test,1.0618060737433577
G326T,-0.07619192504838676,0.772873024661405,test,0.8490649497097917
G326V,-0.07619192504838676,0.326141424214366,test,0.40233334926275277
G326W,-0.07619192504838676,0.250814191576374,test,0.32700611662476076
G326Y,-0.07619192504838676,0.310877228561059,test,0.3870691536094457
G328A,-0.8406148883322894,0.381709176737766,train,1.2223240650700553
G328C,-1.1919114180761088,0.0712463361576887,test,1.2631577542337975
G328D,-0.9751647914389435,0.0721084422558979,test,1.0472732336948414
G328E,-0.8809064244721933,0.0833644068350034,test,0.9642708313071966
G328F,-1.4634332238896508,0.0648042411334402,test,1.528237465023091
G328H,-1.1351396755166963,0.0533816116373171,test,1.1885212871540134
G328I,-1.265839103787411,0.0935847660022541,test,1.3594238697896652
G328K,-0.983225854735433,0.129336371423215,test,1.112562226158648
G328L,-0.9634897536285324,0.0875979812752602,test,1.0510877349037926
G328M,-1.4634332238896508,0.0741718392846982,test,1.537605063174349
G328N,-0.8047065205420475,0.080875348159444,test,0.8855818687014915
G328P,-0.8737845289630032,0.0408227234234461,test,0.9146072523864492
G328Q,-1.4634332238896508,0.175428665429154,test,1.6388618893188047
G328R,-1.0299024749992889,0.138400465523069,test,1.168302940522358
G328S,-0.3897848581726645,0.121128399137141,test,0.5109132573098055
G328T,-0.834180792771073,0.0881424189843426,test,0.9223232117554157
G328V,-1.04192532060294,0.0797855567252874,test,1.1217108773282274
G328W,-1.196797363383342,0.0398396958491118,test,1.2366370592324538
G328Y,-1.144179556098648,0.111217233926279,test,1.255396790024927
G332A,-0.0614791624718832,0.831400957506175,train,0.8928801199780583
G332C,-0.7123457941621546,0.772850616261281,test,1.4851964104234356
G332D,-0.04969302334688294,0.229617653387475,test,0.27931067673435794
G332E,-0.17922006172872593,0.150756094647014,test,0.32997615637573996
G332F,-0.3199444493005078,0.625937938211762,test,0.9458823875122698
G332H,-0.3973831620961502,0.706342374691303,test,1.1037255367874532
G332I,-0.3339310347667407,0.0708012616569835,test,0.4047322964237242
G332K,-0.37011867681241817,0.182463941350249,test,0.5525826181626672
G332L,-0.37792892241957154,0.0485108017865353,test,0.4264397242061069
G332M,-0.20973378558759834,0.236887668973884,test,0.44662145456148233
G332N,-0.20355779470488308,0.680327055469052,test,0.8838848501739351
G332P,-0.4066407004337699,0.259212722640894,test,0.6658534230746639
G332Q,-0.2702286694475954,0.0867219343229537,test,0.3569506037705491
G332R,-0.34460553659802284,0.100331372951529,test,0.44493690954955184
G332S,0.26182158183951654,0.931074353571709,test,0.6692527717321924
G332T,-0.1465014597258206,0.797245134221509,test,0.9437465939473296
G332V,-0.16216461798706824,0.277433135554199,test,0.4395977535412673
G332W,-0.4806758822323144,0.565979028298046,test,1.0466549105303604
G332Y,-0.24784291762523467,0.582186112441481,test,0.8300290300667157
G350A,-0.7684518455089328,0.367879460676568,train,1.1363313061855007
G350C,-0.763201843594345,0.171612113793949,test,0.934813957388294
G350D,-0.41294748713337215,0.113063786258183,test,0.5260112733915552
G350E,-0.6888661052030377,0.128711362748493,test,0.8175774679515307
G350F,-0.6474211154656929,0.0976645580763063,test,0.7450856735419992
G350H,-0.4816456204225682,0.0651992554788291,test,0.5468448759013973
G350I,-0.49100777868393075,0.115795079875774,test,0.6068028585597047
G350K,-0.76360227403228,0.166694377342469,test,0.930296651374749
G350L,-0.6674089045092794,0.0848921031327026,test,0.7523010076419819
G350M,-0.5982909361009051,0.195186096245183,test,0.7934770323460881
G350N,-0.4631955159676474,0.132655674280636,test,0.5958511902482834
G350P,-0.8556202476299898,0.0742511094898801,test,0.9298713571198699
G350Q,-0.5306275217237951,0.1110685622791,test,0.6416960840028951
G350R,-0.6436445722063352,0.11921513843354,test,0.7628597106398752
G350S,-0.6886788323209773,0.14893784795527,test,0.8376166802762472
G350T,-0.4909965392519803,0.194329432162403,test,0.6853259714143833
G350V,-0.40027693660934227,0.0786192594695727,test,0.478896196078915
G350W,-1.0072216847103397,0.0944250254610494,test,1.1016467101713892
G350Y,-0.713755248954253,0.079017836263892,test,0.792773085218145
G358A,0.7437746291956403,0.999889837688585,train,0.25611520849294467
G358C,0.3393260860090034,0.98572517767622,test,0.6463990916672167
G358D,0.4442716784853228,0.996671459355828,test,0.5523997808705052
G358E,0.8019609205776114,0.981975968670192,test,0.18001504809258062
G358F,0.5304274009236792,0.964121515043847,test,0.4336941141201678
G358H,0.9324355027777745,0.996453093165045,test,0.0640175903872705
G358I,0.18441967503904802,0.990139111861326,test,0.805719436822278
G358K,0.32002967358583867,0.993109273206736,test,0.6730795996208974
G358L,0.9215911509587521,0.965567471894914,test,0.04397632093616188
G358M,0.2676594726102578,0.987224353315448,test,0.7195648807051902
G358N,0.3908337328703261,0.993777251002674,test,0.6029435181323479
G358P,0.4742893541768428,0.924083920110216,test,0.4497945659333732
G358Q,0.573959565458242,1.00050489584378,test,0.4265453303855381
G358R,0.5601963597635816,1.00871103414716,test,0.4485146743835783
G358S,0.4296293323282888,1.00357334333734,test,0.5739440110090511
G358T,0.35738295910928664,0.977214738848951,test,0.6198317797396644
G358V,0.36327189858517095,0.996308223593282,test,0.633036325008111
G358W,0.3913437803741441,0.951996202681862,test,0.560652422307718
G358Y,0.9334514633128471,0.970923547246598,test,0.0374720839337509
G359A,0.29254109168695097,0.985767012455146,train,0.693225920768195
G359C,-0.3952917723561947,0.965000360431617,test,1.3602921327878117
G359D,0.15616122784271594,0.963160771714532,test,0.806999543871816
G359E,-0.07758670912286933,0.981698185598896,test,1.0592848947217652
G359F,-0.3170350374229324,0.947382400708846,test,1.2644174381317783
G359H,0.26441241857721,1.01305547053028,test,0.7486430519530699
G359I,-0.0886372339850808,0.962328085896278,test,1.0509653198813589
G359K,0.12951270419032537,0.989167350327093,test,0.8596546461367677
G359L,-0.1867048538656387,0.967010390933823,test,1.1537152447994616
G359M,-0.5592085231584653,0.970039279868415,test,1.5292478030268803
G359N,0.11166290947762794,1.01149745077854,test,0.899834541300912
G359P,0.16013699034249532,0.990364195452734,test,0.8302272051102387
G359Q,-0.11891246201154568,0.984414914042974,test,1.1033273760545197
G359R,0.08447170424528108,0.965732119989594,test,0.8812604157443129
G359S,0.34573770069839294,0.986144790700233,test,0.64040709000184
G359T,-0.06414179160981201,0.99669973533997,test,1.060841526949782
G359V,0.033828325470707604,0.947771253829186,test,0.9139429283584785
G359W,-0.6052320351513133,0.98141804646914,test,1.5866500816204532
G359Y,-0.31340811389169987,0.972289228064659,test,1.2856973419563589
G35A,-0.16593411528885701,0.762235567050195,train,0.9281696823390521
G35C,-0.1951626051959406,0.855232358166815,test,1.0503949633627556
G35D,-0.1951626051959406,0.837098613867636,test,1.0322612190635765
G35E,-0.1951626051959406,0.781259643451243,test,0.9764222486471836
G35F,-0.1951626051959406,0.667861008048532,test,0.8630236132444726
G35H,-0.1951626051959406,0.796232816238864,test,0.9913954214348046
G35I,-0.1951626051959406,0.555040372508507,test,0.7502029777044477
G35K,-0.1951626051959406,0.798740731105604,test,0.9939033363015446
G35L,-0.1951626051959406,0.678410085855623,test,0.8735726910515637
G35M,-0.1951626051959406,0.697984011619692,test,0.8931466168156327
G35N,-0.1951626051959406,0.896804850083337,test,1.0919674552792775
G35P,-0.1951626051959406,0.817281391206823,test,1.0124439964027636
G35Q,-0.1951626051959406,0.817130285976646,test,1.0122928911725866
G35R,-0.1951626051959406,0.855256331049789,test,1.0504189362457297
G35S,-0.1951626051959406,0.858854547002261,test,1.0540171521982016
G35T,-0.1951626051959406,0.839100191708911,test,1.0342627969048517
G35V,-0.1951626051959406,0.681143170719002,test,0.8763057759149426
G35W,-0.1951626051959406,0.595374412656521,test,0.7905370178524617
G35Y,-0.1951626051959406,0.68644225844919,test,0.8816048636451307
G369A,-1.086690159640171,0.202730266983013,train,1.2894204266231841
G369C,-0.8652534690234809,0.0446261837324563,test,0.9098796527559372
G369D,-1.4388594041545935,0.115575875237499,test,1.5544352793920924
G369E,-1.422405876244101,0.109455256568348,test,1.531861132812449
G369F,-1.4388594041545935,0.108442751149806,test,1.5473021553043995
G369H,-1.226361389880698,0.113196702464415,test,1.339558092345113
G369I,-1.4388594041545935,0.0861622770422366,test,1.52502168119683
G369K,-1.4388594041545935,0.0713182281925945,test,1.510177632347188
G369L,-1.4388594041545935,0.0602329856641598,test,1.4990923898187534
G369M,-1.4388594041545935,0.0578521021731485,test,1.4967115063277419
G369N,-0.8424581657174811,0.0620807063666658,test,0.904538872084147
G369P,-1.4388594041545935,0.0933916789496985,test,1.532251083104292
G369Q,-1.4388594041545935,0.0713438352709717,test,1.5102032394255651
G369R,-0.9173194481573866,0.0548740794310981,test,0.9721935275884848
G369S,-0.4920677413774398,0.0785884639745759,test,0.5706562053520157
G369T,-1.2213679066090595,0.106098307044824,test,1.3274662136538835
G369V,-1.0976296311458558,0.0505242594836604,test,1.1481538906295161
G369W,-1.4388594041545935,0.076081337814128,test,1.5149407419687215
G369Y,-1.4388594041545935,0.0547238598953152,test,1.4935832640499087
G370A,-1.1354018506796557,0.165290773212276,train,1.3006926238919316
G370C,-1.3801790771203082,0.0639110518407459,test,1.4440901289610542
G370D,-0.981697385428156,0.202420022937723,test,1.184117408365879
G370E,-1.1474634479392434,0.0577188742142669,test,1.2051823221535103
G370F,-1.3859778610448446,0.0530424613092226,test,1.4390203223540672
G370H,-1.3859778610448446,0.115978689735824,test,1.5019565507806685
G370I,-1.2808502261442334,0.0812964182596729,test,1.3621466444039063
G370K,-0.9233818731293403,0.0968794871364219,test,1.0202613602657622
G370L,-1.3859778610448446,0.0342567020220169,test,1.4202345630668614
G370M,-1.2889743402968803,0.141770874271054,test,1.4307452145679342
G370N,-0.8515025783778961,0.108686536778958,test,0.9601891151568541
G370P,-1.0980644323379993,0.0744941963688074,test,1.1725586287068068
G370Q,-1.0306524927228689,0.0820434362473462,test,1.112695928970215
G370R,-0.7888227319565123,0.145627958910002,test,0.9344506908665143
G370S,-0.5446846408970133,0.457954874591889,test,1.0026395154889023
G370T,-1.3859778610448446,0.119917869135397,test,1.5058957301802416
G370V,-1.1311685533178617,0.117380912433567,test,1.2485494657514287
G370W,-1.3859778610448446,0.0989908400031722,test,1.4849687010480168
G370Y,-1.2169051150587917,0.123684885827852,test,1.3405900008866438
G378A,0.7098185811373449,1.00781089261887,train,0.29799231148152516
G378C,-0.6197425473562385,0.971311000676201,test,1.5910535480324395
G378D,0.09522678636840146,0.968470380908752,test,0.8732435945403506
G378E,0.0796994495092044,0.95584673808174,test,0.8761472885725357
G378F,-0.15056995445880647,0.991809709472972,test,1.1423796639317785
G378H,-0.19058549791760301,0.998220040787156,test,1.188805538704759
G378I,-0.16531518842032109,0.948548286928541,test,1.113863475348862
G378K,0.19798617572221003,0.996252386488694,test,0.798266210766484
G378L,-0.05663980175798353,0.9782822570168,test,1.0349220587747836
G378M,-0.19337972395767652,1.00249685026822,test,1.1958765742258965
G378N,-0.07884416763044685,1.00035790049581,test,1.0792020681262569
G378P,0.22237246746343478,0.970064394602765,test,0.7476919271393302
G378Q,0.16135033036830895,0.976401047047527,test,0.815050716679218
G378R,0.24316580902114784,0.986216388895758,test,0.7430505798746102
G378S,0.15502864663894803,0.98385651818132,test,0.828827871542372
G378T,0.010576614974389692,0.961393217999795,test,0.9508166030254054
G378V,-0.08634319990370928,0.922069843387565,test,1.0084130432912743
G378W,-0.3270774919522651,0.950859023481874,test,1.277936515434139
G378Y,0.09792361888789505,0.971459020228808,test,0.873535401340913
G37A,0.41895243294070694,0.986432044290728,train,0.567479611350021
G37C,-0.5319338869711906,0.983382401254402,test,1.5153162882255926
G37D,0.9318003028058409,1.0217166744995,test,0.08991637169365918
G37E,0.6214345523428079,0.949338932744143,test,0.3279043804013352
G37F,-0.46867240523085696,0.681876902379754,test,1.150549307610611
G37H,-0.024646103008758885,0.921927816984667,test,0.9465739199934259
G37I,-0.1438419365837665,0.692965863059495,test,0.8368077996432616
G37K,0.20526070753594242,0.973513333286546,test,0.7682526257506036
G37L,0.01184462640628206,0.805341884319116,test,0.793497257912834
G37M,-0.10268831239879125,0.888410727259881,test,0.9910990396586723
G37N,0.587011275375542,1.02402778277751,test,0.43701650740196796
G37P,0.43744450610845453,0.949382975982658,test,0.5119384698742034
G37Q,0.05460363121062764,0.965097016369168,test,0.9104933851585404
G37R,0.07880560121335259,0.902613898746258,test,0.8238082975329054
G37S,0.4336920575732771,1.02584654093254,test,0.5921544833592628
G37T,0.42485204353305106,0.954758459134283,test,0.529906415601232
G37V,-0.107860329386637,0.767530493002655,test,0.875390822389292
G37W,-0.5994936061122192,0.522228230523373,test,1.1217218366355923
G37Y,-0.28079383600155816,0.735017205991963,test,1.0158110419935211
G384A,0.13232492365746765,0.939054830637852,train,0.8067299069803844
G384C,-0.6682901755910388,0.917779235921759,test,1.5860694115127978
G384D,-0.06556741335545166,0.93174700016214,test,0.9973144135175916
G384E,-0.023802781408206325,0.943826260333378,test,0.9676290417415844
G384F,-0.6682901755910388,0.799161594581649,test,1.467451770172688
G384H,-0.06613940815245098,0.943274252342249,test,1.0094136604947
G384I,-0.6682901755910388,0.857978469339706,test,1.5262686449307448
G384K,0.09191066327951095,0.926946437974699,test,0.8350357746951881
G384L,-0.6682000479578031,0.849084384562981,test,1.5172844325207842
G384M,-0.6682901755910388,0.912649317753037,test,1.5809394933440757
G384N,0.14866264061523818,0.94733863546764,test,0.7986759948524018
G384P,-0.053405539556076714,0.683475892587276,test,0.7368814321433528
G384Q,-0.027866772112717125,0.932087093127512,test,0.9599538652402292
G384R,0.006999950119296688,0.933534229974559,test,0.9265342798552624
G384S,0.08784910663529569,0.934344455048139,test,0.8464953484128434
G384T,0.23073003912448367,0.970445353361111,test,0.7397153142366274
G384V,-0.48015404844317355,0.83676839823169,test,1.3169224466748637
G384W,-0.6682901755910388,0.8058235076427,test,1.474113683233739
G384Y,-0.6682901755910388,0.86172315522269,test,1.5300133308137287
G393A,-1.2516015259589912,0.10998277992555,train,1.3615843058845412
G393C,-1.0633709131717517,0.11374010973406,test,1.1771110229058117
G393D,-0.7479761965173072,0.0932845085513025,test,0.8412607050686097
G393E,-1.0912822349232496,0.0774387729498653,test,1.168721007873115
G393F,-1.3733422782651619,0.110132821903468,test,1.48347510016863
G393H,-1.0432123646083078,0.0703283183088686,test,1.1135406829171763
G393I,-1.3733422782651619,0.076601599517856,test,1.4499438777830178
G393K,-1.111536016943279,0.133229704416173,test,1.244765721359452
G393L,-1.1113331053334978,0.0838553408840449,test,1.1951884462175428
G393M,-1.3733422782651619,0.137747911098372,test,1.5110901893635338
G393N,-1.1252926724512655,0.0491349506042378,test,1.1744276230555033
G393P,-1.3733422782651619,0.121025125630109,test,1.4943674038952708
G393Q,-1.3733422782651619,0.178533620055412,test,1.5518758983205738
G393R,-1.2165696729074853,0.0542040956363317,test,1.270773768543817
G393S,-0.7872514197195407,0.0942545829002801,test,0.8815060026198208
G393T,-1.058006429935282,0.122060034948933,test,1.180066464884215
G393V,-0.9852181807731893,0.130484272802468,test,1.1157024535756572
G393W,-1.3733422782651619,0.205660083904655,test,1.5790023621698168
G393Y,-1.3733422782651619,0.127095526331359,test,1.5004378045965208
G394A,-0.3885381900595649,0.589758831043387,train,0.9782970211029519
G394C,-1.1120958333048974,0.0699643172273206,test,1.182060150532218
G394D,-0.6882251899225239,0.102321599232142,test,0.7905467891546659
G394E,-0.6574995291273947,0.15319305296377,test,0.8106925820911648
G394F,-1.1120958333048974,0.150789066487938,test,1.2628848997928355
G394H,-0.7371930063382227,0.0836604802625597,test,0.8208534866007824
G394I,-0.7361892910846944,0.0777757297140515,test,0.8139650207987459
G394K,-1.1120958333048974,0.0561380716275737,test,1.168233904932471
G394L,-0.7087762022920153,0.153568517303828,test,0.8623447195958434
G394M,-0.9416030261115481,0.0532838602485289,test,0.994886886360077
G394N,-0.6400381526873006,0.0759045041922864,test,0.715942656879587
G394P,-1.1120958333048974,0.136136865335712,test,1.2482326986406094
G394Q,-1.1120958333048974,0.119754379017035,test,1.2318502123219324
G394R,-0.46081903054600726,0.0568656942716401,test,0.5176847248176474
G394S,-0.29943859569823583,0.096285293926055,test,0.39572388962429084
G394T,-0.40021706119439127,0.0816042838852921,test,0.4818213450796834
G394V,-1.111931652288652,0.130424255587362,test,1.242355907876014
G394W,-1.1120958333048974,0.0803777377887119,test,1.1924735710936092
G394Y,-0.933434692665087,0.123600623908869,test,1.057035316573956
G395A,-0.15907609350175442,0.704256845759442,train,0.8633329392611965
G395C,-1.1102778251966436,0.149953252934955,test,1.2602310781315986
G395D,-0.2808843684830772,0.113168064056919,test,0.39405243253999617
G395E,-0.5818309371489602,0.134489541892164,test,0.7163204790411242
G395F,-1.1102778251966436,0.713507403167425,test,1.8237852283640685
G395H,-1.1102778251966436,0.830257518232532,test,1.9405353434291757
G395I,-1.1102778251966436,0.198697335310739,test,1.3089751605073827
G395K,-1.1102778251966436,0.202798011385137,test,1.3130758365817807
G395L,-1.1102778251966436,0.0807129155582522,test,1.1909907407548959
G395M,-1.1102778251966436,0.0544466634327862,test,1.16472448862943
G395N,-0.46793713360121625,0.126760185322266,test,0.5946973189234822
G395P,-0.7924089470731371,0.0803078001985314,test,0.8727167472716686
G395Q,-0.7581341924528883,0.166523946578105,test,0.9246581390309933
G395R,-0.5524880967975488,0.183288146979344,test,0.7357762437768929
G395S,-0.17128489459839166,0.160895352995093,test,0.33218024759348463
G395T,-0.7295797202217064,0.0589528739412449,test,0.7885325941629513
G395V,-1.1102778251966436,0.056813517827048,test,1.1670913430236916
G395W,-0.5012142228222082,0.164441794857063,test,0.6656560176792712
G395Y,-0.9196151799547184,0.240762193898527,test,1.1603773738532455
G398A,0.334113425399016,0.943943761065674,train,0.609830335666658
G398C,-0.6862926608225485,0.700601066007249,test,1.3868937268297974
G398D,-0.08487113154705991,0.0658459109962263,test,0.15071704254328622
G398E,-0.041330563262783254,0.0820096054971425,test,0.12334016875992575
G398F,-0.504416161230237,0.0716688207210938,test,0.5760849819513308
G398H,-0.33437562940075816,0.804211196866931,test,1.138586826267689
G398I,-0.5788734189750552,0.067625777398916,test,0.6464991963739711
G398K,-0.1159571224044996,0.181203985619434,test,0.2971611080239336
G398L,-0.2497746116269511,0.167993838811257,test,0.4177684504382081
G398M,-0.2627580776918731,0.128857279456533,test,0.3916153571484061
G398N,-0.15724834697332643,0.246968334075513,test,0.40421668104883945
G398P,-0.867067842454348,0.0840055063638894,test,0.9510733488182374
G398Q,-0.21310997452640454,0.143817787726871,test,0.35692776225327555
G398R,-0.1158006216601056,0.286878749669863,test,0.40267937132996856
G398S,0.27695951238363314,0.814240973427418,test,0.5372814610437848
G398T,-0.14151131260906422,0.267350230208483,test,0.40886154281754716
G398V,-0.4096575567844257,0.0763155482115921,test,0.4859731049960178
G398W,-0.28171626979934217,0.125310545197212,test,0.40702681499655413
G398Y,-0.867067842454348,0.0953906302283673,test,0.9624584726827152
G402A,-0.3094124546673086,0.713444515808279,train,1.0228569704755874
G402C,-0.656832040809903,0.778642322991893,test,1.435474363801796
G402D,-0.23998686538271605,0.806197078152562,test,1.046183943535278
G402E,-0.2974283751483332,0.744311094327002,test,1.0417394694753352
G402F,-0.7438585617795933,0.212385339557179,test,0.9562439013367723
G402H,-0.6325591516307604,0.711576952413364,test,1.3441361040441244
G402I,-0.6396865166963813,0.0653779420207331,test,0.7050644587171144
G402K,-0.2908586350300565,0.303628833399743,test,0.5944874684297995
G402L,-0.36076883801737425,0.235828492032961,test,0.5965973300503352
G402M,-0.4824795576062314,0.325584485214465,test,0.8080640428206964
G402N,-0.24813191672139054,0.826525769062174,test,1.0746576857835646
G402P,-0.5545381241090407,0.207959462677851,test,0.7624975867868917
G402Q,-0.385084010568871,0.409889561571281,test,0.794973572140152
G402R,-0.2080159580055175,0.120141130277398,test,0.3281570882829155
G402S,0.2171736080486332,0.801905340032468,test,0.5847317319838349
G402T,-0.41917769311853614,0.6728174458222,test,1.091995138940736
G402V,-0.5403996130782737,0.118453905741355,test,0.6588535188196287
G402W,-0.8962521072091504,0.256861151685278,test,1.1531132588944284
G402Y,-0.9300199287900809,0.0851628835532072,test,1.015182812343288
G406A,-0.14251155791316203,0.788180037784235,train,0.930691595697397
G406C,-0.7146827807047055,0.0793911682275045,test,0.79407394893221
G406D,-0.5342365272447699,0.104490971899482,test,0.6387274991442519
G406E,-0.42317741384580765,0.0759550750308936,test,0.49913248887670125
G406F,-0.7485586062830508,0.102248920664701,test,0.8508075269477519
G406H,-0.858151224676594,0.0482709387518001,test,0.9064221634283941
G406I,-1.0316462950852425,0.141319836879617,test,1.1729661319648594
G406K,-0.4759630151489146,0.142388185846499,test,0.6183512009954136
G406L,-0.545535716911265,0.0584670140471874,test,0.6040027309584524
G406M,-0.8523651289344628,0.0416506955894225,test,0.8940158245238853
G406N,-0.35682190146684867,0.132404403592407,test,0.4892263050592557
G406P,-0.8259081763564645,0.108362149656718,test,0.9342703260131825
G406Q,-0.5326952454077295,0.113342350512826,test,0.6460375959205555
G406R,-0.3878946146709471,0.0832452702343584,test,0.4711398849053055
G406S,-0.2770413652218181,0.707103706457952,test,0.9841450716797701
G406T,-0.4367515898116755,0.0997185445125644,test,0.53647013432424
G406V,-0.5446062004143298,0.130794033410498,test,0.6754002338248278
G406W,-1.0254149770907073,0.108282733488704,test,1.1336977105794113
G406Y,-0.8249384962693281,0.121860007921759,test,0.9467985041910871
G420A,0.2703000657428768,0.933565415078113,train,0.6632653493352362
G420C,-0.41585429666067497,0.966478900595803,test,1.3823331972564779
G420D,0.2399652909803224,0.971037842396272,test,0.7310725514159496
G420E,0.18542043441045677,0.95596948379552,test,0.7705490493850633
G420F,-0.6923680043843817,0.840788965057794,test,1.5331569694421758
G420H,0.06292390160719932,0.969055288420344,test,0.9061313868131448
G420I,-0.6922561947498477,0.748604513797558,test,1.4408607085474057
G420K,0.5791310271225357,1.00297148141108,test,0.4238404542885442
G420L,-0.3862603630283069,0.869486668934625,test,1.2557470319629318
G420M,-0.6923680043843817,0.931664569567296,test,1.6240325739516779
G420N,0.20642079014410455,0.972950935654443,test,0.7665301455103385
G420P,-0.6864052316797221,0.444887461177596,test,1.1312926928573181
G420Q,-0.049383720604897124,1.00189737946926,test,1.051281100074157
G420R,0.21168686124783612,1.00930723171075,test,0.797620370462914
G420S,0.011569323158154315,0.995335902315882,test,0.9837665791577277
G420T,-0.11984540336488422,0.918128466490253,test,1.0379738698551373
G420V,-0.37921471825673947,0.941940817749427,test,1.3211555360061664
G420W,-0.40466215320103316,0.77020889605203,test,1.1748710492530632
G420Y,-0.39765116397612743,0.821397136970452,test,1.2190483009465796
G442A,0.21477417004230018,0.987314987472596,train,0.7725408174302959
G442C,-0.004808462530362462,1.00042169806626,test,1.0052301605966223
G442D,-0.004808462530362462,0.994603757580652,test,0.9994122201110145
G442E,-0.004808462530362462,0.997091860885994,test,1.0019003234163564
G442F,-0.004808462530362462,0.999779503498833,test,1.0045879660291954
G442H,-0.004808462530362462,0.992646529527265,test,0.9974549920576274
G442I,-0.004808462530362462,1.00780499314268,test,1.0126134556730424
G442K,-0.004808462530362462,0.988546862836758,test,0.9933553253671205
G442L,-0.004808462530362462,1.01142905977542,test,1.0162375223057825
G442M,-0.004808462530362462,1.0137053567003,test,1.0185138192306624
G442N,-0.004808462530362462,1.01085296985139,test,1.0156614323817523
G442P,-0.004808462530362462,0.938960992592355,test,0.9437694551227175
G442Q,-0.004808462530362462,0.995307081320308,test,1.0001155438506704
G442R,-0.004808462530362462,1.00734516340298,test,1.0121536259333423
G442S,-0.004808462530362462,1.00156029023693,test,1.0063687527672924
G442T,-0.004808462530362462,0.991915360526608,test,0.9967238230569705
G442V,-0.004808462530362462,1.01644560672767,test,1.0212540692580323
G442W,-0.004808462530362462,0.999449191941121,test,1.0042576544714834
G442Y,-0.004808462530362462,1.0032385938629,test,1.0080470563932624
G450A,0.1707655220706418,0.961296533552102,train,0.7905310114814602
G450C,-0.02681278651619165,0.984268880163913,test,1.0110816666801046
G450D,-0.02681278651619165,0.96856566857576,test,0.9953784550919517
G450E,-0.02681278651619165,0.960934487013044,test,0.9877472735292356
G450F,-0.02681278651619165,0.936219174669777,test,0.9630319611859687
G450H,-0.02681278651619165,0.97003374324935,test,0.9968465297655417
G450I,-0.02681278651619165,0.943014228817236,test,0.9698270153334276
G450K,-0.02681278651619165,0.966853199311111,test,0.9936659858273027
G450L,-0.02681278651619165,0.959243768408363,test,0.9860565549245547
G450M,-0.02681278651619165,0.967787714902779,test,0.9946005014189707
G450N,-0.02681278651619165,0.980526294590427,test,1.0073390811066185
G450P,-0.02681278651619165,0.854902040980237,test,0.8817148274964287
G450Q,-0.02681278651619165,0.964999368490298,test,0.9918121550064897
G450R,-0.02681278651619165,0.944386050210848,test,0.9711988367270397
G450S,-0.02681278651619165,0.971256501425592,test,0.9980692879417836
G450T,-0.02681278651619165,0.961093163696108,test,0.9879059502122997
G450V,-0.02681278651619165,0.910975037817794,test,0.9377878243339857
G450W,-0.02681278651619165,0.927191107683443,test,0.9540038941996347
G450Y,-0.02681278651619165,0.939192389682103,test,0.9660051761982946
G456A,0.18783155962202583,0.971386184838873,train,0.7835546252168472
G456C,-0.018279767740499636,0.992701729622624,test,1.0109814973631237
G456D,-0.018279767740499636,0.960312571327579,test,0.9785923390680786
G456E,-0.018279767740499636,0.962368530648571,test,0.9806482983890706
G456F,-0.018279767740499636,0.958185883201183,test,0.9764656509416827
G456H,-0.018279767740499636,0.972231163575014,test,0.9905109313155137
G456I,-0.018279767740499636,0.923396363674431,test,0.9416761314149307
G456K,-0.018279767740499636,1.0029702936181,test,1.0212500613585995
G456L,-0.018279767740499636,0.958162504275115,test,0.9764422720156146
G456M,-0.018279767740499636,0.951639207649699,test,0.9699189753901987
G456N,-0.018279767740499636,0.982965622770812,test,1.0012453905113117
G456P,-0.018279767740499636,0.939455767203331,test,0.9577355349438307
G456Q,-0.018279767740499636,0.984920146968594,test,1.0031999147090935
G456R,-0.018279767740499636,0.992331378906864,test,1.0106111466473635
G456S,-0.018279767740499636,0.96081003951541,test,0.9790898072559097
G456T,-0.018279767740499636,0.931220831466286,test,0.9495005992067856
G456V,-0.018279767740499636,0.928169291912117,test,0.9464490596526166
G456W,-0.018279767740499636,0.929025790720197,test,0.9473055584606966
G456Y,-0.018279767740499636,0.937861543353669,test,0.9561413110941687
G52A,-1.1192041155887191,0.149137965319331,train,1.2683420809080501
G52C,-1.0663847654417913,0.192730267567657,test,1.2591150330094483
G52D,-0.7579590188648625,0.0949162668919021,test,0.8528752857567646
G52E,-0.719488023063643,0.0586956198319835,test,0.7781836428956265
G52F,-1.455967139246649,0.130302183141086,test,1.5862693223877349
G52H,-1.3492840604498382,0.125945630076623,test,1.4752296905264612
G52I,-1.455967139246649,0.106660319972196,test,1.562627459218845
G52K,-0.9042773613755409,0.101110321953595,test,1.005387683329136
G52L,-1.455967139246649,0.0661981522946735,test,1.5221652915413224
G52M,-1.455967139246649,0.0775863632425031,test,1.533553502489152
G52N,-1.069352345790563,0.662399543117527,test,1.7317518889080898
G52P,-1.4553503382772968,0.0604536999865644,test,1.5158040382638611
G52Q,-1.455967139246649,0.0551707850592245,test,1.5111379243058733
G52R,-1.1010011013192573,0.064259274087395,test,1.1652603754066524
G52S,-0.7796076488489015,0.328876168273242,test,1.1084838171221436
G52T,-0.9665867735726347,0.106483957283449,test,1.0730707308560836
G52V,-1.119265687345868,0.065954165677762,test,1.18521985302363
G52W,-1.455857693677723,0.0457579242928992,test,1.5016156179706222
G52Y,-1.455967139246649,0.0886893832617795,test,1.5446565225084283
G66A,0.5573876076639502,1.00996755341528,train,0.45257994575132987
G66C,-0.1656238010973817,0.992864925903408,test,1.1584887270007898
G66D,0.34905753693212616,0.949214062491351,test,0.6001565255592248
G66E,0.36214553717231246,0.958172084256099,test,0.5960265470837866
G66F,-0.015394384539603706,0.914896828571616,test,0.9302912131112198
G66H,0.24366547027561816,1.01301878921102,test,0.7693533189354019
G66I,-0.023298789553798244,0.917745612702017,test,0.9410444022558153
G66K,0.33532641672275665,0.996817965501987,test,0.6614915487792303
G66L,0.237478838604981,0.918059221085326,test,0.680580382480345
G66M,-0.03198657232619459,0.95287020671828,test,0.9848567790444747
G66N,0.34220479054163155,0.994038548516512,test,0.6518337579748804
G66P,0.04670263047126136,0.802350224566666,test,0.7556475940954047
G66Q,0.14408088223994456,1.01353320312645,test,0.8694523208865054
G66R,0.61221265771374,0.991253038918164,test,0.37904038120442396
G66S,0.7261019538827443,0.974770904018832,test,0.2486689501360877
G66T,0.3325564918014573,0.955534232864266,test,0.6229777410628087
G66V,0.1928332566007717,0.959949998038841,test,0.7671167414380693
G66W,-0.22436930711766875,0.900638614769648,test,1.1250079218873168
G66Y,0.023417579118091197,0.921739086519698,test,0.8983215074016069
G97A,0.22396890778853132,0.992751029509495,train,0.7687821217209637
G97C,-0.00021109365724600315,0.988250755176949,test,0.9884618488341951
G97D,-0.00021109365724600315,0.981549605344886,test,0.981760699002132
G97E,-0.00021109365724600315,0.965084079279748,test,0.9652951729369941
G97F,-0.00021109365724600315,0.952761935485105,test,0.952973029142351
G97H,-0.00021109365724600315,1.01007949193496,test,1.010290585592206
G97I,-0.00021109365724600315,0.768726401852859,test,0.768937495510105
G97K,-0.00021109365724600315,0.989162224080021,test,0.989373317737267
G97L,-0.00021109365724600315,0.977096663354659,test,0.977307757011905
G97M,-0.00021109365724600315,0.919309695744275,test,0.919520789401521
G97N,-0.00021109365724600315,0.947427356842996,test,0.947638450500242
G97P,-0.00021109365724600315,0.488617508737211,test,0.488828602394457
G97Q,-0.00021109365724600315,1.01854805274083,test,1.0187591463980759
G97R,-0.00021109365724600315,1.01243460256224,test,1.0126456962194859
G97S,-0.00021109365724600315,0.975551153698111,test,0.975762247355357
G97T,-0.00021109365724600315,1.00583459671041,test,1.006045690367656
G97V,-0.00021109365724600315,0.867308724674917,test,0.8675198183321631
G97W,-0.00021109365724600315,0.900878402529079,test,0.9010894961863251
G97Y,-0.00021109365724600315,0.906820514334354,test,0.9070316079916
H124A,0.5271172008592374,1.031820281445,train,0.5047030805857625
H124C,-0.006788263451380366,1.02080135234271,test,1.0275896157940902
H124D,0.25050934586816853,0.896136956864433,test,0.6456276109962644
H124E,0.680916917414443,0.966552939714763,test,0.2856360223003199
H124F,0.3258813486383222,0.997674709625275,test,0.6717933609869529
H124G,-0.27362241990635316,0.906525963077718,test,1.180148382984071
H124I,0.5716402167556113,1.00235245866193,test,0.4307122419063186
H124K,0.3442213650089748,1.00846245643371,test,0.6642410914247351
H124L,0.9071697328356266,1.0162844843495,test,0.1091147515138734
H124M,0.5864835409939461,1.02644391453361,test,0.4399603735396639
H124N,0.3164675885379872,0.977341409540378,test,0.6608738210023908
H124P,-0.4054042763460374,0.131749189810894,test,0.5371534661569314
H124Q,0.5484091169491362,1.01700775676894,test,0.46859863981980376
H124R,0.28463187221181097,1.01355147377863,test,0.728919601566819
H124S,0.18905196046458142,0.981919751967216,test,0.7928677915026346
H124T,0.27640317123832114,1.00314940286496,test,0.7267462316266388
H124V,0.6625400270045195,1.01696017373255,test,0.35442014672803046
H124W,-0.03994922390692354,0.982334555924381,test,1.0222837798313045
H124Y,0.7429743610978542,1.01492333214741,test,0.27194897104955584
H181A,0.3447592801312066,0.880609693111866,train,0.5358504129806594
H181C,-0.17409309639789536,0.890271226353117,test,1.0643643227510122
H181D,0.1676256579070842,0.105509488121629,test,0.0621161697854552
H181E,0.6251021414023211,0.864672467186495,test,0.23957032578417392
H181F,0.6024447655208826,0.863014580656736,test,0.2605698151358534
H181G,0.27352284152990125,0.856879967678625,test,0.5833571261487237
H181I,-0.0534208652641229,0.706492317155368,test,0.7599131824194909
H181K,0.31511601062034844,0.960770996308345,test,0.6456549856879965
H181L,0.3892198645863477,0.950825076602801,test,0.5616052120164533
H181M,0.11687618034663641,0.887252800144814,test,0.7703766197981776
H181N,-0.055592027704696484,0.871520596729477,test,0.9271126244341735
H181P,-0.5201721528522268,0.0880252752402914,test,0.6081974280925182
H181Q,0.1669276136445174,0.907552315292726,test,0.7406247016482086
H181R,0.6430663897939138,1.02512162133809,test,0.3820552315441762
H181S,0.2036601888656581,0.826653145957503,test,0.622992957091845
H181T,0.2622034957861935,0.868803764732718,test,0.6066002689465245
H181V,0.04510638380969714,0.754899710246329,test,0.7097933264366318
H181W,0.04963048748842139,0.839057859116706,test,0.7894273716282847
H181Y,1.2573177547703909,0.947129235646167,test,0.31018851912422385
H23A,-0.4994111968045333,0.555390382248683,train,1.0548015790532164
H23C,-0.6290701520853611,0.577398619123864,test,1.206468771209225
H23D,-0.08047655454728572,0.296390442980831,test,0.3768669975281167
H23E,-0.2546776318620875,0.0774002474468764,test,0.3320778793089639
H23F,-0.23019569108327817,0.875505798115464,test,1.1057014891987422
H23G,-0.8345226819174013,0.0362788482966023,test,0.8708015302140036
H23I,-0.7703932504893677,0.192783168486815,test,0.9631764189761827
H23K,-0.7001849363362419,0.144960715681595,test,0.8451456520178369
H23L,-0.5843905020112737,0.302922563614715,test,0.8873130656259887
H23M,-0.6665755464357884,0.467760735744232,test,1.1343362821800205
H23N,-0.33011595031185903,0.504090590595641,test,0.8342065409075
H23P,-0.6618145631837672,0.0460172906706585,test,0.7078318538544257
H23Q,-0.5423626734850545,0.422248876131182,test,0.9646115496162365
H23R,-0.5295292554918193,0.166175070489962,test,0.6957043259817812
H23S,-0.31733251410960006,0.557926984803917,test,0.8752594989135171
H23T,-0.49009938032226985,0.455360858354694,test,0.9454602386769638
H23V,-0.5123556561299812,0.304857416268859,test,0.8172130723988402
H23W,-0.6779834238939569,0.853927676488287,test,1.5319111003822439
H23Y,-0.13571902703615665,0.876311800645381,test,1.0120308276815375
H257A,-0.2644064066796371,0.70401753732008,train,0.9684239439997171
H257C,-0.24439875089133198,0.648664011953834,test,0.8930627628451661
H257D,-0.24439875089133198,0.136870416894045,test,0.381269167785377
H257E,-0.24439875089133198,0.0819325490975431,test,0.3263312999888751
H257F,-0.24439875089133198,0.11114014374667,test,0.355538894638002
H257G,-0.24439875089133198,0.686178037103877,test,0.930576787995209
H257I,-0.24439875089133198,0.0748811824567789,test,0.3192799333481109
H257K,-0.24439875089133198,0.860696277907809,test,1.105095028799141
H257L,-0.24439875089133198,0.0725576103090176,test,0.3169563612003496
H257M,-0.24439875089133198,0.39766409405974,test,0.642062844951072
H257N,-0.24439875089133198,0.961929827668886,test,1.206328578560218
H257P,-0.24439875089133198,0.104198171891543,test,0.34859692278287496
H257Q,-0.24439875089133198,0.902959428647807,test,1.147358179539139
H257R,-0.24439875089133198,0.982663648947064,test,1.227062399838396
H257S,-0.24439875089133198,0.750002331297456,test,0.994401082188788
H257T,-0.24439875089133198,0.131805927097046,test,0.376204677988378
H257V,-0.24439875089133198,0.107724713503904,test,0.352123464395236
H257W,-0.24439875089133198,0.0692798086558923,test,0.3136785595472243
H257Y,-0.24439875089133198,0.464305788181631,test,0.7087045390729629
H285A,-1.013288002995753,0.337018261944851,train,1.350306264940604
H285C,-1.174233770639728,0.261502285288175,test,1.4357360559279029
H285D,-1.3911551750103321,0.0626004506809641,test,1.4537556256912962
H285E,-1.2032989073649414,0.113772199936514,test,1.3170711073014554
H285F,-0.6116242572686813,0.0987969210664551,test,0.7104211783351364
H285G,-1.1562850722361542,0.20667170744868,test,1.362956779684834
H285I,-0.6185374202423114,0.0648356408306837,test,0.6833730610729951
H285K,-1.3911551750103321,0.0841557082475128,test,1.475310883257845
H285L,-0.4881233294059365,0.113661146362404,test,0.6017844757683405
H285M,-0.5118450913782494,0.186064451294167,test,0.6979095426724164
H285N,-1.3911551750103321,0.485358196640069,test,1.8765133716504012
H285P,-1.3895594835701897,0.118969831283687,test,1.5085293148538768
H285Q,-0.6824412805266119,0.732781313954385,test,1.4152225944809969
H285R,-1.379903538857554,0.0643660936780207,test,1.4442696325355746
H285S,-0.8838052531139152,0.730791044606975,test,1.6145962977208903
H285T,-0.9012193637962306,0.0763911010488283,test,0.9776104648450589
H285V,-0.5713848662105677,0.0564783800320287,test,0.6278632462425964
H285W,-0.8221165791372383,0.102533211153806,test,0.9246497902910443
H285Y,-0.4049466132013898,0.142072189289048,test,0.5470188024904378
H287A,-1.3240023249776256,0.254254926018154,train,1.5782572509957795
H287C,-0.8158138682387447,0.062142176340697,test,0.8779560445794417
H287D,-0.8010436196513501,0.0828345562294026,test,0.8838781758807527
H287E,-0.9879259429178305,0.0522807376329705,test,1.040206680550801
H287F,-1.2335650782411813,0.128781471693052,test,1.3623465499342333
H287G,-1.2335650782411813,0.159777771158706,test,1.3933428493998874
H287I,-1.2335650782411813,0.140248347662516,test,1.3738134259036974
H287K,-1.071260991494152,0.0757436361743922,test,1.1470046276685442
H287L,-1.2287042159591948,0.0692908942701931,test,1.2979951102293878
H287M,-1.2335650782411813,0.143984492781904,test,1.3775495710230854
H287N,-0.7801666567757598,0.0656029641288148,test,0.8457696209045746
H287P,-1.1903750054664026,0.098616881209086,test,1.2889918866754886
H287Q,-0.6579590614470264,0.0950828384065271,test,0.7530418998535535
H287R,-0.9032500342177369,0.0473335178438227,test,0.9505835520615595
H287S,-1.2278074930704512,0.090999644832213,test,1.3188071379026642
H287T,-0.7083376555010398,0.0804835545070554,test,0.7888212100080951
H287V,-1.2335650782411813,0.315763524111689,test,1.5493286023528703
H287W,-1.2335650782411813,0.053655437841337,test,1.2872205160825183
H287Y,-0.9629773999991461,0.0945759225346312,test,1.0575533225337772
H291A,-0.7755404449503901,0.42634547564112,train,1.20188592059151
H291C,-0.9749015260074508,0.454465878540445,test,1.429367404547896
H291D,-0.7271280312910354,0.0614369792502856,test,0.788565010541321
H291E,-0.9707683368791277,0.0456173072590754,test,1.016385644138203
H291F,-0.36464230049304935,0.104519518463194,test,0.46916181895624337
H291G,-0.4460132265292768,0.459876741560189,test,0.9058899680894658
H291I,-0.44250323720094265,0.351962249105254,test,0.7944654863061966
H291K,-0.8622405357118276,0.0899316307357229,test,0.9521721664475504
H291L,-0.547851229737803,0.182376657035937,test,0.73022788677374
H291M,-0.6172945569877756,0.1576728991015,test,0.7749674560892756
H291N,-0.5905290524693599,0.514808103378187,test,1.1053371558475469
H291P,-0.969467001220269,0.116281247012547,test,1.085748248232816
H291Q,-0.33246282430005925,0.920533774912329,test,1.2529965992123882
H291R,-0.6202975073873928,0.175157557644254,test,0.7954550650316468
H291S,-0.4586345446641479,0.434675280422441,test,0.893309825086589
H291T,-0.5191448652444043,0.268678587107032,test,0.7878234523514362
H291V,-0.5333877716575491,0.421613131058085,test,0.9550009027156341
H291W,-0.6177255743067812,0.105603613558033,test,0.7233291878648143
H291Y,-0.3396948009139894,0.0826843455945609,test,0.4223791465085503
H308A,0.440830875764069,1.07942131862263,train,0.638590442858561
H308C,0.06577275595864376,0.927741363822871,test,0.8619686078642272
H308D,-0.4545801160511379,0.16395675020283,test,0.6185368662539679
H308E,-0.4545801160511379,0.143329855626616,test,0.5979099716777538
H308F,0.40624901361531196,0.888025790808528,test,0.481776777193216
H308G,-0.1549389662670023,1.00133504362849,test,1.1562740098954922
H308I,0.4868107129148226,1.07999620712881,test,0.5931854942139875
H308K,-0.19587568947648423,0.985568979138326,test,1.1814446686148101
H308L,1.0649187921375882,0.857435066197273,test,0.20748372594031517
H308M,0.5692155759566636,0.944023461635736,test,0.3748078856790724
H308N,-0.11375555106648635,0.8859601370796,test,0.9997156881460864
H308P,-0.4545801160511379,0.0930291610332055,test,0.5476092770843434
H308Q,-0.004389809985357068,0.960665747988115,test,0.9650555579734721
H308R,-0.45448249878685176,0.279112365912923,test,0.7335948646997748
H308S,-0.24491255515352814,1.05950072117387,test,1.3044132763273981
H308T,0.18792512049303203,1.32784833233563,test,1.139923211842598
H308V,0.4543959714134932,1.02066299321374,test,0.5662670218002469
H308W,0.49250195329133295,0.0641415035381909,test,0.428360449753142
H308Y,0.5647235362264046,0.896504686572531,test,0.33178115034612643
H321A,-1.4383696135338215,0.15075143465376,train,1.5891210481875815
H321C,-1.2589176062001395,0.0434230098877375,test,1.302340616087877
H321D,-1.0356935229542124,0.164474949396745,test,1.2001684723509574
H321E,-1.0151284376640966,0.134529389410551,test,1.1496578270746476
H321F,-1.0397274021831702,0.0549279202709685,test,1.0946553224541387
H321G,-0.9369263432565845,0.124686510796894,test,1.0616128540534786
H321I,-0.6668053798239372,0.0907797716346887,test,0.7575851514586258
H321K,-1.4773942628290635,0.057206292796924,test,1.5346005556259874
H321L,-0.764707572742917,0.0688089569070836,test,0.8335165296500006
H321M,-0.7549300951165451,0.174150002820099,test,0.929080097936644
H321N,-1.163357114090284,0.197588611290692,test,1.360945725380976
H321P,-1.2847589923874578,0.114211239304792,test,1.3989702316922499
H321Q,-0.7240793428458255,0.235422469778248,test,0.9595018126240735
H321R,-0.7361273488477694,0.174040250090625,test,0.9101675989383944
H321S,-0.9880498391283038,0.184204840327968,test,1.1722546794562718
H321T,-1.0799064785592491,0.0514032202633984,test,1.1313096988226476
H321V,-0.6580331310114443,0.116307896569796,test,0.7743410275812403
H321W,-1.4773942628290635,0.0485648534634089,test,1.5259591162924724
H321Y,-0.950394236974719,0.0992387900185727,test,1.0496330269932916
H399A,-0.4114334841540711,0.638246271407965,train,1.049679755562036
H399C,-0.749582083935531,0.623528498398581,test,1.373110582334112
H399D,-0.31421971304802676,0.576874328472166,test,0.8910940415201928
H399E,-0.5173327904758128,0.0889370396723108,test,0.6062698301481236
H399F,-0.4375898174485239,0.802477985149954,test,1.240067802598478
H399G,-0.4888651437637893,0.405071828888017,test,0.8939369726518063
H399I,-0.42089237639594035,0.215218189375444,test,0.6361105657713844
H399K,-0.7035854893871217,0.192550973139613,test,0.8961364625267347
H399L,-0.4995414816095817,0.704846390403456,test,1.2043878720130377
H399M,-0.7881041916129042,0.544987932009384,test,1.3330921236222881
H399N,-0.26295587024875233,0.745308098774204,test,1.0082639690229565
H399P,-0.5892275907457151,0.112003053285577,test,0.7012306440312921
H399Q,-0.3899513305786483,0.622311705887692,test,1.0122630364663403
H399R,-0.4732682419558877,0.0480728338433835,test,0.5213410757992711
H399S,-0.4086777112467245,0.563616700753865,test,0.9722944120005895
H399T,-0.7206222254031921,0.491039493924047,test,1.211661719327239
H399V,-0.8145141450510692,0.442327585475801,test,1.2568417305268702
H399W,-0.8076519294361638,0.0827556895116859,test,0.8904076189478497
H399Y,-0.3747472313829915,0.644812889039332,test,1.0195601204223235
H430A,0.15997890014118768,0.928594862954034,train,0.7686159628128464
H430C,-0.022818446170997347,0.988407160895745,test,1.0112256070667422
H430D,-0.019378443753648028,0.779070599704886,test,0.7984490434585341
H430E,-0.20590278905852286,0.81608814362443,test,1.0219909326829528
H430F,-0.310252465305353,0.986870294161215,test,1.297122759466568
H430G,-0.021031091327285395,0.777936238007734,test,0.7989673293350195
H430I,-0.6353954390971314,0.790080067523266,test,1.4254755066203972
H430K,0.059799353873654454,0.89448902439775,test,0.8346896705240956
H430L,-0.39717769558582583,0.861181305147182,test,1.2583590007330079
H430M,-0.37946077192927363,0.936318145469255,test,1.3157789173985286
H430N,0.16314301640890308,0.963722584036481,test,0.800579567627578
H430P,-0.32872261237031475,0.111003026423018,test,0.43972563879333276
H430Q,-0.17393768126968764,0.904657613479543,test,1.0785952947492305
H430R,0.03466187475184293,0.846119044121962,test,0.8114571693701191
H430S,0.07829512876582415,0.89348307904946,test,0.8151879502836359
H430T,-0.3812712896305642,,,
H430V,-0.1356286180798468,0.871182574422185,test,1.0068111925020318
H430W,-0.9221461888305756,0.899745105987562,test,1.8218912948181376
H430Y,-0.009435367070495942,0.987947250214128,test,0.997382617284624
H44A,0.21463299397943705,0.908341819692456,train,0.693708825713019
H44C,-0.9661869670305315,0.741533485933872,test,1.7077204529644034
H44D,-0.25245680829744577,0.732033970910877,test,0.9844907792083227
H44E,0.11976153752009436,0.846926026783338,test,0.7271644892632436
H44F,-0.3107276925015622,0.367183668459214,test,0.6779113609607762
H44G,-0.03831237757248149,0.92803902031529,test,0.9663513978877715
H44I,-0.20099608579530712,0.741688286296814,test,0.9426843720921212
H44K,-0.04738013099645352,0.807065775890392,test,0.8544459068868455
H44L,-0.15791252997979507,0.545971589552889,test,0.7038841195326841
H44M,-0.033418204000792734,0.702751599090435,test,0.7361698030912278
H44N,-0.02621989263830779,0.848350325990555,test,0.8745702186288629
H44P,-0.992282192444267,0.109614458651294,test,1.101896651095561
H44Q,-0.1701796257369995,0.811691531542825,test,0.9818711572798245
H44R,0.13061220700782497,0.937310355894587,test,0.8066981488867621
H44S,-0.054871063827395566,0.871715807652799,test,0.9265868714801946
H44T,-0.07764160277342066,0.761430634475001,test,0.8390722372484217
H44V,0.036164536116565366,0.61851518048306,test,0.5823506443664946
H44W,-0.6190391293772753,0.0468495968518301,test,0.6658887262291054
H44Y,-0.43037290334128897,0.206929155517725,test,0.6373020588590139
I101A,0.4429765229866597,0.984580055209434,train,0.5416035322227744
I101C,0.0018376150978249017,0.968269182324262,test,0.9664315672264371
I101D,-0.4720079950777064,0.798120743770683,test,1.2701287388483893
I101E,-0.3920986530520677,0.945324299650888,test,1.3374229527029557
I101F,0.4116962406135226,0.932221796650412,test,0.5205255560368894
I101G,-0.032867130850913945,0.963356947040349,test,0.996224077891263
I101H,-0.4721176067593825,0.962935033992168,test,1.4350526407515505
I101K,-0.44850290136350723,0.909738934731387,test,1.3582418360948942
I101L,0.9209223073106242,0.9770117498627,test,0.05608944255207582
I101M,0.8614044669390762,1.02258565010005,test,0.16118118316097385
I101N,-0.4721176067593825,0.959532208350728,test,1.4316498151101107
I101P,0.25542948926023856,0.62932843237895,test,0.3738989431187114
I101Q,-0.2855037111278861,0.957740546698109,test,1.243244257825995
I101R,-0.4721176067593825,0.866861703914157,test,1.3389793106735395
I101S,0.15139997430072652,0.946659333533891,test,0.7952593592331645
I101T,0.14581058596684363,0.930237984971544,test,0.7844273990047004
I101V,0.9423086544355216,1.00746786726594,test,0.06515921283041848
I101W,-0.2723764390816722,0.959575715050119,test,1.231952154131791
I101Y,-0.04668823531408636,0.968082629700453,test,1.0147708650145393
I143A,0.3872182776593954,0.99369141105507,train,0.6064731333956745
I143C,-0.34061295078599085,0.996962225752037,test,1.337575176538028
I143D,-0.24107038329361016,0.481670816193456,test,0.7227411994870662
I143E,-0.38268537191102714,0.963983916424403,test,1.34666928833543
I143F,-0.08823493866431006,0.854136137718851,test,0.9423710763831611
I143G,-0.31018225259219034,0.94202197230397,test,1.2522042248961602
I143H,-0.21510881064307993,0.95076331088492,test,1.165872121528
I143K,-0.01744723281113933,0.108289882282136,test,0.12573711509327534
I143L,0.6346660038790005,1.0273085024658,test,0.39264249858679945
I143M,0.3234436935191797,0.990220406784236,test,0.6667767132650563
I143N,0.017866782997567526,0.922579223786603,test,0.9047124407890355
I143P,0.03077345252583244,0.745890066473509,test,0.7151166139476766
I143Q,-0.04876026928731156,0.989988919633448,test,1.0387491889207596
I143R,0.0019084734883391408,0.0972411723242212,test,0.09533269883588207
I143S,0.09585528392787049,1.00458060593219,test,0.9087253220043195
I143T,0.26608026651739236,0.982540514857904,test,0.7164602483405116
I143V,0.599357302681217,0.996790451185369,test,0.397433148504152
I143W,-0.21364929337023617,0.119468616136155,test,0.3331179095063912
I143Y,-0.44375053340489,0.908432001105359,test,1.352182534510249
I164A,0.09034352868496956,0.923793920574452,train,0.8334503918894824
I164C,-0.9372194190572992,0.740503414100539,test,1.6777228331578382
I164D,-0.6557904887040275,0.110171777664897,test,0.7659622663689245
I164E,-0.7558032210858515,0.0681559275008437,test,0.8239591485866953
I164F,-0.9372194190572992,0.184722432559636,test,1.1219418516169353
I164G,-0.9372194190572992,0.112555155744725,test,1.0497745748020242
I164H,-0.7484588990091042,0.0892814744562556,test,0.8377403734653598
I164K,-0.9372194190572992,0.0970256424683885,test,1.0342450615256877
I164L,-0.45792044674920784,0.0844546361520953,test,0.5423750829013031
I164M,-0.1266485727460623,0.117780724374246,test,0.2444292971203083
I164N,-0.5401144853914451,0.0850960977727541,test,0.6252105831641992
I164P,-0.2950439976832103,0.613190786047082,test,0.9082347837302923
I164Q,-0.5639040855774037,0.0970758967667947,test,0.6609799823441984
I164R,-0.9372194190572992,0.118980899179903,test,1.0562003182372022
I164S,-0.230733942270246,0.58913744678596,test,0.819871389056206
I164T,-0.07009371281595986,0.578834591382057,test,0.6489283041980168
I164V,0.03480356597641002,0.841322807494927,test,0.8065192415185171
I164W,-0.9372194190572992,0.0405559629532183,test,0.9777753820105175
I164Y,-0.9371301050375335,0.110205820940279,test,1.0473359259778126
I165A,0.12859865260457784,0.955776584955164,train,0.8271779323505862
I165C,-0.5713783187364018,0.968222131789075,test,1.5396004505254768
I165D,-0.7751701218928199,0.111960450490343,test,0.8871305723831628
I165E,-0.7751701218928199,0.322470517841326,test,1.0976406397341458
I165F,0.0024591891342719274,0.86146010664351,test,0.8590009175092381
I165G,-0.4364390372097765,0.806615353369799,test,1.2430543905795755
I165H,-0.7751701218928199,0.259837806301441,test,1.0350079281942608
I165K,-0.7751701218928199,0.378835154999866,test,1.1540052768926858
I165L,0.15520649988216664,1.00494917062512,test,0.8497426707429533
I165M,0.2330362044018354,0.966065691043046,test,0.7330294866412106
I165N,-0.7672367943156958,0.460534290545057,test,1.2277710848607528
I165P,-0.01112975232074373,0.819709452055592,test,0.8308392043763357
I165Q,-0.5977511769839853,0.833645046674828,test,1.4313962236588131
I165R,-0.6011554330542611,0.14774819339531,test,0.7489036264495711
I165S,-0.4996590613555475,0.874327718049425,test,1.3739867794049725
I165T,-0.060605454780360585,0.978178949642015,test,1.0387844044223755
I165V,0.6343605227629797,0.982538222029293,test,0.34817769926631326
I165W,-0.770090636686246,0.117548059289405,test,0.887638695975651
I165Y,-0.2608603078909385,0.135451785170528,test,0.39631209306146653
I18A,-0.41441392949641676,0.61533124496574,train,1.0297451744621569
I18C,-0.3194025122997205,0.645785897960935,test,0.9651884102606555
I18D,-0.3194025122997205,0.171331861578031,test,0.4907343738777515
I18E,-0.3194025122997205,0.578638123342172,test,0.8980406356418925
I18F,-0.3194025122997205,0.716756503830102,test,1.0361590161298224
I18G,-0.3194025122997205,0.120191473403056,test,0.4395939857027765
I18H,-0.3194025122997205,0.564345211415834,test,0.8837477237155545
I18K,-0.3194025122997205,0.910858546318986,test,1.2302610586187064
I18L,-0.3194025122997205,0.484108257909858,test,0.8035107702095785
I18M,-0.3194025122997205,0.756650997274685,test,1.0760535095744055
I18N,-0.3194025122997205,0.184509109127245,test,0.5039116214269654
I18P,-0.3194025122997205,0.166641536274869,test,0.4860440485745895
I18Q,-0.3194025122997205,0.757903595182169,test,1.0773061074818895
I18R,-0.3194025122997205,0.765214534898784,test,1.0846170471985044
I18S,-0.3194025122997205,0.340870624670814,test,0.6602731369705346
I18T,-0.3194025122997205,0.650478809933073,test,0.9698813222327936
I18V,-0.3194025122997205,0.857008163423209,test,1.1764106757229293
I18W,-0.3194025122997205,0.113890986967594,test,0.43329349926731453
I18Y,-0.3194025122997205,0.710872493781634,test,1.0302750060813546
I190A,-0.4413762475790167,0.506280838854089,train,0.9476570864331058
I190C,-0.4974997310702739,0.806354108952748,test,1.303853840023022
I190D,-1.033841363668693,0.0947851632876497,test,1.1286265269563427
I190E,-1.033841363668693,0.0544314225771229,test,1.088272786245816
I190F,-0.7282708765057738,0.0805949944205892,test,0.808865870926363
I190G,-0.39443509149129585,0.1100566828576,test,0.5044917743488958
I190H,-1.033841363668693,0.0333548666993825,test,1.0671962303680755
I190K,-0.8592688841688724,0.0616696548190125,test,0.9209385389878849
I190L,-0.007328340269690731,0.789258129862468,test,0.7965864701321588
I190M,-0.4370753543951674,0.680503874803228,test,1.1175792291983955
I190N,-1.025745346301188,0.0886491604622571,test,1.114394506763445
I190P,-0.7033270278177429,0.0737797071190601,test,0.777106734936803
I190Q,-1.033841363668693,0.157209758712492,test,1.191051122381185
I190R,-1.033841363668693,0.128050072269452,test,1.161891435938145
I190S,-0.4449155696937622,0.094746321524228,test,0.5396618912179902
I190T,-0.09394016065932029,0.242781857720787,test,0.3367220183801073
I190V,0.15420742774726307,0.888784621101252,test,0.734577193353989
I190W,-1.033841363668693,0.184202736677161,test,1.218044100345854
I190Y,-0.8376385158189174,0.197434748588146,test,1.0350732644070633
I208A,0.259025063644721,0.9683664024107,train,0.709341338765979
I208C,0.1095484833711621,1.0080902406898,test,0.898541757318638
I208D,-0.5779448183887766,0.0957554416887791,test,0.6737002600775558
I208E,-0.5779448183887766,0.149207943944862,test,0.7271527623336387
I208F,0.334889417965604,0.963845916030491,test,0.628956498064887
I208G,-0.35241891973991,0.57184401079117,test,0.92426293053108
I208H,-0.10296319781428295,0.794862898170918,test,0.897826095985201
I208K,-0.5779448183887766,0.0600117963385138,test,0.6379566147272905
I208L,0.39698541217074645,1.00544586091051,test,0.6084604487397635
I208M,0.6360819970218278,1.03316326983823,test,0.39708127281640226
I208N,-0.5779448183887766,0.602123442468357,test,1.1800682608571336
I208P,-0.5779448183887766,0.156902953530323,test,0.7348477719190997
I208Q,-0.5779448183887766,0.533602359843839,test,1.1115471782326156
I208R,-0.5779448183887766,0.179337371427923,test,0.7572821898166997
I208S,-0.02547122783520614,0.788154205414199,test,0.8136254332494052
I208T,0.2767190748494689,0.954053724844883,test,0.6773346499954142
I208V,0.5993913059440762,0.978903507579337,test,0.3795122016352608
I208W,-0.19725125808319163,0.962271196414675,test,1.1595224544978666
I208Y,0.19741352774316226,1.0012276652574,test,0.8038141375142377
I232A,-1.241940960435424,0.0933154702213075,train,1.3352564306567314
I232C,-0.883885696270111,0.655029761465745,test,1.5389154577358561
I232D,-1.2596418496182806,0.112622383940661,test,1.3722642335589417
I232E,-1.5123205491490064,0.0712987787402603,test,1.5836193278892667
I232F,-0.9616067588635707,0.121844990567032,test,1.0834517494306026
I232G,-1.5103075202633873,0.0536602423146655,test,1.5639677625780528
I232H,-1.4329304767763278,0.129502098291638,test,1.5624325750679657
I232K,-1.5123205491490064,0.0987541753442609,test,1.6110747244932673
I232L,-0.8015206191263377,0.796843300418313,test,1.5983639195446506
I232M,-1.0731480080383935,0.580241190125006,test,1.6533891981633995
I232N,-0.8926030704435685,0.0753973309606279,test,0.9680004014041963
I232P,-1.199587310916418,0.11136430388285,test,1.310951614799268
I232Q,-1.5123205491490064,0.0785107206388504,test,1.5908312697878568
I232R,-1.5123205491490064,0.160455004699761,test,1.6727755538487674
I232S,-1.5086834835669303,0.0460494130212432,test,1.5547328965881735
I232T,-0.9542720679362676,0.112847250190966,test,1.0671193181272336
I232V,-0.28517196514918186,0.92518571844847,test,1.210357683597652
I232W,-1.5123205491490064,0.0649079516875983,test,1.5772285008366047
I232Y,-1.2368390770215683,0.0927375919863939,test,1.3295766690079622
I240A,0.06232301284093569,0.749405767224395,train,0.6870827543834593
I240C,-0.027763042692451417,0.916579056503252,test,0.9443420991957034
I240D,-0.6483904772709969,0.149435148124179,test,0.7978256253951759
I240E,-0.4741791924972095,0.575980722161888,test,1.0501599146590976
I240F,-0.05850992603656455,0.628362709942159,test,0.6868726359787236
I240G,-0.6483904772709969,0.484867506967871,test,1.133257984238868
I240H,-0.6483904772709969,0.160399454047099,test,0.8087899313180958
I240K,-0.6438789800145023,0.0492512130875436,test,0.6931301931020459
I240L,0.4635152459016091,0.943995869252973,test,0.4804806233513639
I240M,1.083736426922879,0.998976524617086,test,0.08475990230579311
I240N,-0.6482916471642798,0.0711595812789547,test,0.7194512284432345
I240P,-0.2998938120644191,0.120566982905689,test,0.42046079497010813
I240Q,-0.30295522617543014,0.743448417640679,test,1.046403643816109
I240R,-0.3343465944848515,0.0468570343899845,test,0.381203628874836
I240S,0.04258617655100064,0.822396388114287,test,0.7798102115632863
I240T,0.0019743417629768667,0.957770619196427,test,0.9557962774334502
I240V,0.18845316060828235,0.978688117589808,test,0.7902349569815257
I240W,-0.3630263105447352,0.108427217472237,test,0.4714535280169722
I240Y,-0.311133957522263,0.239849097677858,test,0.550983055200121
I241A,0.2437369479548767,0.914230708906458,train,0.6704937609515813
I241C,0.313074310533593,0.96906551942657,test,0.655991208892977
I241D,0.18349652121686258,0.538850700185015,test,0.35535417896815247
I241E,0.230536066930113,0.928239438103987,test,0.697703371173874
I241F,0.033466740278164014,0.783278162064941,test,0.7498114217867771
I241G,-0.11968463165777163,0.782510124453578,test,0.9021947561113497
I241H,-0.11772355797462172,0.68395913864428,test,0.8016826966189018
I241K,0.09451534812798204,0.687938735040354,test,0.593423386912372
I241L,0.5111650850249855,0.975018058146429,test,0.46385297312144347
I241M,0.25941456212136693,0.981792036242481,test,0.7223774741211141
I241N,-0.1579004846562889,0.72673365768318,test,0.8846341423394689
I241P,-0.15161736401180978,0.0765743862634931,test,0.22819175027530286
I241Q,-0.03170033468331365,0.883223767932672,test,0.9149241026159857
I241R,0.14238567076588918,0.787537211269486,test,0.6451515405035968
I241S,-0.13765293754771055,0.77932149516092,test,0.9169744327086305
I241T,0.06639085406389636,0.908285748977171,test,0.8418948949132746
I241V,0.591868015259038,0.99425674593056,test,0.40238873067152203
I241W,-0.05101089002179013,0.738688185846551,test,0.7896990758683412
I241Y,0.07145706560543022,0.794327760125377,test,0.7228706945199468
I272A,0.3419121414328551,0.968313018890789,train,0.6264008774579339
I272C,0.018789150867128207,0.99296353217514,test,0.9741743813080118
I272D,-0.2683800197338456,0.119809679824058,test,0.3881896995579036
I272E,-0.4964444713754256,1.18532207820525,test,1.6817665495806757
I272F,0.2858558264855656,0.911345039372169,test,0.6254892128866034
I272G,-0.1124218095525705,1.12230265604482,test,1.2347244655973904
I272H,-0.0014837405004331783,0.85674236764798,test,0.8582261081484132
I272K,-0.49575341541442997,1.30801133834473,test,1.8037647537591601
I272L,0.5392543653484992,1.00735752610212,test,0.4681031607536207
I272M,0.28326582859353844,0.992086192326942,test,0.7088203637334035
I272N,0.1560636260898566,0.797598621687663,test,0.6415349955978065
I272P,-0.4964444713754256,0.736884470625469,test,1.2333289420008946
I272Q,0.027710945624173228,0.905753931587283,test,0.8780429859631098
I272R,-0.06049998756988581,0.240304031857951,test,0.3008040194278368
I272S,0.13247522114820645,0.913232617971906,test,0.7807573968236996
I272T,0.3341880596250896,0.993845189475718,test,0.6596571298506284
I272V,1.2542427733236183,0.993349254717156,test,0.26089351860646237
I272W,-0.2654289842548557,0.868712163687709,test,1.1341411479425647
I272Y,0.033039459168696134,1.17220726922482,test,1.1391678100561238
I29A,0.4702744324540161,0.953742683841836,train,0.4834682513878199
I29C,0.1865648047198191,0.964989871846498,test,0.7784250671266789
I29D,0.3284176370823785,0.910636684878688,test,0.5822190477963095
I29E,0.33781235065092885,0.958596623189809,test,0.6207842725388801
I29F,0.27744324644791496,0.989646926338518,test,0.7122036798906031
I29G,-0.09888970899624935,0.90870515815708,test,1.0075948671533292
I29H,0.718536187946568,1.04655631521756,test,0.32802012727099206
I29K,0.7346230587535373,1.03749567093214,test,0.3028726121786026
I29L,0.4710177227650979,1.00161525761233,test,0.5305975348472322
I29M,0.05466719979921622,0.978596846967735,test,0.9239296471685188
I29N,-0.06662288641194833,0.993621730067797,test,1.0602446164797452
I29P,-0.4656089743843633,0.0884473118337113,test,0.5540562862180747
I29Q,0.38372379835620285,1.01030392824736,test,0.6265801298911572
I29R,0.8783836866772275,1.01705981361104,test,0.13867612693381248
I29S,0.43438866350589456,0.977303920863581,test,0.5429152573576864
I29T,0.5000660890820919,0.963924338218966,test,0.463858249136874
I29V,0.6252223667920332,0.979552803272415,test,0.35433043648038176
I29W,0.22600774596332643,1.01902285038004,test,0.7930151044167136
I29Y,0.48468634549511747,0.999746599044243,test,0.5150602535491255
I320A,-0.15307570474218565,0.753829562542317,train,0.9069052672845027
I320C,-0.48788491789261534,0.788718886415702,test,1.2766038043083174
I320D,-0.9935347214589306,0.91567129329964,test,1.9092060147585705
I320E,-0.644000804768928,0.78732713770128,test,1.4313279424702081
I320F,0.019872867438907843,0.935904326370707,test,0.9160314589317992
I320G,-0.4305937724709782,0.787785708361246,test,1.2183794808322241
I320H,-0.9953920410785532,0.827752050216918,test,1.8231440912954713
I320K,-0.9953920410785532,0.765654236822799,test,1.761046277901352
I320L,0.12006368405537962,0.908337243768798,test,0.7882735597134184
I320M,0.3068921203856495,0.878032930612817,test,0.5711408102271675
I320N,-0.618787552707995,0.809062816976316,test,1.427850369684311
I320P,-0.3212392694258951,0.142634745057558,test,0.4638740144834531
I320Q,-0.4315694084878906,0.889095281006721,test,1.3206646894946115
I320R,-0.4973313603275348,0.400785307896148,test,0.8981166682236827
I320S,-0.27072809984886337,0.740584550665575,test,1.0113126505144385
I320T,-0.2931998400459327,0.685767385696937,test,0.9789672257428697
I320V,0.07508556845491313,0.798975291195169,test,0.7238897227402559
I320W,-0.805272227576128,0.855123508475521,test,1.660395736051649
I320Y,-0.38121131988628487,0.775880387626619,test,1.157091707512904
I339A,0.15363607778175062,0.951169395422332,train,0.7975333176405814
I339C,-0.035377508660636575,0.979851193631907,test,1.0152287022925435
I339D,-0.035377508660636575,0.731771161132131,test,0.7671486697927676
I339E,-0.035377508660636575,0.843267224265628,test,0.8786447329262645
I339F,-0.035377508660636575,0.974259522863559,test,1.0096370315241956
I339G,-0.035377508660636575,0.93774503101881,test,0.9731225396794466
I339H,-0.035377508660636575,0.902759237981113,test,0.9381367466417496
I339K,-0.035377508660636575,0.865171470147687,test,0.9005489788083236
I339L,-0.035377508660636575,0.977489992085028,test,1.0128675007456645
I339M,-0.035377508660636575,0.974812519830667,test,1.0101900284913035
I339N,-0.035377508660636575,0.870816110244915,test,0.9061936189055516
I339P,-0.035377508660636575,0.654688260705227,test,0.6900657693658636
I339Q,-0.035377508660636575,0.90601198395944,test,0.9413894926200767
I339R,-0.035377508660636575,0.847600351425041,test,0.8829778600856776
I339S,-0.035377508660636575,0.971430890895932,test,1.0068083995565686
I339T,-0.035377508660636575,0.949441340705416,test,0.9848188493660526
I339V,-0.035377508660636575,0.969475322405386,test,1.0048528310660225
I339W,-0.035377508660636575,0.950493942109029,test,0.9858714507696656
I339Y,-0.035377508660636575,0.899749920909311,test,0.9351274295699477
I366A,0.050769316184745034,0.816188956305795,train,0.76541964012105
I366C,-0.2185154022409986,0.89288051596074,test,1.1113959182017386
I366D,-0.935151979924448,0.036271958552395,test,0.9714239384768429
I366E,-0.9350523278288291,0.112450870810091,test,1.04750319863892
I366F,-0.4038833686926514,0.638625997532573,test,1.0425093662252243
I366G,-0.295498247808596,0.596697681886946,test,0.8921959296955421
I366H,-0.3293337227454075,0.541768400563757,test,0.8711021233091645
I366K,-0.934608967913728,0.151804137556286,test,1.0864131054700141
I366L,-0.29797475878596813,0.960595151091306,test,1.258569909877274
I366M,0.021700319104403537,0.945682124743641,test,0.9239818056392375
I366N,-0.5070307633304604,0.833323419209969,test,1.3403541825404295
I366P,-0.602120935405951,0.0612878517621943,test,0.6634087871681453
I366Q,-0.935151979924448,0.770416519516433,test,1.705568499440881
I366R,-0.7119173268823625,0.103127719511058,test,0.8150450463934206
I366S,-0.17026385124069318,0.776875541246733,test,0.9471393924874262
I366T,0.021158765814891428,0.86347239109068,test,0.8423136252757886
I366V,0.1379188594210198,0.949394723831261,test,0.8114758644102412
I366W,-0.9349923003044877,0.091367534836915,test,1.0263598351414027
I366Y,-0.7279957891536578,0.519760075521346,test,1.2477558646750038
I367A,0.3876835024305777,0.911200091167224,train,0.5235165887366463
I367C,0.11140801140563786,0.894870117310389,test,0.7834621059047512
I367D,-0.8104742931144718,0.249344670864991,test,1.0598189639794628
I367E,-0.8104742931144718,0.459851673917471,test,1.270325967031943
I367F,-0.02584852982195715,0.341692822010294,test,0.3675413518322511
I367G,-0.4337051367560737,0.850162294157377,test,1.2838674309134506
I367H,-0.47989137662758397,0.774568381627046,test,1.25445975825463
I367K,-0.37863172975607495,0.319156297545551,test,0.6977880273016259
I367L,0.025734881204227428,1.0876248409776,test,1.0618899597733724
I367M,-0.36868829711703055,1.53429534982511,test,1.9029836469421406
I367N,-0.3939502232049382,0.893012303481844,test,1.2869625266867821
I367P,0.02490330402690835,0.754453499660547,test,0.7295501956336387
I367Q,-0.8104742931144718,1.02269113222845,test,1.833165425342922
I367R,-0.31223118785989035,0.202359225338431,test,0.5145904131983213
I367S,0.0797459985639414,0.916036641165168,test,0.8362906426012267
I367T,-0.16891742217810654,0.905188106736008,test,1.0741055289141146
I367V,0.5221388237803596,0.948109261684188,test,0.4259704379038284
I367W,-0.8104742931144718,0.0494239331889286,test,0.8598982263034004
I367Y,-0.20807350484915008,0.146511685804768,test,0.3545851906539181
I389A,0.2507485900986747,0.908636811451884,train,0.6578882213532093
I389C,0.4883662178896194,0.989333097661066,test,0.5009668797714466
I389D,-0.6413457268066852,0.0200469943530788,test,0.661392721159764
I389E,-0.6413457268066852,0.168706802084278,test,0.8100525288909632
I389F,0.0791705880427315,0.919396943173036,test,0.8402263551303045
I389G,0.18954586969029488,0.618948484814451,test,0.4294026151241561
I389H,-0.6413457268066852,0.163785252649989,test,0.8051309794566742
I389K,-0.6413457268066852,0.0983196288754722,test,0.7396653556821574
I389L,0.3762285758833023,0.925430134394946,test,0.5492015585116438
I389M,0.44368353630769797,0.932764891725576,test,0.489081355417878
I389N,-0.18819838306784295,0.111499874352955,test,0.2996982574207979
I389P,-0.6411819368433828,0.113422794188683,test,0.7546047310320657
I389Q,0.11991778817054768,0.408433611272833,test,0.2885158231022853
I389R,-0.6413457268066852,0.178337166056537,test,0.8196828928632223
I389S,-0.24960717799936813,0.246825199394853,test,0.49643237739422114
I389T,0.06886158590993144,0.839945667583579,test,0.7710840816736476
I389V,0.4734809883698957,1.00211453679533,test,0.5286335484254342
I389W,-0.6413457268066852,0.241656376624543,test,0.8830021034312282
I389Y,-0.07180333987805274,1.0375444074977,test,1.1093477473757527
I400A,0.4580392565871608,0.928443061012271,train,0.4704038044251102
I400C,-0.18476093587118644,0.937247225634908,test,1.1220081615060944
I400D,0.3229344566738962,0.783941668608952,test,0.4610072119350558
I400E,0.440634920739588,0.860799361672543,test,0.420164440932955
I400F,-0.017108246505885244,0.928093909420727,test,0.9452021559266123
I400G,0.46804287339782846,0.837816201859305,test,0.3697733284614766
I400H,0.11852941669359854,0.910881560459529,test,0.7923521437659304
I400K,0.8916158762339507,0.974344989220263,test,0.08272911298631236
I400L,0.7730388936151741,0.971658567050776,test,0.19861967343560194
I400M,-0.17105070219641835,0.982689121749908,test,1.1537398239463263
I400N,0.416397243674557,0.8983142444215,test,0.481917000746943
I400P,0.7551724780555539,0.88627000029338,test,0.13109752223782611
I400Q,0.3359823720928353,0.957866704769341,test,0.6218843326765057
I400R,0.751887562330365,0.741797544699958,test,0.010090017630407067
I400S,0.4537067308693966,0.88491267042906,test,0.43120593955966335
I400T,0.3129153773254646,0.946142224481438,test,0.6332268471559734
I400V,0.8216785599765967,0.970786191378833,test,0.14910763140223637
I400W,0.10333993880999617,0.905523411365797,test,0.8021834725558008
I400Y,-0.18476093587118644,0.910146097807973,test,1.0949070336791593
I447A,0.14667837861884184,0.947055918108064,train,0.8003775394892222
I447C,-0.038856358242091854,0.988982579899622,test,1.027838938141714
I447D,-0.038856358242091854,0.866610907615769,test,0.9054672658578609
I447E,-0.038856358242091854,0.919303102705659,test,0.9581594609477508
I447F,-0.038856358242091854,0.991992219707307,test,1.0308485779493988
I447G,-0.038856358242091854,0.93899276882604,test,0.9778491270681319
I447H,-0.038856358242091854,0.972584057794431,test,1.011440416036523
I447K,-0.038856358242091854,0.989227755384274,test,1.0280841136263659
I447L,-0.038856358242091854,1.00931216563272,test,1.0481685238748117
I447M,-0.038856358242091854,0.993414079731024,test,1.0322704379731158
I447N,-0.038856358242091854,0.976222600172503,test,1.0150789584145947
I447P,-0.038856358242091854,0.720634305504567,test,0.7594906637466589
I447Q,-0.038856358242091854,0.947180838239516,test,0.9860371964816079
I447R,-0.038856358242091854,0.997590137546632,test,1.0364464957887238
I447S,-0.038856358242091854,0.932090228008403,test,0.9709465862504949
I447T,-0.038856358242091854,0.949874046352392,test,0.9887304045944839
I447V,-0.038856358242091854,0.968447048495855,test,1.0073034067379467
I447W,-0.038856358242091854,0.991499313521256,test,1.0303556717633477
I447Y,-0.038856358242091854,0.985870947110948,test,1.02472730535304
I83A,-1.439259842501824,0.106634142625283,train,1.545893985127107
I83C,-0.9664376585445938,0.580111454682428,test,1.5465491132270217
I83D,-1.3573524847352119,0.0801497164219967,test,1.4375022011572085
I83E,-1.3559235240323482,0.15371041986019,test,1.5096339438925381
I83F,-0.8813523411420471,0.428105301057176,test,1.309457642199223
I83G,-1.3568410710387753,0.0647763183742797,test,1.421617389413055
I83H,-1.357436669799479,0.073723584845884,test,1.431160254645363
I83K,-1.357436669799479,0.0447101672512875,test,1.4021468370507666
I83L,-0.34243530165256864,0.738032508437219,test,1.0804678100897878
I83M,-0.7243870310353281,0.668622220493028,test,1.393009251528356
I83N,-1.357436669799479,0.100412162141844,test,1.457848831941323
I83P,-1.357436669799479,0.0872688111995448,test,1.4447054809990238
I83Q,-1.357436669799479,0.159331591208223,test,1.516768261007702
I83R,-1.357436669799479,0.0734950031283,test,1.430931672927779
I83S,-1.357436669799479,0.0493961553287813,test,1.4068328251282605
I83T,-0.7360098982749975,0.201302242831599,test,0.9373121411065966
I83V,-0.1711723219666855,0.902446881700014,test,1.0736192036666994
I83W,-1.357436669799479,0.07153000206695,test,1.4289666718664291
I83Y,-1.0323310109536867,0.160858443877256,test,1.1931894548309427
I94A,0.14993588058417698,0.948981793332298,train,0.7990459127481211
I94C,-0.03722760725942317,0.979343745230797,test,1.0165713524902202
I94D,-0.03722760725942317,0.969489495603277,test,1.0067171028627002
I94E,-0.03722760725942317,0.972721947217451,test,1.0099495544768742
I94F,-0.03722760725942317,1.00781888954802,test,1.045046496807443
I94G,-0.03722760725942317,0.971486895592372,test,1.0087145028517952
I94H,-0.03722760725942317,0.977940575977716,test,1.015168183237139
I94K,-0.03722760725942317,0.844114114332832,test,0.8813417215922552
I94L,-0.03722760725942317,0.994977294296097,test,1.0322049015555201
I94M,-0.03722760725942317,1.00457690547461,test,1.0418045127340332
I94N,-0.03722760725942317,0.860105520969581,test,0.8973331282290042
I94P,-0.03722760725942317,0.16473243219085,test,0.20196003945027316
I94Q,-0.03722760725942317,0.972849774702783,test,1.0100773819622062
I94R,-0.03722760725942317,0.89041098497153,test,0.9276385922309532
I94S,-0.03722760725942317,1.00396634704759,test,1.041193954307013
I94T,-0.03722760725942317,1.06041526504715,test,1.097642872306573
I94V,-0.03722760725942317,0.974552076049388,test,1.011779683308811
I94W,-0.03722760725942317,1.00521203435948,test,1.042439641618903
I94Y,-0.03722760725942317,0.969017247793817,test,1.0062448550532401
K122A,-0.8457883849108726,0.3296016876089,train,1.1753900725197726
K122C,-0.8035831397626415,0.42401093471236,test,1.2275940744750016
K122D,-0.8738097781661825,0.0553823211141948,test,0.9291920992803774
K122E,-0.5084044821790202,0.0740769049140508,test,0.5824813870930711
K122F,-0.6298281800738893,0.0513775663749374,test,0.6812057464488267
K122G,-1.1615600783695015,0.265781386810529,test,1.4273414651800305
K122H,-0.6529795513439905,0.0633045481876874,test,0.7162840995316779
K122I,-0.5913428600890617,0.0862370814174011,test,0.6775799415064627
K122L,-0.5163948651983427,0.0586527078432325,test,0.5750475730415752
K122M,-0.5382897783725328,0.0600656539880346,test,0.5983554323605674
K122N,-1.1624239713565128,0.121107679731208,test,1.2835316510877208
K122P,-1.1557829973848441,0.0950852689117608,test,1.2508682662966049
K122Q,-0.18323842808750287,1.4381894154635,test,1.6214278435510028
K122R,0.2444024458708999,0.99300741511439,test,0.7486049692434901
K122S,-0.6330585376317502,0.156482939554683,test,0.7895414771864333
K122T,-0.5449784592081061,0.148914916636611,test,0.693893375844717
K122V,-0.5304672537826901,0.0725032035068311,test,0.6029704572895211
K122W,-0.6550825780436375,0.08146260636356,test,0.7365451844071974
K122Y,-0.5881669494249196,0.0853901086979516,test,0.6735570581228713
K13A,-0.13727426484172364,0.779179623107231,train,0.9164538879489547
K13C,-0.18083267997237437,0.948599556807445,test,1.1294322367798193
K13D,-0.18083267997237437,0.952698233499708,test,1.1335309134720823
K13E,-0.18083267997237437,0.935838797069817,test,1.1166714770421913
K13F,-0.18083267997237437,0.82179402063376,test,1.0026267006061342
K13G,-0.18083267997237437,0.751097355865069,test,0.9319300358374434
K13H,-0.18083267997237437,0.929634304458718,test,1.1104669844310924
K13I,-0.18083267997237437,0.813731364174656,test,0.9945640441470304
K13L,-0.18083267997237437,0.914543677738141,test,1.0953763577105153
K13M,-0.18083267997237437,0.942695548606714,test,1.1235282285790884
K13N,-0.18083267997237437,0.9800104877714,test,1.1608431677437743
K13P,-0.18083267997237437,0.749333863677018,test,0.9301665436493924
K13Q,-0.18083267997237437,0.985549037365997,test,1.1663817173383713
K13R,-0.18083267997237437,0.994795799086833,test,1.1756284790592073
K13S,-0.18083267997237437,0.989003540454377,test,1.1698362204267514
K13T,-0.18083267997237437,0.863776599749196,test,1.0446092797215702
K13V,-0.18083267997237437,0.875210066453536,test,1.0560427464259103
K13W,-0.18083267997237437,0.648751868495489,test,0.8295845484678634
K13Y,-0.18083267997237437,0.821875949498506,test,1.0027086294708802
K148A,0.6287739804090028,0.96476678840734,train,0.3359928079983372
K148C,-0.08919392815815139,0.852321044392593,test,0.9415149725507445
K148D,0.45545184333557354,0.986630827439469,test,0.5311789841038954
K148E,0.5405565034012768,0.985871662709209,test,0.4453151593079322
K148F,-0.1240046745811337,0.526048063188176,test,0.6500527377693097
K148G,0.34818272194743616,0.982890902995666,test,0.6347081810482298
K148H,0.30923665225609087,0.960574668937892,test,0.6513380166818011
K148I,-0.33770601819080814,0.45299067710345,test,0.7906966952942581
K148L,-0.06851479559704673,0.690353608962804,test,0.7588684045598507
K148M,-0.12752732138195308,0.770648178051627,test,0.8981754994335801
K148N,0.5140555437070963,0.978864316532626,test,0.4648087728255297
K148P,-0.4609294179126161,0.95044607348708,test,1.411375491399696
K148Q,0.47508771823087914,0.994175343376409,test,0.5190876251455299
K148R,1.3000670578477236,0.988842556448174,test,0.3112245013995496
K148S,0.3799486360209784,0.978477799206974,test,0.5985291631859956
K148T,0.6125718548645446,0.938942692430358,test,0.3263708375658134
K148V,0.1660961439672818,0.576288119944625,test,0.41019197597734325
K148W,-0.4056336998063824,0.690854648391022,test,1.0964883481974044
K148Y,-0.4609294179126161,0.727162299803568,test,1.188091717716184
K166A,-1.5748817545808635,0.0887660423842763,train,1.6636477969651398
K166C,-1.3518621506892645,0.111725829924623,test,1.4635879806138876
K166D,-1.1761344666915459,0.0452447076610787,test,1.2213791743526246
K166E,-1.342237069047566,0.0736042075309758,test,1.4158412765785418
K166F,-1.1827055010136014,0.0856968374967056,test,1.268402338510307
K166G,-1.1104758736747697,0.0507332892201288,test,1.1612091628948986
K166H,-1.3518621506892645,0.0685340431124575,test,1.420396193801722
K166I,-1.3518621506892645,0.0969896453858763,test,1.4488517960751408
K166L,-1.3518621506892645,0.14026378352831,test,1.4921259342175746
K166M,-1.3518621506892645,0.107958849053198,test,1.4598209997424625
K166N,-1.3479926885839906,0.0643405486988465,test,1.412333237282837
K166P,-1.3518621506892645,0.0641871215590036,test,1.416049272248268
K166Q,-1.1684973951218705,0.0498297676904105,test,1.218327162812281
K166R,-0.692589252068243,0.0905406134208422,test,0.7831298654890851
K166S,-0.8620208388848923,0.0723170757137952,test,0.9343379145986875
K166T,-1.0211024148574939,0.0447066003646265,test,1.0658090152221205
K166V,-1.1835315894906422,0.0774932274189581,test,1.2610248169096003
K166W,-1.3518621506892645,0.0501050835532597,test,1.4019672342425242
K166Y,-1.1662261179427247,0.079014296189535,test,1.2452404141322597
K168A,-1.4655353702988394,0.0625520414466205,train,1.52808741174546
K168C,-0.8913287020218775,0.101898507901941,test,0.9932272099238185
K168D,-1.1127182284791377,0.076573117099774,test,1.1892913455789118
K168E,-1.1171354648263232,0.0512668887976072,test,1.1684023536239303
K168F,-1.4647042523289782,0.0826626634574494,test,1.5473669157864276
K168G,-1.032064821181996,0.0380388637941167,test,1.0701036849761127
K168H,-1.7971099497460554,0.0400251953771279,test,1.8371351451231832
K168I,-1.2121003946684332,0.0534247254721789,test,1.2655251201406121
K168L,-1.3835973023852184,0.0504839555729778,test,1.434081257958196
K168M,-1.1619335596724365,0.0848272516876726,test,1.2467608113601092
K168N,-0.766777516426273,0.0783946918125857,test,0.8451722082388587
K168P,-1.7971099497460554,0.0729706281593435,test,1.8700805779053988
K168Q,-1.7907341435712882,0.0765119803674141,test,1.8672461239387024
K168R,-1.0433558924617372,0.0716463244777465,test,1.1150022169394838
K168S,-0.9402504904491157,0.0929383098954324,test,1.0331888003445482
K168T,-1.1297624359794856,0.0367408063092662,test,1.1665032422887518
K168V,-1.107866171169978,0.0791187829954013,test,1.1869849541653792
K168W,-1.5685371404439281,0.0919364604848742,test,1.6604736009288024
K168Y,-1.7971099497460554,0.0354067574130116,test,1.8325167071590671
K174A,0.48679892489453647,0.985936916894675,train,0.49913799200013853
K174C,-0.4017474632361918,0.935792652502825,test,1.3375401157390168
K174D,0.6373322162351053,0.950087686319461,test,0.31275547008435567
K174E,0.9650867570512781,0.987854188982621,test,0.022767431931342896
K174F,-0.21018552464532045,0.933535588318928,test,1.1437211129642484
K174G,0.23417000427299475,0.973442735752078,test,0.7392727314790832
K174H,0.2117446873050476,0.991116034432595,test,0.7793713471275474
K174I,0.2731578905060218,0.970437733088285,test,0.6972798425822632
K174L,0.08635884217344594,0.97604692983041,test,0.889688087656964
K174M,-0.1774290449471184,0.959630243423879,test,1.1370592883709973
K174N,0.14569554925398767,0.94313117941732,test,0.7974356301633324
K174P,0.1570055356509862,0.570026958121658,test,0.41302142247067186
K174Q,0.8430373590903227,0.984182956355914,test,0.14114559726559128
K174R,0.5679486839915083,0.985851318706818,test,0.41790263471530964
K174S,0.3924468299782774,0.996427861163534,test,0.6039810311852566
K174T,0.3630051862417695,0.969070335162871,test,0.6060651489211015
K174V,0.14610424085986265,0.97661134401318,test,0.8305071031533173
K174W,-0.5613160115976624,0.904536459716938,test,1.4658524713146004
K174Y,-0.16322567257080886,0.947836616728381,test,1.11106228929919
K191A,-1.0539200542814544,0.229553371144918,train,1.2834734254263724
K191C,-0.9323795775383353,0.125448270511351,test,1.0578278480496863
K191D,-1.2548998234433013,0.169171127864834,test,1.4240709513081353
K191E,-0.7944141626135964,0.0922214247609559,test,0.8866355873745524
K191F,-1.082124194134974,0.0718267038338554,test,1.1539508979688293
K191G,-1.0785612094551869,0.0640893719089796,test,1.1426505813641665
K191H,-1.2641578401776636,0.055671475937403,test,1.3198293161150667
K191I,-0.9418261374287294,0.124685970798974,test,1.0665121082277034
K191L,-1.012047328012083,0.06428328384705,test,1.076330611859133
K191M,-0.995561379598988,0.140152597094931,test,1.135713976693919
K191N,-1.2484693013638906,0.0434911901114837,test,1.2919604914753742
K191P,-1.2598328428704344,0.107226884059354,test,1.3670597269297884
K191Q,-0.8671923704294525,0.129992602506828,test,0.9971849729362805
K191R,-0.76908487571171,0.0384137235922569,test,0.807498599303967
K191S,-0.9438818722472256,0.144417959389413,test,1.0882998316366386
K191T,-1.2641578401776636,0.0725648206655757,test,1.3367226608432394
K191V,-0.8774021520008358,0.189240070889824,test,1.0666422228906598
K191W,-1.2641578401776636,0.07000202733422,test,1.3341598675118835
K191Y,-1.2641578401776636,0.0326573715660973,test,1.296815211743761
K226A,-1.3638989453821264,0.0620529613380601,train,1.4259519067201865
K226C,-0.9215955235921108,0.25958906210879,test,1.181184585700901
K226D,-1.707364320083967,0.0973406279188838,test,1.8047049480028508
K226E,-1.3837217366740415,0.130351952607401,test,1.5140736892814426
K226F,-1.1466347908518724,0.104364365638507,test,1.2509991564903793
K226G,-1.1355540803317037,0.0592444550474412,test,1.1947985353791448
K226H,-1.1835809804888047,0.0799256298974758,test,1.2635066103862804
K226I,-0.8568174316467027,0.0742200589483342,test,0.9310374905950368
K226L,-0.9352747605878492,0.104403602179626,test,1.0396783627674753
K226M,-0.816061314674211,0.0783867031451143,test,0.8944480178193253
K226N,-1.701513896830424,0.048699731349153,test,1.750213628179577
K226P,-0.7982145560558939,0.058679062326267,test,0.8568936183821608
K226Q,-1.7008586608006628,0.0932763199269733,test,1.794134980727636
K226R,-1.0737792353161157,0.750102540939278,test,1.8238817762553938
K226S,-0.9511442308845827,0.0646035649476391,test,1.0157477958322219
K226T,-0.7855063715217762,0.0423060648996048,test,0.8278124364213809
K226V,-0.5918807649822545,0.0962717407712894,test,0.6881525057535439
K226W,-1.707364320083967,0.156694886437325,test,1.864059206521292
K226Y,-1.5250373063616434,0.213157652932875,test,1.7381949592945183
K300A,0.42148410217400356,0.974738655985383,train,0.5532545538113794
K300C,-0.22490475704586851,0.980447380369778,test,1.2053521374156464
K300D,0.4732641903901694,1.00897393061539,test,0.5357097402252206
K300E,0.2952343876791922,0.995935037949606,test,0.7007006502704138
K300F,0.13879717413391615,0.981554848549887,test,0.8427576744159708
K300G,0.22953017926372402,1.00589368756495,test,0.776363508301226
K300H,0.30087038449879666,0.997885204542098,test,0.6970148200433013
K300I,0.03270967315922638,1.02660278084175,test,0.9938931076825236
K300L,0.23439111732343468,0.986270231804929,test,0.7518791144814944
K300M,0.2904383693936389,0.980130944759223,test,0.6896925753655841
K300N,0.5058644243958491,0.997994552910037,test,0.4921301285141879
K300P,0.6034151067826415,0.954463510500736,test,0.3510484037180944
K300Q,0.7122531934055304,0.993796478487665,test,0.28154328508213455
K300R,0.48082289582720217,0.990991810793458,test,0.5101689149662558
K300S,0.21732106722585312,1.00610635955891,test,0.7887852923330568
K300T,0.22452803479752573,0.991588875103708,test,0.7670608403061823
K300V,0.19018806207818142,0.979011189441349,test,0.7888231273631676
K300W,0.0824661119493634,0.95758089346392,test,0.8751147815145566
K300Y,0.14195163691004856,0.970220455102471,test,0.8282688181924225
K310A,-0.35507211232589986,,,
K310C,-0.8726718980225553,0.223591477601439,test,1.0962633756239943
K310D,-0.22066454275586653,0.148643487266635,test,0.36930803002250157
K310E,-0.3219923449109746,0.146803937717196,test,0.46879628262817064
K310F,-0.4582154829670907,0.199806148868296,test,0.6580216318353866
K310G,-0.5713567642497969,0.123471081539465,test,0.6948278457892618
K310H,-0.5250825500289368,0.0771556730710368,test,0.6022382230999735
K310I,-0.48652846774104697,0.710548551582856,test,1.197077019323903
K310L,-0.08551836690176126,0.846917660373609,test,0.9324360272753703
K310M,-0.4613433497558693,0.839740923487432,test,1.3010842732433012
K310N,-0.5922302754500096,0.16235927236111,test,0.7545895478111196
K310P,-0.7017347477978303,0.0908005193627749,test,0.7925352671606052
K310Q,-0.07552492714602752,0.561588105688264,test,0.6371130328342915
K310R,-0.09150097482479355,0.130810855285275,test,0.22231183011006855
K310S,-0.2913218271675596,0.149323475957156,test,0.4406453031247156
K310T,-0.2023974630438555,0.14803613357951,test,0.3504335966233655
K310V,-0.3134659651035395,0.445477474492106,test,0.7589434395956456
K310W,-0.9439026527033229,0.0894128776518071,test,1.03331553035513
K310Y,-0.7923069174979561,0.0412236064818386,test,0.8335305239797948
K31A,-0.16602215927313888,0.658948254772909,train,0.8249704140460479
K31C,-0.40288120218300605,0.721409536745584,test,1.12429073892859
K31D,0.016111955677478612,0.236605569692047,test,0.22049361401456838
K31E,0.1959055619140401,0.597157708677311,test,0.4012521467632709
K31F,-0.2382810144711683,0.245135492044855,test,0.4834165065160233
K31G,-0.1764968866842572,0.567728982529784,test,0.7442258692140412
K31H,-0.018113594471719757,0.731867192481218,test,0.7499807869529378
K31I,0.08882366853957327,0.768193059250549,test,0.6793693907109758
K31L,-0.1846127971005028,0.627850950526686,test,0.8124637476271889
K31M,-0.3928890135573958,0.533784278440816,test,0.9266732919982118
K31N,-0.29387696831132215,0.566644903376024,test,0.8605218716873462
K31P,-0.2735951949967198,0.107650377118411,test,0.38124557211513077
K31Q,0.1515890871564253,0.740264857909818,test,0.5886757707533927
K31R,0.31034507575776227,0.90169348380485,test,0.5913484080470878
K31S,0.011993032503562567,0.713031190710423,test,0.7010381582068604
K31T,0.13092503137138647,0.638737929961364,test,0.5078128985899776
K31V,0.1320354737676596,0.576062917899612,test,0.4440274441319524
K31W,-0.5067650107356497,0.356663681414611,test,0.8634286921502607
K31Y,-0.2693421673844746,0.347690037882883,test,0.6170322052673576
K329A,-1.270586377422408,0.168409809188649,train,1.438996186611057
K329C,-1.0900050364412823,0.09279405802012,test,1.1827990944614024
K329D,-0.9150517551278899,0.0672200617895818,test,0.9822718169174718
K329E,-0.896142691913158,0.0916643869715029,test,0.9878070788846609
K329F,-1.294189122334869,0.0470074328464621,test,1.341196555181331
K329G,-0.7964296999182311,0.113166552733694,test,0.9095962526519251
K329H,-1.0757175270597361,0.0647708366586155,test,1.1404883637183516
K329I,-1.5023898910986089,0.135031434895772,test,1.6374213259943808
K329L,-1.2762160490289463,0.0768236589961131,test,1.3530397080250594
K329M,-1.5032742510509214,0.168144105415421,test,1.6714183564663423
K329N,-0.7417373340298828,0.0581952530939668,test,0.7999325871238496
K329P,-1.1178049445965665,0.290282109643363,test,1.4080870542399295
K329Q,-0.9598912268054648,0.0553828073139358,test,1.0152740341194006
K329R,-0.46178776494208884,0.103344401737786,test,0.5651321666798749
K329S,-0.7915026218635747,0.120214589862327,test,0.9117172117259017
K329T,-0.845926015514391,0.150231468040972,test,0.9961574835553629
K329V,-0.9796436177302777,0.0381330599573726,test,1.0177766776876505
K329W,-1.5032742510509214,0.0989456789398574,test,1.602219929990779
K329Y,-0.7680187572790581,0.173785797148053,test,0.9418045544271111
K33A,0.1497533516420614,0.764662651895796,train,0.6149093002537346
K33C,-0.4113472080696504,0.661277052111998,test,1.0726242601816485
K33D,-0.17338479102232393,0.298130526980198,test,0.4715153180025219
K33E,-0.0315485178874336,0.57405520092355,test,0.6056037188109836
K33F,-0.3466306013727166,0.605211144290333,test,0.9518417456630496
K33G,0.08624530453497639,0.558785298267318,test,0.4725399937323417
K33H,-0.17769682894265978,0.769474489327373,test,0.9471713182700328
K33I,-0.4016191279481117,0.646320853720248,test,1.0479399816683597
K33L,-0.28565479657344317,0.703525801102779,test,0.9891805976762221
K33M,-0.45506990672026626,0.726272798559801,test,1.1813427052800671
K33N,-0.14587695175634816,0.706113726497442,test,0.8519906782537902
K33P,-0.10553303629430597,0.50794273927987,test,0.613475775574176
K33Q,-0.025285951153224268,0.787058910537977,test,0.8123448616912013
K33R,0.07574649854409868,0.964517689074822,test,0.8887711905307234
K33S,-0.13050875888824218,0.659573205217578,test,0.7900819641058202
K33T,-0.14584797694667126,0.683709913746876,test,0.8295578906935472
K33V,-0.15406421368087417,0.736215927708357,test,0.8902801413892312
K33W,-0.5725764276693551,0.349435092838675,test,0.9220115205080301
K33Y,-0.1422172041064179,0.640529949106709,test,0.7827471532131269
K361A,0.5020850584793718,1.00468955217049,train,0.5026044936911181
K361C,0.06386970351860347,0.984801900361742,test,0.9209321968431385
K361D,0.270484219556106,0.942306435788385,test,0.671822216232279
K361E,0.37754038878588825,0.981582226577476,test,0.6040418377915877
K361F,0.05612163891908897,0.965127028690151,test,0.909005389771062
K361G,0.22675757029361746,0.996487976474896,test,0.7697304061812785
K361H,0.18962353166449977,1.00276657347234,test,0.8131430418078404
K361I,-0.07233641725343917,0.95171695654312,test,1.0240533737965591
K361L,0.571494921303712,0.986811636970663,test,0.41531671566695094
K361M,0.13791722332669712,0.993325231594814,test,0.8554080082681169
K361N,0.6557467068624626,0.975314290552348,test,0.31956758368988536
K361P,0.4133396546355389,0.999867198787943,test,0.586527544152404
K361Q,0.20961467128002345,1.00516906400504,test,0.7955543927250165
K361R,0.7695420458313028,0.98541976470055,test,0.21587771886924723
K361S,0.2451436866415723,0.991212644358172,test,0.7460689577165998
K361T,0.26811209738041664,1.01897295142359,test,0.7508608540431733
K361V,-0.0073003105295462445,0.984445880527879,test,0.9917461910574252
K361W,-0.13059568892001602,0.961321243112231,test,1.091916932032247
K361Y,0.16622288458235138,1.01757713744342,test,0.8513542528610686
K431A,0.543761800181601,0.981212643812917,train,0.4374508436313159
K431C,-0.2193965149361977,0.941930482666331,test,1.1613269976025287
K431D,0.3328620359821036,0.94704673889951,test,0.6141847029174063
K431E,0.8721874246817897,0.996037764796982,test,0.12385034011519236
K431F,0.1518570723580345,0.984240269218277,test,0.8323831968602425
K431G,0.37589908979953945,1.00338501558074,test,0.6274859257812005
K431H,0.353683005500138,1.01899910266794,test,0.6653160971678019
K431I,0.2673086029050685,0.970608653985897,test,0.7033000510808285
K431L,0.31766025000121145,0.97001920083862,test,0.6523589508374086
K431M,0.024275635443200244,0.978501167715827,test,0.9542255322726267
K431N,0.39680319047321844,1.01890442416062,test,0.6221012336874016
K431P,0.8739219474949859,1.01300304358682,test,0.13908109609183417
K431Q,0.7163704544087351,1.00798652958209,test,0.29161607517335486
K431R,1.0174170829740483,0.975271508688881,test,0.0421455742851673
K431S,0.436837232471199,0.995762127450113,test,0.5589248949789141
K431T,0.3245871377167605,1.00097232089184,test,0.6763851831750795
K431V,0.3287986903853307,0.994621736924851,test,0.6658230465395203
K431W,-0.014189961793350164,1.02903495556317,test,1.04322491735652
K431Y,0.0876673304356809,0.981353234421511,test,0.8936859039858301
K453A,0.1980718432945047,0.977440366485986,train,0.7793685231914813
K453C,-0.013159625904260203,0.975128009662408,test,0.9882876355666682
K453D,-0.013159625904260203,0.971220802454033,test,0.9843804283582932
K453E,-0.013159625904260203,0.982600064906868,test,0.9957596908111283
K453F,-0.013159625904260203,0.962112397013408,test,0.9752720229176682
K453G,-0.013159625904260203,0.965944691436142,test,0.9791043173404023
K453H,-0.013159625904260203,0.981282195295104,test,0.9944418211993642
K453I,-0.013159625904260203,0.982968992945821,test,0.9961286188500812
K453L,-0.013159625904260203,0.964361840939224,test,0.9775214668434842
K453M,-0.013159625904260203,0.979266968014681,test,0.9924265939189413
K453N,-0.013159625904260203,0.983268084057987,test,0.9964277099622473
K453P,-0.013159625904260203,0.928076282400061,test,0.9412359083043212
K453Q,-0.013159625904260203,0.981289534016874,test,0.9944491599211343
K453R,-0.013159625904260203,0.986880466764937,test,1.0000400926691972
K453S,-0.013159625904260203,0.982343000823366,test,0.9955026267276262
K453T,-0.013159625904260203,0.969504374156996,test,0.9826640000612562
K453V,-0.013159625904260203,0.987619482311793,test,1.000779108216053
K453W,-0.013159625904260203,0.961788889297731,test,0.9749485152019912
K453Y,-0.013159625904260203,0.966483962300423,test,0.9796435882046832
K82A,-1.1965461244182876,0.124399668510098,train,1.3209457929283857
K82C,-1.0145716511808966,0.620384210751864,test,1.6349558619327607
K82D,-0.53993571383153,0.0569811947225527,test,0.5969169085540827
K82E,-0.5147049285997459,0.205536743363343,test,0.7202416719630889
K82F,-0.7389241636180207,0.657185612585283,test,1.3961097762033037
K82G,-0.8859388956450499,0.119206026810315,test,1.005144922455365
K82H,-0.7814698250116509,0.342683936513906,test,1.1241537615255568
K82I,-0.7712176103071998,0.0838072860724273,test,0.8550248963796271
K82L,-0.7124724991287431,0.225861484378333,test,0.9383339835070761
K82M,-0.9170175579988119,0.35265541336571,test,1.2696729713645218
K82N,-0.9052240558736998,0.142454552160316,test,1.047678608034016
K82P,-1.4459360642729429,0.13717217059922,test,1.5831082348721628
K82Q,-0.5261236829532775,0.234804490226893,test,0.7609281731801705
K82R,0.04823746415328292,0.758025239620788,test,0.7097877754675052
K82S,-0.5398234866218482,0.390613849673018,test,0.9304373362948661
K82T,-0.47639152633748283,0.172688246096209,test,0.6490797724336919
K82V,-0.5801062789731753,0.117686418711436,test,0.6977926976846114
K82W,-0.44993647976868345,0.250267743079865,test,0.7002042228485484
K82Y,-0.43746455721940414,0.477040349755343,test,0.9145049069747471
K98A,0.2725493645931817,1.02147239303836,train,0.7489230284451783
K98C,0.02407913474507742,0.945629164090723,test,0.9215500293456456
K98D,0.02407913474507742,0.863608729117475,test,0.8395295943723976
K98E,0.02407913474507742,0.626312325400889,test,0.6022331906558116
K98F,0.02407913474507742,0.957417203760589,test,0.9333380690155116
K98G,0.02407913474507742,0.985969316491402,test,0.9618901817463246
K98H,0.02407913474507742,0.986092824922571,test,0.9620136901774936
K98I,0.02407913474507742,0.733132308907336,test,0.7090531741622587
K98L,0.02407913474507742,0.94610561111301,test,0.9220264763679326
K98M,0.02407913474507742,0.981444282582733,test,0.9573651478376556
K98N,0.02407913474507742,1.01338947379076,test,0.9893103390456827
K98P,0.02407913474507742,0.149773297272973,test,0.1256941625278956
K98Q,0.02407913474507742,1.02543659505674,test,1.0013574603116624
K98R,0.02407913474507742,1.01437629108717,test,0.9902971563420927
K98S,0.02407913474507742,1.00077922582975,test,0.9767000910846727
K98T,0.02407913474507742,0.98816389312321,test,0.9640847583781326
K98V,0.02407913474507742,0.802097549354109,test,0.7780184146090316
K98W,0.02407913474507742,0.799828705123031,test,0.7757495703779536
K98Y,0.02407913474507742,0.951190282682515,test,0.9271111479374377
L105A,0.10761787566871087,0.857515408175272,train,0.7498975325065612
L105C,-0.5509436147917398,0.906926406399575,test,1.4578700211913147
L105D,-0.7255056939982086,0.877023246487954,test,1.6025289404861627
L105E,-0.5208491519360695,0.876599709228335,test,1.3974488611644045
L105F,0.21485518087925173,0.708612963980243,test,0.4937577831009913
L105G,-0.6911746927632713,0.907455309372766,test,1.5986300021360371
L105H,-0.3966156514909044,0.784206855110441,test,1.1808225066013454
L105I,0.1648629415507378,0.850338370776151,test,0.6854754292254133
L105K,-0.6621539526118635,0.858845631042333,test,1.5209995836541965
L105M,0.4760969659503692,0.995723744432299,test,0.5196267784819298
L105N,-0.5349245610604217,0.789924857746616,test,1.3248494188070379
L105P,-0.42584435722752756,0.44703438503724,test,0.8728787422647676
L105Q,-0.016243644389798945,0.91718362859126,test,0.933427272981059
L105R,-0.29182769961549526,0.716312904898743,test,1.0081406045142383
L105S,-0.2328699310141514,0.837793368329721,test,1.0706632993438723
L105T,0.2618733642535537,0.848964820038165,test,0.5870914557846113
L105V,-0.12510819000189186,0.805392881311461,test,0.9305010713133529
L105W,0.21756671686980647,0.764104052864052,test,0.5465373359942456
L105Y,0.00763379155204072,0.814542909262552,test,0.8069091177105113
L107A,0.27635034688634674,0.992066628201112,train,0.7157162813147653
L107C,0.09079677549725021,0.972820379804204,test,0.8820236043069538
L107D,-0.05759496542022843,1.35397353338039,test,1.4115684988006183
L107E,-0.5305001397280552,0.966027879341615,test,1.4965280190696704
L107F,0.025491946801733306,0.752679078537305,test,0.7271871317355717
L107G,-0.00677512724496529,0.917623333364346,test,0.9243984606093113
L107H,-0.38982809402455343,0.898837881526623,test,1.2886659755511765
L107I,0.050167207923895646,0.920149901108453,test,0.8699826931845573
L107K,-0.8217016722087499,1.07487583687069,test,1.8965775090794401
L107M,0.032149604834901396,0.966064491395328,test,0.9339148865604266
L107N,-0.19621384457186627,0.798443496860033,test,0.9946573414318993
L107P,-0.816690656364507,0.697594404614116,test,1.5142850609786231
L107Q,-0.29499387158512425,0.910172391570576,test,1.2051662631557
L107R,-0.8217016722087499,0.0813971012135003,test,0.9030987734222502
L107S,0.09836975945183882,0.900111410418234,test,0.8017416509663952
L107T,-0.06290714447786469,0.959743354103463,test,1.0226504985813276
L107V,0.18093864078722946,0.93435775331472,test,0.7534191125274906
L107W,-0.8217016722087499,0.0637077217044959,test,0.8854093939132458
L107Y,0.015338762217311924,0.560077282031859,test,0.5447385198145471
L10A,-0.7116748088117023,0.439586957256473,train,1.1512617660681754
L10C,-0.4680329519573626,0.806278416795765,test,1.2743113687531276
L10D,-0.4680329519573626,0.492297829377969,test,0.9603307813353317
L10E,-0.4680329519573626,0.611841912378008,test,1.0798748643353706
L10F,-0.4680329519573626,0.957861137020911,test,1.4258940889782736
L10G,-0.4680329519573626,0.422271224316696,test,0.8903041762740587
L10H,-0.4680329519573626,0.509653783723185,test,0.9776867356805476
L10I,-0.4680329519573626,0.767467893810722,test,1.2355008457680845
L10K,-0.4680329519573626,0.568167295307673,test,1.0362002472650356
L10M,-0.4680329519573626,0.8760082987138,test,1.3440412506711628
L10N,-0.4680329519573626,0.445622671163574,test,0.9136556231209366
L10P,-0.4680329519573626,0.728498676329851,test,1.1965316282872136
L10Q,-0.4680329519573626,0.695741163868643,test,1.1637741158260058
L10R,-0.4680329519573626,0.673331843430492,test,1.1413647953878545
L10S,-0.4680329519573626,0.623109841398514,test,1.0911427933558766
L10T,-0.4680329519573626,0.853499833801951,test,1.3215327857593135
L10V,-0.4680329519573626,0.725150192514695,test,1.1931831444720578
L10W,-0.4680329519573626,0.582213366801701,test,1.0502463187590636
L10Y,-0.4680329519573626,0.535004107472458,test,1.0030370594298206
L12A,-0.033697459838802096,0.840415504062601,train,0.8741129639014031
L12C,-0.1290442774709127,0.876810817162815,test,1.0058550946337277
L12D,-0.1290442774709127,0.447952736493792,test,0.5769970139647047
L12E,-0.1290442774709127,0.761775637621009,test,0.8908199150919217
L12F,-0.1290442774709127,0.779694353859043,test,0.9087386313299557
L12G,-0.1290442774709127,0.199362049535351,test,0.3284063270062637
L12H,-0.1290442774709127,0.678808458981663,test,0.8078527364525757
L12I,-0.1290442774709127,0.936676299595301,test,1.0657205770662137
L12K,-0.1290442774709127,0.816058435138455,test,0.9451027126093677
L12M,-0.1290442774709127,0.956086502828178,test,1.0851307802990906
L12N,-0.1290442774709127,0.535088953773696,test,0.6641332312446088
L12P,-0.1290442774709127,0.427311261415771,test,0.5563555388866838
L12Q,-0.1290442774709127,0.825040637234271,test,0.9540849147051838
L12R,-0.1290442774709127,0.720583683992793,test,0.8496279614637058
L12S,-0.1290442774709127,0.622792684621897,test,0.7518369620928097
L12T,-0.1290442774709127,0.824803522195323,test,0.9538477996662358
L12V,-0.1290442774709127,0.939920209553026,test,1.0689644870239388
L12W,-0.1290442774709127,0.775514128670475,test,0.9045584061413877
L12Y,-0.1290442774709127,0.788642416811085,test,0.9176866942819978
L135A,0.5106983573462248,0.989552206698562,train,0.4788538493523372
L135C,-0.23483577950153775,0.989290165314446,test,1.2241259448159838
L135D,-0.037324578576729855,0.99148724801229,test,1.0288118265890198
L135E,-0.10117564890709327,0.956544880790973,test,1.0577205296980663
L135F,-0.283176957005017,0.955271096313568,test,1.238448053318585
L135G,0.08797773896207386,0.994550056508179,test,0.9065723175461051
L135H,-0.05665298615016065,0.985252535024923,test,1.0419055211750836
L135I,-0.2071211725366456,0.983011896769809,test,1.1901330693064547
L135K,0.28835486421803724,1.02373838364733,test,0.7353835194292927
L135M,-0.14260968118539127,0.99450871340739,test,1.1371183945927812
L135N,0.02199629534639916,0.99422804404543,test,0.9722317486990308
L135P,-0.2660393761918186,0.925578921033244,test,1.1916182972250626
L135Q,0.19521754474018463,1.02149730320238,test,0.8262797584621954
L135R,0.02679236787285047,1.00786085484983,test,0.9810684869769796
L135S,0.09924073858297225,1.01449317841724,test,0.9152524398342677
L135T,0.13939698313048124,0.989864372012579,test,0.8504673888820978
L135V,-0.14616249968511172,0.993425650029245,test,1.1395881497143567
L135W,-0.3578394758679274,0.968091588033038,test,1.3259310639009654
L135Y,-0.15167266559805834,0.967185872469192,test,1.1188585380672502
L146A,0.3655710852421997,0.974146612884284,train,0.6085755276420842
L146C,0.12700708344393843,0.979559796144022,test,0.8525527127000836
L146D,-0.42278098700800315,0.585765666808696,test,1.0085466538166992
L146E,0.31986498505296057,0.667878165682736,test,0.3480131806297754
L146F,0.5578415360419214,0.9805526207621,test,0.4227110847201786
L146G,-0.41682055364148185,0.816160883911897,test,1.232981437553379
L146H,-0.03406704946360181,0.962345798971632,test,0.9964128484352338
L146I,0.6232952661724945,0.963165074275819,test,0.33986980810332446
L146K,0.04892773479259707,0.808002987343256,test,0.759075252550659
L146M,1.068293991236548,0.98452627769419,test,0.0837677135423579
L146N,-0.42500348327369986,0.901029263054219,test,1.326032746327919
L146P,-0.17847028745214852,0.961684558120974,test,1.1401548455731225
L146Q,-0.4205030912428155,0.960284467225005,test,1.3807875584678206
L146R,0.094246673274785,0.0436976935658069,test,0.050548979708978106
L146S,0.19803670150842625,0.943070200044101,test,0.7450334985356748
L146T,0.4877863868179638,0.959252291733098,test,0.4714659049151342
L146V,0.4408030739597667,0.965753808670889,test,0.5249507347111223
L146W,0.148452764726995,0.952188143498194,test,0.803735378771199
L146Y,-0.08289576888538117,0.940876295911392,test,1.0237720647967732
L150A,0.08209874762568084,0.924039330852267,train,0.8419405832265862
L150C,-0.2762083233270499,0.924679070492189,test,1.2008873938192388
L150D,-0.9562576553017536,0.765411753434882,test,1.7216694087366355
L150E,-0.9562576553017536,0.733896734831982,test,1.6901543901337357
L150F,0.04514555203281226,0.911094836420578,test,0.8659492843877657
L150G,-0.9562576553017536,0.876197352549255,test,1.8324550078510087
L150H,-0.7773661882665447,0.800631775935051,test,1.5779979642015958
L150I,0.06877651593843673,0.923327258497029,test,0.8545507425585923
L150K,-0.6427142323424676,0.848990728082142,test,1.4917049604246095
L150M,0.4020386709523721,1.00425117758252,test,0.6022125066301479
L150N,-0.7157521766864882,0.81057923144766,test,1.5263314081341481
L150P,-0.9562576553017536,0.0264343521988371,test,0.9826920075005906
L150Q,-0.9562576553017536,0.940083608100797,test,1.8963412634025505
L150R,-0.5692408985041205,0.781349031017245,test,1.3505899295213655
L150S,-0.1768862393018241,0.904732787916645,test,1.0816190272184691
L150T,0.1046401154813649,0.911432789814055,test,0.8067926743326901
L150V,0.12629228428516562,0.882737955003419,test,0.7564456707182534
L150W,-0.43111338166461344,0.77059029351722,test,1.2017036751818333
L150Y,-0.3117462988063434,0.845584194317923,test,1.1573304931242663
L159A,0.5726717791867061,0.92663135399954,train,0.3539595748128339
L159C,0.3514950299584264,0.973495604825742,test,0.6220005748673156
L159D,0.11837393032305035,0.109294305830179,test,0.00907962449287135
L159E,-0.16328128168983577,0.622597125834465,test,0.7858784075243008
L159F,0.8511120298383671,0.947895303817101,test,0.09678327397873387
L159G,0.4863020033776363,0.803839424628775,test,0.3175374212511387
L159H,-0.16291108417122965,0.638154948627093,test,0.8010660327983227
L159I,0.36200142169841565,0.930320293519192,test,0.5683188718207763
L159K,-0.16328128168983577,0.076978106142338,test,0.24025938783217377
L159M,0.9667647412718275,0.954913325558969,test,0.011851415712858526
L159N,-0.16179362415936746,0.881162166401264,test,1.0429557905606315
L159P,0.5390644486032753,0.961972539344102,test,0.4229080907408267
L159Q,0.17928692874903587,0.749917242385844,test,0.5706303136368082
L159R,-0.16328128168983577,0.10980970412989,test,0.2730909858197258
L159S,0.35482265560479365,0.856136021896144,test,0.5013133662913504
L159T,0.23058932685600345,0.948438757841853,test,0.7178494309858496
L159V,0.3624464241954165,0.897320597125996,test,0.5348741729305795
L159W,-0.16328128168983577,0.628054360603735,test,0.7913356422935708
L159Y,0.7445717262463704,0.85329729959403,test,0.10872557334765964
L169A,0.09770813287496086,0.9904622656667,train,0.8927541327917392
L169C,-0.2611655280576509,0.951247797715376,test,1.212413325773027
L169D,-0.9410159805952064,0.420511572219062,test,1.3615275528142683
L169E,-0.45831565829259435,0.923140767138568,test,1.3814564254311623
L169F,-0.3369118787721809,0.0987804208738857,test,0.4356922996460666
L169G,-0.5958580945190549,0.966065964114159,test,1.561924058633214
L169H,-0.7730198446441564,0.67962733745751,test,1.4526471821016664
L169I,0.03800367964996912,0.961320649704248,test,0.9233169700542789
L169K,-0.6406188780086554,0.0685073537895141,test,0.7091262317981695
L169M,-0.08953444132129892,0.757066668527495,test,0.846601109848794
L169N,-0.3663410790085705,0.960294393685533,test,1.3266354726941034
L169P,-0.5598520599734135,0.111959196541031,test,0.6718112565144445
L169Q,-0.2577104698028182,0.925064452436394,test,1.1827749222392123
L169R,-0.2895115269928591,0.0563789559955268,test,0.3458904829883859
L169S,-0.24814268988092522,0.909898659649004,test,1.158041349529929
L169T,-0.07975516895933307,0.939631621859914,test,1.019386790819247
L169V,0.1578844836364041,0.947136604332856,test,0.7892521206964519
L169W,-0.545810184885393,0.13369733057617,test,0.6795075154615631
L169Y,-0.595034921689693,0.102055819425421,test,0.6970907411151139
L171A,-0.17467729357452585,0.868922516081716,train,1.0435998096562418
L171C,-0.7111362490461034,0.905110057030972,test,1.6162463060770755
L171D,-0.7076342947490265,0.354543316162028,test,1.0621776109110546
L171E,-0.8531822651526938,0.350835631452838,test,1.204017896605532
L171F,-0.05962916216780942,0.798592970850426,test,0.8582221330182355
L171G,-1.027842053154963,0.84807960767872,test,1.875921660833683
L171H,-0.3945565564208978,0.746177884286011,test,1.1407344407069089
L171I,-0.18712645649378498,0.913279734635224,test,1.100406191129009
L171K,-0.48552252879982427,0.780010445431356,test,1.2655329742311803
L171M,-0.059335560773720125,0.9827803570923,test,1.0421159178660202
L171N,-0.7355407491775904,0.781750800041608,test,1.5172915492191983
L171P,-0.7216606310162729,0.655071182041477,test,1.37673181305775
L171Q,-0.3323415243833233,0.748416081729359,test,1.0807576061126825
L171R,-0.22897350289892668,0.604325964186054,test,0.8332994670849807
L171S,-0.2472344338467932,0.887460943723513,test,1.1346953775703061
L171T,-0.26285245610316765,0.784072993230111,test,1.0469254493332787
L171V,-0.24980725711625892,0.778824032770739,test,1.0286312898869978
L171W,-0.27920690882582855,0.180678577987796,test,0.4598854868136245
L171Y,-0.11895511818389468,0.904855721862423,test,1.0238108400463177
L17A,-1.1224946444754902,0.196705217951003,train,1.3191998624264931
L17C,-0.673442869789257,0.103295938045839,test,0.7767388078350961
L17D,-0.673442869789257,0.0495966684572821,test,0.7230395382465391
L17E,-0.673442869789257,0.0765312740260338,test,0.7499741438152908
L17F,-0.673442869789257,0.742753332029162,test,1.416196201818419
L17G,-0.673442869789257,0.0915763185735765,test,0.7650191883628336
L17H,-0.673442869789257,0.0574304587897872,test,0.7308733285790443
L17I,-0.673442869789257,0.784311769774749,test,1.4577546395640062
L17K,-0.673442869789257,0.0624629113718454,test,0.7359057811611025
L17M,-0.673442869789257,0.706996960339912,test,1.380439830129169
L17N,-0.673442869789257,0.146560981413438,test,0.820003851202695
L17P,-0.673442869789257,0.0960810923295493,test,0.7695239621188064
L17Q,-0.673442869789257,0.146222275737615,test,0.8196651455268721
L17R,-0.673442869789257,0.0706376455410057,test,0.7440805153302628
L17S,-0.673442869789257,0.0712897499626916,test,0.7447326197519486
L17T,-0.673442869789257,0.0895952894371567,test,0.7630381592264137
L17V,-0.673442869789257,0.505576253370835,test,1.1790191231600922
L17W,-0.673442869789257,0.260664501213297,test,0.934107371002554
L17Y,-0.673442869789257,0.265137633233972,test,0.938580503023229
L185A,0.2567972715907071,0.900529317259396,train,0.6437320456686889
L185C,-0.2045863231740722,0.967797972254012,test,1.172384295428084
L185D,-0.021545683294752788,0.48049784391339,test,0.5020435272081428
L185E,-0.005810450246783144,0.823986682311095,test,0.8297971325578781
L185F,-0.37944924872339436,0.600459515447996,test,0.9799087641713904
L185G,-0.1873952143717784,0.879427347585586,test,1.0668225619573644
L185H,-0.4057913176836151,0.931611282589651,test,1.3374026002732662
L185I,0.045586965749083636,0.943488236968478,test,0.8979012712193943
L185K,0.13497666492933572,0.993125585164602,test,0.8581489202352663
L185M,0.21583734923147016,0.980928720229968,test,0.7650913709984979
L185N,-0.28923485318267594,0.906097722750056,test,1.1953325759327318
L185P,-0.56569899010986,0.125745586606187,test,0.6914445767160471
L185Q,0.2418344925444035,0.986422025149094,test,0.7445875326046906
L185R,0.27912046112518774,0.979347995164993,test,0.7002275340398053
L185S,0.1504830773650713,0.97009468326744,test,0.8196116059023687
L185T,-0.07674586622940613,0.974913113342668,test,1.051658979572074
L185V,0.10850172949951467,0.939324535110225,test,0.8308228056107103
L185W,-0.5936953739530856,0.741928125632629,test,1.3356234995857146
L185Y,-0.24282890098207485,0.69330653049686,test,0.9361354314789349
L204A,0.4576367311121722,0.976113909164134,train,0.5184771780519618
L204C,-0.36380829263421155,0.978874511495752,test,1.3426828041299634
L204D,-0.2708802165933196,1.07644897609528,test,1.3473291926885995
L204E,-0.19188725340065135,0.961478338650318,test,1.1533655920509693
L204F,0.680980767204492,1.03391890125243,test,0.35293813404793795
L204G,-0.449292300179413,0.966173847244952,test,1.415466147424365
L204H,-0.452867417271816,0.968912501277684,test,1.4217799185495
L204I,0.5160231058517489,1.01104709200156,test,0.495023986149811
L204K,-0.4448533764467223,1.01408642602682,test,1.4589398024735423
L204M,0.9449209721390269,1.01453142509245,test,0.06961045295342305
L204N,-0.452867417271816,0.979336297927208,test,1.432203715199024
L204P,0.1885212618130773,0.983167414223188,test,0.7946461524101107
L204Q,-0.452867417271816,0.987876391355346,test,1.440743808627162
L204R,0.05530208399447259,0.93237665554515,test,0.8770745715506775
L204S,0.0014139165919552499,0.985076084974501,test,0.9836621683825458
L204T,0.43381489478076996,0.990376438546435,test,0.556561543765665
L204V,0.33897936019020636,0.980967378275245,test,0.6419880180850387
L204W,0.372290128222868,0.995553788219263,test,0.623263659996395
L204Y,0.4816856641084254,1.00012339351049,test,0.5184377294020647
L210A,0.7274039717853259,1.00675972217654,train,0.2793557503912142
L210C,-0.1586740004900443,0.995030933298899,test,1.1537049337889433
L210D,-0.13740032606808525,0.924297161773614,test,1.0616974878416992
L210E,0.6141377199284818,0.961222564226525,test,0.3470848442980432
L210F,0.05197817688255904,0.988527383527911,test,0.936549206645352
L210G,-0.13239960303247442,0.961428726748931,test,1.0938283297814053
L210H,0.21177964323762546,0.976678197447166,test,0.7648985542095406
L210I,0.10307875298366356,0.889948386051303,test,0.7868696330676395
L210K,0.2696658884834685,0.975924752424993,test,0.7062588639415245
L210M,0.2985018566171581,0.995002285221488,test,0.6965004286043299
L210N,-0.021794044045617994,0.957182108206975,test,0.978976152252593
L210P,-0.38734698814414814,0.904350014824374,test,1.2916970029685222
L210Q,0.187482860344686,1.00920632668293,test,0.8217234663382441
L210R,0.3169953988582487,0.989866966420548,test,0.6728715675622993
L210S,0.16107237287297474,1.01119837043972,test,0.8501259975667453
L210T,0.08374442397926232,0.985058588980541,test,0.9013141650012787
L210V,0.12977145564802642,0.945859602479528,test,0.8160881468315017
L210W,-0.2879430300758544,0.900525996428286,test,1.1884690265041404
L210Y,0.2376269267266912,0.97259440162066,test,0.7349674748939689
L227A,0.10748908952478212,0.939026442338898,train,0.8315373528141159
L227C,-0.17495252392659863,0.974780012169998,test,1.1497325360965966
L227D,-0.21235424756899754,0.134249950920192,test,0.34660419848918955
L227E,-0.32108657102156923,0.192382954555183,test,0.5134695255767523
L227F,0.22286546915863306,0.965017425835628,test,0.742151956676995
L227G,0.09498593862651697,0.813047565909885,test,0.7180616272833681
L227H,-0.29140937860791316,0.887000945166953,test,1.1784103237748662
L227I,0.5559833078881257,1.003847072118,test,0.4478637642298743
L227K,-0.35806815443973894,0.0709606557208034,test,0.42902881016054234
L227M,0.20787923949744483,0.987911182457293,test,0.7800319429598482
L227N,-0.3858118107955416,0.789993982149843,test,1.1758057929453845
L227P,-0.4651974685174881,0.0421625525166727,test,0.5073600210341608
L227Q,-0.33616202735872525,0.859161749113019,test,1.1953237764717444
L227R,0.059824538159056445,0.0976845937483104,test,0.037860055589253955
L227S,-0.09834047392338915,0.933719983409651,test,1.03206045733304
L227T,-0.13303785467608029,0.938480178868858,test,1.0715180335449384
L227V,0.2874911395942382,0.991525241468374,test,0.7040341018741357
L227W,-0.34922855498343564,0.909464632735554,test,1.2586931877189897
L227Y,-0.22653725408344436,0.949670821411274,test,1.1762080754947184
L248A,-0.790735783965613,0.281731997556282,train,1.0724677815218948
L248C,-0.949039443688921,0.674899037536111,test,1.6239384812250321
L248D,-0.9705033247873923,0.0860755600804561,test,1.0565788848678483
L248E,-0.6042088741120705,0.118447781729328,test,0.7226566558413985
L248F,-1.215379743348702,0.580706329939387,test,1.7960860732880888
L248G,-1.1472403287984851,0.0897021107873958,test,1.236942439585881
L248H,-0.8198259713399157,0.0821248920095962,test,0.9019508633495119
L248I,-0.7332131080094929,0.762142389349965,test,1.495355497359458
L248K,-0.5656432658327802,0.451228593722137,test,1.016871859554917
L248M,-0.5266871360501842,0.903754710802011,test,1.430441846852195
L248N,-0.8599288101397659,0.316205488059085,test,1.1761342981988507
L248P,-1.3621204116727335,0.0420131868834434,test,1.404133598556177
L248Q,-0.5228580672612687,0.364175264897256,test,0.8870333321585246
L248R,-0.42480698447330567,0.505597391053198,test,0.9304043755265037
L248S,-0.7852171065478978,0.075099266602247,test,0.8603163731501448
L248T,-0.9244146979924518,0.387520920611987,test,1.3119356186044389
L248V,-0.47421473505268785,0.656726687634877,test,1.130941422687565
L248W,-1.3529841268683438,0.425785579170057,test,1.7787697060384007
L248Y,-0.814843023963875,0.594310377070518,test,1.4091534010343931
L25A,-1.4713416164580935,0.0989745745336515,train,1.570316190991745
L25C,-1.2171362416384601,0.766387863814863,test,1.983524105453323
L25D,-1.1154925777842732,0.185618579161688,test,1.3011111569459612
L25E,-0.6842123363956859,0.0813780398473644,test,0.7655903762430503
L25F,-0.7812294704125468,0.0702973747446411,test,0.8515268451571878
L25G,-1.1613529289683535,0.0743890205868064,test,1.2357419495551598
L25H,-0.920987032723282,0.107854395216794,test,1.028841427940076
L25I,-0.5522005677456957,0.664390888216943,test,1.2165914559626387
L25K,-0.8159772303904401,0.106688313103803,test,0.9226655434942431
L25M,-1.118141792578397,0.833246772376408,test,1.9513885649548048
L25N,-1.0516348063100318,0.0954149781675668,test,1.1470497844775986
L25P,-1.4945198886139803,0.0762844725038411,test,1.5708043611178215
L25Q,-0.9199025483855648,0.197743032804435,test,1.11764558119
L25R,-0.6410743717747324,0.077219806723112,test,0.7182941784978444
L25S,-0.8571862909666924,0.0724507558677046,test,0.929637046834397
L25T,-0.4357689923140552,0.356340923454789,test,0.7921099157688443
L25V,-0.44477044381804987,0.460205601352263,test,0.9049760451703128
L25W,-1.1246648249022522,0.0763406750932623,test,1.2010054999955144
L25Y,-1.035566736355486,0.109233623610666,test,1.1448003599661518
L260A,-0.9889617069056332,0.0679765848440539,train,1.0569382917496872
L260C,-0.2551310286879368,0.63806336176602,test,0.8931943904539568
L260D,-1.0640234390691965,0.139473494888493,test,1.2034969339576895
L260E,-1.0692310652065504,0.148170275520263,test,1.2174013407268134
L260F,0.6182037420230589,0.931714635693674,test,0.313510893670615
L260G,-0.7303708377314376,0.0454377680980508,test,0.7758086058294884
L260H,-0.8507383688262075,0.104420664814058,test,0.9551590336402654
L260I,-0.14973360654041942,0.730432448707811,test,0.8801660552482304
L260K,-0.6867651791731245,0.183335867932956,test,0.8701010471060805
L260M,-0.3495247438447845,0.74690965933447,test,1.0964344031792543
L260N,-1.0693997270793296,0.0525529348999678,test,1.1219526619792974
L260P,-0.7361506656586297,0.0467935477689828,test,0.7829442134276126
L260Q,-0.8448507255482544,0.069664071515467,test,0.9145147970637213
L260R,-1.0693133422674677,0.060678506309157,test,1.1299918485766247
L260S,-0.4459013700304152,0.131786259064109,test,0.5776876290945242
L260T,-0.670081030131766,0.0728971641935808,test,0.7429781943253468
L260V,-0.03167790726793948,0.718544852817283,test,0.7502227600852225
L260W,-1.0654324177842003,0.0524070655302954,test,1.1178394833144958
L260Y,-0.37859140489876253,0.185991224024034,test,0.5645826289227965
L261A,-1.4785764209310346,0.110022677523957,train,1.5885990984549916
L261C,-0.9927941434852298,0.459401438060701,test,1.4521955815459306
L261D,-1.310398529430078,0.145816574527268,test,1.4562151039573459
L261E,-0.9403872553222951,1.0756015965182,test,2.015988851840495
L261F,-0.9054112963089275,0.716414574694512,test,1.6218258710034394
L261G,-1.0441386530687626,0.0744062607698637,test,1.1185449138386263
L261H,-0.6259510884030773,0.0787152083051775,test,0.7046662967082549
L261I,-0.8062714603049289,0.920379831794263,test,1.7266512920991919
L261K,-0.9527114994491165,0.531074611828553,test,1.4837861112776696
L261M,-0.31234754878091653,0.960143731461974,test,1.2724912802428905
L261N,-1.3102978609158689,0.131538894787325,test,1.441836755703194
L261P,-1.3103089930625134,0.0871429736368128,test,1.3974519666993261
L261Q,-1.310398529430078,0.611730790634886,test,1.9221293200649638
L261R,-1.261447825618854,0.145679530374912,test,1.407127355993766
L261S,-1.0856371725899379,0.152768070335574,test,1.238405242925512
L261T,-0.7730497616097479,0.264405292114194,test,1.037455053723942
L261V,-0.4991159406365603,0.778564514422633,test,1.2776804550591931
L261W,-1.310398529430078,0.119752657346027,test,1.430151186776105
L261Y,-1.1195641373643024,0.14126568741065,test,1.2608298247749523
L284A,-0.11781081876928465,0.941884465303594,train,1.0596952840728786
L284C,-0.24626937853450967,0.955854346615475,test,1.2021237251499846
L284D,-0.6279197829782576,0.103494787323172,test,0.7314145703014295
L284E,-0.6121083931171601,0.723576790700813,test,1.335685183817973
L284F,0.06002314531523259,0.902883142628663,test,0.8428599973134304
L284G,-0.6279197829782576,0.816874329839061,test,1.4447941128173185
L284H,-0.34903777427035665,0.90840760475931,test,1.2574453790296667
L284I,0.6114598255845533,0.962760570104412,test,0.3513007445198587
L284K,-0.4167153303662884,0.788693892743558,test,1.2054092231098463
L284M,0.040185377422300356,0.959966430519583,test,0.9197810530972826
L284N,-0.6279197829782576,0.881464382719375,test,1.5093841656976326
L284P,-0.6204722436633404,0.16000997178884,test,0.7804822154521804
L284Q,-0.6279197829782576,0.93620713258467,test,1.5641269155629276
L284R,-0.6279197829782576,0.585348926468288,test,1.2132687094465455
L284S,-0.40176439338289727,0.930373768284449,test,1.3321381616673462
L284T,-0.006748140098008143,0.928538176241179,test,0.9352863163391871
L284V,0.5822877828412786,0.990239459229836,test,0.40795167638855745
L284W,-0.11439749855625156,0.0903742596950496,test,0.20477175825130117
L284Y,-0.1630778673273839,0.961576791644901,test,1.1246546589722848
L314A,0.07590817990945023,0.884298639616201,train,0.8083904597067508
L314C,-0.3344393962031885,0.962412133659128,test,1.2968515298623164
L314D,-0.779572593626367,0.0584786462508866,test,0.8380512398772536
L314E,-0.779572593626367,0.104201946703613,test,0.88377454032998
L314F,-0.089366283793855,1.01269567398025,test,1.1020619577741049
L314G,-0.779572593626367,0.0764820416645984,test,0.8560546352909654
L314H,-0.1699569930000909,0.677441994934061,test,0.8473989879341519
L314I,0.18238075156541025,0.976474954151736,test,0.7940942025863258
L314K,-0.5845384522697773,0.0522871489220272,test,0.6368256011918045
L314M,0.665739428948832,0.995220155034004,test,0.329480726085172
L314N,-0.779572593626367,0.0949068085337125,test,0.8744794021600795
L314P,-0.6118096718002873,0.0462971141482499,test,0.6581067859485372
L314Q,-0.4959093544565468,0.68245109023661,test,1.1783604446931568
L314R,-0.3328040819865036,0.0602315018716212,test,0.39303558385812476
L314S,-0.33472756832269057,0.229686811655341,test,0.5644143799780316
L314T,-0.22239811394975004,0.647249739351435,test,0.8696478533011851
L314V,0.3786720019086892,0.949664171886994,test,0.5709921699783048
L314W,-0.24673178543925975,0.864291024569257,test,1.1110228100085167
L314Y,-0.17394773555963003,0.97572519829572,test,1.14967293385535
L343A,0.11693075984619364,0.929468760039073,train,0.8125380001928794
L343C,-0.05373016762841529,0.924264997029926,test,0.9779951646583414
L343D,-0.05373016762841529,0.31977117389975,test,0.3735013415281653
L343E,-0.05373016762841529,0.6645937871987,test,0.7183239548271153
L343F,-0.05373016762841529,0.810263122530009,test,0.8639932901584243
L343G,-0.05373016762841529,0.860924774311327,test,0.9146549419397423
L343H,-0.05373016762841529,0.439911872859756,test,0.4936420404881713
L343I,-0.05373016762841529,0.950319076275849,test,1.0040492439042643
L343K,-0.05373016762841529,0.125983861638321,test,0.1797140292667363
L343M,-0.05373016762841529,0.959664133432657,test,1.0133943010610722
L343N,-0.05373016762841529,0.905848237611706,test,0.9595784052401213
L343P,-0.05373016762841529,0.0455976369842771,test,0.09932780461269239
L343Q,-0.05373016762841529,0.948625947406788,test,1.0023561150352032
L343R,-0.05373016762841529,0.15607703815069,test,0.20980720577910528
L343S,-0.05373016762841529,0.92904605600577,test,0.9827762236341853
L343T,-0.05373016762841529,0.930588704019246,test,0.9843188716476613
L343V,-0.05373016762841529,0.892853663842839,test,0.9465838314712544
L343W,-0.05373016762841529,0.387928610303352,test,0.44165877793176733
L343Y,-0.05373016762841529,0.896116383848379,test,0.9498465514767943
L374A,0.25334170523173116,0.914973181273368,train,0.6616314760416369
L374C,-0.20835007365509858,0.966172426188109,test,1.1745224998432076
L374D,0.05880834924573777,0.0793598073114478,test,0.02055145806571003
L374E,0.0028582559845850286,0.0690302295081079,test,0.06617197352352287
L374F,-0.2669560226309068,0.872088662514158,test,1.1390446851450649
L374G,0.21218096840853265,0.634840461974682,test,0.4226594935661494
L374H,-0.007205205978601498,0.775406392828739,test,0.7826115988073405
L374I,0.38578084997997364,0.719487264455436,test,0.33370641447546234
L374K,0.06438784998240324,0.119767990286026,test,0.05538014030362276
L374M,-0.033158370891118366,0.987158678190904,test,1.0203170490820224
L374N,-0.055868367622516985,0.205885096761565,test,0.261753464384082
L374P,-0.23415298629490108,0.866085572443667,test,1.1002385587385681
L374Q,-0.06995381649778251,0.660168908020089,test,0.7301227245178715
L374R,0.06270259345892684,0.0666827510048925,test,0.00398015754596566
L374S,0.11921930807871264,0.729452396090661,test,0.6102330880119484
L374T,0.27180534209138385,0.859751617772632,test,0.5879462756812481
L374V,0.36681922195091643,0.998465062288143,test,0.6316458403372266
L374W,0.05156718218965986,0.617795651892796,test,0.5662284697031361
L374Y,-0.47524317979598363,0.750498924794404,test,1.2257421045903878
L383A,-0.03460374446160927,0.831115876696862,train,0.8657196211584713
L383C,-0.37837057409762387,0.865492151885349,test,1.2438627259829729
L383D,-0.996661609117162,0.453334504349692,test,1.449996113466854
L383E,-0.9139678496802993,0.60117976764535,test,1.5151476173256493
L383F,-0.017307070154551102,0.71396864542549,test,0.7312757155800411
L383G,-0.4463541032983408,0.634508789470726,test,1.0808628927690669
L383H,-0.37956147688356345,0.803405526791985,test,1.1829670036755484
L383I,0.043465561801200675,0.965781208523832,test,0.9223156467226313
L383K,-0.996661609117162,0.732492805849971,test,1.729154414967133
L383M,-0.001598338970023011,1.00014595558687,test,1.0017442945568928
L383N,-0.4494243381359667,0.907325862236201,test,1.3567502003721676
L383P,-0.996661609117162,0.484018589787524,test,1.480680198904686
L383Q,-0.6718716033822866,0.831192875152651,test,1.5030644785349376
L383R,-0.996661609117162,0.70278654931591,test,1.6994481584330718
L383S,-0.4758952611352435,0.773731333767367,test,1.2496265949026104
L383T,-0.20148409991970326,0.714099731539469,test,0.9155838314591723
L383V,0.062284322695097455,0.942600861818131,test,0.8803165391230335
L383W,-0.7898172676149059,0.672218702235709,test,1.462035969850615
L383Y,-0.04801905805567927,0.796776746812574,test,0.8447958048682533
L390A,0.3563312926085299,0.930587502637787,train,0.5742562100292571
L390C,0.3368947496960578,0.933840312832368,test,0.5969455631363102
L390D,-0.3487518177947918,0.121071755683471,test,0.4698235734782628
L390E,-0.3487518177947918,0.560255901687273,test,0.9090077194820648
L390F,0.4733391846333822,0.913318951091792,test,0.43997976645840975
L390G,-0.1319541508714804,0.813266732874474,test,0.9452208837459545
L390H,0.22421090703211513,0.875028609177194,test,0.650817702145079
L390I,0.644842273020724,0.94921767997787,test,0.30437540695714593
L390K,-0.3487518177947918,0.355456625348132,test,0.7042084431429239
L390M,0.8314559287558946,0.978499459071839,test,0.14704353031594442
L390N,0.7135668754692911,0.667473246608876,test,0.046093628860415126
L390P,0.15393859280711433,0.174208339734878,test,0.020269746927763677
L390Q,1.018243323272013,0.79635912430923,test,0.221884198962783
L390R,-0.3486663917705676,0.0879649988587356,test,0.4366313906293032
L390S,-0.2714505107538988,0.82142906010303,test,1.0928795708569288
L390T,0.4236509262531444,0.844720766750162,test,0.4210698404970177
L390V,0.543141007725887,0.92142852191812,test,0.37828751419223294
L390W,0.2651180404358554,0.41307382420443,test,0.1479557837685746
L390Y,0.3803165720915592,0.9657192164201,test,0.5854026443285407
L410A,0.041724243439414416,0.818242982003206,train,0.7765187385637916
L410C,0.3149040516377367,0.948940410722778,test,0.6340363590850413
L410D,-0.7017575986886179,0.0723022909506321,test,0.77405988963925
L410E,-0.8452706990721451,0.777445522012336,test,1.622716221084481
L410F,0.0004941787914619911,0.783936308517636,test,0.783442129726174
L410G,-0.8452706990721451,0.759939068249872,test,1.6052097673220171
L410H,-0.6427551770656897,0.81973087971407,test,1.4624860567797597
L410I,0.34609494140059616,0.991046236791398,test,0.6449512953908019
L410K,-0.8404445164660465,0.528363591560851,test,1.3688081080268975
L410M,0.359170176284748,0.996043050783735,test,0.636872874498987
L410N,-0.03738102282228736,0.620735882777592,test,0.6581169055998793
L410P,-0.8452706990721451,0.0373155380085669,test,0.882586237080712
L410Q,-0.8452706990721451,0.849492871261409,test,1.6947635703335542
L410R,-0.8452706990721451,0.0882267684045333,test,0.9334974674766785
L410S,-0.2939073873944954,0.795543518626946,test,1.0894509060214412
L410T,-0.16752646247938804,0.844601818436156,test,1.012128280915544
L410V,0.21284504528639184,0.952386037766871,test,0.7395409924804792
L410W,-0.2815855928823451,0.0523389505485221,test,0.3339245434308672
L410Y,-0.36661485770106006,0.205114607564644,test,0.5717294652657041
L424A,0.5105326774434543,0.920255495762326,train,0.4097228183188717
L424C,-0.12471559004669239,0.941889788255486,test,1.0666053783021783
L424D,0.5505644618127518,0.865455654739245,test,0.31489119292649326
L424E,0.5686750427745212,0.921447398599446,test,0.35277235582492483
L424F,0.4518655215518864,1.00609323794728,test,0.5542277163953936
L424G,0.4346384193272518,0.861520817466554,test,0.4268823981393022
L424H,0.3030418980534312,0.872202476320014,test,0.5691605782665828
L424I,0.9839911431591043,0.983034521015201,test,0.0009566221439033518
L424K,0.5216143173865261,0.865453332798513,test,0.3438390154119869
L424M,0.019756366971846046,0.97657385114189,test,0.956817484170044
L424N,0.6036647337087478,0.900818918546846,test,0.2971541848380982
L424P,0.37642451837707835,0.916554874679788,test,0.5401303563027097
L424Q,0.48324108462200555,0.948052324822437,test,0.4648112402004314
L424R,0.6771058941197611,0.873282562292791,test,0.19617666817302992
L424S,0.5511918108420227,0.878233827046233,test,0.32704201620421025
L424T,0.44351931804255795,0.966891018595647,test,0.523371700553089
L424V,1.1568817651652494,0.97770428458732,test,0.17917748057792948
L424W,-0.10061023923584664,0.938431407238689,test,1.0390416464745356
L424Y,0.1846529002284997,0.921652592594344,test,0.7369996923658443
L433A,-0.3715511806324122,0.640672229240947,train,1.0122234098733593
L433C,-0.29797113786771845,0.664157430144671,test,0.9621285680123894
L433D,-0.29797113786771845,0.0950755501895647,test,0.39304668805728316
L433E,-0.29797113786771845,0.0734657180970823,test,0.37143685596480075
L433F,-0.29797113786771845,0.92340844174641,test,1.2213795796141285
L433G,-0.29797113786771845,0.154852931147033,test,0.4528240690147515
L433H,-0.29797113786771845,0.617360517468133,test,0.9153316553358515
L433I,-0.29797113786771845,0.916912815786659,test,1.2148839536543774
L433K,-0.29797113786771845,0.0847968580462145,test,0.38276799591393296
L433M,-0.29797113786771845,0.908218613533238,test,1.2061897514009563
L433N,-0.29797113786771845,0.0619831729352508,test,0.35995431080296925
L433P,-0.29797113786771845,0.0687663943942834,test,0.36673753226200184
L433Q,-0.29797113786771845,0.113363600014944,test,0.41133473788266245
L433R,-0.29797113786771845,0.06100217986093,test,0.35897331772864843
L433S,-0.29797113786771845,0.406708885592381,test,0.7046800234600994
L433V,-0.29797113786771845,0.738688227857216,test,1.0366593657249346
L433W,-0.29797113786771845,0.65865874112629,test,0.9566298789940084
L433Y,-0.29797113786771845,0.895112125126395,test,1.1930832629941135
L455A,0.009322755257094834,0.865849584310693,train,0.8565268290535982
L455C,-0.10753416992296513,0.865641268392968,test,0.9731754383159331
L455D,-0.10753416992296513,0.805393891346143,test,0.9129280612691082
L455E,-0.10753416992296513,0.806868696452034,test,0.9144028663749991
L455F,-0.10753416992296513,0.960161166715368,test,1.067695336638333
L455G,-0.10753416992296513,0.839675836605422,test,0.9472100065283872
L455H,-0.10753416992296513,0.845945711956277,test,0.9534798818792422
L455I,-0.10753416992296513,0.958254069826973,test,1.065788239749938
L455K,-0.10753416992296513,0.868935121429512,test,0.9764692913524772
L455M,-0.10753416992296513,0.946321921751474,test,1.053856091674439
L455N,-0.10753416992296513,0.865184045522566,test,0.9727182154455312
L455P,-0.10753416992296513,0.829419006376537,test,0.9369531762995021
L455Q,-0.10753416992296513,0.820069122273359,test,0.9276032921963242
L455R,-0.10753416992296513,0.878270242565672,test,0.9858044124886371
L455S,-0.10753416992296513,0.86274923954723,test,0.9702834094701952
L455T,-0.10753416992296513,0.858057982797497,test,0.9655921527204622
L455V,-0.10753416992296513,0.94487434787949,test,1.0524085178024551
L455W,-0.10753416992296513,0.873150182967623,test,0.9806843528905882
L455Y,-0.10753416992296513,0.821845885046234,test,0.9293800549691992
L464A,0.14462058556368942,0.94583932554613,train,0.8012187399824406
L464C,-0.03988525476966784,0.999207807396976,test,1.0390930621666439
L464D,-0.03988525476966784,1.00834502570025,test,1.0482302804699177
L464E,-0.03988525476966784,1.00563264276636,test,1.0455178975360278
L464F,-0.03988525476966784,1.01950330428335,test,1.0593885590530177
L464G,-0.03988525476966784,1.00413588651433,test,1.0440211412839977
L464H,-0.03988525476966784,1.0159978128305,test,1.0558830676001678
L464I,-0.03988525476966784,1.00756549147492,test,1.0474507462445877
L464K,-0.03988525476966784,1.01363791415027,test,1.0535231689199378
L464M,-0.03988525476966784,0.995413608692308,test,1.0352988634619757
L464N,-0.03988525476966784,1.01857565206077,test,1.0584609068304378
L464P,-0.03988525476966784,0.97480315528263,test,1.0146884100522977
L464Q,-0.03988525476966784,1.0249719137911,test,1.0648571685607677
L464R,-0.03988525476966784,1.00049993645949,test,1.0403851912291577
L464S,-0.03988525476966784,1.01060566082168,test,1.0504909155913478
L464T,-0.03988525476966784,1.05426325111166,test,1.0941485058813278
L464W,-0.03988525476966784,1.02816245862016,test,1.0680477133898278
L464Y,-0.03988525476966784,1.01059990421545,test,1.0504851589851179
L70A,0.056228751553581674,0.869316336721039,train,0.8130875851674574
L70C,-0.2520412693093975,0.95961231197449,test,1.2116535812838876
L70D,-0.04951341507643056,0.203634464784785,test,0.25314787986121556
L70E,0.09201293494004639,0.69466522002696,test,0.6026522850869136
L70F,-0.1902954844531338,0.947834515688104,test,1.1381300001412378
L70G,-0.3855980085763221,0.430105756560447,test,0.8157037651367691
L70H,0.005412256867231818,0.773419928584628,test,0.7680076717173963
L70I,0.5790263422915066,1.02578100643051,test,0.44675466413900333
L70K,0.30054182783410843,0.921190049837431,test,0.6206482220033226
L70M,0.023905718145805693,0.988241119939654,test,0.9643354017938484
L70N,-0.007754450505360694,0.713890961970258,test,0.7216454124756188
L70P,-0.5198892499658413,0.194390915032836,test,0.7142801649986773
L70Q,0.14251889160783784,0.998352203777845,test,0.8558333121700071
L70R,0.3810180725930371,0.850295916781366,test,0.46927784418832885
L70S,0.06641195358556176,0.796321119599545,test,0.7299091660139833
L70T,0.14509184868481265,0.955543130116804,test,0.8104512814319914
L70V,0.3488469261667687,1.01885369010665,test,0.6700067639398813
L70W,-0.058390488013693925,0.768802142594187,test,0.827192630607881
L70Y,-0.1074084066670705,0.836046714864754,test,0.9434551215318245
L80A,-0.10946108670396923,0.756472400743431,train,0.8659334874474003
L80C,-0.46725633617317575,0.871577151568457,test,1.3388334877416328
L80D,0.17613624496859673,0.244491558546015,test,0.06835531357741828
L80E,0.4737123007869398,0.834133829720106,test,0.36042152893316615
L80F,0.08263676918525911,0.901340171264362,test,0.8187034020791029
L80G,-0.3377081155241898,0.445353269077655,test,0.7830613846018448
L80H,-0.01587562486204716,0.832005099825704,test,0.8478807246877512
L80I,0.44413664553952137,1.02216333344594,test,0.5780266879064185
L80K,-0.010638391569842781,0.685122895715272,test,0.6957612872851148
L80M,0.06458670890129051,0.993863181377335,test,0.9292764724760445
L80N,-0.09564583639203347,0.693377469359459,test,0.7890233057514925
L80P,-0.8566256174314723,0.179371475657824,test,1.0359970930892963
L80Q,-0.004819920791742177,0.861767377849089,test,0.8665872986408312
L80R,0.15071392395888475,0.802662240754681,test,0.6519483167957962
L80S,-0.09185263300098376,0.82807050513457,test,0.9199231381355538
L80T,0.21326628592388688,,,
L80V,0.28038491668682985,1.00182759299632,test,0.7214426763094902
L80W,-0.2776105631920037,0.892408521283583,test,1.1700190844755867
L80Y,-0.02123376490468351,0.89210213915827,test,0.9133359040629535
L89A,0.19483177698385715,0.90617884351183,train,0.7113470665279729
L89C,-0.3101725738475246,0.915166121138953,test,1.2253386949864775
L89D,-0.10151027227430051,0.700630395609823,test,0.8021406678841235
L89E,-0.5011789951088866,0.664042282012782,test,1.1652212771216686
L89F,-0.17854636964112766,0.78413950905644,test,0.9626858786975677
L89G,-0.0630257928239771,0.829446989833,test,0.8924727826569772
L89H,-0.13406752914261263,0.784984912521584,test,0.9190524416641966
L89I,0.13518891155024595,0.980512276418028,test,0.845323364867782
L89K,-0.8343379869261359,0.936851228966131,test,1.7711892158922669
L89M,-0.01776844169077693,0.979382456755564,test,0.997150898446341
L89N,0.13442767624272958,0.837289708805624,test,0.7028620325628945
L89P,-0.6027974881951964,0.800586066204003,test,1.4033835543991993
L89Q,-0.6558792256572973,0.892534997844185,test,1.5484142235014824
L89R,-0.5365641905300874,0.158831786795321,test,0.6953959773254084
L89S,-0.09106382131309973,0.886312078280374,test,0.9773758995934737
L89T,-0.03004733982866123,0.817228216646401,test,0.8472755564750623
L89V,-0.1040945894293411,0.90484109167384,test,1.008935681103181
L89W,-0.49199302444547877,0.07574949647476,test,0.5677425209202388
L89Y,-0.5024056603945203,0.685550467922931,test,1.1879561283174511
M100A,0.2456241295707248,1.00555386295352,train,0.7599297333827951
M100C,0.01061651723384896,0.982832514012489,test,0.97221599677864
M100D,0.01061651723384896,0.986703690014784,test,0.976087172780935
M100E,0.01061651723384896,0.984520970530605,test,0.9739044532967561
M100F,0.01061651723384896,1.01667783193729,test,1.006061314703441
M100G,0.01061651723384896,0.975342736365393,test,0.9647262191315441
M100H,0.01061651723384896,0.956539314913669,test,0.94592279767982
M100I,0.01061651723384896,0.965479933735173,test,0.9548634165013241
M100K,0.01061651723384896,0.947050170507186,test,0.936433653273337
M100L,0.01061651723384896,0.98897891569196,test,0.978362398458111
M100N,0.01061651723384896,0.981180884654724,test,0.970564367420875
M100P,0.01061651723384896,0.989594315607637,test,0.9789777983737881
M100Q,0.01061651723384896,0.968831507364794,test,0.958214990130945
M100R,0.01061651723384896,0.222699189050074,test,0.21208267181622503
M100S,0.01061651723384896,1.0059470686658,test,0.9953305514319511
M100T,0.01061651723384896,0.974244006128121,test,0.9636274888942721
M100V,0.01061651723384896,0.941294628601243,test,0.9306781113673941
M100W,0.01061651723384896,0.983982055552175,test,0.9733655383183261
M100Y,0.01061651723384896,0.997886488869379,test,0.9872699716355301
M109A,0.9123635401715583,0.994680651009397,train,0.08231711083783866
M109C,0.7372642765160259,0.984744915526034,test,0.24748063901000816
M109D,-0.07485051561811704,0.976679209096114,test,1.051529724714231
M109E,0.30363314945979136,0.964921980075738,test,0.6612888306159467
M109F,0.7184653063709413,1.53142401662556,test,0.8129587102546186
M109G,0.7918095817697922,0.951712972952507,test,0.1599033911827148
M109H,0.4434522197523162,1.09404594025821,test,0.6505937205058937
M109I,1.5476966854983802,0.896017390483072,test,0.6516792950153082
M109K,0.14900223778189284,1.13397235473116,test,0.9849701169492672
M109L,1.0420401048110455,0.970848347192478,test,0.07119175761856744
M109N,0.3108368432343248,0.972512334695261,test,0.6616754914609362
M109P,-0.07821229129395343,0.146260273225392,test,0.22447256451934544
M109Q,0.4515782355270318,0.94137264190614,test,0.4897944063791082
M109R,0.16106660559058886,0.291472740775342,test,0.13040613518475316
M109S,0.743750488642677,0.972680983367912,test,0.22893049472523497
M109T,0.6839769183904726,0.949729116111866,test,0.26575219772139336
M109V,1.3472659971562673,0.966732369930862,test,0.3805336272254053
M109W,0.4553890775795001,0.139514875619819,test,0.3158742019596811
M109Y,0.5687639209664647,0.112077094761371,test,0.45668682620509365
M115A,0.3520361116582166,1.09495792338978,train,0.7429218117315634
M115C,-0.08633242563030871,0.666558116378746,test,0.7528905420090547
M115D,-0.7090180699677381,0.163404048047623,test,0.8724221180153611
M115E,-0.7090180699677381,0.0757016327972394,test,0.7847197027649775
M115F,0.20613267469164823,0.457919328709172,test,0.25178665401752376
M115G,-0.31176049723023913,0.97374168838841,test,1.285502185618649
M115H,-0.27618261600442684,1.31794768597306,test,1.5941303019774868
M115I,0.19402842386974908,0.470193342303234,test,0.2761649184334849
M115K,-0.7090180699677381,0.366636790521597,test,1.075654860489335
M115L,0.40423738729907976,0.257239819778799,test,0.14699756752028076
M115N,-0.35463863040145716,0.832884479839037,test,1.1875231102404942
M115P,-0.4316370062149816,0.32894826448006,test,0.7605852706950416
M115Q,-0.7090180699677381,0.712735284305795,test,1.421753354273533
M115R,-0.07802158200165574,0.104698201083138,test,0.18271978308479375
M115S,0.023749696128122416,0.945118266716339,test,0.9213685705882166
M115T,-0.06438641892614813,1.04962242803846,test,1.1140088469646081
M115V,0.19921248253635473,0.657918946889666,test,0.4587064643533113
M115W,-0.4374958505673473,0.104373955964896,test,0.5418698065322433
M115Y,-0.2568435885816548,1.36123780263337,test,1.618081391215025
M123A,-0.28636165610955755,0.591314793567443,train,0.8776764496770005
M123C,-0.28109101793884894,0.871708364213668,test,1.152799382152517
M123D,-0.8333888839362434,0.104375288597956,test,0.9377641725341994
M123E,-0.8333888839362434,0.113105429299968,test,0.9464943132362115
M123F,-0.11467537660400526,0.854757208423609,test,0.9694325850276143
M123G,-0.6365604223671019,0.585049444163413,test,1.2216098665305148
M123H,-0.8333888839362434,0.19941526085015,test,1.0328041447863934
M123I,0.33911952269332846,0.927618109988015,test,0.5884985872946865
M123K,-0.8333888839362434,0.0893438036210692,test,0.9227326875573126
M123L,0.6121363209222964,1.0025740156822,test,0.39043769475990364
M123N,-0.8333888839362434,0.215106511102013,test,1.0484953950382565
M123P,-0.8312811223252677,0.109604378731187,test,0.9408855010564547
M123Q,-0.8333888839362434,0.541279707033303,test,1.3746685909695464
M123R,-0.8327838662037274,0.0642657778827291,test,0.8970496440864565
M123S,-0.8034312842269257,0.211824698563156,test,1.0152559827900816
M123T,-0.5103443179923554,0.562771522069643,test,1.0731158400619982
M123V,-0.0664047619222202,0.832774858484759,test,0.8991796204069792
M123W,-0.2347976299593902,0.73765554897842,test,0.9724531789378102
M123Y,-0.41631275555152036,0.1528390398183,test,0.5691517953698204
M215A,-1.296994287161125,0.111096761235373,train,1.4080910483964981
M215C,-0.9121779971277694,0.7312054044318,test,1.6433834015595694
M215D,-1.6879080383854608,0.0578896948634946,test,1.7457977332489554
M215E,-1.109353516091258,0.0385196432332624,test,1.1478731593245204
M215F,-1.4501806605097876,0.0828190979012499,test,1.5329997584110375
M215G,-1.1892507169300195,0.0654615996531394,test,1.2547123165831588
M215H,-1.6877972094742222,0.47057086714145,test,2.1583680766156723
M215I,-0.6460237014719871,0.694847186043218,test,1.3408708875152051
M215K,-0.8372316324552153,0.112704132710405,test,0.9499357651656203
M215L,-0.3314813494201715,0.915987209781879,test,1.2474685592020505
M215N,-1.2345061754148274,0.0737537758772569,test,1.3082599512920843
M215P,-1.6811011267502294,0.122255784500018,test,1.8033569112502474
M215Q,-0.9375396584673784,0.509652824908241,test,1.4471924833756193
M215R,-0.8092111594714305,0.0950094056689396,test,0.9042205651403701
M215S,-1.018414283079118,0.0999866340605142,test,1.1184009171396323
M215T,-1.049165431911496,0.0914895044355216,test,1.1406549363470175
M215V,-0.6847615263970231,0.0719949886371711,test,0.7567565150341943
M215W,-1.6879080383854608,0.102831409185047,test,1.7907394475705078
M215Y,-1.3523901902803728,0.0863908420475666,test,1.4387810323279393
M30A,-0.7056989777257735,0.324661216369317,train,1.0303601940950906
M30C,-0.6608991902444495,0.611977599062237,test,1.2728767893066866
M30D,-1.2428473499560762,0.114810066373536,test,1.3576574163296122
M30E,-1.2428473499560762,0.0691905554651897,test,1.3120379054212659
M30F,-0.27705742161686364,0.999535765799534,test,1.2765931874163976
M30G,-0.7265214406631054,0.601584158378977,test,1.3281055990420825
M30H,-1.2428473499560762,0.231608326278727,test,1.4744556762348031
M30I,-0.18847224636782864,0.936980566084126,test,1.1254528124519547
M30K,-1.2428473499560762,0.159859377915932,test,1.4027067278720082
M30L,0.2228975417321696,1.02742178089599,test,0.8045242391638204
M30N,-1.2428473499560762,0.351595323667573,test,1.5944426736236492
M30P,-0.9763343929432552,0.146986436349215,test,1.1233208292924701
M30Q,-1.2428473499560762,0.512863949547005,test,1.7557112995030812
M30R,-1.0127414828936476,0.242338603680182,test,1.2550800865738296
M30S,-0.8495765926972244,0.256309254272632,test,1.1058858469698565
M30T,-0.6261402295211299,0.477873709643239,test,1.1040139391643689
M30V,-0.1370414782021697,0.741214908299661,test,0.8782563865018307
M30W,-1.2428473499560762,0.623701606952339,test,1.866548956908415
M30Y,-0.47058825694392625,0.617716262681044,test,1.08830451962497
M311A,0.2825692252629196,0.976287512465145,train,0.6937182872022254
M311C,0.020428694925536256,0.962529379920511,test,0.9421006849949748
M311D,-0.6201401224177546,0.218130114480467,test,0.8382702368982217
M311E,-0.42720786052593673,0.747560525574659,test,1.1747683861005958
M311F,0.41044243721933216,0.961724185512286,test,0.5512817482929538
M311G,-0.5441310581075397,0.880645342733375,test,1.4247764008409147
M311H,-0.6201401224177546,0.919502895117005,test,1.5396430175347597
M311I,0.5714658644592082,0.958896293850016,test,0.38743042939080774
M311K,-0.6201401224177546,0.854517697623731,test,1.4746578200414855
M311L,0.6646016795498008,0.97366378384565,test,0.30906210429584924
M311N,-0.4054125539807306,0.846131484407312,test,1.2515440383880425
M311P,-0.4389630625946407,0.148413056816005,test,0.5873761194106457
M311Q,-0.41150089675713886,0.930468344534988,test,1.341969241292127
M311R,-0.5955311819605876,0.672054119683395,test,1.2675853016439826
M311S,-0.04793152016178967,0.905527413533453,test,0.9534589336952427
M311T,-0.07225821810644137,0.957959441441371,test,1.0302176595478123
M311V,0.23435351043654298,0.99124165917871,test,0.756888148742167
M311W,0.32153898435769224,0.957034960878628,test,0.6354959765209358
M311Y,-0.2714178846715377,0.95381156595317,test,1.2252294506247077
M325A,0.1949410560657349,0.894298200967186,train,0.6993571449014512
M325C,-0.7560512064117381,0.851987760050332,test,1.60803896646207
M325D,-0.5379971757158403,0.709660649193344,test,1.2476578249091843
M325E,-0.4808532911415154,0.76807408221235,test,1.2489273733538653
M325F,-0.20954261463320942,0.869420104863029,test,1.0789627194962383
M325G,-0.19257764869764346,0.812380979605187,test,1.0049586283028304
M325H,-0.4643924094016322,0.875967764341122,test,1.3403601737427542
M325I,-0.21245072442391896,0.712796524450876,test,0.925247248874795
M325K,-0.7233642966476145,0.833187327050296,test,1.5565516236979104
M325L,-0.2914966626277046,0.80005711340029,test,1.0915537760279945
M325N,-0.45838486801465217,0.879092712872516,test,1.3374775808871682
M325P,-0.18297988612233093,0.127938253360772,test,0.31091813948310293
M325Q,-0.5746116156571398,0.834491073336922,test,1.4091026889940617
M325R,-0.5128114303708683,0.630286174008031,test,1.1430976043788994
M325S,-0.2010100056973577,0.898103101209865,test,1.0991131069072226
M325T,-0.41088144476957467,0.845179165071095,test,1.2560606098406697
M325V,0.0016903505443150169,0.551709345339042,test,0.550018994794727
M325W,-0.43664284557391475,0.821051427233413,test,1.2576942728073277
M325Y,-0.23387238197455704,0.79855293997823,test,1.032425321952787
M330A,-1.1605361356411368,0.24320582079442,train,1.4037419564355567
M330C,-1.0370967920254592,0.148719773844476,test,1.1858165658699353
M330D,-0.9767432370128039,0.136047692393316,test,1.1127909294061198
M330E,-1.1598024741417639,0.127461505402075,test,1.2872639795438388
M330F,-0.6614436249928145,0.0916779890423284,test,0.7531216140351429
M330G,-0.9410806137564433,0.118152707547944,test,1.0592333213043872
M330H,-1.0167668509987375,0.184205227276982,test,1.2009720782757196
M330I,-0.7254755402600009,0.0679142373246118,test,0.7933897775846127
M330K,-1.0047192781263152,0.06354972121539,test,1.0682689993417052
M330L,-0.4156651561692727,0.650051292813227,test,1.0657164489824997
M330N,-1.0851327557967252,0.629608091385586,test,1.7147408471823113
M330P,-0.9066515786791464,0.0970987562518367,test,1.003750334930983
M330Q,-1.0737887408140316,0.685897981367141,test,1.7596867221811725
M330R,-0.980419906227575,0.105569882436687,test,1.085989788664262
M330S,-0.8681700124835235,0.155614534211878,test,1.0237845466954014
M330T,-0.6775087168827637,0.474805671864909,test,1.1523143887476728
M330V,-0.7984491457259532,0.0487460032208875,test,0.8471951489468407
M330W,-1.1198021777595002,0.0407358460594956,test,1.1605380238189957
M330Y,-0.724111242684104,0.0671318801793277,test,0.7912431228634317
M342A,0.1756654381395443,0.964193424193586,train,0.7885279860540417
M342C,-0.0243628284817404,0.989353307357263,test,1.0137161358390034
M342D,-0.0243628284817404,0.128999659855954,test,0.1533624883376944
M342E,-0.0243628284817404,0.594448059790242,test,0.6188108882719824
M342F,-0.0243628284817404,0.678748486379024,test,0.7031113148607644
M342G,-0.0243628284817404,0.934254096643134,test,0.9586169251248744
M342H,-0.0243628284817404,0.859210716408732,test,0.8835735448904725
M342I,-0.0243628284817404,0.932289022035086,test,0.9566518505168264
M342K,-0.0243628284817404,0.140906067462441,test,0.1652688959441814
M342L,-0.0243628284817404,0.955600184162941,test,0.9799630126446814
M342N,-0.0243628284817404,0.946027774209079,test,0.9703906026908194
M342P,-0.0243628284817404,0.108241271323042,test,0.13260409980478238
M342Q,-0.0243628284817404,0.963362735932359,test,0.9877255644140994
M342R,-0.0243628284817404,0.0471275680780466,test,0.071490396559787
M342S,-0.0243628284817404,0.965762235536808,test,0.9901250640185484
M342T,-0.0243628284817404,0.954009970140155,test,0.9783727986218954
M342V,-0.0243628284817404,0.957364228699904,test,0.9817270571816444
M342W,-0.0243628284817404,0.667777610774001,test,0.6921404392557414
M342Y,-0.0243628284817404,0.641815448784843,test,0.6661782772665834
M360A,0.3023181329276531,0.997639448856336,train,0.695321315928683
M360C,-0.24247538037358782,1.01655031347324,test,1.2590256938468278
M360D,0.01807626764115758,0.895123144465541,test,0.8770468768243834
M360E,-0.1313045000149152,0.906426546655912,test,1.0377310466708272
M360F,0.16624743834592662,1.00261409150391,test,0.8363666531579833
M360G,-0.11209176833531873,0.979220513849259,test,1.0913122821845778
M360H,0.08392650352175016,0.995144386810451,test,0.9112178832887009
M360I,0.5323892495507786,1.00852725787831,test,0.4761380083275314
M360K,0.03153283897067252,0.980101873932596,test,0.9485690349619235
M360L,0.40794251716792085,1.00602928990161,test,0.598086772733689
M360N,-0.19204973712656,0.944761725153899,test,1.136811462280459
M360P,-0.06371811628775279,0.133519813863638,test,0.1972379301513908
M360Q,-0.0918910602362771,1.06643013152052,test,1.158321191756797
M360R,-0.037709926576655256,0.955256959418018,test,0.9929668859946733
M360S,-0.0343107388396969,0.992584140185876,test,1.026894879025573
M360T,0.2984171540977837,0.985076977311989,test,0.6866598232142053
M360V,0.307435615706909,0.973096823091599,test,0.6656612073846899
M360W,-0.1989977740063494,0.970955309194669,test,1.1699530832010183
M360Y,-0.009907463914375775,0.965065585995462,test,0.9749730499098378
M371A,-0.22147010419162813,0.763851022743469,train,0.9853211269350972
M371C,-0.6294950460835474,0.858585101965202,test,1.4880801480487493
M371D,-0.14146390240585335,0.0791037395321322,test,0.22056764193798556
M371E,-0.8387756548081179,0.162712267700569,test,1.0014879225086868
M371F,-0.8358202692888782,0.195493242916828,test,1.0313135122057062
M371G,-0.8387756548081179,0.0814163249743258,test,0.9201919797824437
M371H,-0.39702215608807945,0.59814332662028,test,0.9951654827083595
M371I,0.304687558995823,0.907335647824003,test,0.60264808882818
M371K,-0.15315641077078399,0.549244881207073,test,0.7024012919778571
M371L,0.3179463712020333,0.919097161950762,test,0.6011507907487287
M371N,-0.3180697618964409,0.412442341177941,test,0.7305121030743819
M371P,-0.8387756548081179,0.142434654306358,test,0.9812103091144759
M371Q,0.010315817127721921,0.769124742764768,test,0.7588089256370462
M371R,-0.8386640304301815,0.0804207601707792,test,0.9190847906009607
M371S,-0.23221563500334094,0.579266253097414,test,0.8114818881007549
M371T,-0.04305095625313657,1.04736166067788,test,1.0904126169310164
M371V,0.10242281379861642,0.870252884447569,test,0.7678300706489526
M371W,-0.8387756548081179,0.0573599489727003,test,0.8961356037808181
M371Y,-0.40685369294528406,0.0637106954186783,test,0.47056438836396236
M376A,0.5214519925646536,0.95449977812246,train,0.43304778555780643
M376C,0.057255991341156914,0.975861137947309,test,0.9186051466061521
M376D,-0.4236102290385516,0.8260061800426,test,1.2496164090811517
M376E,-0.4236102290385516,0.886309122111785,test,1.3099193511503366
M376F,0.2560601828031418,0.91924222883127,test,0.6631820460281282
M376G,-0.24148827741808296,0.905239853956934,test,1.1467281313750168
M376H,-0.4236102290385516,0.800581794593347,test,1.2241920236318986
M376I,0.7385782399348307,0.974922630571001,test,0.2363443906361703
M376K,-0.4205573371298018,0.679006159259567,test,1.0995634963893688
M376L,1.1912592676944176,0.947509209406066,test,0.2437500582883516
M376N,-0.4236102290385516,0.892672163763918,test,1.3162823928024696
M376P,0.17499032406166096,0.320432890651233,test,0.14544256658957203
M376Q,-0.00902613609409228,0.897023025111082,test,0.9060491612051743
M376R,-0.22880886787974694,0.115294898457216,test,0.34410376633696294
M376S,-0.10408997800250872,0.950104672993342,test,1.0541946509958506
M376T,0.4537586370673351,0.946947592445282,test,0.49318895537794694
M376V,0.6753434520946487,0.965456660258137,test,0.2901132081634883
M376W,-0.4236102290385516,0.673418761507987,test,1.0970289905465385
M376Y,-0.08911155424466463,0.839970299978146,test,0.9290818542228106
N111A,-1.2797031470092295,0.164232816616893,train,1.4439359636261224
N111C,-1.2844376014406687,0.0474573857816966,test,1.3318949872223653
N111D,-0.935817544971356,0.0493558194135615,test,0.9851733643849175
N111E,-0.7104468692151381,0.138480677740747,test,0.8489275469558851
N111F,-1.5178683527905543,0.0915807380734579,test,1.6094490908640122
N111G,-0.7688762690534733,0.13853297800544,test,0.9074092470589132
N111H,-1.324058004743817,0.154271610444695,test,1.4783296151885121
N111I,-1.1612630604041871,0.232830301049027,test,1.394093361453214
N111K,-0.8551465801747241,0.0999021618816156,test,0.9550487420563397
N111L,-1.5178683527905543,0.177523151861243,test,1.6953915046517973
N111M,-1.116480365187132,0.0920143333945079,test,1.2084946985816398
N111P,-0.9786992317190489,0.268074060057826,test,1.246773291776875
N111Q,-1.246545632210508,0.108165321391565,test,1.354710953602073
N111R,-0.9835800020059055,0.079284032023605,test,1.0628640340295104
N111S,-0.8908536849557124,0.0569726713527335,test,0.9478263563084459
N111T,-1.0512647077301966,0.102176275859687,test,1.1534409835898836
N111V,-1.5178683527905543,,,
N111W,-1.324547795066984,0.0959299243297765,test,1.4204777193967604
N111Y,-1.1537136397326282,0.164812149264349,test,1.3185257889969773
N112A,0.2618093719410771,0.963772469028748,train,0.7019630970876709
N112C,-0.054433969926809794,0.929092715861117,test,0.9835266857879268
N112D,-0.09055059867215873,0.0736489601783849,test,0.16419955885054363
N112E,-0.45975715681201945,0.0822238590866661,test,0.5419810158986855
N112F,-0.10825059657615141,0.0797687544860485,test,0.1880193510621999
N112G,-0.3595989010863544,1.10703357269207,test,1.4666324737784242
N112H,-0.5330522081971413,0.465600341863998,test,0.9986525500611393
N112I,0.262816509713249,1.04965590840481,test,0.786839398691561
N112K,-0.7697302544235213,0.0505680840858952,test,0.8202983385094165
N112L,0.08325721019680601,0.124087106761118,test,0.04082989656431199
N112M,-0.12149189794599854,0.144308617500604,test,0.26580051544660255
N112P,-0.12544666901885235,0.0973549606300468,test,0.22280162964889916
N112Q,-0.1177245539030499,0.969910637883431,test,1.0876351917864808
N112R,-0.7751982165307271,0.068252256241864,test,0.8434504727725911
N112S,-0.15031801218361393,0.844660033108443,test,0.9949780452920569
N112T,0.3222122827386832,0.675520901259757,test,0.35330861852107376
N112V,0.24100157992788654,0.840361909023949,test,0.5993603290960625
N112W,-0.31967475154646363,0.0816995687855043,test,0.40137432033196796
N112Y,-0.07657718277629874,0.0578119460748885,test,0.13438912885118726
N142A,0.2922140458985486,0.971406625757236,train,0.6791925798586874
N142C,-0.08782749858790759,0.942162237014609,test,1.0299897356025165
N142D,0.5338719369452215,0.963400366420732,test,0.4295284294755105
N142E,-0.23166825846464953,1.02461010539175,test,1.2562783638563995
N142F,-0.142189580082526,0.770991647958536,test,0.913181228041062
N142G,0.5203558832921545,0.994075764586591,test,0.47371988129443643
N142H,-0.3310413911514559,0.926258330527038,test,1.257299721678494
N142I,-0.31953145086893364,0.745159113044966,test,1.0646905639138997
N142K,-0.0023743461370438756,0.670698991302669,test,0.6730733374397129
N142L,-0.33113735805665534,0.641164526960829,test,0.9723018850174844
N142M,-0.3198331943801688,0.914883454202573,test,1.2347166485827419
N142P,0.09743455652803426,0.946217583804218,test,0.8487830272761838
N142Q,-0.33113735805665534,0.93526517576763,test,1.2664025338242855
N142R,-0.22036396915667197,0.71268716952361,test,0.933051138680282
N142S,0.29344444696987904,0.973876189165181,test,0.680431742195302
N142T,0.5836368375148561,0.957601676315151,test,0.37396483880029496
N142V,-0.3309654678533719,0.790384566839039,test,1.1213500346924108
N142W,-0.33113735805665534,0.848966543344046,test,1.1801039014007013
N142Y,-0.33113735805665534,0.905330053581778,test,1.2364674116384333
N192A,-0.013071583432863715,0.890876648264842,train,0.9039482316977058
N192C,-0.18861747681915983,0.95576812749691,test,1.1443856043160698
N192D,0.17403837277807557,0.859278972376324,test,0.6852405995982485
N192E,-0.04464146227798946,0.889818768364351,test,0.9344602306423405
N192F,-0.10321830562783671,0.769552710075118,test,0.8727710157029548
N192G,-0.16265008423992885,0.717815142061903,test,0.8804652263018319
N192H,-0.3818115585283389,0.962190856736698,test,1.344002415265037
N192I,-0.6293801026159221,0.766366497620988,test,1.39574660023691
N192K,-0.6293801026159221,0.851701015216998,test,1.4810811178329202
N192L,-0.6293801026159221,0.845493995129617,test,1.474874097745539
N192M,-0.3006289237869132,0.990332465128624,test,1.2909613889155374
N192P,-0.6293801026159221,0.0857426471310466,test,0.7151227497469688
N192Q,-0.6293801026159221,0.951048784811087,test,1.5804288874270092
N192R,-0.6251001176762222,0.670111125221323,test,1.2952112428975453
N192S,-0.10917754888524275,0.905371191205317,test,1.0145487400905597
N192T,-0.0070275269053741984,0.873726086653421,test,0.8807536135587952
N192V,-0.6273699207792002,0.800690803011457,test,1.428060723790657
N192W,-0.6293801026159221,0.349274947335751,test,0.9786550499516731
N192Y,-0.563145008619898,0.576943281979827,test,1.1400882905997252
N198A,-0.00821268898719904,0.969002878423264,train,0.9772155674104631
N198C,-0.5499122379316782,1.03122722786549,test,1.5811394657971682
N198D,0.16177926847571125,0.938870485389854,test,0.7770912169141427
N198E,-0.24684645006278835,0.905684202108746,test,1.1525306521715344
N198F,-0.3822348721484462,0.908853356233914,test,1.2910882283823601
N198G,-0.06308077050516733,1.00833764389618,test,1.0714184144013472
N198H,-0.1795156837461834,0.972011742577527,test,1.1515274263237103
N198I,-0.9230860435479981,0.0627164069667874,test,0.9858024505147854
N198K,-0.5960768715796133,0.249609954602339,test,0.8456868261819523
N198L,-0.5829609560219952,0.387247495750371,test,0.9702084517723661
N198M,-0.7427307251529006,0.936001574957547,test,1.6787323001104477
N198P,-0.6992806639887318,0.0639677864204124,test,0.7632484504091441
N198Q,-0.48122542344162855,0.878516246013953,test,1.3597416694555815
N198R,-0.5243412300575206,0.160291927388106,test,0.6846331574456266
N198S,0.1634483009882476,1.00096163364844,test,0.8375133326601923
N198T,-0.21248830843736485,0.927458543671667,test,1.139946852109032
N198V,-0.46373062762886785,0.124255618513186,test,0.5879862461420539
N198W,-0.6278446304419324,0.46421116951372,test,1.0920557999556524
N198Y,-0.6296908651762804,0.980030766925008,test,1.6097216321012884
N231A,-0.3122286072320585,0.775875335448625,train,1.0881039426806836
N231C,-0.2657862901735587,0.847759938159879,test,1.1135462283334379
N231D,-0.2834098752154802,0.858933084454823,test,1.1423429596703032
N231E,-1.0161389938738867,0.861480530371909,test,1.8776195242457958
N231F,-0.6013911889374158,0.0686971236417472,test,0.670088312579163
N231G,-0.22942386999561423,0.6876508141935,test,0.9170746841891143
N231H,-0.17800008793796382,0.57891038754756,test,0.7569104754855238
N231I,-0.711724837305744,0.55756435818149,test,1.269289195487234
N231K,-1.016072712294245,0.0866540220910467,test,1.1027267343852918
N231L,-1.0161389938738867,0.615106584232854,test,1.6312455781067408
N231M,-0.5181434359015616,0.639212095286104,test,1.1573555311876658
N231P,-0.8490450230481493,0.261263418967476,test,1.1103084420156253
N231Q,-0.6997402301392474,0.769654322263185,test,1.4693945524024323
N231R,-1.0161389938738867,0.0928075291681317,test,1.1089465230420184
N231S,-0.2360250401218614,0.79754525396629,test,1.0335702940881513
N231T,-0.3919331755847425,0.683461849064423,test,1.0753950246491655
N231V,-0.5401877524385318,0.433084852077766,test,0.9732726045162978
N231W,-1.0161389938738867,0.109684321019762,test,1.1258233148936487
N231Y,-1.0161389938738867,0.135021623495479,test,1.1511606173693658
N254A,-0.26719654553981254,0.70236797291147,train,0.9695645184512826
N254C,-0.24579382032141858,0.96419475581095,test,1.2099885761323685
N254D,-0.24579382032141858,0.881035111991586,test,1.1268289323130045
N254E,-0.24579382032141858,0.804039198371781,test,1.0498330186931994
N254F,-0.24579382032141858,0.960386507240895,test,1.2061803275623135
N254G,-0.24579382032141858,0.477567453031036,test,0.7233612733524546
N254H,-0.24579382032141858,0.890515812512478,test,1.1363096328338966
N254I,-0.24579382032141858,0.729179272385385,test,0.9749730927068037
N254K,-0.24579382032141858,0.0862817458447967,test,0.33207556616621525
N254L,-0.24579382032141858,0.903670757399088,test,1.1494645777205066
N254M,-0.24579382032141858,0.899753912380822,test,1.1455477327022405
N254P,-0.24579382032141858,0.213817221834716,test,0.4596110421561346
N254Q,-0.24579382032141858,0.714020811805413,test,0.9598146321268316
N254R,-0.24579382032141858,0.0526568734979133,test,0.29845069381933187
N254S,-0.24579382032141858,0.765011246436395,test,1.0108050667578135
N254T,-0.24579382032141858,0.626919786123759,test,0.8727136064451776
N254V,-0.24579382032141858,0.608899830276391,test,0.8546936505978097
N254W,-0.24579382032141858,0.864368076363435,test,1.1101618966848537
N254Y,-0.24579382032141858,0.973133911161352,test,1.2189277314827704
N282A,0.45224168864962266,0.835180956484261,train,0.3829392678346384
N282C,0.49115566839861835,0.873346459772056,test,0.3821907913734377
N282D,0.011924170571092546,0.302663544885129,test,0.2907393743140364
N282E,0.011924170571092546,0.693650832183867,test,0.6817266616127745
N282F,0.8076184098706466,0.883299544403829,test,0.07568113453318237
N282G,0.4842180591320463,0.706118842385639,test,0.22190078325359275
N282H,0.8733734964478109,0.965068246459598,test,0.09169475001178706
N282I,0.720483880316997,0.866740853287558,test,0.14625697297056106
N282K,0.5402035577405108,0.788105577101595,test,0.24790201936108425
N282L,0.8802661170772473,0.916626639677129,test,0.03636052259988165
N282M,0.7574362520203898,0.873547506635278,test,0.11611125461488825
N282P,0.349447314444956,0.1897487518533,test,0.15969856259165602
N282Q,1.5180964345218275,0.931751945441249,test,0.5863444890805786
N282R,0.46523806517482413,0.848407129833976,test,0.3831690646591519
N282S,0.21866439248200523,0.86700640919737,test,0.6483420167153648
N282T,1.2238256066478812,0.815460233125095,test,0.40836537352278623
N282V,1.031339474147605,0.814368490148497,test,0.21697098399910797
N282W,0.011924170571092546,0.790976563745078,test,0.7790523931739854
N282Y,0.7158348448941495,0.845888363813398,test,0.13005351891924855
N372A,-0.12742995873697258,0.863823150811434,train,0.9912531095484066
N372C,-0.5466455121769805,0.770011305880343,test,1.3166568180573237
N372D,-0.09556689415111017,0.706698626631756,test,0.8022655207828662
N372E,-0.3438197471903458,0.984548761565138,test,1.3283685087554837
N372F,-0.4008663351598142,0.796916001651007,test,1.1977823368108211
N372G,-0.20645830466434653,0.815485906859996,test,1.0219442115243424
N372H,0.10116690528560937,0.844208031980709,test,0.7430411266950997
N372I,-0.41222589075801686,0.637816879132143,test,1.05004276989016
N372K,-0.2877682214558622,0.931487777082041,test,1.2192559985379032
N372L,-0.9776576784964174,0.659010597300824,test,1.6366682757972413
N372M,-0.5499415580546633,0.673974080334519,test,1.2239156383891823
N372P,-0.7885500490065421,0.0687813070513152,test,0.8573313560578574
N372Q,-0.19611982758888388,0.787960480581651,test,0.9840803081705349
N372R,-0.22698768408864675,0.77647785786436,test,1.0034655419530067
N372S,0.04979809298798102,0.905751343689131,test,0.85595325070115
N372T,0.02707313254885882,0.856326077123518,test,0.8292529445746593
N372V,-0.4324226673890309,0.8417352427962,test,1.274157910185231
N372W,-0.11041330134636582,0.638411745233025,test,0.7488250465793909
N372Y,-0.07679251487489033,0.608025348184133,test,0.6848178630590234
N382A,0.11986647827418487,0.85061833189439,train,0.7307518536202051
N382C,-0.3512852541188599,0.915443837207014,test,1.266729091325874
N382D,-0.27104065548423495,0.555922543643266,test,0.8269631991275009
N382E,-0.04790371841689364,0.780482876457934,test,0.8283865948748277
N382F,-0.06868636893408805,0.80183887567921,test,0.870525244613298
N382G,-0.20542608154854655,0.757924257102232,test,0.9633503386507786
N382H,-0.1454211794501797,0.856275140547063,test,1.0016963199972426
N382I,0.10703997399731172,0.822947196053847,test,0.7159072220565353
N382K,-0.12975708333987854,0.749478555561338,test,0.8792356389012166
N382L,0.044385774347569434,0.855848414917705,test,0.8114626405701356
N382M,-0.23021598001087704,0.83913091515824,test,1.069346895169117
N382P,-0.9963329081203035,0.657568960830798,test,1.6539018689511016
N382Q,-0.18261518597853574,0.7430400374372,test,0.9256552234157358
N382R,-0.05048508502661683,0.755205080040728,test,0.8056901650673448
N382S,-0.19688953456397215,0.811260548338418,test,1.0081500829023902
N382T,0.1112304421121221,0.923009789535354,test,0.8117793474232319
N382V,0.012718014563084662,0.850737306040563,test,0.8380192914774783
N382W,-0.7943290722112643,0.715771303115926,test,1.5101003753271902
N382Y,-0.1484503024789666,0.651478780835079,test,0.7999290833140457
N385A,0.5459676199962372,0.911070587876078,train,0.36510296787984076
N385C,0.43901854405818297,0.928863277929006,test,0.48984473387082306
N385D,0.7446517436698917,0.953914147404059,test,0.20926240373416727
N385E,0.6463450867444381,0.921302067972013,test,0.27495698122757484
N385F,0.33620140789014574,0.881245930087608,test,0.5450445221974622
N385G,0.46185300689952646,0.95988925422784,test,0.49803624732831353
N385H,1.6291432780183512,0.974053054396376,test,0.6550902236219752
N385I,0.4637547689584208,0.827652151838504,test,0.3638973828800832
N385K,0.6472305315147088,0.893369454816065,test,0.24613892330135623
N385L,0.4795485817773534,0.826883762977881,test,0.34733518120052764
N385M,0.39577261432575395,0.911410869263392,test,0.515638254937638
N385P,0.8039743792257147,0.779841504176018,test,0.024132875049696634
N385Q,0.48291690265448806,0.941104118469131,test,0.45818721581464295
N385R,0.555900953282182,0.855085095551239,test,0.299184142269057
N385S,0.8235692519904673,0.953893754869819,test,0.1303245028793517
N385T,0.9994230520583868,0.972742871335412,test,0.026680180722974733
N385V,0.5118266308316249,0.876409955584443,test,0.36458332475281807
N385W,-0.11777436166972585,0.856548172440201,test,0.9743225341099269
N385Y,0.4043576592537993,0.855375870846647,test,0.4510182115928477
N387A,0.0034478666428296167,0.896807165682329,train,0.8933592990394994
N387C,-0.6307106374606523,0.862196802267681,test,1.4929074397283333
N387D,0.56020193537216,0.946719886493035,test,0.38651795112087495
N387E,0.14532427991954458,0.663808553090549,test,0.5184842731710044
N387F,-0.6307106374606523,0.605298833978651,test,1.2360094714393033
N387G,0.015262056967153242,0.94133025248323,test,0.9260681955160768
N387H,-0.0654750262875948,0.760144482233674,test,0.8256195085212689
N387I,-0.4705511640293828,0.565507370519092,test,1.0360585345484747
N387K,-0.25061152469259784,0.812189108671365,test,1.0628006333639628
N387L,-0.4644781975504685,0.611542634948625,test,1.0760208324990934
N387M,-0.6307106374606523,0.713609507250251,test,1.3443201447109032
N387P,-0.0772091952516257,0.763046599913312,test,0.8402557951649378
N387Q,0.0097667534590761,0.738054197449448,test,0.7282874439903719
N387R,-0.09246279185906423,0.846151810235257,test,0.9386146020943212
N387S,0.09464831772026075,0.906137679238001,test,0.8114893615177403
N387T,-0.2847364623632188,0.830550942074521,test,1.1152874044377397
N387V,-0.6307106374606523,0.582800739677916,test,1.2135113771385684
N387W,-0.6307106374606523,0.661539443469078,test,1.2922500809297301
N387Y,-0.40767090127893757,0.632817163977015,test,1.0404880652559525
N54A,-0.22787049503721443,0.730072820579917,train,0.9579433156171314
N54C,-0.8274787158316766,0.637735261903049,test,1.4652139777347255
N54D,-0.5283546836131124,0.818273786131209,test,1.3466284697443216
N54E,-0.38986685086976214,0.617903137174781,test,1.0077699880445432
N54F,0.017955448696395898,0.693591975551174,test,0.6756365268547782
N54G,-0.26814661280097807,0.693591339594057,test,0.9617379523950351
N54H,-0.48597816069426913,0.759279509303979,test,1.245257669998248
N54I,-0.3597618642828134,0.667336810359084,test,1.0270986746418975
N54K,-0.2751924047408639,0.718765789531138,test,0.9939581942720019
N54L,-0.23110884079790348,0.715604778329123,test,0.9467136191270265
N54M,-0.6424982541322078,0.618419863893045,test,1.2609181180252529
N54P,-0.13144436947976276,0.141438959781991,test,0.27288332926175374
N54Q,-0.2932032735830784,0.71782729632387,test,1.0110305699069484
N54R,-0.20810511444852717,0.709674668560857,test,0.9177797830093842
N54S,-0.037852301492391355,0.699807094732918,test,0.7376593962253094
N54T,-0.23999818753306487,0.621629261253364,test,0.8616274487864289
N54V,-0.3213299640047008,0.586463628550697,test,0.9077935925553978
N54W,0.265016687835567,0.796284594033107,test,0.53126790619754
N54Y,-0.3491801458946181,0.651563208091914,test,1.000743353986532
N93A,0.26046272243147517,1.00764874680389,train,0.7471860243724148
N93C,-0.1543432466535711,0.991983986457033,test,1.146327233110604
N93D,0.20134842820024282,0.999617777426855,test,0.7982693492266122
N93E,0.12048319145156774,0.98099787098033,test,0.8605146795287623
N93F,-0.40309036708362,0.921594085848768,test,1.324684452932388
N93G,0.3827232088589715,1.04114977787381,test,0.6584265690148384
N93H,-0.2074146392597068,0.989372367669573,test,1.1967870069292799
N93I,-0.3441176086511789,0.259233735506154,test,0.6033513441573328
N93K,0.07305384970702292,0.868763424306084,test,0.7957095745990611
N93L,-0.24226937126204792,0.874415488842386,test,1.116684860104434
N93M,-0.5359026607945098,0.91480175705328,test,1.4507044178477897
N93P,-0.26711031918361783,1.00080078931561,test,1.2679111084992276
N93Q,-0.015854218416903126,1.01461547231214,test,1.0304696907290432
N93R,0.08371847869780083,0.880347778336174,test,0.7966292996383731
N93S,0.33307327326845926,0.997957644795161,test,0.6648843715267018
N93T,-0.03162229652215118,0.991366507125491,test,1.0229888036476422
N93V,-0.19591976478542103,0.504258157245451,test,0.700177922030872
N93W,-0.44587909250998947,0.125221544481909,test,0.5711006369918985
N93Y,-0.21410576771579878,0.954238846705416,test,1.1683446144212148
N9A,-0.09989559945852763,0.801278349782674,train,0.9011739492412016
N9C,-0.16214334728077548,0.773482986958229,test,0.9356263342390045
N9D,-0.16214334728077548,0.970337265286374,test,1.1324806125671494
N9E,-0.16214334728077548,0.734008380185994,test,0.8961517274667695
N9F,-0.16214334728077548,0.739799717303281,test,0.9019430645840565
N9G,-0.16214334728077548,0.600145105058145,test,0.7622884523389205
N9H,-0.16214334728077548,0.779106112236577,test,0.9412494595173525
N9I,-0.16214334728077548,0.0988892349711395,test,0.26103258225191495
N9K,-0.16214334728077548,0.727914694337057,test,0.8900580416178325
N9L,-0.16214334728077548,0.396829681149641,test,0.5589730284304165
N9M,-0.16214334728077548,0.716624103860698,test,0.8787674511414735
N9P,-0.16214334728077548,0.397654160821333,test,0.5597975081021085
N9Q,-0.16214334728077548,0.826419152149361,test,0.9885624994301365
N9R,-0.16214334728077548,0.757554815605999,test,0.9196981628867745
N9S,-0.16214334728077548,0.743063492415726,test,0.9052068396965015
N9T,-0.16214334728077548,0.478654737207138,test,0.6407980844879135
N9V,-0.16214334728077548,0.544942329373327,test,0.7070856766541025
N9W,-0.16214334728077548,0.125985889090758,test,0.2881292363715335
N9Y,-0.16214334728077548,0.608420411032516,test,0.7705637583132915
P129A,-1.316259453846364,0.142493492226424,train,1.458752946072788
P129C,-1.1183796056310438,0.200465071564036,test,1.3188446771950797
P129D,-0.7976560148896373,0.216078782901852,test,1.0137347977914892
P129E,-1.071385336510288,0.0532407734944331,test,1.1246261100047212
P129F,-1.38943818939008,0.0851753834742654,test,1.4746135728643455
P129G,-0.8144585269428427,0.26375894762458,test,1.0782174745674227
P129H,-1.120251110641388,0.0828527207766473,test,1.2031038314180353
P129I,-1.4995855061154566,0.0739712991731456,test,1.5735568052886022
P129K,-1.20730512157617,0.0865203633482188,test,1.2938254849243889
P129L,-1.1811981707559684,0.0547965805383881,test,1.2359947512943565
P129M,-1.5708835228997473,0.0515001998248556,test,1.622383722724603
P129N,-1.004028033432603,0.119398641909193,test,1.123426675341796
P129Q,-1.256463235202821,0.0658128218537344,test,1.3222760570565555
P129R,-1.0516423569795144,0.0588855368847804,test,1.1105278938642948
P129S,-0.6488932010214133,0.361979353280086,test,1.0108725543014994
P129T,-0.7359857666656436,0.104364950042819,test,0.8403507167084626
P129V,-1.3336291382173997,0.123458054941011,test,1.4570871931584106
P129W,-1.5708835228997473,0.183306609071632,test,1.7541901319713793
P129Y,-1.3900049999936084,0.0455734920649053,test,1.4355784920585137
P139A,0.22224401291313148,0.993489967176014,train,0.7712459542628826
P139C,-0.4928841431552099,0.99317533073864,test,1.48605947389385
P139D,-0.8027768419963012,0.638069501740984,test,1.4408463437372852
P139E,-0.8027768419963012,0.396187103864944,test,1.198963945861245
P139F,-0.8027768419963012,0.0400424016442295,test,0.8428192436405306
P139G,-0.5762062582685944,0.523924080754896,test,1.1001303390234904
P139H,-0.8025978845230787,0.599905438601095,test,1.4025033231241737
P139I,-0.8027768419963012,0.931134127071456,test,1.7339109690677572
P139K,-0.8027768419963012,0.592100995465234,test,1.3948778374615352
P139L,-0.7854301994132692,0.530922792757694,test,1.3163529921709634
P139M,-0.6881631400894909,0.069934654765026,test,0.7580977948545169
P139N,-0.8026820021850541,0.916879303691748,test,1.7195613058768022
P139Q,-0.3675977923819097,0.530222591363403,test,0.8978203837453127
P139R,-0.5901238925856956,0.288625377273746,test,0.8787492698594417
P139S,-0.2246914803372689,0.980616873385138,test,1.205308353722407
P139T,-0.484162465405212,0.982952911248776,test,1.4671153766539882
P139V,-0.5285083349406333,0.977912058771607,test,1.5064203937122405
P139W,-0.8027768419963012,0.034157761152671,test,0.8369346031489722
P139Y,-0.8027768419963012,0.149875206918954,test,0.9526520489152552
P153A,0.18099827122667347,0.96734626070046,train,0.7863479894737866
P153C,-0.021696411938174925,0.972083444891864,test,0.993779856830039
P153D,-0.021696411938174925,0.980256316340586,test,1.0019527282787608
P153E,-0.021696411938174925,0.989649638392566,test,1.011346050330741
P153F,-0.021696411938174925,0.871574826253981,test,0.8932712381921559
P153G,-0.021696411938174925,0.995762918495315,test,1.0174593304334898
P153H,-0.021696411938174925,0.972407208068094,test,0.994103620006269
P153I,-0.021696411938174925,0.841487117769435,test,0.8631835297076099
P153K,-0.021696411938174925,0.984604456005573,test,1.006300867943748
P153L,-0.021696411938174925,0.887027173016241,test,0.908723584954416
P153M,-0.021696411938174925,0.928317597541554,test,0.9500140094797289
P153N,-0.021696411938174925,0.975340776923343,test,0.9970371888615179
P153Q,-0.021696411938174925,0.985015729091435,test,1.0067121410296098
P153R,-0.021696411938174925,0.977963477483634,test,0.999659889421809
P153S,-0.021696411938174925,0.977138901252463,test,0.998835313190638
P153T,-0.021696411938174925,0.970257173762874,test,0.991953585701049
P153V,-0.021696411938174925,0.89609809572431,test,0.9177945076624849
P153W,-0.021696411938174925,0.885438643274648,test,0.907135055212823
P153Y,-0.021696411938174925,0.925419605367932,test,0.947116017306107
P167A,-0.07949140052532963,0.895401828085383,train,0.9748932286107127
P167C,-0.6656046124867115,0.378977867560786,test,1.0445824800474974
P167D,-0.7513957876329419,0.333446430762781,test,1.084842218395723
P167E,-0.9497575949177425,0.0969576668417062,test,1.0467152617594486
P167F,-0.9497575949177425,0.0565399877408523,test,1.0062975826585947
P167G,-0.363287135236661,0.405255069845633,test,0.768542205082294
P167H,-0.9491419407844334,0.0793383210614916,test,1.028480261845925
P167I,-0.9497575949177425,0.0847806055327186,test,1.034538200450461
P167K,-0.9497575949177425,0.0753336714694105,test,1.025091266387153
P167L,-0.7304577317583115,0.0786325531513159,test,0.8090902849096274
P167M,-0.9497575949177425,0.0585854594767999,test,1.0083430543945424
P167N,-0.9497575949177425,0.278439918289344,test,1.2281975132070864
P167Q,-0.521887141772193,0.186926018234662,test,0.708813160006855
P167R,-0.7412391128860344,0.0552567393246423,test,0.7964958522106766
P167S,-0.20473853950047202,0.90282527583526,test,1.107563815335732
P167T,-0.47885938947109474,0.10680500150846,test,0.5856643909795547
P167V,-0.7563774798905557,0.0944336973041711,test,0.8508111771947268
P167W,-0.9497575949177425,0.160483263440663,test,1.1102408583584054
P167Y,-0.6807659696553644,0.123445865936229,test,0.8042118355915934
P173A,0.528127084286819,1.01626746004445,train,0.4881403757576309
P173C,-0.4836189930956619,0.95518155415296,test,1.438800547248622
P173D,-0.2521889025101721,0.9665155729174,test,1.2187044754275722
P173E,-0.09377565875296265,0.905216465065936,test,0.9989921238188987
P173F,-0.45979449826437546,0.904463885445415,test,1.3642583837097906
P173G,-0.12967871815032547,0.978259643479548,test,1.1079383616298735
P173H,-0.29281770014195485,0.939540231660818,test,1.2323579318027729
P173I,-0.23083238887622345,0.88887028077406,test,1.1197026696502834
P173K,-0.3797401828816479,0.955585012858448,test,1.3353251957400958
P173L,-0.07572684660789294,0.936214530177899,test,1.0119413767857919
P173M,-0.3884569089561406,0.927205007864105,test,1.3156619168202455
P173N,-0.3002611809614496,0.948338922095159,test,1.2486001030566087
P173Q,-0.6237413114860958,0.957411302373725,test,1.5811526138598206
P173R,-0.5848291254056933,0.953181407711942,test,1.5380105331176352
P173S,0.23760258105282409,0.958997583179706,test,0.7213950021268819
P173T,0.14139259387354355,0.938926334297684,test,0.7975337404241405
P173V,-0.061324900298317025,0.944254410438382,test,1.005579310736699
P173W,-0.525480566888365,0.889242950208516,test,1.4147235170968808
P173Y,-0.29225288707914243,0.952566726014502,test,1.2448196130936444
P175A,0.32162529951993124,0.973673930618596,train,0.6520486310986647
P175C,-0.6371885763440707,0.981631721014809,test,1.6188202973588797
P175D,-0.01302881655388996,0.936199182527022,test,0.9492279990809119
P175E,0.1780239007097816,0.958847730737135,test,0.7808238300273534
P175F,-0.38303246522896683,0.994650612207265,test,1.3776830774362319
P175G,-0.11896262115826092,0.948292577582899,test,1.0672551987411598
P175H,-0.18189747657483787,0.983238043061911,test,1.1651355196367488
P175I,-0.20342962562642372,0.997759077313123,test,1.2011887029395467
P175K,-0.0820566651062172,1.00937011938844,test,1.091426784494657
P175L,-0.24516375823581202,1.00730907074157,test,1.2524728289773819
P175M,-0.20805454658299669,0.96746766906495,test,1.1755222156479466
P175N,-0.06895246378782036,1.01488932569731,test,1.0838417894851302
P175Q,0.3296516033467235,0.996070763885274,test,0.6664191605385505
P175R,-0.011962055030752289,0.987446298878005,test,0.9994083539087573
P175S,-0.1144988552937217,1.00355703349533,test,1.1180558887890517
P175T,-0.13141688410753924,0.965493264823765,test,1.0969101489313042
P175V,-0.12512910672243857,1.00917306522511,test,1.1343021719475486
P175W,-0.7358009269938032,0.984250464452277,test,1.7200513914460802
P175Y,-0.3657796175222344,0.993591741111716,test,1.3593713586339504
P195A,-1.114126131711722,0.21192083867202,train,1.3260469703837419
P195C,-0.9049941153246203,0.149431537946191,test,1.0544256532708112
P195D,-1.0093287636520756,0.205035137236969,test,1.2143639008890446
P195E,-1.4778758467253892,0.046984454009329,test,1.5248603007347181
P195F,-1.300262434437743,0.191481405873124,test,1.491743840310867
P195G,-0.8348871345355356,0.0697781551201421,test,0.9046652896556777
P195H,-1.2817419256961051,0.0664160582873868,test,1.3481579839834918
P195I,-0.681045774306868,0.0579351878569741,test,0.7389809621638421
P195K,-0.6801910191164277,0.159985533729518,test,0.8401765528459456
P195L,-0.588300212506318,0.0597432166898685,test,0.6480434291961865
P195M,-0.7187351822995177,0.122905119544249,test,0.8416403018437667
P195N,-0.4717436678405237,0.0863151334075057,test,0.5580588012480294
P195Q,-0.8962540263792381,0.0669552931030386,test,0.9632093194822767
P195R,-0.9428404755373742,0.108154074312582,test,1.0509945498499562
P195S,-0.5738279731836323,0.056941804534496,test,0.6307697777181284
P195T,-0.5831059144743159,0.0339113845993976,test,0.6170172990737135
P195V,-0.585430944981581,0.100886471250174,test,0.686317416231755
P195W,-1.4778758467253892,0.109094880700159,test,1.5869707274255482
P195Y,-0.9606169295765071,0.075580145733735,test,1.036197075310242
P200A,0.649467677298354,0.964455127030217,train,0.314987449731863
P200C,0.126869217124337,1.00145942149749,test,0.8745902043731529
P200D,0.8573005513559463,0.953874001639063,test,0.0965734502831167
P200E,0.5272791382400205,0.948225173807947,test,0.42094603556792654
P200F,0.11031125574318748,0.926499824024027,test,0.8161885682808395
P200G,0.46932794869196715,0.993523435293356,test,0.5241954866013888
P200H,0.20822153414543335,0.971307776953775,test,0.7630862428083417
P200I,0.37861339045283915,0.943550448568278,test,0.5649370581154388
P200K,0.3172209938210223,0.993481031374538,test,0.6762600375535157
P200L,0.4212632571862912,0.958274876409897,test,0.5370116192236057
P200M,0.005004254767880717,0.971476589539826,test,0.9664723347719453
P200N,0.46666466875440593,0.992407963969854,test,0.525743295215448
P200Q,0.30112232721407006,0.98853193013966,test,0.68740960292559
P200R,0.46606205397343425,0.982128598393795,test,0.5160665444203607
P200S,0.6885204543576277,1.00995955620673,test,0.3214391018491024
P200T,0.9286834553449542,0.969016987766541,test,0.04033353242158677
P200V,1.1915639732052308,0.965753400715595,test,0.22581057248963576
P200W,0.17627477114676685,0.900847254825346,test,0.7245724836785792
P200Y,0.26938391427286457,0.94904473504455,test,0.6796608207716854
P203A,0.22293537640086183,0.979646200536224,train,0.7567108241353622
P203C,-0.4381878854680775,1.04144173611465,test,1.4796296215827276
P203D,0.09772530346217825,0.993970730249321,test,0.8962454267871428
P203E,0.010634962293009004,0.991422645284509,test,0.9807876829915
P203F,-0.40757257379153955,0.976509424975367,test,1.3840819987669066
P203G,-0.08667742846240531,1.00768707798932,test,1.0943645064517251
P203H,0.059685925019898584,1.00664464133368,test,0.9469587163137815
P203I,-0.24488206292256573,0.920562942502886,test,1.1654450054254517
P203K,0.11819013741439979,1.00541276952467,test,0.8872226321102702
P203L,-0.10881817554460257,0.976264990996801,test,1.0850831665414036
P203M,-0.3870684626490831,0.986119947349593,test,1.3731884099986762
P203N,0.06619408496812942,0.998355016714744,test,0.9321609317466146
P203Q,0.4385480794942712,0.995577025055422,test,0.5570289455611508
P203R,0.352987843944765,1.03464585983074,test,0.681658015885975
P203S,0.16740269075582828,0.998834828844529,test,0.8314321380887008
P203T,0.22651752743742973,0.991004212213994,test,0.7644866847765643
P203V,-0.17881392540167548,1.00008759535806,test,1.1789015207597353
P203W,-0.7462721149994399,0.938438499046051,test,1.6847106140454908
P203Y,-0.7462721149994399,1.01317515561312,test,1.7594472706125601
P237A,-0.04705302453163393,0.895146642732518,train,0.9421996672641519
P237C,0.09983830008702169,0.874630629664206,test,0.7747923295771844
P237D,-0.6830181450556724,0.698138177884429,test,1.3811563229401014
P237E,-0.6830181450556724,0.91861694825507,test,1.6016350933107424
P237F,0.36935148129609063,0.575802737822153,test,0.20645125652606233
P237G,-0.45661372911651144,0.856034910805223,test,1.3126486399217345
P237H,0.687398783656935,0.828868910473132,test,0.14147012681619708
P237I,0.2735802740660894,0.777074779699731,test,0.5034945056336416
P237K,-0.6830181450556724,0.788216350697346,test,1.4712344957530183
P237L,0.24152645429157152,0.648100764791001,test,0.4065743104994295
P237M,0.13879650298864168,0.788758409383866,test,0.6499619063952243
P237N,-0.5988065346531956,0.71240679835951,test,1.3112133330127056
P237Q,-0.20410487937411256,0.891463080569372,test,1.0955679599434844
P237R,-0.6773623548948619,0.665415482281225,test,1.342777837176087
P237S,-0.4753190361986567,0.886988173383424,test,1.3623072095820805
P237T,0.10380297471029967,0.873195126259754,test,0.7693921515494544
P237V,0.3389799355933235,0.879989105982486,test,0.5410091703891625
P237W,0.016980170987261595,0.748665302703289,test,0.7316851317160274
P237Y,0.4653039574193475,0.686255143653112,test,0.22095118623376453
P280A,0.12395545320096849,0.893730743904008,train,0.7697752907030395
P280C,-1.0777786311048743,0.932205798473166,test,2.00998442957804
P280D,-0.27363010453255254,0.896872342320805,test,1.1705024468533576
P280E,-0.16998677280158456,0.972184529045008,test,1.1421713018465924
P280F,-0.024054476521298745,0.717891669940014,test,0.7419461464613127
P280G,-0.18091286007020488,0.989456790365864,test,1.1703696504360688
P280H,-0.17071501029988165,0.82586016718269,test,0.9965751774825716
P280I,-0.26160571844751634,0.737965291129042,test,0.9995710095765583
P280K,-0.3029680019827218,0.906643518281589,test,1.2096115202643107
P280L,-0.05483646808427553,0.820911452999545,test,0.8757479210838206
P280M,-0.456657339731135,0.820892160419855,test,1.27754950015099
P280N,-0.21506902434542882,0.888411120112264,test,1.1034801444576927
P280Q,-0.28321047013750655,0.938718655637299,test,1.2219291257748055
P280R,-0.1469944663547945,0.886625192959768,test,1.0336196593145626
P280S,0.04293879335629894,0.928756514553907,test,0.885817721197608
P280T,-0.10696625724749462,0.95793754536511,test,1.0649038026126045
P280V,-0.22708685924671487,0.876833655253272,test,1.1039205144999868
P280W,-0.5567677984572862,0.820314398977252,test,1.3770821974345382
P280Y,-0.39529839876552797,0.724432824853504,test,1.119731223619032
P297A,0.26207209859365543,1.01527810452495,train,0.7532060059312945
P297C,0.018840501745314292,0.998316771013254,test,0.9794762692679397
P297D,0.018840501745314292,0.956268606323327,test,0.9374281045780127
P297E,0.018840501745314292,0.939034420506128,test,0.9201939187608137
P297F,0.018840501745314292,0.981427774312154,test,0.9625872725668397
P297G,0.018840501745314292,0.983549943119629,test,0.9647094413743147
P297H,0.018840501745314292,0.989286862886052,test,0.9704463611407378
P297I,0.018840501745314292,0.981938146412805,test,0.9630976446674907
P297K,0.018840501745314292,1.00161917819027,test,0.9827786764449556
P297L,0.018840501745314292,0.978335954607364,test,0.9594954528620497
P297M,0.018840501745314292,0.992801238690743,test,0.9739607369454287
P297N,0.018840501745314292,0.987408669478808,test,0.9685681677334937
P297Q,0.018840501745314292,1.02922084013248,test,1.0103803383871657
P297R,0.018840501745314292,1.02264367588285,test,1.0038031741375357
P297S,0.018840501745314292,0.985695526037828,test,0.9668550242925137
P297T,0.018840501745314292,0.993057666835327,test,0.9742171650900128
P297V,0.018840501745314292,1.0000032282175,test,0.9811627264721857
P297W,0.018840501745314292,0.991059408643606,test,0.9722189068982917
P297Y,0.018840501745314292,0.980328312856802,test,0.9614878111114877
P32A,0.190768407200158,0.852410340295027,train,0.6616419330948691
P32C,-0.19210828749203332,0.774231628117669,test,0.9663399156097023
P32D,-0.3285465004798812,0.196622789157846,test,0.5251692896377272
P32E,-0.3377657094470784,0.66906256693541,test,1.0068282763824885
P32F,-0.3925183754601619,0.0787731314470383,test,0.4712915069072002
P32G,0.10984109547010915,0.587710300380111,test,0.47786920491000184
P32H,-0.3636147268501432,0.638158272182523,test,1.0017729990326663
P32I,-0.2507047209791352,0.693008814284631,test,0.9437135352637662
P32K,-0.3320030850576309,0.781539920243916,test,1.113543005301547
P32L,-0.1473321835411546,0.0704610133184942,test,0.21779319685964882
P32M,-0.42026229065672005,0.480323461646047,test,0.900585752302767
P32N,-0.3521992199709615,0.663958777992992,test,1.0161579979639535
P32Q,-0.1386152418989773,0.781052941005176,test,0.9196681829041533
P32R,-0.34820671338575016,0.977898693266322,test,1.326105406652072
P32S,0.109979758736262,0.685285722047659,test,0.575305963311397
P32T,-0.002484652574415186,0.714269087777227,test,0.7167537403516422
P32V,-0.05945786417501994,0.786482434794234,test,0.8459402989692539
P32W,-0.5288285266850158,0.0645987367621655,test,0.5934272634471813
P32Y,-0.4623910999811448,0.0447682243420223,test,0.5071593243231671
P351A,0.34023739765397354,0.968719211277229,train,0.6284818136232555
P351C,-0.04332810887037328,0.943816787520748,test,0.9871448963911214
P351D,0.37096176369563383,0.935176662120864,test,0.5642148984252302
P351E,0.29904567885866273,0.995081002255942,test,0.6960353233972792
P351F,-0.020627105758452252,0.922661530420095,test,0.9432886361785473
P351G,-0.01751983336120086,0.908578437184588,test,0.9260982705457889
P351H,0.2451435322605985,0.954566453565931,test,0.7094229213053325
P351I,0.1284226793517466,0.971763742039902,test,0.8433410626881555
P351K,0.16232935105074878,0.93251662532355,test,0.7701872742728012
P351L,0.3234638058192708,0.949713807548313,test,0.6262500017290422
P351M,-0.03872733169408735,0.96883210910193,test,1.0075594407960173
P351N,0.10972640218262311,0.915028192471504,test,0.8053017902888809
P351Q,0.02576200464333636,0.971021447819112,test,0.9452594431757757
P351R,0.2097781234004931,0.967018586641651,test,0.7572404632411579
P351S,0.14995758192656408,0.96681672420394,test,0.816859142277376
P351T,0.3155336862323136,0.946630152622609,test,0.6310964663902954
P351V,0.05573610216048022,0.938352511635194,test,0.8826164094747138
P351W,-0.57705987784789,0.797759766134336,test,1.374819643982226
P351Y,-0.010715945456614001,0.939502356372262,test,0.950218301828876
P365A,0.37408275416054304,0.944824818219969,train,0.570742064059426
P365C,-0.5551101138872715,0.92438264671757,test,1.4794927606048414
P365D,-0.5311839016185272,0.331091670661364,test,0.8622755722798913
P365E,-0.7097481251403485,0.840769398480809,test,1.5505175236211575
P365F,-0.3829559771865533,0.38820839492231,test,0.7711643721088632
P365G,0.11050557973849143,0.913746517495154,test,0.8032409377566626
P365H,-0.33589105391200247,0.704565396351142,test,1.0404564502631444
P365I,-0.16788724087974347,0.655447279577013,test,0.8233345204567565
P365K,-0.7097481251403485,0.707879035004756,test,1.4176271601451045
P365L,-0.14282647454026284,0.650059829398803,test,0.7928863039390659
P365M,-0.16471018038832805,0.607700980861925,test,0.7724111612502531
P365N,-0.3740118754613938,0.858353406185788,test,1.2323652816471817
P365Q,-0.7097481251403485,0.863035566588236,test,1.5727836917285845
P365R,-0.5493585231334256,0.84988339102932,test,1.3992419141627455
P365S,0.2978305777299074,0.893801032959614,test,0.5959704552297066
P365T,-0.04833480530708409,0.870076965669266,test,0.9184117709763501
P365V,-0.1654692943183725,0.63675428048785,test,0.8022235748062225
P365W,-0.6063212147916394,0.0950049193194415,test,0.7013261341110808
P365Y,-0.3037957741499401,0.743947347408953,test,1.047743121558893
P377A,0.5066444649645324,0.971833684135505,train,0.46518921917097256
P377C,-0.5178993612438795,0.943507951294399,test,1.4614073125382785
P377D,0.20444308052111873,0.950907628890986,test,0.7464645483698673
P377E,0.1685926182433223,0.936254608262517,test,0.7676619900191948
P377F,-0.26431976985303807,0.942399568759307,test,1.206719338612345
P377G,0.33303137686682815,0.976901501151702,test,0.6438701242848739
P377H,0.15468927141745384,0.976989774741949,test,0.8223005033244952
P377I,-0.07303429452665297,0.957331905705317,test,1.03036620023197
P377K,0.11409635972328994,0.966267414717843,test,0.8521710549945531
P377L,-0.22528729441125014,0.948183030445666,test,1.173470324856916
P377M,-0.4524169881302992,0.937054939764439,test,1.3894719278947383
P377N,-0.24410095865488954,0.975393551606383,test,1.2194945102612724
P377Q,0.04455426877181759,0.985636725039598,test,0.9410824562677804
P377R,-0.08822475791951176,0.98345557257224,test,1.0716803304917517
P377S,-0.08705467326880387,0.967079060087844,test,1.0541337333566478
P377T,-0.17549600305236387,0.960783320021718,test,1.1362793230740817
P377V,0.09994364994099372,0.943196390864171,test,0.8432527409231773
P377W,-0.2045475372770967,0.958996636796962,test,1.1635441740740586
P377Y,-0.22957970231131716,0.947999087582143,test,1.1775787898934602
P403A,0.7676203568149146,0.99895985707702,train,0.23133950026210537
P403C,-0.4111039953887746,0.91494761917144,test,1.3260516145602146
P403D,-0.4850708029459735,0.167205725860582,test,0.6522765288065555
P403E,-0.19263174403807368,0.800550041260003,test,0.9931817852980767
P403F,-0.40701530074705505,0.32969159306228,test,0.7367068938093351
P403G,0.41772315803319116,0.861027489729834,test,0.44330433169664285
P403H,-0.6904081452516792,0.50771878963444,test,1.198126934886119
P403I,0.42264661052253116,0.960047497985972,test,0.5374008874634408
P403K,-0.5745230773774533,0.715956315655402,test,1.2904793930328553
P403L,0.03408556869696136,0.839232088878514,test,0.8051465201815526
P403M,-0.053525134919730405,0.886684280293824,test,0.9402094152135544
P403N,-0.006336105280016241,0.464780710966524,test,0.4711168162465402
P403Q,-0.204485384562305,0.84525463129664,test,1.049740015858945
P403R,-0.3170216373440796,0.721705124116009,test,1.0387267614600886
P403S,0.26217201003728496,0.799816258437915,test,0.5376442484006301
P403T,0.3910907024491591,0.95523107449712,test,0.5641403720479609
P403V,0.28990353258456614,0.938643657032572,test,0.6487401244480059
P403W,-0.6904081452516792,0.216110772862076,test,0.9065189181137552
P403Y,-0.12518220710522718,0.522352503522667,test,0.6475347106278942
P422A,0.6762204121144056,0.970328303138073,train,0.2941078910236673
P422C,-0.01971189330223075,0.997645341134696,test,1.0173572344369268
P422D,1.2495544554185856,1.03942365608865,test,0.2101307993299355
P422E,0.8540945309316782,0.996252142953086,test,0.14215761202140775
P422F,-0.24216279607877253,0.911876591151472,test,1.1540393872302446
P422G,0.8381606543545842,0.999420801082044,test,0.1612601467274598
P422H,0.3674864257282172,0.989057414894028,test,0.6215709891658108
P422I,0.4324184074765599,0.825307721135707,test,0.39288931365914714
P422K,0.4984026849797384,0.953924896185542,test,0.4555222112058036
P422L,0.3240338519342162,0.869119941127125,test,0.5450860891929088
P422M,-0.006079015722796427,0.930138912434635,test,0.9362179281574314
P422N,0.851990440751485,0.997614718591897,test,0.145624277840412
P422Q,0.5904968746168474,0.952768281528883,test,0.36227140691203563
P422R,0.5095496308152533,0.961354387309318,test,0.4518047564940647
P422S,1.0014081093678666,1.00705115313331,test,0.005643043765443334
P422T,0.6896464949210596,0.966036604156836,test,0.27639010923577645
P422V,0.19650786736386353,0.904283381663162,test,0.7077755142992985
P422W,-0.24216279607877253,0.915854562456848,test,1.1580173585356206
P422Y,0.16118514449512902,0.986820133425628,test,0.825634988930499
P441A,0.18440461094546703,0.969360130635015,train,0.784955519689548
P441C,-0.019993242078779033,0.968736764771291,test,0.9887300068500701
P441D,-0.019993242078779033,0.886602370800286,test,0.9065956128790651
P441E,-0.019993242078779033,0.969635575294417,test,0.9896288173731961
P441F,-0.019993242078779033,0.930719802434107,test,0.9507130445128861
P441G,-0.019993242078779033,0.906044870953516,test,0.9260381130322951
P441H,-0.019993242078779033,0.962796380755116,test,0.982789622833895
P441I,-0.019993242078779033,0.962979757619087,test,0.9829729996978661
P441K,-0.019993242078779033,0.964259291752177,test,0.984252533830956
P441L,-0.019993242078779033,0.930855015623078,test,0.9508482577018571
P441M,-0.019993242078779033,0.969924237539416,test,0.9899174796181951
P441N,-0.019993242078779033,0.914757949396575,test,0.934751191475354
P441Q,-0.019993242078779033,0.951384016462951,test,0.9713772585417301
P441R,-0.019993242078779033,0.980931991806352,test,1.000925233885131
P441S,-0.019993242078779033,0.967116580683873,test,0.987109822762652
P441T,-0.019993242078779033,0.976205559148956,test,0.9961988012277351
P441V,-0.019993242078779033,0.975500674119286,test,0.995493916198065
P441W,-0.019993242078779033,0.956048922897928,test,0.976042164976707
P441Y,-0.019993242078779033,0.944828887190764,test,0.964822129269543
P449A,0.18937846565366248,0.97230073470938,train,0.7829222690557176
P449C,-0.01750631472468131,0.929120060571886,test,0.9466263752965673
P449D,-0.01750631472468131,0.961071633354246,test,0.9785779480789273
P449E,-0.01750631472468131,0.931500881612351,test,0.9490071963370323
P449F,-0.01750631472468131,0.903708925178289,test,0.9212152399029704
P449G,-0.01750631472468131,0.927396888263023,test,0.9449032029877044
P449H,-0.01750631472468131,0.967850023789087,test,0.9853563385137684
P449I,-0.01750631472468131,0.901166871337509,test,0.9186731860621903
P449K,-0.01750631472468131,0.966086688631583,test,0.9835930033562643
P449L,-0.01750631472468131,0.916929754432928,test,0.9344360691576094
P449M,-0.01750631472468131,0.928581902815584,test,0.9460882175402653
P449N,-0.01750631472468131,0.921024514883248,test,0.9385308296079293
P449Q,-0.01750631472468131,0.948342629109133,test,0.9658489438338144
P449R,-0.01750631472468131,0.963357689056737,test,0.9808640037814184
P449S,-0.01750631472468131,0.91352345636455,test,0.9310297710892314
P449T,-0.01750631472468131,0.958843419717266,test,0.9763497344419474
P449V,-0.01750631472468131,0.943054145271634,test,0.9605604599963153
P449W,-0.01750631472468131,0.890858545647828,test,0.9083648603725093
P449Y,-0.01750631472468131,0.910027263882421,test,0.9275335786071023
P86A,-0.21655270197627838,0.811088341704982,train,1.0276410436812604
P86C,-0.7755562261261785,0.687056386476099,test,1.4626126126022774
P86D,-0.35081628381376573,0.78000298164556,test,1.1308192654593259
P86E,-0.4568927256277261,0.551608916545811,test,1.008501642173537
P86F,-1.05847834538502,0.391072894605958,test,1.449551239990978
P86G,-0.4618417676565828,0.69678596802408,test,1.1586277356806627
P86H,-0.3116713917179833,0.944747965285933,test,1.2564193570039164
P86I,-0.8423637901253035,0.108954919744564,test,0.9513187098698674
P86K,-0.31859235919905193,0.846082719013814,test,1.1646750782128659
P86L,-0.606850065454226,0.238752683637307,test,0.845602749091533
P86M,-1.058565242494187,0.382353774272409,test,1.440919016766596
P86N,-0.16866328466342603,0.929912971111667,test,1.098576255775093
P86Q,-0.6582478659223389,0.685883071709527,test,1.3441309376318658
P86R,-0.45261019296114335,0.836419957677578,test,1.2890301506387214
P86S,-0.20274622970886144,0.93994829941128,test,1.1426945291201414
P86T,-0.49161835751281957,0.744791071558108,test,1.2364094290709275
P86V,-1.058565242494187,0.367860664308612,test,1.426425906802799
P86W,-1.058565242494187,0.333089566194283,test,1.39165480868847
P86Y,-1.058565242494187,0.475069766971859,test,1.533635009466046
Q113A,-0.8983222648826613,0.285738701053876,train,1.1840609659365373
Q113C,-1.2389004089982112,1.09720933284319,test,2.336109741841401
Q113D,-0.9631692357063931,0.119305920729878,test,1.0824751564362711
Q113E,-1.365031969162154,0.199250942014786,test,1.56428291117694
Q113F,-0.21613714621871014,1.26444741698066,test,1.4805845631993702
Q113G,-0.7146781624263706,0.326836526574108,test,1.0415146890004787
Q113H,-0.8344845818013685,0.235490050746675,test,1.0699746325480435
Q113I,-1.0931961256991418,0.570321867411674,test,1.663517993110816
Q113K,-1.3644241189380402,0.149143793233754,test,1.5135679121717942
Q113L,-0.43904397864021083,0.91749150885463,test,1.356535487494841
Q113M,-0.531798971178063,0.863847727249819,test,1.395646698427882
Q113N,-1.0209080492062157,1.02992138085353,test,2.0508294300597454
Q113P,-0.813698958603786,0.0624011170187858,test,0.8761000756225719
Q113R,-1.365031969162154,0.0612582879170949,test,1.4262902570792488
Q113S,-0.6171485911155393,0.554727179011138,test,1.1718757701266773
Q113T,-0.6462706879625507,0.54307796493336,test,1.1893486528959107
Q113V,-0.9631677536536228,0.984426140577211,test,1.9475938942308337
Q113W,-0.9398117960860132,0.0634850786389405,test,1.0032968747249538
Q113Y,-0.47935257530107866,0.988884797714703,test,1.4682373730157816
Q196A,-0.49472401236007835,0.655265164070212,train,1.1499891764302903
Q196C,-0.3767862957203366,0.840336360788173,test,1.2171226565085096
Q196D,-1.15664174931761,0.469184791537697,test,1.625826540855307
Q196E,-1.156551029421627,0.811994739445045,test,1.9685457688666719
Q196F,-0.41705060229504454,0.800708654485492,test,1.2177592567805364
Q196G,-1.15664174931761,0.878570583698831,test,2.035212333016441
Q196H,-0.6743016121025546,0.502371378122401,test,1.1766729902249555
Q196I,-0.1364012919224716,0.799106217205287,test,0.9355075091277586
Q196K,-1.15664174931761,0.140519116602296,test,1.2971608659199059
Q196L,-0.240842078918812,0.875477342557686,test,1.116319421476498
Q196M,-0.15154573211282982,0.623785735133175,test,0.7753314672460049
Q196N,-0.30652998295906675,1.12560235649289,test,1.432132339451957
Q196P,-1.15664174931761,0.0693226858652862,test,1.2259644351828962
Q196R,-0.7969520512601965,0.0471269493906433,test,0.8440790006508399
Q196S,-0.43449742941192226,0.851021109811969,test,1.2855185392238913
Q196T,-0.39151107009490793,0.719091998787458,test,1.1106030688823658
Q196V,-0.35471591503599453,0.938879998404477,test,1.2935959134404715
Q196W,-0.7405854100378105,1.14823692504291,test,1.8888223350807207
Q196Y,-0.6799695041654766,0.927169893432525,test,1.6071393975980017
Q199A,0.1482781418829792,1.02018044574721,train,0.8719023038642307
Q199C,-0.6195888943701843,0.903170658739826,test,1.5227595531100104
Q199D,-0.32239986231488815,0.170980382487645,test,0.4933802448025332
Q199E,-0.2959542381079613,0.917727543019359,test,1.2136817811273204
Q199F,-0.5923006912567467,0.191185118751362,test,0.7834858100081087
Q199G,-0.24441278421108178,0.905344344001514,test,1.1497571282125958
Q199H,-0.1901109557792425,0.870529619605669,test,1.0606405753849115
Q199I,-0.3806394070454745,0.840242207668328,test,1.2208816147138024
Q199K,-0.6113438756606716,0.0769069230980553,test,0.688250798758727
Q199L,-0.060652193127700066,0.904795961670767,test,0.9654481547984671
Q199M,-0.19302080466874413,0.952831778291003,test,1.145852582959747
Q199N,-0.39385709567735583,0.972406453825816,test,1.3662635495031719
Q199P,-0.14227931667291646,1.0224692258086,test,1.1647485424815163
Q199R,-0.36051361799024606,0.087129792701556,test,0.4476434106918021
Q199S,-0.1818615383722045,0.937759642163586,test,1.1196211805357905
Q199T,-0.24319859034367516,0.924813580970961,test,1.168012171314636
Q199V,-0.22864957522349924,0.92786842069655,test,1.1565179959200491
Q199W,-1.048127757503002,0.151692577663594,test,1.199820335166596
Q199Y,-0.6522912488311697,0.201598910114219,test,0.8538901589453887
Q219A,-1.0950737177555567,0.124989579464008,train,1.2200632972195646
Q219C,-1.0597972742461075,0.537116402695518,test,1.5969136769416254
Q219D,-0.9154358015495706,0.0439499235908071,test,0.9593857251403777
Q219E,-0.4477105514357905,0.700193490933704,test,1.1479040423694946
Q219F,-0.8232113884901476,0.0458198493658765,test,0.8690312378560241
Q219G,-0.7444123269357469,0.0391087786570724,test,0.7835211055928193
Q219H,-0.9524668684204659,0.613449694375434,test,1.5659165627958997
Q219I,-0.48138730633794,0.119711500353854,test,0.601098806691794
Q219K,-0.6444312877897808,0.102203038546074,test,0.7466343263358548
Q219L,-1.0624358153488231,0.0714758433420258,test,1.1339116586908489
Q219M,-0.20069815961528578,0.684100751125948,test,0.8847989107412338
Q219N,-0.9078899107240946,0.232455308624207,test,1.1403452193483017
Q219P,-1.1439100760786947,0.0834301347421934,test,1.227340210820888
Q219R,-0.5296649835037023,0.0965121590799803,test,0.6261771425836826
Q219S,-0.7291319610492625,0.572820378104369,test,1.3019523391536314
Q219T,-0.7941722088264157,0.273841238403471,test,1.0680134472298868
Q219V,-0.41708154572725176,0.108751938013562,test,0.5258334837408137
Q219W,-1.2007439063194945,0.0871975648794595,test,1.2879414711989539
Q219Y,-0.8920629812445643,0.0419349050283893,test,0.9339978862729535
Q298A,0.2759624237545585,0.987873832221766,train,0.7119114084672075
Q298C,0.021694743141063594,0.971179678239793,test,0.9494849350987294
Q298D,0.216815223244634,0.952394563699981,test,0.735579340455347
Q298E,0.3571906121164049,0.956354249967381,test,0.5991636378509761
Q298F,-0.0657203035859498,0.952159743653878,test,1.0178800472398277
Q298G,0.13275276733493527,0.96586693761147,test,0.8331141702765348
Q298H,0.2482568551185215,0.973729632280923,test,0.7254727771624015
Q298I,0.18444096639176358,0.916450758973869,test,0.7320097925821054
Q298K,0.32150221904930565,0.915648582632346,test,0.5941463635830404
Q298L,0.16882295071608602,0.966102493784528,test,0.797279543068442
Q298M,0.05910939964815412,0.9732392227651,test,0.9141298231169459
Q298N,0.24768331206294839,0.999581127815936,test,0.7518978157529876
Q298P,0.09527559181166914,0.331852683068714,test,0.23657709125704487
Q298R,0.10853122394581952,1.02031978743089,test,0.9117885634850705
Q298S,0.5124198838554258,0.984440555411864,test,0.47202067155643823
Q298T,0.08922343090483778,0.973831115077259,test,0.8846076841724212
Q298V,0.3723084501375419,0.935457814880091,test,0.5631493647425492
Q298W,-0.5329801727777203,0.991165558742265,test,1.5241457315199853
Q298Y,0.046631478294857726,0.995066553422609,test,0.9484350751277513
Q315A,0.6631616684504814,1.00886160082877,train,0.34569993237828867
Q315C,0.23516845563974056,0.961696596645397,test,0.7265281410056564
Q315D,-0.16316477093751866,0.919394348044323,test,1.0825591189818415
Q315E,-0.31206737656175354,0.975162599833993,test,1.2872299763957464
Q315F,-0.061628259777826905,0.987628661112583,test,1.04925692089041
Q315G,-0.04815321543425663,1.0077660084963,test,1.0559192239305566
Q315H,-0.4980109972762866,0.960656335370558,test,1.4586673326468445
Q315I,0.36908292718890723,1.00099068154337,test,0.6319077543544628
Q315K,-0.6753179981448335,0.821797773834227,test,1.4971157719790606
Q315L,0.47142658837681994,0.985112506920494,test,0.5136859185436741
Q315M,0.5181923148699422,1.03979220253167,test,0.5215998876617277
Q315N,-0.6861917920030324,0.995068430943262,test,1.6812602229462943
Q315P,-0.6860853398536632,0.224269411416806,test,0.9103547512704692
Q315R,-0.6827251904076886,0.85827983992863,test,1.5410050303363185
Q315S,0.4116447116894545,0.977896834663766,test,0.5662521229743115
Q315T,0.02423504798549528,0.992839528810279,test,0.9686044808247838
Q315V,0.10009695175417802,0.981492485287593,test,0.881395533533415
Q315W,-0.5070244288397857,1.08735052025235,test,1.5943749490921357
Q315Y,-0.16692647572181438,0.987784569468152,test,1.1547110451899663
Q345A,0.2215802384973126,0.991338818847519,train,0.7697585803502064
Q345C,-0.00140542830285581,0.981731153846592,test,0.9831365821494479
Q345D,-0.00140542830285581,0.995453406391753,test,0.9968588346946088
Q345E,-0.00140542830285581,0.98913031926993,test,0.9905357475727858
Q345F,-0.00140542830285581,0.939657327210476,test,0.9410627555133319
Q345G,-0.00140542830285581,0.994797732817279,test,0.9962031611201349
Q345H,-0.00140542830285581,0.980319545942415,test,0.9817249742452708
Q345I,-0.00140542830285581,0.960333965864721,test,0.9617393941675768
Q345K,-0.00140542830285581,1.02167190960292,test,1.0230773379057758
Q345L,-0.00140542830285581,0.978584202174861,test,0.9799896304777168
Q345M,-0.00140542830285581,0.987253944807033,test,0.9886593731098888
Q345N,-0.00140542830285581,1.00475876824967,test,1.0061641965525256
Q345P,-0.00140542830285581,0.476520849041707,test,0.47792627734456283
Q345R,-0.00140542830285581,0.996897458337925,test,0.9983028866407808
Q345S,-0.00140542830285581,0.984583846765109,test,0.9859892750679649
Q345T,-0.00140542830285581,0.964108047541633,test,0.9655134758444889
Q345V,-0.00140542830285581,0.922154884783683,test,0.9235603130865389
Q345W,-0.00140542830285581,0.941530464241269,test,0.9429358925441248
Q345Y,-0.00140542830285581,0.970158995002418,test,0.9715644233052738
Q349A,0.593597294473141,0.992067869943695,train,0.398470575470554
Q349C,0.2525569955337771,0.998335826752494,test,0.7457788312187169
Q349D,1.0739022143308266,0.99856245097039,test,0.07533976336043657
Q349E,0.7095587561094049,0.989238350604318,test,0.2796795944949131
Q349F,0.1513844098900338,1.00335930323723,test,0.8519748933471963
Q349G,0.3642588496144642,0.985517274981924,test,0.6212584253674598
Q349H,0.4104932258899284,1.01410951644243,test,0.6036162905525017
Q349I,0.4367931835729989,1.00160400515132,test,0.5648108215783211
Q349K,0.3306235664653491,0.998722471768243,test,0.668098905302894
Q349L,0.4263379741026837,0.994536818122863,test,0.5681988440201793
Q349M,0.3485426102532868,0.978093555502884,test,0.6295509452495972
Q349N,0.4226300609341985,0.985155304278681,test,0.5625252433444825
Q349P,0.2367310411939171,1.00552249180957,test,0.7687914506156529
Q349R,0.3675635152083766,0.997947610368369,test,0.6303840951599924
Q349S,0.42335511796160985,0.993121152838666,test,0.5697660348770561
Q349T,0.39404320369629586,0.979261575462591,test,0.5852183717662951
Q349V,0.45461390177433414,0.967397807831575,test,0.5127839060572409
Q349W,-0.46459843961169367,0.979756588140727,test,1.4443550277524206
Q349Y,0.14303073409876768,0.993242798681278,test,0.8502120645825103
Q355A,0.15157039559616173,0.893961602837757,train,0.7423912072415954
Q355C,-0.3511628418861118,0.913245504409745,test,1.2644083462958569
Q355D,0.014653858948312642,0.881213368526827,test,0.8665595095785144
Q355E,0.017723282366034848,0.860175134488176,test,0.8424518521221411
Q355F,-0.3914050935533496,0.700658818265709,test,1.0920639118190585
Q355G,0.07029762753592031,0.88603563413511,test,0.8157380065991897
Q355H,-0.5110031028469518,0.9376921434938,test,1.4486952463407519
Q355I,-0.3409559576162241,0.752563293068758,test,1.0935192506849822
Q355K,-0.024442466804632662,0.11910596485186,test,0.14354843165649267
Q355L,-0.2293132687891307,0.159967209697356,test,0.3892804784864867
Q355M,0.03594022633863872,0.940927022737428,test,0.9049867963987893
Q355N,-0.10630604736262037,0.907846556696424,test,1.0141526040590443
Q355P,-0.35192125566985977,0.0386785888297675,test,0.39059984449962726
Q355R,0.06628151858232392,0.106587092119323,test,0.04030557353699908
Q355S,0.10270715054438476,0.918584170384417,test,0.8158770198400322
Q355T,-0.05191161256827556,0.918390357729849,test,0.9703019702981246
Q355V,-0.31990696514621886,0.835195537075942,test,1.1551025022221608
Q355W,-0.5970185623114944,0.067596436087034,test,0.6646149983985284
Q355Y,-0.3549604326080281,0.574756301856423,test,0.9297167344644511
Q3A,-0.15015778491853413,0.771562727590067,train,0.9217205125086012
Q3C,-0.18727444001077873,0.838694848012241,test,1.0259692880230198
Q3D,-0.18727444001077873,0.745960658678343,test,0.9332350986891218
Q3E,-0.18727444001077873,0.709652827551465,test,0.8969272675622437
Q3F,-0.18727444001077873,0.823840131880837,test,1.0111145718916157
Q3G,-0.18727444001077873,0.359753290004342,test,0.5470277300151207
Q3H,-0.18727444001077873,0.942524733471013,test,1.1297991734817916
Q3I,-0.18727444001077873,0.871337421721947,test,1.0586118617327256
Q3K,-0.18727444001077873,0.898350032142509,test,1.0856244721532877
Q3L,-0.18727444001077873,0.859894948121619,test,1.0471693881323978
Q3M,-0.18727444001077873,0.885609830992595,test,1.0728842710033737
Q3N,-0.18727444001077873,0.840381140216962,test,1.0276555802277407
Q3P,-0.18727444001077873,0.687057494958587,test,0.8743319349693658
Q3R,-0.18727444001077873,0.754892034291805,test,0.9421664743025837
Q3S,-0.18727444001077873,0.820729877917027,test,1.0080043179278058
Q3T,-0.18727444001077873,0.91944061934477,test,1.1067150593555486
Q3V,-0.18727444001077873,0.515916820689631,test,0.7031912607004097
Q3W,-0.18727444001077873,0.750151349157282,test,0.9374257891680607
Q3Y,-0.18727444001077873,1.05215971750873,test,1.2394341575195087
Q412A,0.3066243165961816,0.9457464686603,train,0.6391221520641184
Q412C,-0.658955899839296,0.83391982974983,test,1.4928757295891262
Q412D,0.020763338382481816,0.796227823497931,test,0.7754644851154492
Q412E,0.2968185200770731,0.849614642274412,test,0.5527961221973389
Q412F,-0.7128607397372385,0.927850443834709,test,1.6407111835719475
Q412G,-0.3111545245743951,0.726099598570322,test,1.037254123144717
Q412H,-0.22567507386286842,0.933085859515252,test,1.1587609333781204
Q412I,-0.4474023057461246,0.813496776254338,test,1.2608990820004626
Q412K,-0.3081957069224529,0.825242259760628,test,1.133437966683081
Q412L,-0.08878971267190913,0.982223625811376,test,1.0710133384832852
Q412M,-0.6411801405622527,0.963006495034335,test,1.6041866355965877
Q412N,-0.21549105651859954,0.785674292384355,test,1.0011653489029546
Q412P,-0.91085359165988,0.0554412154792028,test,0.9662948071390828
Q412R,-0.16875065613769089,0.849057741480494,test,1.0178083976181849
Q412S,-0.13747563495321366,0.800957517466114,test,0.9384331524193277
Q412T,-0.17543549304845016,0.764590580579953,test,0.9400260736284032
Q412V,-0.07506449036253379,0.72106865564472,test,0.7961331460072538
Q412W,-0.9109460526488039,0.793337027225199,test,1.704283079874003
Q412Y,-0.4528967348191387,0.920381914664727,test,1.3732786494838658
Q415A,0.6268527106214355,0.999616671340763,train,0.3727639607193275
Q415C,-0.21203277275064,1.00355216206181,test,1.21558493481245
Q415D,0.8064915792085522,0.971808251873778,test,0.16531667266522576
Q415E,1.0139169972687474,1.01537328302268,test,0.0014562857539326401
Q415F,-0.09357318737654627,0.958794005705049,test,1.0523671930815952
Q415G,0.09342604795776235,0.910555643883426,test,0.8171295959256637
Q415H,0.2085967913234327,0.935515337506379,test,0.7269185461829464
Q415I,0.07156906253205189,0.965322984722563,test,0.8937539221905111
Q415K,0.6260678841791304,1.00614345058915,test,0.3800755664100196
Q415L,0.15133499780536322,0.98002675551421,test,0.8286917577088468
Q415M,0.2909946808204157,1.00264896878151,test,0.7116542879610944
Q415N,0.4438475144434718,0.974311213750863,test,0.5304636993073912
Q415P,-0.3973043764581886,0.095149725682829,test,0.4924541021410176
Q415R,0.273997059271884,0.961030904244602,test,0.687033844972718
Q415S,0.36278584188986607,0.960351985202399,test,0.5975661433125329
Q415T,0.2614931308039249,0.985242554009344,test,0.7237494232054191
Q415V,0.14998506449550067,0.945717898123385,test,0.7957328336278844
Q415W,-0.20859456147941277,0.960426679977174,test,1.1690212414565868
Q415Y,0.12168734574251086,0.969644261691537,test,0.8479569159490261
Q446A,0.21941957813272875,0.990061409867127,train,0.7706418317343983
Q446C,-0.0024857584851483983,1.01097475830897,test,1.0134605167941184
Q446D,-0.0024857584851483983,0.981857244820339,test,0.9843430033054874
Q446E,-0.0024857584851483983,0.982345088172201,test,0.9848308466573494
Q446F,-0.0024857584851483983,0.990292367152396,test,0.9927781256375444
Q446G,-0.0024857584851483983,0.987577701396593,test,0.9900634598817414
Q446H,-0.0024857584851483983,1.00202208443007,test,1.0045078429152183
Q446I,-0.0024857584851483983,1.03252978697621,test,1.0350155454613583
Q446K,-0.0024857584851483983,1.01438579032556,test,1.0168715488107083
Q446L,-0.0024857584851483983,1.00957111891134,test,1.0120568773964884
Q446M,-0.0024857584851483983,1.02062005429052,test,1.0231058127756683
Q446N,-0.0024857584851483983,1.00560228383435,test,1.0080880423194982
Q446P,-0.0024857584851483983,0.892542665905444,test,0.8950284243905924
Q446R,-0.0024857584851483983,1.02574696940079,test,1.0282327278859382
Q446S,-0.0024857584851483983,0.972378369507277,test,0.9748641279924254
Q446T,-0.0024857584851483983,0.989746883524964,test,0.9922326420101124
Q446V,-0.0024857584851483983,1.00828512690107,test,1.0107708853862183
Q446W,-0.0024857584851483983,0.989343760767221,test,0.9918295192523694
Q446Y,-0.0024857584851483983,0.987444752363646,test,0.9899305108487945
R133A,0.7492584187340762,0.983131235812902,train,0.2338728170788258
R133C,0.5062220905476097,0.946599020343975,test,0.44037692979636534
R133D,0.3395842178725591,0.739698667721679,test,0.4001144498491199
R133E,0.6010160169852324,0.932611024465293,test,0.33159500748006054
R133F,0.5188322011569398,0.905297582812539,test,0.3864653816555992
R133G,0.6398731272167969,0.927825009692343,test,0.28795188247554615
R133H,0.32914275627630973,0.95631904978813,test,0.6271762935118202
R133I,1.1879978415060555,0.945349704280746,test,0.24264813722530942
R133K,0.5872006708315071,0.991269966453981,test,0.40406929562247396
R133L,1.6168919936877286,0.964105155433189,test,0.6527868382545396
R133M,1.0464286340012505,0.967656108465318,test,0.0787725255359325
R133N,0.33999586381263536,0.941020144882019,test,0.6010242810693837
R133P,0.25152139204276447,0.781921979694817,test,0.5304005876520526
R133Q,0.6687420245609222,0.950935482972132,test,0.2821934584112098
R133S,0.6364330735497764,0.953290242174873,test,0.3168571686250966
R133T,0.7859437553353975,0.964141935625958,test,0.17819818029056045
R133V,1.1528504208323833,0.913022121786324,test,0.2398282990460593
R133W,0.11881128399590649,0.950331328199358,test,0.8315200442034515
R133Y,0.4829378657698854,0.939381322999487,test,0.45644345722960156
R152A,0.1050482938787273,0.922443700022807,train,0.8173954061440797
R152C,-0.05967140061214801,0.8255945660982,test,0.8852659667103481
R152D,-0.05967140061214801,0.841125587560359,test,0.9007969881725071
R152E,-0.05967140061214801,0.903036223036625,test,0.962707623648773
R152F,-0.05967140061214801,0.856648563645633,test,0.9163199642577811
R152G,-0.05967140061214801,0.905051991104666,test,0.9647233917168141
R152H,-0.05967140061214801,0.935255046692324,test,0.994926447304472
R152I,-0.05967140061214801,0.854545142564487,test,0.914216543176635
R152K,-0.05967140061214801,0.945883553819904,test,1.005554954432052
R152L,-0.05967140061214801,0.872533973488152,test,0.9322053741003
R152M,-0.05967140061214801,0.857995945677325,test,0.917667346289473
R152N,-0.05967140061214801,0.873311232189719,test,0.932982632801867
R152P,-0.05967140061214801,0.632860478165977,test,0.692531878778125
R152Q,-0.05967140061214801,0.919426491682879,test,0.9790978922950271
R152S,-0.05967140061214801,0.921889775245791,test,0.981561175857939
R152T,-0.05967140061214801,0.896280125505376,test,0.955951526117524
R152V,-0.05967140061214801,0.895455140262362,test,0.95512654087451
R152W,-0.05967140061214801,0.86689600135571,test,0.926567401967858
R152Y,-0.05967140061214801,0.896797363658354,test,0.9564687642705021
R172A,0.07277966287230489,0.920561982296743,train,0.8477823194244382
R172C,-0.6798727539303288,0.943907094225068,test,1.6237798481553969
R172D,0.012373938153577818,0.723293301206641,test,0.7109193630530632
R172E,-0.19116184178262183,0.843178147040822,test,1.0343399888234437
R172F,-0.5789218863324178,0.882575857267844,test,1.4614977436002619
R172G,-0.13625402247274496,0.917667802367768,test,1.0539218248405129
R172H,-0.34205392018838976,0.980183861855997,test,1.322237782044387
R172I,-0.3765747278738004,0.936910219095661,test,1.3134849469694614
R172K,0.08709338343713716,0.97293258750436,test,0.8858392040672228
R172L,-0.22076696738615662,0.927194996364794,test,1.1479619637509506
R172M,-0.6910138929985367,0.948567425600355,test,1.6395813185988917
R172N,-0.013155070315280376,0.911483056439258,test,0.9246381267545384
R172P,0.17314830195845202,0.416453898125936,test,0.24330559616748396
R172Q,0.36033516772603635,0.984777008981721,test,0.6244418412556847
R172S,0.10257883695060391,0.930123390503856,test,0.8275445535532521
R172T,0.1312377663828365,0.94878457293523,test,0.8175468065523935
R172V,-0.27480313127816236,0.960042060323029,test,1.2348451916011913
R172W,-0.5188612543037964,0.934235923114781,test,1.4530971774185772
R172Y,-0.2670225618234724,0.849707905280847,test,1.1167304671043194
R205A,0.5598529995352469,0.988409799634686,train,0.4285568000994391
R205C,-0.38896374036935943,0.982081211606989,test,1.3710449519763483
R205D,0.21188243296818823,0.964877368189705,test,0.7529949352215168
R205E,0.47141158282434115,0.988049828411026,test,0.5166382455866848
R205F,0.01630765283957883,0.945984362281712,test,0.9296767094421332
R205G,0.15687570438381263,1.00001486189127,test,0.8431391575074575
R205H,0.026943263149364377,0.984241936750792,test,0.9572986736014276
R205I,0.052294085482475744,0.932760655642333,test,0.8804665701598573
R205K,0.9893856747876218,0.99839821877571,test,0.00901254398808815
R205L,0.11784680146293317,0.937699864563601,test,0.8198530631006679
R205M,0.02372447385889634,0.983027375265887,test,0.9593029014069907
R205N,0.6056542606628331,0.962440215430101,test,0.35678595476726793
R205P,0.1523151996783533,0.937583367828522,test,0.7852681681501688
R205Q,0.531635096879466,0.999030001644134,test,0.46739490476466805
R205S,0.2873307981484047,0.970354295308158,test,0.6830234971597533
R205T,0.282713040380418,0.939859741766308,test,0.65714670138589
R205V,0.2396651880377402,0.95824114773571,test,0.7185759596979698
R205W,-0.23872776285649552,0.959033193712895,test,1.1977609565693905
R205Y,0.295582014678169,0.931591674618742,test,0.636009659940573
R216A,0.41823890250828166,0.978464518567186,train,0.5602256160589043
R216C,-0.42335069078857124,0.921622744230378,test,1.3449734350189493
R216D,0.6587847324778108,0.815980968252164,test,0.15719623577435327
R216E,0.6603913510659095,0.855153787981539,test,0.19476243691562944
R216F,-0.22244307040675113,0.612492901923741,test,0.8349359723304921
R216G,0.07326488022870739,0.757934077444085,test,0.6846691972153777
R216H,0.3438566494708223,0.814138275028,test,0.4702816255571777
R216I,0.0003403093321698025,0.758845915380167,test,0.7585056060479972
R216K,0.9088200606740903,1.00474056780437,test,0.09592050713027966
R216L,0.145140739656808,0.791805405133403,test,0.6466646654765951
R216M,-0.019856743488711665,0.903152468273281,test,0.9230092117619927
R216N,0.3890099384442195,0.929267502617239,test,0.5402575641730195
R216P,-0.24816130084052399,0.0158843330644226,test,0.26404563390494656
R216Q,0.24443174863288034,0.933461675678544,test,0.6890299270456637
R216S,0.14889018739407126,0.931236939123621,test,0.7823467517295498
R216T,0.11612811011496552,0.81299667648083,test,0.6968685663658645
R216V,0.020421441377514477,0.839750715573061,test,0.8193292741955466
R216W,-0.5887755182269968,0.481923005065817,test,1.0706985232928137
R216Y,0.01161796237094817,0.372401571950987,test,0.36078360958003886
R217A,0.43162380798647393,0.952177960185724,train,0.52055415219925
R217C,-0.7973024301642416,0.839854357251561,test,1.6371567874158026
R217D,-0.1700915546553062,0.572409857687244,test,0.7425014123425502
R217E,0.15280487361322562,0.787975429728194,test,0.6351705561149684
R217F,-0.9008039520587293,0.645781593567204,test,1.5465855456259332
R217G,-0.3508269830931091,0.727039345951372,test,1.0778663290444812
R217H,-0.3185524892106336,0.80887073013578,test,1.1274232193464138
R217I,-0.2547246952050205,0.682963218698318,test,0.9376879139033385
R217K,0.21202884956221238,0.982441473375686,test,0.7704126238134736
R217L,-0.26130884027000645,0.848031608328077,test,1.1093404485980836
R217M,-0.18328109804418377,0.94602263201957,test,1.1293037300637538
R217N,-0.08062647518419505,0.676478514967878,test,0.7571049901520731
R217P,-0.5513863876784674,0.121924588967637,test,0.6733109766461044
R217Q,0.2824693440726055,0.933017426092711,test,0.6505480820201055
R217S,0.05517143696526153,0.881208231150231,test,0.8260367941849694
R217T,-0.14205941549132847,0.718073040813713,test,0.8601324563050415
R217V,-0.43948774064046503,0.693907592910832,test,1.133395333551297
R217W,-0.538610181668257,0.780290097507355,test,1.3189002791756121
R217Y,-0.5860465338494455,0.706596797704948,test,1.2926433315543935
R243A,-1.2276232399130869,0.155073413814046,train,1.3826966537271328
R243C,-1.1593583513812618,0.205083869995204,test,1.3644422213764658
R243D,-0.8834730252580351,0.271514626403625,test,1.15498765166166
R243E,-1.1695349724207318,0.273986200289057,test,1.4435211727097887
R243F,-0.863074445964421,0.0764389388816207,test,0.9395133848460416
R243G,-0.8206310027394798,0.0550739358817926,test,0.8757049386212723
R243H,-0.6647257093401228,0.0600350571473296,test,0.7247607664874524
R243I,-0.9482791340231448,0.460909687397388,test,1.4091888214205328
R243K,-0.640118268484254,0.911279259248749,test,1.551397527733003
R243L,-0.6958452814952641,0.0664848128600436,test,0.7623300943553077
R243M,-0.9178608081382852,0.146937721152895,test,1.0647985292911801
R243N,-0.4334076337866851,0.112365409618039,test,0.5457730434047241
R243P,-1.2586091758285518,0.0713055115862691,test,1.3299146874148209
R243Q,-0.6938578716625899,0.198530515188648,test,0.8923883868512379
R243S,-0.928631246164845,0.0664808691695355,test,0.9951121153343805
R243T,-0.8087337377765772,0.189383766561859,test,0.9981175043384363
R243V,-0.8240223191649524,0.12278980967838,test,0.9468121288433324
R243W,-1.1723352889957528,0.108991263990613,test,1.2813265529863658
R243Y,-0.7523327247751682,0.0800962939241145,test,0.8324290186992828
R276A,0.23461405683697625,0.969411848549068,train,0.7347977917120918
R276C,0.07152053801182814,0.988265214455978,test,0.9167446764441499
R276D,-0.8154471260323953,0.209544543505417,test,1.0249916695378123
R276E,-0.8179663738519801,0.82505476676074,test,1.6430211406127202
R276F,-0.4268192594205463,0.926184898425194,test,1.3530041578457404
R276G,-0.1590334739302118,0.95845145627298,test,1.1174849302031917
R276H,-0.4813963849375641,0.957515189891099,test,1.438911574828663
R276I,-0.09153301376786191,0.940160187332442,test,1.031693201100304
R276K,-0.2307345263108583,0.970248121092357,test,1.2009826474032153
R276L,-0.1939154865118272,0.965049304732244,test,1.1589647912440713
R276M,-0.32896008910556807,0.994311516751926,test,1.323271605857494
R276N,-0.1918678977987763,0.937403377261576,test,1.1292712750603522
R276P,-0.5199984843791986,0.0982364071862385,test,0.6182348915654371
R276Q,-0.1530620448169507,0.965813688190995,test,1.1188757330079457
R276S,0.10233775086200905,0.965883620974189,test,0.86354587011218
R276T,0.10974057453901379,0.955520555599603,test,0.8457799810605893
R276V,0.008769764238008598,0.94196572940264,test,0.9331959651646314
R276W,-0.8179663738519801,0.881934996432874,test,1.699901370284854
R276Y,-0.43957138326972334,0.933429772909046,test,1.3730011561787694
R277A,0.19491116748993567,0.975907674867128,train,0.7809965073771924
R277C,-0.6812746972339839,0.937501394060632,test,1.6187760912946159
R277D,-0.04310776655972179,0.963631702947464,test,1.0067394695071858
R277E,-0.09886959684301141,0.956615911188458,test,1.0554855080314693
R277F,-0.7003334868639003,0.870391930465661,test,1.5707254173295613
R277G,-0.16547748115232994,0.925293653922457,test,1.0907711350747868
R277H,-0.033196775162444986,0.966828439841525,test,1.00002521500397
R277I,-0.42115056261611705,0.93259296280299,test,1.353743525419107
R277K,0.013818837352825547,1.00624197770321,test,0.9924231403503846
R277L,-0.2999520298559094,0.959375180800989,test,1.2593272106568985
R277M,-0.5494547910037978,0.967467142896889,test,1.5169219339006867
R277N,-0.1736244859609911,0.990774194655191,test,1.1643986806161821
R277P,-1.0370868702367584,0.618485477373206,test,1.6555723476099644
R277Q,-0.10664035727001883,0.986883365005543,test,1.0935237222755618
R277S,-0.24012985656849248,0.985787314773683,test,1.2259171713421755
R277T,-0.27657560073645227,0.970650124560299,test,1.2472257252967514
R277V,-0.5164426029617649,0.923051195976144,test,1.4394937989379089
R277W,-1.0371399904220435,0.864710005864447,test,1.9018499962864905
R277Y,-0.6474666961096472,0.880519224933255,test,1.527985921042902
R278A,0.5880579476103859,0.97601382776341,train,0.38795588015302407
R278C,-0.12819425213282395,0.992799009555152,test,1.1209932616879759
R278D,0.2330129263770108,1.00991581407701,test,0.7769028876999992
R278E,0.5828072191192925,0.998450090458395,test,0.4156428713391025
R278F,0.31126384277747443,0.988282891688135,test,0.6770190489106606
R278G,0.19168365760130404,0.926181701180545,test,0.734498043579241
R278H,0.6155748628705507,1.007706541901,test,0.3921316790304493
R278I,0.2579635703328297,0.98002081706424,test,0.7220572467314104
R278K,0.44773001056693895,0.883683070527857,test,0.43595305996091804
R278L,0.408305966692749,0.961676675730103,test,0.553370709037354
R278M,0.3808168231874568,0.99767525682549,test,0.6168584336380332
R278N,0.9349154072309674,0.996080271946308,test,0.06116486471534055
R278P,-0.3026602946388198,0.181563647618404,test,0.4842239422572238
R278Q,0.7396316267280821,1.01471250727411,test,0.275080880546028
R278S,0.43629047237756746,0.972453691815516,test,0.5361632194379485
R278T,0.5369347008243751,1.00131681416558,test,0.4643821133412048
R278V,0.2406677576530495,1.02602752176195,test,0.7853597641089004
R278W,0.36758007386532265,0.953006850726125,test,0.5854267768608024
R278Y,0.818459765790916,0.967246953991152,test,0.14878718820023606
R288A,-1.4983716873465747,0.0644709638272601,train,1.5628426511738347
R288C,-0.9698596294465344,0.0486338614237304,test,1.0184934908702648
R288D,-1.6816190542324256,0.0609966443588564,test,1.742615698591282
R288E,-1.6816190542324256,0.0632690397961302,test,1.7448880940285558
R288F,-0.8939709350613921,0.152854410609444,test,1.046825345670836
R288G,-1.00854205088378,0.0933355904696929,test,1.1018776413534728
R288H,-1.6640090188459946,0.0939623274364183,test,1.757971346282413
R288I,-1.1669831581105015,0.144355308487941,test,1.3113384665984424
R288K,-1.0541548567797576,0.469277554725843,test,1.5234324115056006
R288L,-1.0945905205212767,0.100687441381018,test,1.1952779619022946
R288M,-1.0234734930503169,0.104758307883897,test,1.1282318009342138
R288N,-0.9761648369048953,0.138960734742552,test,1.1151255716474473
R288P,-0.9536524449495428,0.0756529838733293,test,1.0293054288228722
R288Q,-1.3245337135471138,0.126876815275816,test,1.4514105288229298
R288S,-0.9273785962822342,0.0642942342595382,test,0.9916728305417724
R288T,-0.9609317048697762,0.102107819103038,test,1.063039523972814
R288V,-1.01083938124247,0.0503075142614398,test,1.0611468955039098
R288W,-1.4759737504543133,0.0553450375077767,test,1.53131878796209
R288Y,-1.0100656830915742,0.143373376353711,test,1.1534390594452852
R301A,-0.5695418970915535,0.571099784253047,train,1.1406416813446003
R301C,-0.5929399444069622,0.6673676756396,test,1.2603076200465622
R301D,-0.6052046471833735,0.0798595180740767,test,0.6850641652574502
R301E,-0.5416307514310338,0.052072184352176,test,0.5937029357832098
R301F,-0.09012004243544633,0.0826595895910589,test,0.17277963202650523
R301G,-0.4581801940707043,0.561634751896348,test,1.0198149459670525
R301H,-0.13295434397573866,0.297950853610291,test,0.43090519758602963
R301I,-0.1625524627320963,0.123309201940585,test,0.2858616646726813
R301K,-0.9984806941262655,0.926488012060775,test,1.9249687061870406
R301L,-0.3709243439803632,0.443776434262838,test,0.8147007782432012
R301M,-0.09655946899579812,0.653872543186205,test,0.7504320121820032
R301N,-0.37193980657601633,0.115918938178016,test,0.48785874475403235
R301P,-0.7694803221717373,0.0538765248724585,test,0.8233568470441959
R301Q,-0.3062963878492727,0.884118741039544,test,1.1904151288888167
R301S,-0.37474857216796875,0.866532272705959,test,1.2412808448739279
R301T,-0.36994442612315337,0.848735070570817,test,1.2186794966939702
R301V,-0.41283017615223094,0.144620049426532,test,0.557450225578763
R301W,-0.370500301602123,0.0756528837541545,test,0.4461531853562775
R301Y,-0.241097541281816,0.170443463804328,test,0.411541005086144
R313A,-1.2887559724502344,0.0986335738669434,train,1.387389546317178
R313C,-1.0953474409247235,0.0532133053229173,test,1.1485607462476408
R313D,-1.3392873738313675,0.0768835172590247,test,1.4161708910903923
R313E,-1.0412267425932515,0.127105324976356,test,1.1683320675696076
R313F,-1.339203846437987,0.0536186018114256,test,1.3928224482494125
R313G,-0.8110414152077124,0.0492227496544297,test,0.8602641648621422
R313H,-1.1435377541506504,0.0939591935219043,test,1.2374969476725548
R313I,-1.3392873738313675,0.0737339229092424,test,1.41302129674061
R313K,-0.7161929854419048,0.896240921005721,test,1.6124339064476256
R313L,-0.9884700345390599,0.0774591630031509,test,1.0659291975422107
R313M,-1.3392873738313675,0.0780040330974032,test,1.4172914069287708
R313N,-1.3386209268860096,0.0972541514463555,test,1.435875078332365
R313P,-0.9717299780880378,0.115424463716145,test,1.0871544418041827
R313Q,-0.5784158584219122,0.0848337479460916,test,0.6632496063680038
R313S,-0.8900460605337778,0.0509200093589383,test,0.940966069892716
R313T,-1.111052209333059,0.141909593487662,test,1.252961802820721
R313V,-1.0837484053807624,0.0877779366225542,test,1.1715263420033166
R313W,-1.1750608522637946,0.131398543846348,test,1.3064593961101427
R313Y,-1.3392873738313675,0.125321920701131,test,1.4646092945324984
R337A,0.34972113707544283,0.947991309638674,train,0.5982701725632311
R337C,0.05717472022982553,0.963360580288428,test,0.9061858600586025
R337D,0.3034289014705337,0.895896050618565,test,0.5924671491480313
R337E,0.1513102509059682,0.759359587772839,test,0.6080493368668708
R337F,0.14174155945780922,0.750101711143931,test,0.6083601516861218
R337G,0.12508402814004752,0.830034268773214,test,0.7049502406331665
R337H,-0.047595288876186664,0.923299259342743,test,0.9708945482189297
R337I,0.2802475100569787,0.913216500549979,test,0.6329689904930004
R337K,0.9030032111006642,1.00733402877651,test,0.10433081767584584
R337L,0.22829068454834248,0.833196580511423,test,0.6049058959630805
R337M,-0.042964674220647175,0.862510563699575,test,0.9054752379202222
R337N,-0.00041269834895305,0.979864541523411,test,0.980277239872364
R337P,-0.08845703401499735,0.698804231270481,test,0.7872612652854784
R337Q,-0.0016499336301606105,0.894769840100126,test,0.8964197737302866
R337S,0.13734798330937506,0.974032095230467,test,0.8366841119210919
R337T,0.45155929498494773,0.942097457661875,test,0.4905381626769273
R337V,0.3376335277945174,0.938202387343539,test,0.6005688595490216
R337W,-0.44329105218916076,0.878772529112652,test,1.322063581301813
R337Y,0.10239264979628585,0.900558262072748,test,0.7981656122764622
R354A,0.5357697371020934,0.981340200554561,train,0.44557046345246754
R354C,0.0896258341630404,0.99550828228531,test,0.9058824481222696
R354D,0.5250564600416797,0.992624743841937,test,0.4675682838002573
R354E,0.6590318048344833,0.985189403373608,test,0.32615759853912474
R354F,0.4724190366957709,0.933099977680528,test,0.4606809409847571
R354G,0.47801600659105026,0.997428628817906,test,0.5194126222268557
R354H,1.0785339536977683,1.00258757847393,test,0.07594637522383829
R354I,0.35301207182137395,0.930630784570824,test,0.5776187127494501
R354K,0.7201299677270355,0.969349456507533,test,0.2492194887804975
R354L,0.5658925665848679,0.958795503221279,test,0.3929029366364112
R354M,0.3288036188348512,0.991259606286208,test,0.6624559874513568
R354N,0.5307134098010985,0.98691819823342,test,0.4562047884323215
R354P,0.4216015518177022,0.995131257624713,test,0.5735297058070108
R354Q,0.6066658300623963,1.0128168302328,test,0.40615100017040373
R354S,0.4272005340104107,0.986746264357222,test,0.5595457303468113
R354T,0.7152479822047672,1.01484180523748,test,0.29959382303271276
R354V,0.5196773022493321,0.988311654825301,test,0.46863435257596897
R354W,0.04059940946002319,0.951416272176731,test,0.9108168627167078
R354Y,0.832893975845762,0.99986323797744,test,0.16696926213167806
R375A,-0.11178163368003377,0.82510539280903,train,0.9368870264890637
R375C,-0.476343216850902,0.805347758853601,test,1.281690975704503
R375D,-0.22486450545652067,0.240277469389215,test,0.46514197484573566
R375E,-0.31132504259754457,0.262932195913443,test,0.5742572385109876
R375F,-0.5311047733858739,0.727582360029103,test,1.258687133414977
R375G,-0.31279634849142945,0.735598161739874,test,1.0483945102313035
R375H,0.017205571203547848,0.678856892985151,test,0.6616513217816031
R375I,-0.11709379216219715,0.839874934719147,test,0.9569687268813442
R375K,-0.18502913670051,0.908663005028284,test,1.093692141728794
R375L,0.09251549127768813,0.815582564378439,test,0.7230670731007509
R375M,-0.041722769716506874,0.687397645678842,test,0.7291204153953489
R375N,-0.02434728852428711,0.857791802013271,test,0.8821390905375581
R375P,-0.9832243260914363,0.810853362263089,test,1.7940776883545253
R375Q,-0.15207190685242664,0.807098627258383,test,0.9591705341108097
R375S,-0.08172994990684876,0.813401709179181,test,0.8951316590860298
R375T,-0.022455910606124035,0.810103858914636,test,0.83255976952076
R375V,-0.0007234100353746553,0.829707669331518,test,0.8304310793668926
R375W,-0.99444834325757,0.71849959157319,test,1.7129479348307601
R375Y,-0.5273011138652531,0.705940138052572,test,1.2332412519178253
R408A,0.7505982287731233,,,
R408C,0.22717631921377515,0.978036435938933,test,0.7508601167251578
R408D,0.32237751981498486,0.914710955408322,test,0.5923334355933372
R408E,0.5446593287857145,0.969742155520928,test,0.42508282673521347
R408F,-0.02814824713153316,0.967360037281019,test,0.9955082844125522
R408G,0.22608100603972905,0.847337310765819,test,0.62125630472609
R408H,0.47450510736514995,0.953957924246362,test,0.4794528168812121
R408I,0.8801147159044086,1.0039539027429,test,0.12383918683849149
R408K,0.9977647433133613,0.968589334984952,test,0.029175408328409258
R408L,0.8253354333642183,1.01286066886914,test,0.18752523550492162
R408M,0.6030043608955805,1.00721963973424,test,0.4042152788386594
R408N,0.300834121560111,1.00048727250179,test,0.6996531509416789
R408P,-0.30302486584446553,,,
R408Q,0.5135165181946847,0.999420901370379,test,0.4859043831756943
R408S,0.3626232438967666,0.942260276889731,test,0.5796370329929644
R408T,0.8846205439899927,0.982528677391892,test,0.0979081334018993
R408V,0.6077440117209144,1.00184166538721,test,0.39409765366629557
R408W,0.07653403370331771,,,
R408Y,0.01795885028448088,0.957020012504134,test,0.9390611622196532
R411A,0.17457060552340367,0.963150895088216,train,0.7885802895648124
R411C,-0.08490154565795768,0.896153271133324,test,0.9810548167912817
R411D,-0.3100055482329397,0.749727095995046,test,1.0597326442279855
R411E,-0.203901853358983,0.787056946240729,test,0.990958799599712
R411F,-0.017836991674371333,0.920898229702196,test,0.9387352213765674
R411G,-0.3613935348874099,0.917118754615735,test,1.2785122895031449
R411H,0.026172073392322887,0.909830803468227,test,0.8836587300759041
R411I,-0.048521401867774955,0.927877568584642,test,0.976398970452417
R411K,0.14902433974061738,0.977450894839885,test,0.8284265550992677
R411L,0.1558569593679137,0.96887640587391,test,0.8130194465059963
R411M,0.09835578660869496,0.891477488518537,test,0.7931217019098421
R411N,-0.19703648439363994,0.880917149643056,test,1.077953634036696
R411P,-0.7790900650793325,0.107426488386332,test,0.8865165534656645
R411Q,0.07880753828286716,0.912736544740715,test,0.8339290064578478
R411S,-0.011477448795314288,0.912432045285382,test,0.9239094940806963
R411T,-0.06394016280715084,0.925125299497127,test,0.9890654623042778
R411V,0.22544588753418596,0.930158819830514,test,0.704712932296328
R411W,-0.7285279611055543,0.806122352621506,test,1.5346503137270604
R411Y,-0.06143244975322956,0.902353847317709,test,0.9637862970709385
R418A,0.5218719313668424,0.935410320934917,train,0.41353838956807465
R418C,0.21132433885323967,0.993911114976922,test,0.7825867761236823
R418D,0.16607626750013585,0.937790207006833,test,0.7717139395066972
R418E,0.7339271454453088,0.921631976145442,test,0.18770483070013322
R418F,0.29430948557871306,0.95801450879968,test,0.6637050232209669
R418G,0.2310204887469848,0.928489532133508,test,0.6974690433865233
R418H,0.2671633858407333,0.970629374895543,test,0.7034659890548097
R418I,0.4133794367979796,0.904544560214218,test,0.4911651234162384
R418K,0.9148697804945894,0.980269482515523,test,0.06539970202093359
R418L,0.5786718179343479,0.923863241119565,test,0.3451914231852171
R418M,0.6042096082438829,0.966992313572605,test,0.36278270532872203
R418N,0.15743482380370435,0.969712782491213,test,0.8122779586875086
R418P,-0.25246608628083533,0.247656990658669,test,0.5001230769395043
R418Q,0.836461195375689,0.968536495241748,test,0.13207529986605904
R418S,0.49929730312745957,1.0274329678207,test,0.5281356646932404
R418T,0.410401296025556,0.939863336247349,test,0.529462040221793
R418V,0.7687645534632034,0.970722997640321,test,0.2019584441771176
R418W,-0.441704742237495,0.856558508370855,test,1.29826325060835
R418Y,0.22083084630253294,0.918381502685625,test,0.6975506563830921
R428A,0.6888452683320648,0.983517346537094,train,0.29467207820502916
R428C,-0.3459664407416069,0.97829689834831,test,1.3242633390899168
R428D,0.4361930258126302,0.858995161138835,test,0.4228021353262048
R428E,0.5663489780337648,0.938357873330076,test,0.3720088952963112
R428F,-0.3032992498242967,0.914290826539167,test,1.2175900763634637
R428G,0.6031621157450867,0.938698592469342,test,0.33553647672425524
R428H,0.2872570143759502,0.955094518000248,test,0.6678375036242978
R428I,0.34730266933603693,0.983606519087065,test,0.636303849751028
R428K,1.117694962735743,1.02175076373565,test,0.0959441990000931
R428L,0.44010020328934074,0.985407487684949,test,0.5453072843956083
R428M,0.3819224873993866,0.98686028075784,test,0.6049377933584534
R428N,0.4425275167751904,0.977930097069087,test,0.5354025802938965
R428P,0.06900134174599395,0.791229933666393,test,0.7222285919203991
R428Q,0.7899481023908371,0.991059904343097,test,0.20111180195225986
R428S,0.6146854455528007,0.958265965023861,test,0.3435805194710603
R428T,0.4853451779258836,0.978841067703131,test,0.49349588977724734
R428V,0.5029904511509705,0.977421113159658,test,0.47443066200868744
R428W,-0.08829609873971775,0.876942563175454,test,0.9652386619151718
R428Y,-0.011980914754645994,0.952848461292746,test,0.964829376047392
R435A,0.025254091608429313,0.875268386292894,train,0.8500142946844648
R435C,-0.0995685017472979,0.780215410618497,test,0.8797839123657949
R435D,-0.0995685017472979,0.699957845737143,test,0.799526347484441
R435E,-0.0995685017472979,0.704219537340668,test,0.8037880390879659
R435F,-0.0995685017472979,0.698197438845449,test,0.797765940592747
R435G,-0.0995685017472979,0.857359578186046,test,0.956928079933344
R435H,-0.0995685017472979,0.876387569559874,test,0.9759560713071719
R435I,-0.0995685017472979,0.745217869264441,test,0.8447863710117389
R435K,-0.0995685017472979,0.941491957512906,test,1.041060459260204
R435L,-0.0995685017472979,0.79826989170169,test,0.897838393448988
R435M,-0.0995685017472979,0.863685402077555,test,0.9632539038248529
R435N,-0.0995685017472979,0.798991180517207,test,0.8985596822645049
R435P,-0.0995685017472979,0.0325528341025509,test,0.1321213358498488
R435Q,-0.0995685017472979,0.91776874364518,test,1.0173372453924778
R435S,-0.0995685017472979,0.857533119446574,test,0.9571016211938719
R435T,-0.0995685017472979,0.799783352497046,test,0.8993518542443439
R435V,-0.0995685017472979,0.827558606097536,test,0.9271271078448339
R435W,-0.0995685017472979,0.737473758616967,test,0.8370422603642649
R435Y,-0.0995685017472979,0.755998659369723,test,0.8555671611170209
R452A,0.17634584911308485,0.964595691529153,train,0.7882498424160682
R452C,-0.024022622994970128,0.936833934606937,test,0.9608565576019071
R452D,-0.024022622994970128,0.903580545979038,test,0.9276031689740082
R452E,-0.024022622994970128,0.927973983579622,test,0.9519966065745922
R452F,-0.024022622994970128,0.881203785154493,test,0.9052264081494632
R452G,-0.024022622994970128,0.92758297422611,test,0.9516055972210802
R452H,-0.024022622994970128,0.955880928951753,test,0.9799035519467232
R452I,-0.024022622994970128,0.894431706292243,test,0.9184543292872132
R452K,-0.024022622994970128,0.962298496235786,test,0.9863211192307562
R452L,-0.024022622994970128,0.874627877899697,test,0.8986505008946671
R452M,-0.024022622994970128,0.916917326945827,test,0.9409399499407971
R452N,-0.024022622994970128,0.907648284150873,test,0.9316709071458431
R452P,-0.024022622994970128,0.920487429539181,test,0.9445100525341511
R452Q,-0.024022622994970128,0.974863857491204,test,0.9988864804861741
R452S,-0.024022622994970128,0.919833945355644,test,0.9438565683506142
R452T,-0.024022622994970128,0.944643131936016,test,0.9686657549309862
R452V,-0.024022622994970128,0.93048134980506,test,0.9545039728000302
R452W,-0.024022622994970128,0.911391781845832,test,0.9354144048408022
R452Y,-0.024022622994970128,0.901542930409417,test,0.9255655534043872
R461A,0.2381697423461017,1.00114673754866,train,0.7629769952025584
R461C,0.006889323621538296,0.985717816811391,test,0.9788284931898528
R461D,0.006889323621538296,0.990324736963754,test,0.9834354133422157
R461E,0.006889323621538296,0.962682045279383,test,0.9557927216578447
R461F,0.006889323621538296,0.989891725950223,test,0.9830024023286847
R461G,0.006889323621538296,1.00748660853641,test,1.0005972849148717
R461H,0.006889323621538296,1.00114517690892,test,0.9942558532873816
R461I,0.006889323621538296,0.984242174824376,test,0.9773528512028378
R461K,0.006889323621538296,1.00609245474575,test,0.9992031311242117
R461L,0.006889323621538296,0.98861410595335,test,0.9817247823318117
R461M,0.006889323621538296,0.985921617116657,test,0.9790322934951188
R461N,0.006889323621538296,1.01308672180605,test,1.0061973981845116
R461P,0.006889323621538296,1.01784950544676,test,1.0109601818252216
R461Q,0.006889323621538296,0.980853868439764,test,0.9739645448182257
R461S,0.006889323621538296,1.00207111180627,test,0.9951817881847317
R461T,0.006889323621538296,1.0039463206525,test,0.9970569970309616
R461V,0.006889323621538296,1.02710903348567,test,1.0202197098641317
R461W,0.006889323621538296,0.986541762829276,test,0.9796524392077377
R461Y,0.006889323621538296,1.00201071361573,test,0.9951213899941916
R65A,0.11169131589357276,0.765931259436125,train,0.6542399435425522
R65C,-0.4190585154700316,0.880608745143345,test,1.2996672606133766
R65D,0.2814806583026638,0.221754892917216,test,0.05972576538544777
R65E,0.20886834607379048,0.782418646643375,test,0.5735503005695846
R65F,-0.4542577876503392,0.919216936851936,test,1.3734747245022751
R65G,0.08778203015367905,0.700355589572172,test,0.612573559418493
R65H,-0.08550166227914277,0.92628017526619,test,1.0117818375453327
R65I,-0.12466485768676025,0.955481097566644,test,1.0801459552534043
R65K,0.597056288492711,1.01600141643621,test,0.4189451279434989
R65L,0.2698225941044271,0.942520788719771,test,0.6726981946153439
R65M,0.006208317540916802,0.9487161323534,test,0.9425078148124832
R65N,0.07780998803335817,0.791326450072612,test,0.7135164620392539
R65P,-0.019996615273726398,0.758594346323383,test,0.7785909615971094
R65Q,0.12452668294829441,0.89134415195443,test,0.7668174690061356
R65S,0.08932916322758691,0.765944884915579,test,0.6766157216879921
R65T,0.09763952586709981,0.90746660388624,test,0.8098270780191402
R65V,-0.1053930734230771,0.922386903685928,test,1.027779977109005
R65W,-0.318654997559355,0.798397918637295,test,1.11705291619665
R65Y,-0.21578559729491106,0.95690547406183,test,1.172691071356741
R6A,-1.202786686023935,0.149235575517198,train,1.3520222615411328
R6C,-0.7135888905634816,0.262973856889931,test,0.9765627474534126
R6D,-0.7135888905634816,0.106003520400865,test,0.8195924109643467
R6E,-0.7135888905634816,0.207775295092515,test,0.9213641856559966
R6F,-0.7135888905634816,0.2327843295805,test,0.9463732201439816
R6G,-0.7135888905634816,0.221248038758699,test,0.9348369293221807
R6H,-0.7135888905634816,0.231266809827231,test,0.9448557003907126
R6I,-0.7135888905634816,0.393497995208829,test,1.1070868857723106
R6K,-0.7135888905634816,0.429888024575464,test,1.1434769151389457
R6L,-0.7135888905634816,0.0796098504488943,test,0.793198741012376
R6M,-0.7135888905634816,0.0581398038211802,test,0.7717286943846619
R6N,-0.7135888905634816,0.114844066677306,test,0.8284329572407876
R6P,-0.7135888905634816,0.136169109843057,test,0.8497580004065386
R6Q,-0.7135888905634816,0.315010344237776,test,1.0285992348012576
R6S,-0.7135888905634816,0.145682302903976,test,0.8592711934674576
R6T,-0.7135888905634816,0.261561929915762,test,0.9751508204792436
R6V,-0.7135888905634816,0.210021175152871,test,0.9236100657163526
R6W,-0.7135888905634816,0.162190378915797,test,0.8757792694792786
R6Y,-0.7135888905634816,0.235323956908248,test,0.9489128474717297
R78A,0.7817962082269806,0.994986980505857,train,0.2131907722788764
R78C,0.36147756290746147,0.952824063115142,test,0.5913465002076805
R78D,0.8928177922654809,0.740063496336457,test,0.1527542959290239
R78E,0.8677967605743949,0.913903702906985,test,0.04610694233259005
R78F,0.41973223008016414,0.84910388833411,test,0.42937165825394585
R78G,0.9889639365119632,0.834729518050064,test,0.15423441846189923
R78H,0.4520983809100173,0.961999776080556,test,0.5099013951705387
R78I,0.5329125656070578,0.927107050583454,test,0.3941944849763962
R78K,1.0207681109583169,1.01908250676069,test,0.0016856041976269776
R78L,0.5704543637760332,0.911802516024014,test,0.34134815224798076
R78M,0.2367023165378314,0.987218628861926,test,0.7505163123240947
R78N,1.070282626369892,0.974132484917597,test,0.09615014145229495
R78P,0.3646688504673442,0.0893688191475113,test,0.27530003131983294
R78Q,0.7908147916354268,0.995747688825569,test,0.20493289719014218
R78S,0.9082488052665117,0.955923810843845,test,0.047675005577333285
R78T,1.018171679338016,0.95146968310578,test,0.06670199623223605
R78V,0.5928318328936247,0.961864493504929,test,0.36903266061130424
R78W,0.3702502290956865,0.774583005125083,test,0.40433277602939655
R78Y,0.4035484034686846,0.875475559222912,test,0.4719271557542274
R92A,0.3261485711468751,0.967651161075077,train,0.6415025899282019
R92C,-0.03500184843269091,0.954489232575588,test,0.989491081008279
R92D,0.19023978264366873,0.824733480090597,test,0.6344936974469283
R92E,0.30835649973570833,0.926662684619887,test,0.6183061848841787
R92F,0.22506935604244985,0.920087909465738,test,0.6950185534232882
R92G,0.29423206142614833,0.941347659637904,test,0.6471155982117557
R92H,0.39871846780948206,0.957577038044863,test,0.558858570235381
R92I,0.19973904574244342,0.923901546217886,test,0.7241625004754426
R92K,0.20130540541994227,0.974577095316403,test,0.7732716898964608
R92L,0.20170900735508615,0.950456416833558,test,0.7487474094784718
R92M,-0.07243828744627154,0.962521010937552,test,1.0349592983838236
R92N,0.006130053269728514,0.96498560939534,test,0.9588555561256115
R92P,0.5589674686346396,0.622026312802433,test,0.0630588441677934
R92Q,0.14442796130946758,0.981184834706283,test,0.8367568733968155
R92S,0.34157586826584174,0.995382818802293,test,0.6538069505364512
R92T,0.2828733872425385,0.983095992816938,test,0.7002226055743995
R92V,0.08020296978296995,0.935275663803279,test,0.855072694020309
R92W,-0.07717465231014695,0.957769877542798,test,1.034944529852945
R92Y,0.036177370016662685,0.877726704857728,test,0.8415493348410653
S103A,0.2783958464481452,0.954657927855714,train,0.6762620814075688
S103C,-0.0720763516523791,0.870826213081443,test,0.9429025647338222
S103D,-0.06586310604703258,1.02845335381097,test,1.0943164598580024
S103E,0.047347835903608054,0.76390886682069,test,0.716561030917082
S103F,-0.503636055707461,0.962425791405641,test,1.466061847113102
S103G,0.15665061207647227,0.918265687163758,test,0.7616150750872858
S103H,0.3564086959348175,0.942630298743671,test,0.5862216028088535
S103I,-0.13631224440287668,0.626407390417371,test,0.7627196348202477
S103K,-0.48631324322481795,0.375771071091442,test,0.86208431431626
S103L,-0.07388582401989283,0.603374707810294,test,0.6772605318301869
S103M,-0.012481463281776545,0.699344564938077,test,0.7118260282198535
S103N,0.5252428705101534,0.988245394836899,test,0.4630025243267456
S103P,-0.4974488281846082,0.891794498535405,test,1.3892433267200133
S103Q,0.48171909935571666,0.861081581324707,test,0.37936248196899036
S103R,-0.10157555854184594,0.0969213408759021,test,0.19849689941774804
S103T,0.16030199227023104,0.963455426158427,test,0.803153433888196
S103V,-0.12250846332590534,0.7939680168519,test,0.9164764801778054
S103W,-0.3564188531767759,0.211251114791082,test,0.5676699679678578
S103Y,-0.4816047480123239,1.07115993271151,test,1.552764680723834
S140A,0.7930080226571504,0.974190348169638,train,0.18118232551248759
S140C,-0.4571276422957359,0.972005754314718,test,1.429133396610454
S140D,-0.6904066659008347,0.979826719296196,test,1.6702333851970308
S140E,0.08715301177818682,1.01147767782422,test,0.9243246660460332
S140F,-0.1952761556310326,0.980669500464419,test,1.1759456560954515
S140G,0.12045185578697529,0.991813552845969,test,0.8713616970589937
S140H,0.004358749740447948,0.990149774149039,test,0.9857910244085911
S140I,-0.1071559018516973,0.928147914622128,test,1.0353038164738253
S140K,0.20815186026204083,0.989759320920513,test,0.7816074606584722
S140L,0.15037114367439544,0.957346240762386,test,0.8069750970879905
S140M,-0.15836650322132448,0.9773136197505,test,1.1356801229718245
S140N,0.23399799930804357,1.01485099783315,test,0.7808529985251064
S140P,0.08344291002935358,0.955375369923142,test,0.8719324598937884
S140Q,0.16325081559336377,0.999148544960796,test,0.8358977293674322
S140R,0.2770626954436862,0.966878038849752,test,0.6898153434060658
S140T,0.3034430044363804,0.965567170455086,test,0.6621241660187056
S140V,0.19477807928782256,0.937929682484564,test,0.7431516031967415
S140W,-0.6904066659008347,0.970261328683452,test,1.6606679945842866
S140Y,0.014509448616071424,0.974151662973135,test,0.9596422143570636
S144A,0.7272659487154028,0.970197084466899,train,0.24293113575149616
S144C,-0.23756961010791663,0.936450377242956,test,1.1740199873508725
S144D,0.45838187130746333,0.965061813288386,test,0.5066799419809227
S144E,0.6719464813905779,0.995962206912378,test,0.32401572552180014
S144F,-0.5489937664034102,0.8240008779899,test,1.37299464439331
S144G,0.3476880420392964,0.98380630150837,test,0.6361182594690736
S144H,0.28704889852873283,0.999526942606137,test,0.7124780440774041
S144I,0.2409795436046044,0.820553087419214,test,0.5795735438146096
S144K,0.38817794269047046,0.991923739928612,test,0.6037457972381416
S144L,0.09290484093509313,0.847288381038533,test,0.7543835401034399
S144M,-0.26803120946093084,0.900679266022725,test,1.168710475483656
S144N,0.17886044477108257,1.00745065588996,test,0.8285902111188775
S144P,0.3395176875211413,0.975639237770558,test,0.6361215502494167
S144Q,0.3121201891977369,0.996351667237136,test,0.6842314780393991
S144R,0.5336871460076426,0.980056734556971,test,0.4463695885493284
S144T,0.404970072198264,0.994572409997824,test,0.5896023377995601
S144V,0.6865611471411276,0.830904669881837,test,0.14434352274070938
S144W,-0.37870958964510304,0.863170295454843,test,1.2418798850999462
S144Y,0.04371786496886024,0.838453727510311,test,0.7947358625414508
S229A,0.2699899766946624,0.983637861000948,train,0.7136478843062856
S229C,-0.2642793393169284,0.720689612265408,test,0.9849689515823363
S229D,-1.064292065620051,0.1795490122662,test,1.243841077886251
S229E,-1.07259478966546,0.0665372098579176,test,1.1391319995233775
S229F,-0.21045615629904665,0.144410079382742,test,0.35486623568178866
S229G,-0.7759219921658217,0.851971098557477,test,1.6278930907232987
S229H,-0.9394186224859541,0.261271941323688,test,1.2006905638096421
S229I,-0.2533325637322824,0.208752001227011,test,0.4620845649592934
S229K,-1.072709902012318,0.0771175440940914,test,1.1498274461064095
S229L,0.06692366629433502,0.129253449778445,test,0.062329783484109974
S229M,-0.20783831029246733,0.0528791907474473,test,0.26071750103991465
S229N,-1.0725927097663217,0.0643643725259967,test,1.1369570822923185
S229P,-1.072709902012318,0.0624756883120673,test,1.1351855903243855
S229Q,-0.8567825135458466,0.142325416589974,test,0.9991079301358206
S229R,-1.072709902012318,0.221208337176109,test,1.293918239188427
S229T,-0.32245530793207455,0.263649823305303,test,0.5861051312373775
S229V,-0.12037683854159673,0.679025243914506,test,0.7994020824561028
S229W,-0.3470393755474731,0.0883427153028206,test,0.4353820908502937
S229Y,-0.29349929691402143,0.0386991722124104,test,0.3321984691264318
S256A,0.20277067985126132,0.980218376446918,train,0.7774476965956567
S256C,-0.010810207625881446,0.942772040358499,test,0.9535822479843805
S256D,-0.010810207625881446,0.969552812852836,test,0.9803630204787175
S256E,-0.010810207625881446,0.966672226436555,test,0.9774824340624365
S256F,-0.010810207625881446,0.682396197167613,test,0.6932064047934945
S256G,-0.010810207625881446,0.996764181810363,test,1.0075743894362443
S256H,-0.010810207625881446,0.999492507107779,test,1.0103027147336605
S256I,-0.010810207625881446,0.707664319945984,test,0.7184745275718655
S256K,-0.010810207625881446,1.02147431197267,test,1.0322845195985513
S256L,-0.010810207625881446,0.835451437213985,test,0.8462616448398664
S256M,-0.010810207625881446,0.910864317616263,test,0.9216745252421444
S256N,-0.010810207625881446,1.00410871833626,test,1.0149189259621414
S256P,-0.010810207625881446,0.995197816861357,test,1.0060080244872385
S256Q,-0.010810207625881446,0.966973735208446,test,0.9777839428343275
S256R,-0.010810207625881446,0.988002873220903,test,0.9988130808467844
S256T,-0.010810207625881446,1.02802465617014,test,1.0388348637960214
S256V,-0.010810207625881446,0.780467715371666,test,0.7912779229975475
S256W,-0.010810207625881446,0.573853950213653,test,0.5846641578395345
S256Y,-0.010810207625881446,0.696295539407444,test,0.7071057470333255
S296A,-0.013968850998884758,0.885893843737087,train,0.8998626947359718
S296C,-0.4810675262266687,0.899030268354546,test,1.3800977945812147
S296D,-0.20964890036067882,0.459863487982148,test,0.6695123883428268
S296E,-0.05892846328819243,0.0653416179841169,test,0.12427008127230933
S296F,-0.7525239893067001,0.10547467157482,test,0.8579986608815201
S296G,0.15876356744363132,0.976353406916349,test,0.8175898394727177
S296H,-0.13232864470079772,0.889868019302341,test,1.0221966640031388
S296I,-0.16813851703898028,1.21335837657094,test,1.3814968936099201
S296K,-0.024082399061111953,0.392831283651398,test,0.41691368271250995
S296L,-0.18673114144743228,0.783648404631842,test,0.9703795460792743
S296M,-0.17026869529635644,0.645191840875782,test,0.8154605361721384
S296N,-0.2161371461221727,0.81709440496106,test,1.0332315510832326
S296P,-0.2834824286590928,0.812159213085127,test,1.0956416417442196
S296Q,-0.1537360289186712,0.967708164152135,test,1.1214441930708061
S296R,0.3703272278099209,1.19463222590688,test,0.8243049980969591
S296T,-0.18908267122574327,0.894562966759235,test,1.0836456379849781
S296V,-0.22049966616588432,0.872060376064809,test,1.0925600422306934
S296W,-0.49191236461845367,0.0535705424731231,test,0.5454829070915768
S296Y,-0.3831471859384389,0.146905718498755,test,0.5300529044371939
S299A,0.6151864089625044,1.00684205039272,train,0.3916556414302156
S299C,-0.46001412747356996,0.973059416344142,test,1.433073543817712
S299D,0.044148739647155516,0.16717224733113,test,0.12302350768397449
S299E,0.23124461551075873,0.787763084537799,test,0.5565184690270403
S299F,-0.34072346505514195,1.17888894989046,test,1.5196124149456018
S299G,0.09992480936265094,1.00494222133995,test,0.905017411977299
S299H,-0.08499952497233595,0.981557151368902,test,1.066556676341238
S299I,-0.2442569437542413,0.887605023589683,test,1.1318619673439243
S299K,0.09603940382343415,0.156050205541877,test,0.06001080171844286
S299L,-0.012546797043020724,0.53777933254006,test,0.5503261295830808
S299M,-0.48755836238207395,0.937303836043783,test,1.424862198425857
S299N,0.38362649356363543,0.920267473777338,test,0.5366409802137025
S299P,0.3782500055401897,0.101356288714957,test,0.2768937168252327
S299Q,0.004956750099912505,0.992975559233323,test,0.9880188091334106
S299R,0.08333558867282922,0.136048225284649,test,0.05271263661181977
S299T,0.4629420213939973,1.04283808882568,test,0.5798960674316828
S299V,-0.14092673036928746,0.941126041803994,test,1.0820527721732813
S299W,-0.4469686518979644,0.72602305915587,test,1.1729917110538344
S299Y,-0.2709079421476005,1.11171726323812,test,1.3826252053857204
S318A,0.15115609808155708,0.997736266514432,train,0.846580168432875
S318C,-0.5706385133322439,0.959728078379653,test,1.530366591711897
S318D,0.18918841531000266,0.837799791308448,test,0.6486113759984453
S318E,-0.08651022999449362,0.0644393937121904,test,0.15094962370668402
S318F,-0.5706385133322439,0.0668569893685579,test,0.6374955027008018
S318G,-0.3110258542294838,0.967283639967207,test,1.2783094941966908
S318H,-0.1416129071378823,0.400095381787515,test,0.5417082889253974
S318I,-0.19688701024628172,0.1547763340955,test,0.3516633443417817
S318K,-0.5700560033788119,0.075304842474327,test,0.6453608458531389
S318L,-0.5706385133322439,0.0612379517729002,test,0.6318764651051441
S318M,-0.5706385133322439,0.119513451645321,test,0.6901519649775649
S318N,-0.21121865337257914,0.823378578710568,test,1.0345972320831471
S318P,-0.5251017759085185,0.145463581261161,test,0.6705653571696795
S318Q,-0.5706385133322439,0.250057110438348,test,0.8206956237705919
S318R,-0.5636996453577731,0.068270566543237,test,0.6319702119010101
S318T,0.21317106024769186,0.728430826375891,test,0.5152597661281991
S318V,-0.5706385133322439,0.0903011981318658,test,0.6609397114641097
S318W,-0.5706385133322439,0.0885758998155525,test,0.6592144131477964
S318Y,-0.5686179008910778,0.0396071358406385,test,0.6082250367317162
S334A,0.9923508539281608,0.994285395267463,train,0.0019345413393021538
S334C,-0.20488859985464622,0.991329341714849,test,1.1962179415694951
S334D,0.55378049001668,0.971544434583371,test,0.4177639445666911
S334E,0.6597900302695555,0.992523937349804,test,0.3327339070802485
S334F,0.176348409778898,0.989072206262043,test,0.812723796483145
S334G,0.6448170393757705,0.966858092360943,test,0.3220410529851725
S334H,0.3829347440804428,0.995878359137195,test,0.6129436150567522
S334I,0.3711789822536483,0.96566773670084,test,0.5944887544471917
S334K,0.8188115651575908,0.972155637925168,test,0.15334407276757722
S334L,0.34742768491590914,0.961501106896012,test,0.6140734219801028
S334M,0.28272020724128144,0.97194617355609,test,0.6892259663148086
S334N,0.6014659199907536,0.988447230256719,test,0.3869813102659654
S334P,1.0505147943595865,0.996740733201376,test,0.053774061158210484
S334Q,0.5196826277272303,1.00989889444654,test,0.4902162667193096
S334R,0.7054196324977143,1.01115823431152,test,0.30573860181380563
S334T,0.4204113785906346,0.944730579934288,test,0.5243192013436534
S334V,0.5497402151477241,1.01970063115808,test,0.469960416010356
S334W,0.23690392160200005,1.00269144146276,test,0.7657875198607599
S334Y,0.283246180630517,0.962395072586072,test,0.6791488919555551
S335A,0.8239496883996532,1.00947215338818,train,0.18552246498852687
S335C,0.12682655837065418,1.00505947588145,test,0.8782329175107958
S335D,0.7629943691607354,0.953568084825761,test,0.19057371566502568
S335E,0.8131642572013936,0.989616832598546,test,0.17645257539715242
S335F,-0.07754635344952718,0.970693738438576,test,1.0482400918881032
S335G,0.545925173498747,1.00225730078434,test,0.456332127285593
S335H,0.3304977937822554,0.974614270060389,test,0.6441164762781336
S335I,0.1655091048411458,0.97689082956951,test,0.8113817247283642
S335K,0.5505234480159539,0.975993747260007,test,0.4254702992440531
S335L,0.4555934800220497,1.01756058123368,test,0.5619671012116304
S335M,0.09490320590307647,1.00221959809302,test,0.9073163921899435
S335N,0.28915056189681654,1.03740520330414,test,0.7482546414073236
S335P,0.42896170125275124,0.931614034893525,test,0.5026523336407738
S335Q,0.3208869603470249,1.00212982541794,test,0.6812428650709151
S335R,0.3254310589755872,1.02800836374956,test,0.7025773047739728
S335T,0.4722752458539544,1.01246051333548,test,0.5401852674815256
S335V,0.21246571442668497,1.01379632604995,test,0.8013306116232651
S335W,-0.008016826843705832,0.977913206824127,test,0.9859300336678328
S335Y,0.20536379392582674,0.973756397183174,test,0.7683926032573473
S356A,0.639366642452926,1.01909878400464,train,0.379732141551714
S356C,0.20532557217571692,0.992959255059617,test,0.7876336828839001
S356D,0.9943143157619178,1.00061401019912,test,0.006299694437202352
S356E,1.309823588794013,0.995200725889571,test,0.3146228629044421
S356F,0.3282554159700696,1.00028168057668,test,0.6720262646066105
S356G,0.5851759371828221,0.980937394867607,test,0.3957614576847849
S356H,0.4591659490179688,0.993891585890567,test,0.5347256368725982
S356I,0.32590560973617155,0.972508229188042,test,0.6466026194518705
S356K,0.8901001227091824,1.00659500721543,test,0.11649488450624756
S356L,0.33494930971488135,0.991263827596704,test,0.6563145178818226
S356M,0.24279752701255589,0.966897451206022,test,0.7240999241934661
S356N,0.5568410522474873,1.01195409064328,test,0.45511303839579276
S356P,1.081666024475077,1.01002851839701,test,0.07163750607806718
S356Q,0.5661943269664894,1.02738229973082,test,0.46118797276433054
S356R,0.6682195510097456,0.983553905538898,test,0.31533435452915237
S356T,0.5261655734560603,1.01472227784141,test,0.4885567043853497
S356V,0.2549576256190137,0.979496752376603,test,0.7245391267575894
S356W,-0.223054049053207,0.964170586227429,test,1.187224635280636
S356Y,0.37094242615254747,1.02121569108263,test,0.6502732649300825
S368A,-0.8124659112776954,0.339630656139236,train,1.1520965674169314
S368C,-0.5786946571460424,0.145135387115859,test,0.7238300442619015
S368D,-1.1088486879195296,0.115336759866,test,1.2241854477855296
S368E,-0.87229657111085,0.127870520016135,test,1.000167091126985
S368F,-1.0667009040521604,0.100650182261715,test,1.1673510863138754
S368G,-0.27847454001712835,,,
S368H,-1.3027659019018978,0.0278794255878448,test,1.3306453274897425
S368I,-1.1067186007948389,0.0550516492646485,test,1.1617702500594873
S368K,-1.3027659019018978,0.0714394235016483,test,1.374205325403546
S368L,-1.0885758789103905,0.0606070412068873,test,1.1491829201172779
S368M,-1.3027659019018978,0.106938615631344,test,1.4097045175332419
S368N,-1.3027659019018978,0.103268272318002,test,1.4060341742198998
S368P,-1.1209740675653335,0.159945650112128,test,1.2809197176774614
S368Q,-0.7803578552305409,0.152249461066092,test,0.9326073162966328
S368R,-1.0221947999246483,0.133569137848096,test,1.1557639377727442
S368T,-0.7870898290769456,0.417966327084482,test,1.2050561561614277
S368V,-1.0035588689451418,0.0994254324386988,test,1.1029843013838405
S368W,-1.3026801362738174,0.0549626838809772,test,1.3576428201547945
S368Y,-0.9172397695320867,0.131165203961268,test,1.0484049734933547
S409A,0.4656219992483287,0.969136285264425,train,0.5035142860160963
S409C,-0.5099798417695659,0.937325804812721,test,1.4473056465822869
S409D,-0.2691398487681903,0.0519628576921375,test,0.3211027064603278
S409E,-0.1430975902602801,0.088733220081402,test,0.2318308103416821
S409F,-0.5060078739390782,0.0541315122836897,test,0.5601393862227679
S409G,-0.10216550943353594,0.8503386668725,test,0.952504176306036
S409H,-0.23719940642945522,0.135195955293717,test,0.3723953617231722
S409I,-0.3631597039493285,0.126882303403789,test,0.49004200735311754
S409K,-0.2897683544305808,0.0881353485768696,test,0.3779037030074504
S409L,-0.28493700458129056,0.0757554570570583,test,0.3606924616383489
S409M,-0.567006388724311,0.570687671320844,test,1.1376940600451548
S409N,-0.4830081550348687,0.067591213565597,test,0.5505993686004658
S409P,-0.9417442753021702,0.0830245729344266,test,1.0247688482365969
S409Q,-0.31009261053260084,0.207630764642222,test,0.5177233751748228
S409R,-0.3286180585860089,0.0645415583033564,test,0.3931596168893653
S409T,-0.30838759895560786,0.836383667613073,test,1.144771266568681
S409V,-0.3098819321048273,0.568186163493949,test,0.8780680955987763
S409W,-0.9462510629730508,0.0721839815190525,test,1.0184350444921033
S409Y,-0.40269229801879936,0.0879815675124237,test,0.49067386553122305
S439A,0.12058676459263898,0.931630235008482,train,0.811043470415843
S439C,-0.05190216525519306,0.903896510503565,test,0.9557986757587581
S439D,-0.05190216525519306,0.309055723949266,test,0.36095788920445904
S439E,-0.05190216525519306,0.186130289445254,test,0.23803245470044707
S439F,-0.05190216525519306,0.95497063585045,test,1.006872801105643
S439G,-0.05190216525519306,0.891527985307733,test,0.9434301505629261
S439H,-0.05190216525519306,0.861605027850133,test,0.9135071931053261
S439I,-0.05190216525519306,0.743758966693932,test,0.7956611319491251
S439K,-0.05190216525519306,0.812960541493176,test,0.8648627067483691
S439L,-0.05190216525519306,0.770081218606532,test,0.8219833838617251
S439M,-0.05190216525519306,0.766034982443328,test,0.8179371476985211
S439N,-0.05190216525519306,0.681111567355442,test,0.7330137326106351
S439P,-0.05190216525519306,0.146748121820003,test,0.19865028707519605
S439Q,-0.05190216525519306,0.648446054466668,test,0.7003482197218611
S439R,-0.05190216525519306,0.725927492106679,test,0.777829657361872
S439T,-0.05190216525519306,0.958281443375781,test,1.0101836086309741
S439V,-0.05190216525519306,0.773552856300542,test,0.8254550215557351
S439W,-0.05190216525519306,0.835527566749746,test,0.8874297320049391
S439Y,-0.05190216525519306,1.0147312640243,test,1.066633429279493
S462A,0.2457942091379174,1.00565441608538,train,0.7598602069474626
S462C,0.010701557017446156,0.980705386457748,test,0.9700038294403018
S462D,0.010701557017446156,0.978948774528967,test,0.9682472175115209
S462E,0.010701557017446156,0.978965186321063,test,0.9682636293036169
S462F,0.010701557017446156,1.02062271258837,test,1.0099211555709238
S462G,0.010701557017446156,1.02672002574711,test,1.0160184687296638
S462H,0.010701557017446156,1.0012164405726,test,0.9905148835551539
S462I,0.010701557017446156,1.00180422194341,test,0.9911026649259639
S462K,0.010701557017446156,1.00554365432979,test,0.9948420973123439
S462L,0.010701557017446156,0.99992420148346,test,0.9892226444660138
S462M,0.010701557017446156,1.01107941254231,test,1.0003778555248637
S462N,0.010701557017446156,0.991316935071698,test,0.9806153780542519
S462P,0.010701557017446156,1.03380635974264,test,1.0231048027251937
S462Q,0.010701557017446156,0.988462839847522,test,0.9777612828300759
S462R,0.010701557017446156,0.998652534512771,test,0.9879509774953249
S462T,0.010701557017446156,0.991890706387714,test,0.9811891493702679
S462V,0.010701557017446156,0.990789148295854,test,0.9800875912784078
S462W,0.010701557017446156,1.00079428638549,test,0.9900927293680438
S462Y,0.010701557017446156,0.967198498421017,test,0.9564969414035709
S49A,0.19147786558393612,0.995178209027059,train,0.8037003434431229
S49C,-0.40339938226017835,0.840097717915771,test,1.2434971001759494
S49D,-0.2254689151731125,0.190721912432092,test,0.4161908276052045
S49E,0.14123614807341603,0.076188054733103,test,0.06504809334031303
S49F,-0.512274566466627,0.177512163154087,test,0.689786729620714
S49G,-0.1212352213210702,0.863815283330393,test,0.9850505046514633
S49H,-0.4415066240424047,0.0889603404982882,test,0.5304669645406929
S49I,-0.7601849141592275,0.107316507241066,test,0.8675014214002935
S49K,-0.552432437044584,0.060368755972702,test,0.612801193017286
S49L,-0.07669806427947976,0.206769521599421,test,0.28346758587890075
S49M,-0.017313026365297052,0.0730666602021174,test,0.09037968656741445
S49N,-0.18264509488868827,0.847162281136405,test,1.0298073760250932
S49P,-0.4994093194358741,0.170716240678956,test,0.67012556011483
S49Q,0.22769101684118645,0.0764372229198507,test,0.15125379392133576
S49R,-0.5332394211337331,0.120152365805779,test,0.6533917869395122
S49T,-0.2006983811101811,0.527705373853959,test,0.7284037549641401
S49V,-0.5476223625892719,1.00622002551884,test,1.5538423881081118
S49W,-0.760383754511022,0.143727313708973,test,0.904111068219995
S49Y,-0.7541577254028681,0.153878448922991,test,0.908036174325859
S4A,-0.13928280451995198,0.777992149747474,train,0.917274954267426
S4C,-0.1818369498114881,0.65532526261976,test,0.8371622124312481
S4D,-0.1818369498114881,0.753998589874636,test,0.9358355396861241
S4E,-0.1818369498114881,0.254683392407426,test,0.4365203422189141
S4F,-0.1818369498114881,0.743352039542101,test,0.9251889893535892
S4G,-0.1818369498114881,0.659929900275245,test,0.8417668500867331
S4H,-0.1818369498114881,0.864137662332716,test,1.0459746121442042
S4I,-0.1818369498114881,0.830137675178562,test,1.01197462499005
S4K,-0.1818369498114881,0.852851312725578,test,1.0346882625370661
S4L,-0.1818369498114881,0.781332779542894,test,0.9631697293543822
S4M,-0.1818369498114881,0.628412537173176,test,0.8102494869846641
S4N,-0.1818369498114881,0.795716462333401,test,0.9775534121448891
S4Q,-0.1818369498114881,0.917576609405434,test,1.099413559216922
S4R,-0.1818369498114881,0.92524571828662,test,1.107082668098108
S4T,-0.1818369498114881,0.715209176409713,test,0.8970461262212012
S4V,-0.1818369498114881,0.260883404425041,test,0.4427203542365291
S4W,-0.1818369498114881,0.709167887570928,test,0.8910048373824161
S4Y,-0.1818369498114881,0.89059340830021,test,1.072430358111698
S50A,0.11234305959487903,0.890991943597115,train,0.778648884002236
S50C,-0.3305068890002446,0.748879748703199,test,1.0793866377034436
S50D,-0.6802768770342821,0.182329248592929,test,0.8626061256272111
S50E,-0.6802768770342821,0.0655787206068332,test,0.7458555976411153
S50F,-0.4214932250474698,0.0738685162273245,test,0.49536174127479426
S50G,-0.03353396404906514,0.830038817699555,test,0.8635727817486202
S50H,-0.6802768770342821,0.0912795882037014,test,0.7715564652379835
S50I,-0.6802768770342821,0.158996633212079,test,0.8392735102463611
S50K,-0.6802768770342821,0.0819818269891908,test,0.7622587040234728
S50L,-0.590106554616136,0.07754186269623,test,0.667648417312366
S50M,-0.6802768770342821,0.0810701243306198,test,0.7613470013649019
S50N,-0.6754551842583941,0.0452039269718211,test,0.7206591112302152
S50P,-0.46232263283975905,0.0398314694653436,test,0.5021541023051026
S50Q,-0.6802768770342821,0.0327425666303208,test,0.7130194436646029
S50R,-0.6802768770342821,0.119699519690751,test,0.7999763967250331
S50T,0.22821217442807265,0.227620855222095,test,0.0005913192059776584
S50V,-0.6802768770342821,0.0439290166607455,test,0.7242058936950275
S50W,-0.6801871631873085,0.0832985620968775,test,0.763485725284186
S50Y,-0.6801731592642971,0.0702024706515412,test,0.7503756299158383
S5A,-0.1759209075470348,0.756331252644743,train,0.9322521601917778
S5C,-0.20015600132502906,0.961604313961982,test,1.161760315287011
S5D,-0.20015600132502906,0.897106695640371,test,1.0972626969654
S5E,-0.20015600132502906,0.862760025914479,test,1.062916027239508
S5F,-0.20015600132502906,0.962607830962808,test,1.162763832287837
S5G,-0.20015600132502906,0.939893750535272,test,1.140049751860301
S5H,-0.20015600132502906,0.99548841275428,test,1.195644414079309
S5I,-0.20015600132502906,0.911738505096994,test,1.111894506422023
S5K,-0.20015600132502906,0.995798082524754,test,1.195954083849783
S5L,-0.20015600132502906,0.8096541576652,test,1.009810158990229
S5M,-0.20015600132502906,0.940845526037772,test,1.1410015273628011
S5N,-0.20015600132502906,1.01878305994157,test,1.218939061266599
S5P,-0.20015600132502906,0.928234663316745,test,1.128390664641774
S5Q,-0.20015600132502906,0.962563043038282,test,1.162719044363311
S5R,-0.20015600132502906,0.948658636057042,test,1.1488146373820711
S5T,-0.20015600132502906,0.559693109970074,test,0.7598491112951031
S5V,-0.20015600132502906,0.675613501310323,test,0.8757695026353521
S5W,-0.20015600132502906,0.889043627453299,test,1.089199628778328
S5Y,-0.20015600132502906,0.983096916896084,test,1.1832529182211131
T106A,0.4157565566397615,0.999452083291853,train,0.5836955266520915
T106C,-0.304007809544116,0.900286674498064,test,1.20429448404218
T106D,-0.4570440627519149,0.613376074980297,test,1.0704201377322118
T106E,-0.5999767203185863,1.22830269563696,test,1.8282794159555462
T106F,-0.8220325710809385,0.0881732069648555,test,0.9102057780457941
T106G,-0.2968364459371603,0.972971900439468,test,1.2698083463766283
T106H,-0.2110623477001091,0.553450603119284,test,0.7645129508193931
T106I,-0.23121902415491422,0.716726682285313,test,0.9479457064402272
T106K,-0.653755157188049,0.159814306745403,test,0.813569463933452
T106L,-0.22762837203062278,0.564369281688661,test,0.7919976537192838
T106M,-0.24026466304630953,0.718770196414829,test,0.9590348594611385
T106N,0.1387785030758796,1.07530328507658,test,0.9365247820007004
T106P,-0.3578261483712136,0.3387078823978,test,0.6965340307690135
T106Q,-0.3954011116586468,0.481498449353889,test,0.8768995610125359
T106R,-0.8220325710809385,0.0516622588959999,test,0.8736948299769385
T106S,0.30997347085759197,0.821306936105257,test,0.511333465247665
T106V,-0.10399577299218374,0.731703195125916,test,0.8356989681180997
T106W,-0.8220325710809385,0.098811595305902,test,0.9208441663868405
T106Y,-0.281504877041835,0.156927636161636,test,0.438432513203471
T108A,0.7541053995730317,1.00192398946618,train,0.2478185898931483
T108C,0.31406936659675433,0.963432161456914,test,0.6493627948601597
T108D,-0.4043171610482287,0.359062906311694,test,0.7633800673599227
T108E,-0.4043171610482287,0.443480228172995,test,0.8477973892212236
T108F,0.26139666094263136,1.45234669562794,test,1.1909500346853088
T108G,-0.1993305240366737,1.00412878939795,test,1.2034593134346236
T108H,-0.40423134516754977,0.801259023780335,test,1.2054903689478849
T108I,0.6153782393346853,0.9917013294527,test,0.3763230901180147
T108K,-0.4043171610482287,0.206506977315446,test,0.6108241383636747
T108L,0.5452863971403376,0.964216896125171,test,0.4189304989848335
T108M,0.4614707730116351,0.987196735115606,test,0.5257259621039709
T108N,-0.40301952693182563,0.973762384026351,test,1.3767819109581767
T108P,0.18134589494866452,0.882547455274446,test,0.7012015603257815
T108Q,-0.4043171610482287,1.04178636374924,test,1.4461035247974685
T108R,-0.4043171610482287,0.0430871435351749,test,0.4474043045834036
T108S,0.48545218337065077,1.01169710912926,test,0.5262449257586092
T108V,0.6451558601668134,0.999797752944183,test,0.3546418927773697
T108W,-0.27846695061555093,0.0899747966619049,test,0.3684417472774558
T108Y,-0.31604104505153996,0.0533191779456292,test,0.36936022299716914
T163A,-0.008261441071562764,0.736929659510988,train,0.7451911005825508
T163C,-0.29967248032088667,0.822488342618866,test,1.1221608229397528
T163D,-1.1128787682264683,0.0443213975255158,test,1.1572001657519841
T163E,-1.1128787682264683,0.157146712750325,test,1.2700254809767932
T163F,-0.9150307313253528,0.0626940519109943,test,0.9777247832363472
T163G,-0.13883149473426956,0.68908251351015,test,0.8279140082444196
T163H,-0.5875570123887653,0.106399732802105,test,0.6939567451908704
T163I,-0.7490290728757477,0.0822538776752329,test,0.8312829505509807
T163K,-1.1128787682264683,0.0717087499169454,test,1.1845875181434136
T163L,-0.5563213531459231,0.0518049387173792,test,0.6081262918633024
T163M,-0.5383535194708612,0.086504173708328,test,0.6248576931791892
T163N,-0.376009149684004,0.767672750999166,test,1.14368190068317
T163P,-0.463783250615735,0.127955546351311,test,0.591738796967046
T163Q,-0.6965057947136261,0.0863837029416322,test,0.7828894976552583
T163R,-0.5269996569733765,0.0616774995719622,test,0.5886771565453387
T163S,-0.049580935621593575,0.896546905779773,test,0.9461278414013666
T163V,-0.3238483638417534,0.3688760237291,test,0.6927243875708534
T163W,-1.1106943967313387,0.0756985076450379,test,1.1863929043763766
T163Y,-0.9408851811936473,0.173814059187778,test,1.1146992403814253
T207A,0.25068492735395653,0.957038196113093,train,0.7063532687591365
T207C,0.43698101313345783,0.975381374914259,test,0.5384003617808012
T207D,-0.2350571627544976,0.929773019209797,test,1.1648301819642946
T207E,-0.23681243630063373,0.914884177829197,test,1.1516966141298306
T207F,-0.04296030621102029,0.896497645207261,test,0.9394579514182814
T207G,0.2633509498923591,1.0192318671707,test,0.7558809172783408
T207H,0.18278122652942455,0.964149244051008,test,0.7813680175215835
T207I,0.23029743626853408,0.899925305942295,test,0.669627869673761
T207K,0.2646871690293008,0.959564562452601,test,0.6948773934233002
T207L,-0.23535511279293106,0.789035703372031,test,1.024390816164962
T207M,0.3230450165483859,0.940414888745944,test,0.6173698721975581
T207N,0.101807343068575,0.990413818945814,test,0.8886064758772391
T207P,-0.22678888686408202,0.404846627193116,test,0.631635514057198
T207Q,-0.23681243630063373,0.956745432789893,test,1.1935578690905266
T207R,0.31885790997334384,0.880158950019849,test,0.5613010400465052
T207S,0.05656515406108978,0.97688034551817,test,0.9203151914570803
T207V,0.7863866070261382,0.941619212355183,test,0.15523260532904481
T207W,-0.23681243630063373,0.984628342311137,test,1.2214407786117707
T207Y,0.2032238227105602,0.951102573451728,test,0.7478787507411678
T222A,-0.18745863054183895,0.777608482720418,train,0.965067113262257
T222C,-0.4869740045641512,0.920927922091326,test,1.407901926655477
T222D,-0.44633823418516705,0.41237137794037,test,0.8587096121255371
T222E,-0.36295824283717193,0.588168705850275,test,0.951126948687447
T222F,-0.6070124431690432,0.247899157427648,test,0.8549116005966912
T222G,-0.34804549802663975,0.256316465536171,test,0.6043619635628108
T222H,-0.4675410374897412,0.328013199665747,test,0.7955542371554882
T222I,-0.38261827926070635,0.811904268780942,test,1.1945225480416484
T222K,-0.31853653674921956,0.673225971938687,test,0.9917625086879066
T222L,-0.37669072744442145,0.730690309528313,test,1.1073810369727344
T222M,-0.3788987930388664,0.78236493951499,test,1.1612637325538564
T222N,-0.30743973941567615,0.358724909315255,test,0.6661646487309312
T222P,-1.0056149062087936,0.0653657525032754,test,1.070980658712069
T222Q,-0.22508788289253476,0.659535633611716,test,0.8846235165042508
T222R,-0.27404750235194475,0.692345154074828,test,0.9663926564267727
T222S,0.03133647887925553,0.916512180989206,test,0.8851757021099504
T222V,-0.45600034261807687,0.795094620072663,test,1.2510949626907397
T222W,-0.8932973954024018,0.0667354932163961,test,0.9600328886187979
T222Y,-0.6876656544411753,0.290323542820103,test,0.9779891972612783
T233A,-0.17225450831599817,0.749523479700722,train,0.9217779880167202
T233C,-0.43712525748830167,1.06003214473526,test,1.4971574022235616
T233D,-0.43340385109879065,0.182142810191022,test,0.6155466612898126
T233E,-0.9576947554802001,0.0885160884514586,test,1.0462108439316586
T233F,-0.5214808822608153,0.0846476237868081,test,0.6061285060476235
T233G,-0.3843299019966565,0.815336852970795,test,1.1996667549674513
T233H,-0.7881258352964723,0.166008853271705,test,0.9541346885681773
T233I,-0.2534919679976916,0.135694118097819,test,0.3891860860955106
T233K,-0.9576947554802001,0.0588047505077801,test,1.0164995059879802
T233L,-0.4820237879318293,0.167939613515361,test,0.6499634014471903
T233M,-0.507135227234904,0.0729877230570377,test,0.5801229502919417
T233N,-0.2076867475015923,0.562225979030045,test,0.7699127265316373
T233P,-0.5495309594082259,0.101240891937845,test,0.650771851346071
T233Q,-0.5333631934867474,0.224658725445789,test,0.7580219189325365
T233R,-0.6196780094641857,0.0498137187650038,test,0.6694917282291896
T233S,0.2882686094876338,0.965750255116644,test,0.6774816456290103
T233V,-0.2870385850265883,0.150931076349324,test,0.4379696613759123
T233W,-0.7763554615301315,0.116635941258904,test,0.8929914027890354
T233Y,-0.38793295873512823,0.0886266933294884,test,0.47655965206461665
T250A,0.6649728919650092,0.994190978921267,train,0.32921808695625776
T250C,0.04860926319198247,1.01423990735001,test,0.9656306441580275
T250D,-0.4502702828235535,0.369483241374464,test,0.8197535241980175
T250E,0.5543762823358575,0.956181312425985,test,0.4018050300901276
T250F,-0.13400871107070986,0.674949987512994,test,0.8089586985837038
T250G,0.008194257854227921,0.957211330287466,test,0.9490170724332381
T250H,0.2671624507366982,0.94312390081573,test,0.6759614500790319
T250I,0.259211562070616,0.905551855321003,test,0.646340293250387
T250K,0.10281506270053567,1.0034222401702,test,0.9006071774696643
T250L,0.20892002585431305,0.896938169098232,test,0.688018143243919
T250M,0.004496533000881847,0.964182687264197,test,0.9596861542633152
T250N,0.2498196367235185,0.937238962137812,test,0.6874193254142935
T250P,-0.5219284803082699,0.130637224278587,test,0.6525657045868569
T250Q,0.610564496130266,0.966063366382814,test,0.355498870252548
T250R,0.17684286933227936,0.99058476423795,test,0.8137418949056707
T250S,0.1927574552935504,0.982274396768458,test,0.7895169414749076
T250V,0.3351238494516334,0.941396682034036,test,0.6062728325824026
T250W,-0.03795991667291107,0.741796722580027,test,0.7797566392529381
T250Y,0.004142276523237648,0.772935580757649,test,0.7687933042344114
T273A,0.5602854505879372,0.989016978167889,train,0.4287315275799518
T273C,-0.12759644577928628,0.97592749269082,test,1.1035239384701063
T273D,-0.01813080393195174,0.986493956106667,test,1.0046247600386187
T273E,0.1067229659088064,0.971578756539281,test,0.8648557906304747
T273F,-0.3247167814092172,0.912616707974951,test,1.2373334893841683
T273G,0.10194969589690897,0.983879447624202,test,0.881929751727293
T273H,0.1593453884557882,0.98338646942533,test,0.8240410809695419
T273I,-0.17790924203460742,0.913059805799161,test,1.0909690478337684
T273K,0.01980574573270713,0.963009367719343,test,0.9432036219866359
T273L,-0.034326204992693427,0.940509824486076,test,0.9748360294787695
T273M,-0.07213414071403643,0.97028416138362,test,1.0424183020976563
T273N,-0.011479511825937955,0.989549211813434,test,1.001028723639372
T273P,-0.33962926737899257,0.85335409058373,test,1.1929833579627225
T273Q,0.33034307391561735,1.00049201211714,test,0.6701489382015225
T273R,0.13378804888908716,0.979696360886383,test,0.8459083119972959
T273S,0.5158829672629272,1.01669928618117,test,0.5008163189182427
T273V,-0.18450261642767915,0.934655621065502,test,1.1191582374931812
T273W,-0.33346492452969867,0.917341900363518,test,1.2508068248932167
T273Y,-0.2335759066624344,0.94414097770727,test,1.1777168843697043
T274A,0.4403290234345342,1.01537426586361,train,0.5750452424290758
T274C,0.05644274510731476,1.00559734574151,test,0.9491546006341952
T274D,0.09924007728793396,0.800392212223353,test,0.7011521349354191
T274E,0.18848109299379492,0.870602146755169,test,0.6821210537613741
T274F,0.15566509148785782,0.910529206560474,test,0.7548641150726162
T274G,0.10473694740076991,0.965522487250148,test,0.8607855398493781
T274H,0.1141302947767017,1.01232685656177,test,0.8981965617850683
T274I,-0.05091882131653977,0.997662168763893,test,1.0485809900804328
T274K,0.03495962384503107,0.981363654679763,test,0.946404030834732
T274L,0.6152816494125394,0.98631478542566,test,0.3710331360131206
T274M,0.11716984980583658,1.00781016997378,test,0.8906403201679435
T274N,-0.07011698851737722,0.948197753152847,test,1.0183147416702243
T274P,-0.49992569927129915,0.857080702266838,test,1.3570064015381371
T274Q,0.17958229617806834,0.999962331856458,test,0.8203800356783897
T274R,0.10541274272500592,0.973567682825051,test,0.8681549401000451
T274S,0.30042251875117076,1.01041543806485,test,0.7099929193136792
T274V,0.35223804392882097,0.964930254619523,test,0.612692210690702
T274W,-0.0063637107371408985,0.931854180381962,test,0.9382178911191029
T274Y,0.13241990141164597,0.939589636647315,test,0.807169735235669
T295A,1.8623753089201573,1.90479885223978,train,0.042423543319622725
T295C,0.7200915779834,0.852055876297441,test,0.131964298314041
T295D,0.9803464652711648,0.261486970330879,test,0.7188594949402858
T295E,0.3624362420359525,0.0752793218612079,test,0.2871569201747446
T295F,0.6353223741411612,0.064025156392312,test,0.5712972177488492
T295G,0.8383797878444953,0.258938275442347,test,0.5794415124021484
T295H,0.6497116087373539,0.0598729112540996,test,0.5898386974832543
T295I,0.6134244180924783,0.0857163113076487,test,0.5277081067848296
T295K,0.3154805142638374,0.0910303440986412,test,0.2244501701651962
T295L,0.7017202765795308,0.0703019071470573,test,0.6314183694324735
T295M,0.5755607045812657,0.0934157300069203,test,0.48214497457434546
T295N,0.6575332493202098,0.163271258859226,test,0.49426199046098385
T295P,0.45357911631760184,0.0897272479067217,test,0.36385186841088013
T295Q,0.47524461322675615,0.0740112087398636,test,0.40123340448689254
T295R,0.5518272989626639,0.109559370701062,test,0.4422679282616019
T295S,1.28685708678621,0.992961126914763,test,0.2938959598714469
T295V,0.6335452000348153,0.122698417248293,test,0.5108467827865223
T295W,0.320835088565676,0.115541530935782,test,0.20529355762989399
T295Y,0.7149252949763626,0.124624543857064,test,0.5903007511192986
T304A,0.44590850093677903,1.00042425899139,train,0.5545157580546111
T304C,-0.38670346559338886,0.965636313640392,test,1.3523397792337808
T304D,0.595628744519166,0.988384665869631,test,0.392755921350465
T304E,0.11330841380671122,1.21780004677332,test,1.1044916329666088
T304F,-0.3589583614842059,0.452164101474273,test,0.8111224629584789
T304G,0.24165273319750794,1.01584365900708,test,0.7741909258095722
T304H,0.3475215071529437,0.989114629899008,test,0.6415931227460643
T304I,-0.5713653276249223,0.820866480013903,test,1.3922318076388254
T304K,0.08486436188529792,0.90687800090188,test,0.8220136390165821
T304L,-0.20620916446920065,0.906995281705349,test,1.1132044461745496
T304M,-0.31241863088890687,0.979571957970548,test,1.2919905888594547
T304N,0.47208276081640543,0.9479153501188,test,0.4758325893023946
T304P,0.4352946885818053,1.32069050553235,test,0.8853958169505446
T304Q,-0.13536408171674838,0.950528754258754,test,1.0858928359755025
T304R,0.16908323318974153,0.91333882078189,test,0.7442555875921485
T304S,0.8554163101774962,1.02587898174792,test,0.17046267157042372
T304V,-0.12096206999903134,0.860216364888589,test,0.9811784348876204
T304W,-0.1217211117408222,0.3200878979932,test,0.44180900973402215
T304Y,-0.09038783024831817,0.413869432067976,test,0.5042572623162942
T322A,0.32068809618125516,0.93766483797462,train,0.6169767417933648
T322C,-0.18737506504012233,0.951349586195103,test,1.1387246512352254
T322D,-0.9308823582319893,0.400398226682897,test,1.3312805849148863
T322E,-0.9308823582319893,0.14584915346514,test,1.0767315116971292
T322F,-0.20490783765746942,0.847801821738326,test,1.0527096593957954
T322G,-0.2975362189775165,0.941262691703502,test,1.2387989106810184
T322H,-0.3924936009593768,0.900740199060489,test,1.2932338000198658
T322I,-0.020960615210299544,0.898880329537227,test,0.9198409447475265
T322K,-0.9308823582319893,0.72377894476707,test,1.6546613029990593
T322L,-0.07311614447140999,0.871258459449354,test,0.944374603920764
T322M,-0.2228237619955283,0.849073989632131,test,1.0718977516276593
T322N,-0.23653090573384924,0.922107821721429,test,1.1586387274552783
T322P,-0.9301058748508638,0.705458197314063,test,1.635564072164927
T322Q,-0.7013173475034152,0.916862981936688,test,1.6181803294401034
T322R,-0.4949953077602002,0.156281591788838,test,0.6512768995490381
T322S,-0.07412793842809182,0.991027741755244,test,1.0651556801833357
T322V,0.6575717717414343,0.925899163006518,test,0.26832739126508365
T322W,-0.9308823582319893,0.11333553676726,test,1.0442178949992493
T322Y,-0.16013089456799565,0.542710636967218,test,0.7028415315352137
T324A,-0.28763829713316935,0.715178031635919,train,1.0028163287690883
T324C,-0.7310399896628977,0.829454834170035,test,1.5604948238329328
T324D,-0.8400451318702061,0.0827841728006618,test,0.922829304670868
T324E,-1.0368025931009999,0.0469027232372468,test,1.0837053163382466
T324F,-0.7282348306918281,0.0873749672813938,test,0.815609797973222
T324G,-0.007809252489259982,0.851916723427411,test,0.859725975916671
T324H,-0.5680757269760915,0.0462743402541259,test,0.6143500672302175
T324I,-0.6611461442946135,0.108416683536733,test,0.7695628278313464
T324K,-1.2200568958539708,0.0786535966113615,test,1.2987104924653323
T324L,-0.6068382733868608,0.121600197207018,test,0.7284384705938788
T324M,-0.5700907707515371,0.604539189914234,test,1.1746299606657713
T324N,-0.4411452558167913,0.730621869333453,test,1.1717671251502444
T324P,-0.6196297330543009,0.136710237651074,test,0.756339970705375
T324Q,-1.2200568958539708,0.754583991521141,test,1.9746408873751118
T324R,-0.9078453932410476,0.0855841275264583,test,0.9934295207675059
T324S,-0.308415083623068,0.817966829951939,test,1.126381913575007
T324V,-0.5457751975751742,0.595105600593793,test,1.1408807981689673
T324W,-1.2200568958539708,0.062471887033934,test,1.2825287828879048
T324Y,-0.780728125203454,0.234249298697829,test,1.014977423901283
T344A,0.2756560449080908,1.023309100648,train,0.7476530557399091
T344C,0.02563247490253287,0.994155174281208,test,0.9685226993786752
T344D,0.02563247490253287,0.942084509122355,test,0.9164520342198221
T344E,0.02563247490253287,0.950353312877755,test,0.9247208379752222
T344F,0.02563247490253287,0.919346170895454,test,0.8937136959929212
T344G,0.02563247490253287,1.01796619932613,test,0.9923337244235971
T344H,0.02563247490253287,0.971431140526128,test,0.9457986656235952
T344I,0.02563247490253287,0.916369228197592,test,0.8907367532950592
T344K,0.02563247490253287,0.953669871088947,test,0.9280373961864141
T344L,0.02563247490253287,0.930212570981732,test,0.9045800960791992
T344M,0.02563247490253287,0.980756817172896,test,0.9551243422703631
T344N,0.02563247490253287,0.980878852515472,test,0.9552463776129392
T344P,0.02563247490253287,0.532712622425568,test,0.5070801475230352
T344Q,0.02563247490253287,0.976830161808224,test,0.9511976869056912
T344R,0.02563247490253287,0.962408540740344,test,0.9367760658378111
T344S,0.02563247490253287,1.00627324053282,test,0.9806407656302872
T344V,0.02563247490253287,0.920033307268425,test,0.8944008323658922
T344W,0.02563247490253287,0.911550178278986,test,0.8859177033764531
T344Y,0.02563247490253287,0.946201837515064,test,0.9205693626125312
T364A,0.4773147313466538,0.991533259355045,train,0.5142185280083912
T364C,0.2006752561764348,0.984229712566544,test,0.7835544563901092
T364D,-0.7279501413747459,0.907686381550107,test,1.6356365229248528
T364E,-0.7279501413747459,0.796492606582982,test,1.5244427479577278
T364F,0.03578779470996776,0.948786894886591,test,0.9129991001766232
T364G,-0.5628331878655141,0.943330084306307,test,1.506163272171821
T364H,-0.7279501413747459,0.984818833519808,test,1.712768974894554
T364I,0.11915420788611689,0.928850321348023,test,0.8096961134619062
T364K,-0.720545992385213,0.0247494625039632,test,0.7452954548891761
T364L,0.21452564494146534,0.685967415224008,test,0.47144177028254264
T364M,0.20465014962535624,0.944703177795915,test,0.7400530281705587
T364N,-0.7279501413747459,0.986092871270241,test,1.714043012644987
T364P,-0.7238061020726801,0.210230619352092,test,0.9340367214247721
T364Q,-0.5264250665404008,0.978295670900948,test,1.5047207374413487
T364R,-0.28623951190852315,0.0949438838284783,test,0.38118339573700144
T364S,-0.017186097887940427,0.998557255651655,test,1.0157433535395954
T364V,0.2422449311808809,0.962800692457024,test,0.7205557612761432
T364W,0.03966692864535806,0.768366392914606,test,0.7286994642692479
T364Y,-0.3728342723392565,0.956632640638211,test,1.3294669129774674
T391A,-0.2800902679138705,0.668378296588928,train,0.9484685645027985
T391C,-0.3639067529225851,0.814887512677912,test,1.178794265600497
T391D,-0.6302773048449571,0.0739306747821974,test,0.7042079796271545
T391E,-0.5192703616179036,0.113228580684138,test,0.6324989423020416
T391F,-0.46792109119908376,0.105465063612488,test,0.5733861548115717
T391G,-0.33526275429459174,0.687053326927027,test,1.0223160812216188
T391H,-0.8290299132129836,0.825162562000303,test,1.6541924752132866
T391I,-0.2476383626283528,0.21738194098679,test,0.4650203036151428
T391K,-0.8370218720101573,0.200903080849287,test,1.0379249528594443
T391L,-0.11706598349093186,0.104801680737295,test,0.22186766422822685
T391M,-0.24432155185926016,0.695798610879917,test,0.9401201627391772
T391N,-0.23774420704744012,0.648909433686761,test,0.8866536407342012
T391P,-0.5200561034417118,0.629465269562123,test,1.149521373003835
T391Q,-0.11681011820744511,0.599559012728303,test,0.7163691309357482
T391R,-1.0920207580567804,0.159805943865464,test,1.2518267019222444
T391S,-0.41072638150746676,0.89128814342332,test,1.3020145249307866
T391V,-0.28589582118741175,0.738264256102737,test,1.0241600772901487
T391W,-1.1024263233458267,0.101772100289272,test,1.2041984236350987
T391Y,-0.8923415765581922,0.132648046953118,test,1.0249896235113103
T41A,0.5280012482496482,0.940576017044738,train,0.4125747687950898
T41C,-0.04927034567788299,0.891059503997906,test,0.940329849675789
T41D,-0.6257266721024107,0.346535758451455,test,0.9722624305538657
T41E,-0.26888531216089573,0.863039318003327,test,1.1319246301642227
T41F,-0.0493247816037726,0.401624757882113,test,0.45094953948588556
T41G,-0.05969477882281313,0.715780429551159,test,0.7754752083739721
T41H,-0.3204669372257477,0.595266999566755,test,0.9157339367925027
T41I,0.18435402613503063,0.64713642196551,test,0.4627823958304794
T41K,-0.17034904394246939,0.674159704882677,test,0.8445087488251464
T41L,0.1684660594926776,0.811233284219406,test,0.6427672247267284
T41M,-0.11022201945943019,0.863514734423349,test,0.9737367538827792
T41N,-0.4380920608835933,0.67533642569043,test,1.1134284865740232
T41P,-0.8172684970914789,0.355843935692484,test,1.1731124327839628
T41Q,-0.18291784751560977,0.839262542582469,test,1.0221803900980788
T41R,-0.02864425513135624,0.733561941875048,test,0.7622061970064042
T41S,0.018182123454095894,0.927638974805149,test,0.9094568513510531
T41V,0.36157261134868224,0.850138976860631,test,0.48856636551194876
T41W,-0.3140259239197135,0.348166297475282,test,0.6621922213949956
T41Y,-0.19477443738866848,0.365450992943512,test,0.5602254303321805
T460A,0.23519695489072015,0.999389189044273,train,0.7641922341535529
T460C,0.0054029298938475245,1.00190485257762,test,0.9965019226837725
T460D,0.0054029298938475245,1.02383220388321,test,1.0184292739893623
T460E,0.0054029298938475245,1.01019700260642,test,1.0047940727125724
T460F,0.0054029298938475245,1.01988928125806,test,1.0144863513642124
T460G,0.0054029298938475245,1.02977028113323,test,1.0243673512393825
T460H,0.0054029298938475245,1.01116165660128,test,1.0057587267074324
T460I,0.0054029298938475245,1.00671718886634,test,1.0013142589724924
T460K,0.0054029298938475245,0.978303687814346,test,0.9729007579204985
T460L,0.0054029298938475245,1.0074974541272,test,1.0020945242333523
T460M,0.0054029298938475245,0.988334021107667,test,0.9829310912138195
T460N,0.0054029298938475245,1.00741267560373,test,1.0020097457098824
T460P,0.0054029298938475245,1.01963223664012,test,1.0142293067462724
T460Q,0.0054029298938475245,1.00350743482133,test,0.9981045049274825
T460R,0.0054029298938475245,1.00194062623944,test,0.9965376963455924
T460S,0.0054029298938475245,1.02175085595106,test,1.0163479260572124
T460V,0.0054029298938475245,1.02200034164691,test,1.0165974117530623
T460W,0.0054029298938475245,1.00860703161107,test,1.0032041017172224
T460Y,0.0054029298938475245,1.0202793947094,test,1.0148764648155524
T51A,-1.3114234707639094,0.0470112842120053,train,1.3584347549759148
T51C,-0.7325198306063226,0.183157387440006,test,0.9156772180463286
T51D,-1.6621537796252102,0.232146575264326,test,1.894300354889536
T51E,-1.6621537796252102,0.0430791392652306,test,1.7052329188904407
T51F,-1.141637337407533,0.120082438287682,test,1.261719775695215
T51G,-1.4431382147482121,0.0706285429421792,test,1.5137667576903913
T51H,-1.154804627072118,0.0616701721486765,test,1.2164747992207945
T51I,-0.6889695747381376,0.0950637014163112,test,0.7840332761544487
T51K,-1.4809010956266133,0.105052071121685,test,1.5859531667482982
T51L,-0.7942511299521898,0.056294482827876,test,0.8505456127800658
T51M,-1.3247530185720982,0.0893711203779774,test,1.4141241389500756
T51N,-0.7702403573200248,0.709697633613338,test,1.479937990933363
T51P,-1.655974127282469,0.0773583580637303,test,1.7333324853461993
T51Q,-1.258743165289044,0.122223756889425,test,1.380966922178469
T51R,-1.5710509572613263,0.070198377890751,test,1.6412493351520772
T51S,-0.7764404830093484,0.838954813637259,test,1.6153952966466074
T51V,-0.6099763991684254,0.0852690042814099,test,0.6952454034498353
T51W,-1.6621537796252102,0.0695805617653117,test,1.731734341390522
T51Y,-1.6619574122196492,0.104505465537737,test,1.7664628777573863
T53A,-1.3292313114082994,0.0612631821357009,train,1.3904944935440002
T53C,-1.0859874066301483,0.316048143633744,test,1.4020355502638924
T53D,-1.2853866849543627,0.095979962737584,test,1.3813666476919466
T53E,-1.1454036916886874,0.0672159456144163,test,1.2126196373031037
T53F,-0.8878948278312383,0.142445965486397,test,1.0303407933176354
T53G,-0.9991271212501304,0.181661011836358,test,1.1807881330864884
T53H,-1.4001489796017081,0.0811261008743164,test,1.4812750804760246
T53I,-0.8518088561610647,0.103563867431663,test,0.9553727235927277
T53K,-1.064258547179089,0.0971704525984059,test,1.161428999777495
T53L,-0.8169826233634699,0.0620431886941599,test,0.8790258120576299
T53M,-0.8992050698783512,0.219467087052411,test,1.1186721569307623
T53N,-0.899764102496646,0.106133762443072,test,1.005897864939718
T53P,-1.0013289495401405,0.097151639891575,test,1.0984805894317156
T53Q,-0.8895481873166621,0.077464516429556,test,0.9670127037462181
T53R,-1.0920582012795783,0.11420082140619,test,1.2062590226857683
T53S,-0.3571158202701067,0.738265643654647,test,1.0953814639247537
T53V,-0.8841001186570264,0.0647843249959498,test,0.9488844436529762
T53W,-1.6220411805895485,0.176516203057486,test,1.7985573836470345
T53Y,-1.1342835195193508,0.133091425372643,test,1.2673749448919938
T59A,-0.3608703995985273,0.603036652445735,train,0.9639070520442623
T59C,-0.8924466266709147,0.806556087925709,test,1.6990027145966238
T59D,-0.22267467039720076,0.215754207905768,test,0.4384288783029687
T59E,-0.37366203550337607,0.191990657312457,test,0.5656526928158331
T59F,-0.5555267837652659,0.893791298871457,test,1.449318082636723
T59G,-0.17770449929354934,0.801788055372412,test,0.9794925546659614
T59H,-0.5166899335061638,0.675791296780057,test,1.1924812302862207
T59I,-0.5324793508182116,0.790617474227344,test,1.3230968250455555
T59K,-0.4316713984144894,0.664837384552736,test,1.0965087829672253
T59L,-0.45726543493988403,0.74966300851453,test,1.206928443454414
T59M,-0.6480954394753796,0.829024167468678,test,1.4771196069440578
T59N,-0.332643407740321,0.856522934579378,test,1.189166342319699
T59P,-0.3982038777762046,0.54425186140142,test,0.9424557391776246
T59Q,-0.48841549825686437,0.573575735392748,test,1.0619912336496125
T59R,-0.32114903778615334,0.425662452680824,test,0.7468114904669774
T59S,-0.119887812016881,0.842006809506162,test,0.9618946215230431
T59V,-0.3273746666682701,0.721250016145724,test,1.048624682813994
T59W,-0.9450437536161872,0.625044698197122,test,1.5700884518133091
T59Y,-0.4563959585304408,0.899447620882349,test,1.3558435794127899
T60A,-0.2273268891140162,0.725939404126724,train,0.9532662932407402
T60C,-0.22585899210852065,0.790136954008724,test,1.0159959461172445
T60D,-0.22585899210852065,0.858432137106427,test,1.0842911292149475
T60E,-0.22585899210852065,0.781172422560169,test,1.0070314146686896
T60F,-0.22585899210852065,0.693322340336541,test,0.9191813324450617
T60G,-0.22585899210852065,0.689174728738699,test,0.9150337208472197
T60H,-0.22585899210852065,0.747686696153347,test,0.9735456882618677
T60I,-0.22585899210852065,0.79591213109353,test,1.0217711232020505
T60K,-0.22585899210852065,0.720232495048041,test,0.9460914871565617
T60L,-0.22585899210852065,0.833841476126113,test,1.0597004682346336
T60M,-0.22585899210852065,0.77770703168776,test,1.0035660237962807
T60N,-0.22585899210852065,0.853321544296806,test,1.0791805364053266
T60P,-0.22585899210852065,0.147721978753624,test,0.37358097086214465
T60Q,-0.22585899210852065,0.736337428643695,test,0.9621964207522157
T60R,-0.22585899210852065,0.711519542729235,test,0.9373785348377557
T60S,-0.22585899210852065,0.798620365851131,test,1.0244793579596516
T60V,-0.22585899210852065,0.76376165950082,test,0.9896206516093407
T60W,-0.22585899210852065,0.563224154869443,test,0.7890831469779637
T60Y,-0.22585899210852065,0.657688609966693,test,0.8835476020752137
T64A,0.18921276178455462,0.935667009533696,train,0.7464542477491414
T64C,-0.6492694751835367,0.929501184011385,test,1.5787706591949218
T64D,-0.32620055188582275,0.409609120896335,test,0.7358096727821577
T64E,-0.26709145576572835,0.233534083583327,test,0.5006255393490553
T64F,-0.1188867141328401,0.0816853574654605,test,0.2005720715983006
T64G,-0.28526357681511383,0.763975172271424,test,1.0492387490865378
T64H,-0.24725653372520315,0.650262902995448,test,0.8975194367206512
T64I,0.12373714275209804,0.734939222954715,test,0.611202080202617
T64K,-0.14317173253395796,0.150710229483142,test,0.29388196201709993
T64L,0.005005285219961714,0.463812138502007,test,0.4588068532820453
T64M,-0.1458410218445326,0.339956731705068,test,0.48579775354960064
T64N,-0.5054352567192056,0.456471037686502,test,0.9619062944057076
T64P,-0.28329697793872943,0.295294508997519,test,0.5785914869362485
T64Q,-0.11407971166661954,0.339424637052861,test,0.45350434871948053
T64R,0.2631138623691719,0.199278797185709,test,0.06383506518346288
T64S,0.1710412480463003,0.945791859122137,test,0.7747506110758368
T64V,-0.0008614627491304316,0.952403791178894,test,0.9532652539280244
T64W,-0.18176445687509565,0.123475985238615,test,0.30524044211371065
T64Y,-0.07605984020551157,0.127691064417947,test,0.20375090462345857
T81A,0.9179965024798254,0.982767455372562,train,0.0647709528927366
T81C,0.7346063785855447,1.01320163028988,test,0.2785952517043354
T81D,-0.07277135113082198,0.0969456260243885,test,0.16971697715521047
T81E,-0.07268794238940432,0.145758524810445,test,0.2184464671998493
T81F,0.7231633655886488,0.961477504490201,test,0.23831413890155217
T81G,0.4993392479927047,0.341887298051559,test,0.1574519499411457
T81H,-0.07277135113082198,0.268140295141792,test,0.34091164627261394
T81I,1.0254690600006902,1.00622225734927,test,0.019246802651420092
T81K,-0.07277135113082198,0.078811792103836,test,0.151583143234658
T81L,0.8617227600237564,0.97178699238672,test,0.11006423236296359
T81M,1.558614455357873,1.0234178960185,test,0.5351965593393728
T81N,-0.07277135113082198,0.272957271512447,test,0.345728622643269
T81P,-0.05082833166435238,0.109950711140441,test,0.16077904280479338
T81Q,-0.07277135113082198,0.388182458408015,test,0.460953809538837
T81R,-0.07242274667439327,0.0270530961114947,test,0.09947584278588797
T81S,0.419380880171914,0.715557238115832,test,0.29617635794391806
T81V,1.1757439501730487,1.03803686250117,test,0.13770708767187867
T81W,-0.07277135113082198,0.236490049438368,test,0.30926140056918994
T81Y,0.391944810188782,0.656146569395664,test,0.26420175920688194
T95A,0.22733414450489567,0.994740598843518,train,0.7674064543386223
T95C,0.0014715247009352839,1.00487696251507,test,1.0034054378141346
T95D,0.0014715247009352839,0.994503212269028,test,0.9930316875680928
T95E,0.0014715247009352839,0.98235648136256,test,0.9808849566616248
T95F,0.0014715247009352839,0.981622100484063,test,0.9801505757831277
T95G,0.0014715247009352839,0.987264889046541,test,0.9857933643456057
T95H,0.0014715247009352839,0.987774342965438,test,0.9863028182645027
T95I,0.0014715247009352839,0.960019848881841,test,0.9585483241809057
T95K,0.0014715247009352839,1.02465705591936,test,1.0231855312184246
T95L,0.0014715247009352839,1.0168816611799,test,1.0154101364789647
T95M,0.0014715247009352839,0.975140419517248,test,0.9736688948163127
T95N,0.0014715247009352839,1.00933998860973,test,1.0078684639087947
T95P,0.0014715247009352839,0.821199674540843,test,0.8197281498399077
T95Q,0.0014715247009352839,1.00529304902274,test,1.0038215243218047
T95R,0.0014715247009352839,1.0166524811486,test,1.0151809564476646
T95S,0.0014715247009352839,1.00964862332807,test,1.0081770986271346
T95V,0.0014715247009352839,0.978132518284169,test,0.9766609935832338
T95W,0.0014715247009352839,0.976787392114171,test,0.9753158674132357
T95Y,0.0014715247009352839,0.946242757762076,test,0.9447712330611407
V118A,0.2026187663319773,0.883559830151951,train,0.6809410638199738
V118C,-0.3434336016184568,0.904066608570374,test,1.2475002101888308
V118D,-0.23895526795582653,0.073457888343042,test,0.3124131562988685
V118E,-0.48812897151147394,0.057848786456131,test,0.545977757967605
V118F,0.016661686342891585,1.08818001101393,test,1.0715183246710382
V118G,-0.23814221903053698,0.324361949080462,test,0.562504168110999
V118H,0.15679692902316825,1.02168572407174,test,0.8648887950485719
V118I,0.699690439534158,0.980261123008627,test,0.280570683474469
V118K,-0.290174998148346,0.486950064588895,test,0.777125062737241
V118L,0.30624036804852983,0.95049011642184,test,0.6442497483733102
V118M,-0.08281107610504299,0.910694617978082,test,0.9935056940831251
V118N,-0.3086941883575681,0.930692200574902,test,1.23938638893247
V118P,-0.4161091593325942,0.371208281324004,test,0.7873174406565981
V118Q,-0.28031940226225893,0.652714127830443,test,0.933033530092702
V118R,-0.34630511635157235,0.10481823309599,test,0.4511233494475624
V118S,-0.07928742923766782,0.736379920912387,test,0.8156673501500549
V118T,-0.09033045928403757,0.797753251351764,test,0.8880837106358016
V118W,-0.3467172440784493,0.321552062372146,test,0.6682693064505953
V118Y,-0.06290984277203057,1.11057748341255,test,1.1734873261845804
V128A,0.33026112940926267,0.946248032024791,train,0.6159869026155284
V128C,-0.4533628485597315,0.954537294365792,test,1.4079001429255236
V128D,-0.3601726876788568,0.0936871170363467,test,0.4538598047152035
V128E,-0.35329073814843415,0.114927806684967,test,0.46821854483340114
V128F,0.561735847500208,0.952829780393492,test,0.391093932893284
V128G,-0.11077250464385044,0.475422745045766,test,0.5861952496896164
V128H,-0.5302573638220828,0.66714630136976,test,1.197403665191843
V128I,0.6587149821785793,0.979439896937916,test,0.32072491475933673
V128K,-0.3651966314024143,0.0995944738454805,test,0.4647911052478948
V128L,0.8764959494374508,0.98879876201408,test,0.11230281257662922
V128M,0.5218712301376348,0.917582576070234,test,0.39571134593259916
V128N,-0.5259771274199853,0.179160756913497,test,0.7051378843334822
V128P,0.19180713880752323,0.455494015782236,test,0.2636868769747127
V128Q,-0.48981873816858934,0.437500892128619,test,0.9273196302972083
V128R,-0.5302573638220828,0.109711917320492,test,0.6399692811425748
V128S,-0.2613673959732269,0.649373908820623,test,0.9107413047938498
V128T,-0.13648018980951923,0.784911989962132,test,0.9213921797716512
V128W,0.26275323346693347,0.887140659068166,test,0.6243874256012325
V128Y,0.1386854008767481,0.781159786443057,test,0.6424743855663089
V141A,0.755915200034016,1.03661717827177,train,0.2807019782377539
V141C,0.8273015486889702,1.0151700671943,test,0.18786851850532982
V141D,0.0040782994223726166,1.00806665364596,test,1.0039883542235872
V141E,0.10625612225542339,1.01675811795033,test,0.9105019956949066
V141F,0.5014289315226798,0.978367483588185,test,0.4769385520655053
V141G,0.20891938058543294,1.00274963391147,test,0.7938302533260372
V141H,0.5103515119750842,0.995843759743319,test,0.48549224776823474
V141I,0.5746419854268102,1.00592687397816,test,0.4312848885513497
V141K,0.8953553376004796,0.998433365809152,test,0.1030780282086724
V141L,0.7350790127235617,0.979862565690028,test,0.24478355296646637
V141M,0.7866878721033946,0.997343156527894,test,0.21065528442449932
V141N,0.37123206391654373,0.995569592987276,test,0.6243375290707323
V141P,-0.12591696453739795,0.898205106023236,test,1.024122070560634
V141Q,0.4459455357218026,1.02037600845447,test,0.5744304727326673
V141R,0.5498088352325646,1.018615965678,test,0.4688071304454354
V141S,0.19461239134316136,1.02552660355593,test,0.8309142122127687
V141T,0.9100515800662362,1.0289527521613,test,0.11890117209506379
V141W,0.4289818476379793,0.983230271357941,test,0.5542484237199617
V141Y,0.6702766114833595,0.982750399163953,test,0.31247378768059353
V149A,0.50867374277339,0.999529237845794,train,0.490855495072404
V149C,-0.3475412366004277,1.00907984725859,test,1.3566210838590176
V149D,-0.3274581161874578,0.978803009106029,test,1.3062611252934868
V149E,-0.1781583794475535,0.994020349652683,test,1.1721787291002366
V149F,0.044828670874889426,0.978833782656655,test,0.9340051117817656
V149G,-0.2779245921329577,0.987006245685971,test,1.2649308378189286
V149H,0.11501008194145848,1.00079677670149,test,0.8857866947600316
V149I,0.8048633184259134,0.98069328326574,test,0.1758299648398266
V149K,0.29368621141529216,0.99936565953642,test,0.7056794481211278
V149L,0.40317357813816435,0.994567159029853,test,0.5913935808916887
V149M,0.1544243640493376,1.01018334604647,test,0.8557589819971324
V149N,-0.43598225828771253,1.00651211782563,test,1.4424943761133426
V149P,-0.6594235472153528,0.969429352864409,test,1.6288529000797618
V149Q,-0.029893945108219938,1.02871582494244,test,1.0586097700506598
V149R,0.4170501893861319,0.994125916421993,test,0.5770757270358611
V149S,0.054332068446229315,1.00429125402434,test,0.9499591855781108
V149T,0.2739740546736128,1.01988810938341,test,0.7459140547097972
V149W,-0.01956010901958946,0.957262089807914,test,0.9768221988275035
V149Y,0.326121878935402,0.965220740303754,test,0.639098861368352
V155A,0.21674684380150402,0.988481256459935,train,0.771734412658431
V155C,-0.0038221256507603163,1.00252637218984,test,1.0063484978406003
V155D,-0.0038221256507603163,1.0056697435122,test,1.0094918691629602
V155E,-0.0038221256507603163,0.998784463607431,test,1.0026065892581912
V155F,-0.0038221256507603163,0.947778464707088,test,0.9516005903578484
V155G,-0.0038221256507603163,1.00409427173261,test,1.0079163973833702
V155H,-0.0038221256507603163,0.995012763264266,test,0.9988348889150264
V155I,-0.0038221256507603163,0.998755951131729,test,1.0025780767824892
V155K,-0.0038221256507603163,1.02625933901653,test,1.0300814646672902
V155L,-0.0038221256507603163,0.993700342006306,test,0.9975224676570663
V155M,-0.0038221256507603163,0.983025425900937,test,0.9868475515516973
V155N,-0.0038221256507603163,1.00175009772222,test,1.0055722233729802
V155P,-0.0038221256507603163,0.993014584551593,test,0.9968367102023533
V155Q,-0.0038221256507603163,0.995089362705882,test,0.9989114883566423
V155R,-0.0038221256507603163,0.994832700277787,test,0.9986548259285474
V155S,-0.0038221256507603163,1.02266953102442,test,1.0264916566751803
V155T,-0.0038221256507603163,0.986785985377497,test,0.9906081110282573
V155W,-0.0038221256507603163,0.940529256478827,test,0.9443513821295874
V155Y,-0.0038221256507603163,0.987867072374778,test,0.9916891980255383
V160A,0.20256244303463214,0.932521934530202,train,0.7299594914955699
V160C,-0.37737286576948426,0.986303853242422,test,1.3636767190119063
V160D,-0.5336865580333988,0.043416187518552,test,0.5771027455519508
V160E,-0.5336865580333988,0.0771338142718465,test,0.6108203723052453
V160F,0.32482820125697087,0.766351968852881,test,0.44152376759591017
V160G,-0.35260830757783734,0.059022362609608,test,0.41163067018744537
V160H,0.2413876042803557,0.108382798308759,test,0.1330048059715967
V160I,1.1136513866664786,0.992958584239117,test,0.12069280242736158
V160K,-0.5336865580333988,0.0521850962201488,test,0.5858716542535476
V160L,0.4823631943418297,0.98468964943874,test,0.5023264550969103
V160M,0.32441039339135236,0.980761765380842,test,0.6563513719894897
V160N,-0.5336865580333988,0.0918912091671057,test,0.6255777672005045
V160P,0.059620637999599296,0.143577041608994,test,0.08395640360939471
V160Q,-0.34446627857390444,0.112037458361001,test,0.4565037369349054
V160R,-0.5332820770766439,0.0589128698959394,test,0.5921949469725832
V160S,-0.003950802355029509,0.119756376671293,test,0.12370717902632251
V160T,-0.20846675101259157,0.931495876408086,test,1.1399626274206776
V160W,-0.5336865580333988,0.109259002171221,test,0.6429455602046198
V160Y,-0.033848765194119806,0.0631246836957759,test,0.0969734488898957
V161A,0.4373298670787712,0.919271867655183,train,0.4819420005764118
V161C,-0.16080572730501283,0.935654681113234,test,1.0964604084182468
V161D,-0.824691819083163,0.10216650687622,test,0.926858325959383
V161E,-0.5083729932707145,0.54196973851394,test,1.0503427317846545
V161F,0.07831481726624615,0.859024173035817,test,0.7807093557695709
V161G,-0.5733457500158513,0.607206989297363,test,1.1805527393132142
V161H,-0.8293396663910454,0.807935283289841,test,1.6372749496808865
V161I,0.031090628357412747,0.962099513804143,test,0.9310088854467303
V161K,-0.8293396663910454,0.0677825692042075,test,0.8971222355952528
V161L,0.1937315452977139,0.992052145472063,test,0.7983206001743491
V161M,-0.11436531638041844,0.909722768657424,test,1.0240880850378424
V161N,-0.8293396663910454,0.90858238700845,test,1.7379220533994952
V161P,-0.8293396663910454,0.458266287026702,test,1.2876059534177475
V161Q,-0.3458060337947749,0.823520536977922,test,1.169326570772697
V161R,-0.8293396663910454,0.708047967988251,test,1.5373876343792965
V161S,0.025117459746531928,0.920508634890251,test,0.8953911751437191
V161T,0.1281474892454814,0.980032304294395,test,0.8518848150489137
V161W,-0.8269757152476868,0.643719257302549,test,1.4706949725502358
V161Y,-0.30774400578929784,0.78931195791328,test,1.0970559637025779
V211A,0.27935769553265477,0.949275969580267,train,0.6699182740476123
V211C,0.14703076110546412,0.98191191439652,test,0.8348811532910559
V211D,-0.9299191876473415,0.0531524731442527,test,0.9830716607915941
V211E,-0.9247444155409447,0.0713483559877865,test,0.9960927715287311
V211F,-0.21446864502806826,0.758766993416419,test,0.9732356384444872
V211G,-0.2793157479471272,0.102383025903825,test,0.3816987738509522
V211H,-0.5991109700247205,0.107080732462133,test,0.7061917024868535
V211I,0.3589593665969365,0.968718812940404,test,0.6097594463434675
V211K,-0.5015310693424525,0.0627395728606336,test,0.5642706422030861
V211L,-0.005825046195056277,0.93935809095673,test,0.9451831371517863
V211M,0.0916640229187903,0.967000227646663,test,0.8753362047278728
V211N,-0.38087153576359156,0.0321026304358202,test,0.41297416619941174
V211P,-0.8884385580505686,0.061344888889459,test,0.9497834469400276
V211Q,-0.9299191876473415,0.594429884216942,test,1.5243490718642834
V211R,-0.9298326867759105,0.0686360823345375,test,0.9984687691104479
V211S,-0.017877717313055402,0.679214343410849,test,0.6970920607239044
V211T,0.007818967519325565,0.936091649916389,test,0.9282726823970635
V211W,-0.9269047118545707,0.0887789378760071,test,1.015683649730578
V211Y,-0.12638725305738405,0.844962893039261,test,0.971350146096645
V247A,0.30827616399570046,0.81695491770205,train,0.5086787537063495
V247C,0.20597093198696884,0.937277318224149,test,0.7313063862371801
V247D,-0.702873994206293,0.0873853859617105,test,0.7902593801680036
V247E,-0.702873994206293,0.06756115268185,test,0.7704351468881431
V247F,-0.3641510654000347,0.861150376688952,test,1.2253014420889867
V247G,-0.03414492329045102,0.190148504203315,test,0.22429342749376602
V247H,-0.702873994206293,0.512099148706763,test,1.2149731429130561
V247I,1.0380439325320492,1.0069959671268,test,0.031047965405249123
V247K,-0.702873994206293,0.105062484286003,test,0.807936478492296
V247L,0.16653833520059771,0.975703661316855,test,0.8091653261162574
V247M,-0.06717733740438389,0.977351044764693,test,1.044528382169077
V247N,-0.702873994206293,0.108291973567099,test,0.811165967773392
V247P,-0.6984584018369112,0.0381189770330643,test,0.7365773788699755
V247Q,-0.6919799569270818,0.093651827885682,test,0.7856317848127639
V247R,-0.702873994206293,0.0237265000250516,test,0.7266004942313447
V247S,-0.18188266834046138,0.395851444948632,test,0.5777341132890934
V247T,-0.4168113546744857,0.887645370135919,test,1.3044567248104046
V247W,-0.702873994206293,0.846800084047604,test,1.5496740782538971
V247Y,-0.702873994206293,0.917691125434762,test,1.6205651196410549
V24A,-0.236000883060376,0.764259890128619,train,1.000260773188995
V24C,-0.25050160672893396,0.794690410589472,test,1.045192017318406
V24D,-0.8986440720789844,0.0894719469892359,test,0.9881160190682203
V24E,-0.8986440720789844,0.0857786620116971,test,0.9844227340906815
V24F,0.14163708057265692,0.930584856263791,test,0.7889477756911341
V24G,-0.8985272272140329,0.095063198548756,test,0.9935904257627889
V24H,-0.8986440720789844,0.0615897994931366,test,0.960233871572121
V24I,0.4005304216141937,1.03818176736195,test,0.6376513457477563
V24K,-0.8986440720789844,0.115656162437922,test,1.0143002345169065
V24L,0.3197506659282997,0.915144029421364,test,0.5953933634930643
V24M,0.11186522004412827,0.811205707756391,test,0.6993404877122628
V24N,-0.8984200699329897,0.141210769363211,test,1.0396308392962008
V24P,-0.8986440720789844,0.170821808865347,test,1.0694658809443314
V24Q,-0.8986440720789844,,,
V24R,-0.8986440720789844,0.0640058293511178,test,0.9626499014301022
V24S,-0.6411169352207912,0.191961558418752,test,0.8330784936395432
V24T,-0.25398793306670375,0.575186545597436,test,0.8291744786641397
V24W,-0.7000669033029995,0.578238909718384,test,1.2783058130213836
V24Y,-0.3301586258803194,0.600044605096025,test,0.9302032309763444
V258A,-0.33009785540734915,0.665179944927047,train,0.9952778003343962
V258C,-0.27724447525518625,0.929299435703868,test,1.2065439109590543
V258D,-0.27724447525518625,0.0829125068655296,test,0.36015698212071584
V258E,-0.27724447525518625,0.0818037125242618,test,0.359048187779448
V258F,-0.27724447525518625,0.0891214446914561,test,0.36636591994664236
V258G,-0.27724447525518625,0.143356632734975,test,0.42060110799016126
V258H,-0.27724447525518625,0.0860469956540263,test,0.36329147090921254
V258I,-0.27724447525518625,0.940298584140411,test,1.2175430593955974
V258K,-0.27724447525518625,0.0956157550045716,test,0.37286023025975784
V258L,-0.27724447525518625,0.692305999295922,test,0.9695504745511082
V258M,-0.27724447525518625,0.0893973180405489,test,0.36664179329573515
V258N,-0.27724447525518625,0.10930386146873,test,0.38654833672391625
V258P,-0.27724447525518625,0.0821334912630196,test,0.35937796651820586
V258Q,-0.27724447525518625,0.0417766560497085,test,0.31902113130489473
V258R,-0.27724447525518625,0.194981385610577,test,0.47222586086576324
V258S,-0.27724447525518625,0.0831322620508709,test,0.3603767373060571
V258T,-0.27724447525518625,0.722316138592672,test,0.9995606138478582
V258W,-0.27724447525518625,0.0449931665003722,test,0.32223764175555847
V258Y,-0.27724447525518625,0.0527313509499059,test,0.32997582620509214
V262A,0.11578755767211582,0.919968497771214,train,0.8041809400990982
V262C,-0.16989852565135863,0.99534005097114,test,1.1652385766224986
V262D,-0.8499786467140108,0.162080412740699,test,1.0120590594547099
V262E,-0.8499786467140108,0.152532303893848,test,1.0025109506078589
V262F,-0.05892632890424018,0.710205976724623,test,0.7691323056288633
V262G,-0.6505569688930927,0.046341553467189,test,0.6968985223602817
V262H,-0.15310214820382825,0.119260711811568,test,0.2723628600153962
V262I,0.6492226956833745,0.991912429315711,test,0.34268973363233646
V262K,-0.8444905440839662,0.0952201514647937,test,0.9397106955487599
V262L,0.13098082438348527,0.91478190315674,test,0.7838010787732548
V262M,0.014202925803774274,0.834699344599909,test,0.8204964187961348
V262N,-0.8281818098575865,0.317562214282548,test,1.1457440241401344
V262P,-0.8498949340640326,0.16944202681667,test,1.0193369608807026
V262Q,-0.4664838559141601,0.216749322166357,test,0.6832331780805171
V262R,-0.8200793055179826,0.0526640490486841,test,0.8727433545666667
V262S,-0.5120860098549692,0.548912250879939,test,1.0609982607349082
V262T,-0.4358507005775135,0.781715840668557,test,1.2175665412460706
V262W,-0.8499786467140108,0.208639264701532,test,1.0586179114155427
V262Y,-0.3015192660843632,0.700805798132378,test,1.0023250642167412
V266A,0.2596934131312142,0.955834902228833,train,0.6961414890976189
V266C,-0.1473000430593093,0.991326722236745,test,1.1386267652960542
V266D,-0.9522422376060694,0.827267145363993,test,1.7795093829700623
V266E,-0.7238600507608671,0.929912265505139,test,1.653772316266006
V266F,-0.2651354873942994,0.795294398181402,test,1.0604298855757013
V266G,-0.40971159850299255,1.11458668850443,test,1.5242982870074226
V266H,-0.40329842274251415,0.890479699790647,test,1.293778122533161
V266I,0.11657874024015694,0.994734780558364,test,0.878156040318207
V266K,-0.9522422376060694,1.04133096087706,test,1.9935731984831295
V266L,0.15273612862733646,0.983938439318731,test,0.8312023106913946
V266M,-0.3946410168671245,0.971912267897224,test,1.3665532847643485
V266N,-0.5021295231448163,0.973889045259866,test,1.4760185684046823
V266P,-0.10595293899892941,0.925810155516037,test,1.0317630945149663
V266Q,-0.44109774532832613,0.953899900833736,test,1.3949976461620621
V266R,-0.9522422376060694,0.579221208228591,test,1.5314634458346603
V266S,-0.07695050614765794,0.899999938275188,test,0.976950444422846
V266T,0.23961438190304665,0.934779122890303,test,0.6951647409872563
V266W,-0.15153197415289096,0.953714064864592,test,1.105246039017483
V266Y,-0.2268261980677718,0.777729763863822,test,1.0045559619315938
V294A,0.30903287505980226,1.00950045282045,train,0.7004675777606478
V294C,-0.15155670349477676,0.994930494874604,test,1.1464871983693807
V294D,-0.7143210528932479,0.0911335241158065,test,0.8054545770090544
V294E,-0.29078937484125456,0.33450535017075,test,0.6252947250120046
V294F,0.4279027940818466,1.26873454020438,test,0.8408317461225333
V294G,-0.2323826726251451,0.101939847821378,test,0.3343225204465231
V294H,-0.15279839211323884,1.28035457145135,test,1.4331529635645888
V294I,0.908591462266303,1.01207900035031,test,0.1034875380840069
V294K,-0.2870738274657979,1.25210484665869,test,1.539178674124488
V294L,0.27711866164370635,0.932025293142977,test,0.6549066314992706
V294M,0.32301778549790117,0.96771004430261,test,0.6446922588047088
V294N,-0.1491771471254267,1.09362712677977,test,1.2428042739051965
V294P,-0.31310057175171424,0.092599968301496,test,0.4057005400532102
V294Q,0.01853660532665527,0.965693636405544,test,0.9471570310788887
V294R,-0.04991634095700834,0.0866027554405903,test,0.13651909639759863
V294S,-0.024850942006129223,1.2208625908438,test,1.2457135328499291
V294T,0.15541021339245523,0.993976130523834,test,0.8385659171313788
V294W,-0.03541132078869533,0.200101165897519,test,0.23551248668621433
V294Y,0.38440588433621736,0.905430436062687,test,0.5210245517264697
V307A,0.42927595291020604,1.01040906507661,train,0.581133112166404
V307C,0.4500397530272494,1.03331473253589,test,0.5832749795086406
V307D,-0.8529194918494064,0.136836243089935,test,0.9897557349393414
V307E,-0.8526842787878149,0.207770113058998,test,1.060454391846813
V307F,0.057937723598994545,0.904889384545285,test,0.8469516609462905
V307G,-0.4942650413534183,0.956146391660558,test,1.4504114330139763
V307H,-0.501394640466024,0.678857240954128,test,1.1802518814201521
V307I,0.00599000816823439,0.966129769227793,test,0.9601397610595587
V307K,-0.8533986517542339,0.13174793915811,test,0.9851465909123439
V307L,0.15582127340286758,0.970441730479501,test,0.8146204570766334
V307M,-0.2387703605959913,0.979244139795552,test,1.2180145003915432
V307N,-0.5525039603195298,0.695357178045109,test,1.2478611383646387
V307P,-0.0127555450619464,0.953834178589602,test,0.9665897236515484
V307Q,-0.6293313775969581,0.714512104934979,test,1.3438434825319372
V307R,-0.8533986517542339,0.0799843513789287,test,0.9333830031331626
V307S,-0.15582989760201857,1.03124176193224,test,1.1870716595342585
V307T,0.11762976878449619,0.973143980419678,test,0.8555142116351818
V307W,-0.41228021364348544,0.055982058932917,test,0.46826227257640246
V307Y,-0.17856798513610736,0.105020532522182,test,0.28358851765828935
V388A,0.3547542478837694,0.98273878089891,train,0.6279845330151406
V388C,0.2803102270794088,0.999658933933342,test,0.7193487068539333
V388D,-0.6040318127735843,0.169346210597544,test,0.7733780233711283
V388E,-0.39413537203746773,0.539193648675114,test,0.9333290207125817
V388F,0.6439671141846685,0.866694107609489,test,0.2227269934248205
V388G,-0.6004222776378628,0.803563384456277,test,1.4039856620941398
V388H,-0.06169918924158754,0.892203200642008,test,0.9539023898835955
V388I,0.6234693075495247,0.990638293356189,test,0.36716898580666435
V388K,-0.18402438701310583,0.299606839587883,test,0.4836312266009888
V388L,0.7491856143548464,0.997167549616466,test,0.2479819352616196
V388M,0.21203439507551206,0.946688205738389,test,0.7346538106628769
V388N,-0.2798428637897702,0.73349326632839,test,1.01333613011816
V388P,-0.46690246246339473,0.655312934691196,test,1.1222153971545907
V388Q,0.037928333256629504,0.909771687094247,test,0.8718433538376176
V388R,-0.2907775889213914,0.0989270519108037,test,0.3897046408321951
V388S,0.16890433008298547,0.859609903383127,test,0.6907055733001416
V388T,0.3078963481254561,0.955454132839376,test,0.6475577847139199
V388W,-0.1441093696861618,0.786193758944158,test,0.9303031286303198
V388Y,0.12446954655442002,0.856632893771564,test,0.732163347217144
V39A,0.43738668055038643,0.879111184671507,train,0.4417245041211205
V39C,-0.33846496920318525,0.925197469993762,test,1.2636624391969473
V39D,0.63431645793121,0.775944522543607,test,0.14162806461239696
V39E,0.5205025430501392,0.918512632953028,test,0.3980100899028888
V39F,0.14328724453764088,0.83668852768741,test,0.6934012831497691
V39G,0.27158845856718383,0.68650689850643,test,0.41491843993924615
V39H,0.205763773539582,0.914731489786775,test,0.708967716247193
V39I,0.6675174754893091,1.01940883820304,test,0.3518913627137309
V39K,0.296247204731822,0.927457174785388,test,0.631209970053566
V39L,1.186805427972916,1.0297055064076,test,0.15709992156531616
V39M,0.28575379810327217,0.887425327986809,test,0.6016715298835368
V39N,0.2257955272239426,0.849347981278709,test,0.6235524540547664
V39P,0.22082913389077788,0.650758664560618,test,0.4299295306698402
V39Q,0.3230148677189143,0.905184526931987,test,0.5821696592130727
V39R,0.30960116903326995,0.903547795666662,test,0.593946626633392
V39S,0.2844649488187728,0.82109191007601,test,0.5366269612572372
V39T,0.43099583368984773,0.977695616222364,test,0.5466997825325163
V39W,0.007422002682952705,0.701231163626192,test,0.6938091609432393
V39Y,0.0909937890484597,0.903472105246746,test,0.8124783161982864
V404A,1.0308785633170683,0.985979966577439,train,0.04489859673962926
V404C,-0.11524610631175877,1.01220145005886,test,1.1274475563706188
V404D,0.010568521892448196,0.976463313427226,test,0.9658947915347779
V404E,0.6093566509856229,0.978027224549261,test,0.3686705735636382
V404F,0.2852469058771444,0.870834017953474,test,0.5855871120763296
V404G,0.40892255842892145,0.991406815529303,test,0.5824842571003815
V404H,0.18728075795409863,0.977443534563294,test,0.7901627766091954
V404I,0.44492794926272883,0.984903704314796,test,0.5399757550520672
V404K,0.6523586655818098,0.94379413377546,test,0.2914354681936502
V404L,0.5143803756227482,0.926129377527439,test,0.41174900190469077
V404M,0.15676428296497283,0.969725198557256,test,0.8129609155922832
V404N,-0.12829028010581064,0.962810753900684,test,1.0911010340064946
V404P,0.11068004330148687,0.844720231449591,test,0.7340401881481041
V404Q,0.4696320246654385,0.985404630037032,test,0.5157726053715935
V404R,0.5587471893237216,0.949522491687006,test,0.3907753023632844
V404S,0.3928313625085861,0.979552929678443,test,0.5867215671698569
V404T,0.9383027708042243,0.985982949407105,test,0.04768017860288065
V404W,-0.4756169673487388,0.968146824432971,test,1.4437637917817097
V404Y,0.23370572517890556,0.900267932631227,test,0.6665622074523214
V421A,0.667271801420848,0.947492620178177,train,0.28022081875732907
V421C,-0.3903376721120527,0.991577566371599,test,1.3819152384836517
V421D,-0.13954549753444465,0.881907317189609,test,1.0214528147240536
V421E,0.25624817757886753,0.928241676219398,test,0.6719934986405305
V421F,-0.18112416635778214,0.917632952637568,test,1.09875711899535
V421G,0.04915198302425164,0.842091166121932,test,0.7929391830976804
V421H,-0.06129202702581513,0.969670923085182,test,1.0309629501109971
V421I,0.7197185505056659,1.03265206777487,test,0.31293351726920415
V421K,0.3642542040411466,0.90535053511854,test,0.5410963310773934
V421L,0.09215464492174266,0.875334070382652,test,0.7831794254609094
V421M,0.11776660367678207,0.904110009712651,test,0.7863434060358689
V421N,0.09740542168757318,0.971980976653627,test,0.8745755549660539
V421P,-0.3281040709423618,0.492144006916974,test,0.8202480778593358
V421Q,0.46250597855037834,0.924320338698019,test,0.46181436014764066
V421R,0.3126116311514223,0.876186625364733,test,0.5635749942133107
V421S,0.03266018915732541,0.960093831940163,test,0.9274336427828376
V421T,0.40710340766990705,0.942748457318058,test,0.535645049648151
V421W,-0.32460809690369963,0.909461227878816,test,1.2340693247825156
V421Y,-0.0015157682596907696,0.953843550366918,test,0.9553593186266088
V423A,0.5908486291188028,0.969618068257724,train,0.37876943913892125
V423C,-0.27450242673284053,0.977490739829199,test,1.2519931665620394
V423D,-0.13635829064173008,0.706285870586381,test,0.8426441612281111
V423E,0.11208400591255577,0.815668209168916,test,0.7035842032563603
V423F,0.44877567012306996,0.965147858396264,test,0.5163721882731941
V423G,0.5018253386513304,0.870161318126363,test,0.3683359794750326
V423H,0.03231635347611275,0.882889898356011,test,0.8505735448798982
V423I,0.7833113090918388,0.997034235751468,test,0.21372292665962922
V423K,-0.1531646059390764,0.69194225441893,test,0.8451068603580064
V423L,1.1909737011066188,1.01455534267936,test,0.17641835842725873
V423M,0.44440350955740604,1.00282632617779,test,0.5584228166203841
V423N,-0.17446405954427865,0.861225068653739,test,1.0356891281980176
V423P,1.110771763536481,0.951750347947394,test,0.1590214155890871
V423Q,0.20488949213986332,0.95077455639532,test,0.7458850642554568
V423R,0.23225737094468238,0.754220630962698,test,0.5219632600180156
V423S,0.1524426372093958,0.892487230167984,test,0.7400445929585883
V423T,0.3682516459131536,0.965519250515432,test,0.5972676046022783
V423W,0.07297894677679531,0.833457349804978,test,0.7604784030281827
V423Y,0.13644067733753631,0.925806525072976,test,0.7893658477354397
V457A,0.24849609208235948,1.00725180251119,train,0.7587557104288306
V457C,0.01205249848966719,0.973153427544829,test,0.9611009290551619
V457D,0.01205249848966719,0.96131972315388,test,0.9492672246642129
V457E,0.01205249848966719,0.928307318083044,test,0.9162548195933768
V457F,0.01205249848966719,0.996192788677767,test,0.9841402901880998
V457G,0.01205249848966719,0.98629981914727,test,0.9742473206576029
V457H,0.01205249848966719,0.988365089653266,test,0.9763125911635988
V457I,0.01205249848966719,0.995635697878206,test,0.9835831993885389
V457K,0.01205249848966719,0.985974731115014,test,0.9739222326253468
V457L,0.01205249848966719,0.985371214869707,test,0.9733187163800399
V457M,0.01205249848966719,0.969570454057804,test,0.9575179555681368
V457N,0.01205249848966719,0.995868128447828,test,0.9838156299581609
V457P,0.01205249848966719,0.944640228715534,test,0.9325877302258668
V457Q,0.01205249848966719,0.969563921770638,test,0.9575114232809708
V457R,0.01205249848966719,0.957394643749699,test,0.9453421452600318
V457S,0.01205249848966719,0.981965265614752,test,0.9699127671250848
V457T,0.01205249848966719,0.983883451407938,test,0.9718309529182708
V457W,0.01205249848966719,0.97564154810874,test,0.9635890496190729
V457Y,0.01205249848966719,0.994596287555325,test,0.9825437890656579
V55A,0.04481619148749841,0.882495157850333,train,0.8376789663628346
V55C,-0.5891984357576566,0.968679941920576,test,1.5578783776782328
V55D,-0.007318890981358045,0.129625224624887,test,0.13694411560624503
V55E,-0.2305486858736042,0.530106557854765,test,0.7606552437283692
V55F,-0.20923060570474514,0.709736618644927,test,0.9189672243496722
V55G,-0.2450663409805006,0.336434794794165,test,0.5815011357746656
V55H,-0.3635850924058518,0.792128018295144,test,1.155713110700996
V55I,-0.006778688728916599,0.879411267597036,test,0.8861899563259527
V55K,-0.22941401255265811,0.766842138142756,test,0.9962561506954142
V55L,0.0470860902775844,0.825925379371039,test,0.7788392890934547
V55M,-0.24822009124660158,0.832729013030465,test,1.0809491042770665
V55N,-0.2988725605563748,0.740752908402363,test,1.0396254689587376
V55P,-0.28528172725062795,0.0920619206969861,test,0.37734364794761405
V55Q,-0.30370120135199385,0.881437007448476,test,1.1851382088004698
V55R,-0.1611788382894964,0.877771963389175,test,1.0389508016786713
V55S,-0.03754103950321261,0.682142886693304,test,0.7196839261965167
V55T,0.2792248300188508,0.886883545346642,test,0.6076587153277913
V55W,-0.7185489042628611,0.704654973205343,test,1.423203877468204
V55Y,-0.3582971524489048,0.706705429411291,test,1.0650025818601958
V57A,-0.5389353179513953,0.557043634076199,train,1.0959789520275942
V57C,-0.5096274164476101,0.967819648009467,test,1.4774470644570772
V57D,-0.5982441700694249,0.070726023072899,test,0.6689701931423239
V57E,-0.5658552434466361,0.076332730465642,test,0.6421879739122781
V57F,-0.5280409537630438,0.0730751697743663,test,0.6011161235374102
V57G,-0.5529081074166856,0.134764635936821,test,0.6876727433535066
V57H,-0.6379164928797451,0.170025568552872,test,0.807942061432617
V57I,-0.017889506437478303,0.893326952506349,test,0.9112164589438273
V57K,-0.5787313839242002,0.0855016292697434,test,0.6642330131939436
V57L,0.03522336270765494,0.822407474064099,test,0.7871841113564441
V57M,-0.4926520236964874,0.175025026995474,test,0.6676770506919614
V57N,-0.5766016760869642,0.0807291760427739,test,0.6573308521297381
V57P,-0.3602361745151933,0.253183305906535,test,0.6134194804217283
V57Q,-0.4977904789293083,0.145813226299003,test,0.6436037052283112
V57R,-0.44423579473759156,0.0578640834918031,test,0.5020998782293946
V57S,-0.3762855530961863,0.204138398980707,test,0.5804239520768932
V57T,-0.20733432766013613,0.94661860318683,test,1.153952930846966
V57W,-0.8146235728654471,0.0486524238462096,test,0.8632759967116567
V57Y,-0.7433625238455107,0.111587314050272,test,0.8549498378957827
V67A,0.3189947086606356,0.937856220442802,train,0.6188615117821664
V67C,0.08543709182916151,0.979010639669889,test,0.8935735478407275
V67D,-0.4539289773445775,0.743269462617305,test,1.1971984399618825
V67E,-0.26123253692971493,0.792740098134248,test,1.0539726350639629
V67F,0.20633931473985326,0.907799394390856,test,0.7014600796510028
V67G,-0.514920333527772,0.874796267624098,test,1.38971660115187
V67H,0.20924774120168768,0.958424604962439,test,0.7491768637607513
V67I,0.5284819215541955,0.991164280717692,test,0.46268235916349654
V67K,-0.007211787564934319,0.986710081519533,test,0.9939218690844673
V67L,0.5010053400015725,0.927340564691258,test,0.42633522468968554
V67M,0.48565363736352085,0.943784255117503,test,0.4581306177539821
V67N,0.13953599568923783,0.935274796293114,test,0.7957388006038763
V67P,-0.6443582949943613,0.278952141071373,test,0.9233104360657343
V67Q,-0.2839018121075586,0.947850923214346,test,1.2317527353219047
V67R,0.05255345331937958,0.988792843522569,test,0.9362393902031895
V67S,0.18734037336013434,0.942792687148646,test,0.7554523137885116
V67T,0.05993196869866649,0.963069889757615,test,0.9031379210589485
V67W,-0.09075015555484742,0.899661134479947,test,0.9904112900347944
V67Y,0.42185134176473904,0.949453475699509,test,0.52760213393477
V71A,-0.36313587225353083,0.581116115054269,train,0.9442519873077998
V71C,-0.2588942488902036,0.709091394102553,test,0.9679856429927566
V71D,-1.2227046921514668,0.0657531996004495,test,1.2884578917519163
V71E,-1.0408604670899295,0.126299753403927,test,1.1671602204938565
V71F,-0.7183284975732324,0.106330389957271,test,0.8246588875305033
V71G,-0.7392903650026493,0.11163996920559,test,0.8509303342082393
V71H,-1.2227046921514668,0.0321564690942403,test,1.254861161245707
V71I,-0.2841473706035321,0.695801964838443,test,0.9799493354419752
V71K,-1.2227046921514668,0.157122508847049,test,1.3798272009985157
V71L,-0.47568725328985495,0.59301973210283,test,1.068706985392685
V71M,-0.7106723643162262,0.12554039460679,test,0.8362127589230162
V71N,-1.2227046921514668,0.249117915554538,test,1.4718226077060048
V71P,-0.7033837761580347,0.15559496757946,test,0.8589787437374947
V71Q,-0.9639494627940127,0.0831519394851475,test,1.0471014022791603
V71R,-1.2226232009853264,0.0383544964740784,test,1.260977697459405
V71S,-0.6958976897114425,0.0486323478528736,test,0.7445300375643161
V71T,-0.47523283600875865,0.426243054140121,test,0.9014758901488796
V71W,-1.222623965941519,0.17313744615816,test,1.395761412099679
V71Y,-0.8670925705481828,0.0448388355565918,test,0.9119314061047746
V74A,0.6114182896636465,0.920287633946883,train,0.3088693442832364
V74C,0.055857808072347886,0.945821345988693,test,0.8899635379163452
V74D,-0.03272746070235252,0.0880801988443397,test,0.12080765954669222
V74E,-0.3067998571990639,0.153606975642246,test,0.4604068328413099
V74F,0.26715389110949384,0.781308516408204,test,0.5141546252987101
V74G,-0.1607721102991849,0.166947310459795,test,0.32771942075897986
V74H,-0.041834622132841254,0.601253925095033,test,0.6430885472278742
V74I,0.9913721978958369,0.981219754486493,test,0.010152443409343848
V74K,0.06006928416553384,0.188061031437951,test,0.12799174727241716
V74L,0.7203908134918927,0.90141484850661,test,0.1810240350147173
V74M,0.4257923123650952,0.825874741899703,test,0.4000824295346078
V74N,-0.2698119620946414,0.105560086324065,test,0.3753720484187064
V74P,-0.17152976063522227,0.0460337908104196,test,0.21756355144564188
V74Q,-0.09752168931490277,0.410443189463508,test,0.5079648787784108
V74R,-0.14645450499646126,0.145596595874621,test,0.29205110087108227
V74S,-0.034387287617196755,0.415741655082862,test,0.45012894270005877
V74T,0.4264780148292272,0.784311104482834,test,0.35783308965360683
V74W,0.12351390870249693,0.518850708401843,test,0.3953367996993461
V74Y,0.2720644785352647,0.86537051400451,test,0.5933060354692453
V87A,0.3898079151992603,0.917278323848218,train,0.5274704086489577
V87C,0.14640579938905654,0.940029746136792,test,0.7936239467477355
V87D,0.1278083543207972,0.293606445124881,test,0.16579809080408378
V87E,0.1639839503005819,0.421732844478701,test,0.2577488941781191
V87F,0.12175044447702868,0.761106109113759,test,0.6393556646367303
V87G,0.14324829174427892,0.717296747237442,test,0.5740484554931631
V87H,0.1957810762220126,0.569858733312076,test,0.37407765709006346
V87I,0.720728686920464,0.996263979950037,test,0.275535293029573
V87K,0.16035339721573175,0.821020901322917,test,0.6606675041071853
V87L,0.8517166311022556,1.00675473823752,test,0.15503810713526434
V87M,0.49389284545966083,0.971662049279286,test,0.4777692038196252
V87N,0.3725425937289272,0.671966813093525,test,0.29942421936459784
V87P,0.12103725344370689,0.234183535762915,test,0.11314628231920812
V87Q,0.08403872453088704,0.627357689022694,test,0.5433189644918069
V87R,0.1412470351276666,0.788407040030097,test,0.6471600049024304
V87S,0.18542579643308935,0.779779120648723,test,0.5943533242156337
V87T,0.6366000453497708,0.948268434439713,test,0.3116683890899422
V87W,0.38175734038519116,0.753140319689321,test,0.3713829793041299
V87Y,0.3844275240723368,0.577634700295863,test,0.19320717622352612
V8A,-0.1101007168643354,0.79524495886489,train,0.9053456757292254
V8C,-0.1672459059836798,0.917093706223476,test,1.0843396122071558
V8D,-0.1672459059836798,0.112354493231058,test,0.2796003992147378
V8E,-0.1672459059836798,0.450590566562491,test,0.6178364725461708
V8F,-0.1672459059836798,0.66064106280785,test,0.8278869687915298
V8G,-0.1672459059836798,0.323801936777344,test,0.49104784276102376
V8H,-0.1672459059836798,0.7099953441611,test,0.8772412501447798
V8I,-0.1672459059836798,0.890487400480689,test,1.0577333064643688
V8K,-0.1672459059836798,0.60976301509902,test,0.7770089210826998
V8L,-0.1672459059836798,0.904387419063041,test,1.0716333250467207
V8M,-0.1672459059836798,0.885553922643835,test,1.0527998286275149
V8N,-0.1672459059836798,0.526981839806641,test,0.6942277457903209
V8P,-0.1672459059836798,0.064839047489282,test,0.23208495347296182
V8Q,-0.1672459059836798,0.676602847808465,test,0.8438487537921449
V8R,-0.1672459059836798,0.438937090410359,test,0.6061829963940388
V8S,-0.1672459059836798,0.63332418977833,test,0.8005700957620099
V8T,-0.1672459059836798,0.745853406274142,test,0.9130993122578218
V8W,-0.1672459059836798,0.337227963337195,test,0.5044738693208748
V8Y,-0.1672459059836798,0.544787710408472,test,0.7120336163921518
W147A,-0.18895649788348864,0.811293673373106,train,1.0002501712565945
W147C,-0.5266861137506827,0.877415615291854,test,1.4041017290425368
W147D,-0.5015256799606232,0.641327588229665,test,1.1428532681902883
W147E,-0.3672148570086943,0.664103808532586,test,1.0313186655412803
W147F,-0.27338665127206985,0.933497676165826,test,1.206884327437896
W147G,-0.6025330450373788,0.752383631167643,test,1.3549166762050218
W147H,-0.439108837882089,0.988403605809854,test,1.4275124436919429
W147I,-0.5026321476158019,0.652614433267659,test,1.1552465808834609
W147K,0.17122293224093324,0.478292663631142,test,0.30706973139020877
W147L,-0.21855830026190612,0.901807714295283,test,1.120366014557189
W147M,-0.45714841112715143,0.856559263298454,test,1.3137076744256055
W147N,-0.50513086565434,0.914366891435411,test,1.4194977570897511
W147P,-0.7688677051104017,0.0616236469087151,test,0.8304913520191168
W147Q,-0.13105204247960453,0.931315452829267,test,1.0623674953088715
W147R,0.22770507028242162,0.76681828837552,test,0.5391132180930984
W147S,-0.23939326712225326,0.888884558086059,test,1.1282778252083123
W147T,-0.3359223806246593,0.89848970276478,test,1.2344120833894392
W147V,-0.5890633424251804,0.756684645666341,test,1.3457479880915213
W147Y,-0.12776745977757495,0.962093648273742,test,1.089861108051317
W184A,-1.306956805097409,0.0525261584499689,train,1.359482963547378
W184C,-0.9205594929555322,0.0740170760163762,test,0.9945765689719084
W184D,-1.7572435114381997,0.15147829854892,test,1.9087218099871197
W184E,-1.7572435114381997,0.0580715319311308,test,1.8153150433693306
W184F,-0.8249168252870288,0.803726426171322,test,1.6286432514583509
W184G,-0.8863535696359602,0.0735036684684243,test,0.9598572381043845
W184H,-1.7572435114381997,0.0378591501700466,test,1.7951026616082464
W184I,-1.0868913516457084,0.134812176652823,test,1.2217035282985313
W184K,-1.7572435114381997,0.0840408705837037,test,1.8412843820219034
W184L,-0.8465073722430362,0.163028079160093,test,1.0095354514031292
W184M,-1.0229231670406385,0.109859606175689,test,1.1327827732163274
W184N,-1.7572435114381997,0.0783501883023104,test,1.83559369974051
W184P,-1.7548674011606047,0.113466379773227,test,1.8683337809338316
W184Q,-1.7571458718394264,0.0644284387726873,test,1.8215743106121136
W184R,-1.451205906647458,0.0996645156382147,test,1.5508704222856728
W184S,-1.0116949344394246,0.0881433103601965,test,1.0998382447996211
W184T,-1.0588487629328565,0.0479299142255402,test,1.1067786771583967
W184V,-1.0360563621131422,0.121395479614617,test,1.1574518417277593
W184Y,-0.8742923555765331,0.929485173127127,test,1.8037775287036601
W357A,-1.317277594757605,0.135163244058281,train,1.452440838815886
W357C,-1.0692880840592112,0.0766843939673377,test,1.1459724780265488
W357D,-0.8701462495881457,0.0941837457120594,test,0.9643299953002051
W357E,-0.8654971854495307,0.0693741875633777,test,0.9348713730129083
W357F,-0.5487530282398548,0.949371528874384,test,1.498124557114239
W357G,-0.89309178821658,0.102475881782579,test,0.995567669999159
W357H,-1.0933521693122008,0.524295756028523,test,1.6176479253407239
W357I,-0.7715735568120067,0.0862355426388517,test,0.8578090994508584
W357K,-1.256877465747489,0.11284599022172,test,1.369723455969209
W357L,-0.6554039563426478,0.782863173521518,test,1.4382671298641658
W357M,-0.6727416551599695,0.922840057879269,test,1.5955817130392385
W357N,-1.0217981081696939,0.115281239609584,test,1.1370793477792778
W357P,-1.0656611192490588,0.0301614301519388,test,1.0958225494009977
W357Q,-1.0085056279202307,0.0734154926613776,test,1.0819211205816084
W357R,-0.7959247303636164,0.0562210140143333,test,0.8521457443779498
W357S,-0.7586412377202926,0.123476169197249,test,0.8821174069175416
W357T,-0.86769971009695,0.07262620123115,test,0.9403259113281001
W357V,-0.923767715891321,0.138629073068257,test,1.062396788959578
W357Y,-0.9667720171800694,0.975382062951006,test,1.9421540801310755
W414A,0.5769197158781695,0.942205775433365,train,0.36528605955519555
W414C,0.6647154275047261,0.919253666729793,test,0.2545382392250669
W414D,-0.2091344347147682,0.683128002546769,test,0.8922624372615372
W414E,0.7861479616805839,0.970110518932864,test,0.18396255725228017
W414F,0.6165888303836163,1.00306875242505,test,0.38647992204143355
W414G,0.1207699305316702,0.750070699660795,test,0.6293007691291248
W414H,0.6764534904467522,0.932648856249228,test,0.2561953658024758
W414I,0.6215804890074016,0.851314010276545,test,0.22973352126914337
W414K,0.23547995250776102,0.511569080933695,test,0.276089128425934
W414L,0.6448808275195327,0.85052358646094,test,0.20564275894140727
W414M,0.43248045902627796,0.866901253331046,test,0.434420794304768
W414N,0.012989851309938821,0.883339549061864,test,0.8703496977519252
W414P,-0.20770380490780335,0.194085970067199,test,0.40178977497500235
W414Q,0.07044228363696595,0.9263129815924,test,0.8558706979554341
W414R,0.46904111253655645,0.149598961539974,test,0.31944215099658246
W414S,0.19776762793514072,0.807962166747528,test,0.6101945388123873
W414T,0.387107300185885,0.925214262170335,test,0.53810696198445
W414V,0.7191541846904742,0.920329376755345,test,0.20117519206487078
W414Y,0.8371797463640275,0.999333982270209,test,0.1621542359061815
W417A,0.06499541218597896,0.848600451176299,train,0.7836050389903201
W417C,-0.08945117876843542,0.88286259907299,test,0.9723137778414255
W417D,-1.004463363658085,0.709643590124009,test,1.714106953782094
W417E,-0.47245179570313967,0.704137903273102,test,1.1765896989762417
W417F,-0.1312082026320812,0.940518484497896,test,1.071726687129977
W417G,-0.35554684898720657,0.743888095907296,test,1.0994349448945027
W417H,-0.22916258446798773,0.916999691241555,test,1.1461622757095427
W417I,0.037034895318001,0.826277235354539,test,0.789242340036538
W417K,-0.34102681944512125,0.821162126164633,test,1.1621889456097543
W417L,-0.25073803051870625,0.808212876952521,test,1.0589509074712273
W417M,-0.2061808037466267,0.852296485362667,test,1.0584772891092937
W417N,-0.5814290983707421,0.828106269165555,test,1.409535367536297
W417P,-1.004463363658085,0.0585232835077666,test,1.0629866471658518
W417Q,-0.4091527445631965,0.799924110113521,test,1.2090768546767174
W417R,-0.37285728078547675,0.891249235557915,test,1.2641065163433918
W417S,-0.09567329315942916,0.868755197867179,test,0.9644284910266082
W417T,-0.12865390442400435,0.864966890693817,test,0.9936207951178214
W417V,0.15427237842199984,0.884311664947264,test,0.7300392865252642
W417Y,0.03665497970498213,1.01139308305235,test,0.974738103347368
W451A,-0.11710621627727344,0.791103221454947,train,0.9082094377322205
W451C,-0.17074865569014927,0.66303372131266,test,0.8337823770028093
W451D,-0.17074865569014927,0.510280140021844,test,0.6810287957119933
W451E,-0.17074865569014927,0.49295726346779,test,0.6637059191579393
W451F,-0.17074865569014927,0.801222514962755,test,0.9719711706529043
W451G,-0.17074865569014927,0.7717124457531,test,0.9424611014432493
W451H,-0.17074865569014927,0.735192456381664,test,0.9059411120718133
W451I,-0.17074865569014927,0.75078669735102,test,0.9215353530411693
W451K,-0.17074865569014927,0.505126294081065,test,0.6758749497712143
W451L,-0.17074865569014927,0.659074861892247,test,0.8298235175823963
W451M,-0.17074865569014927,0.76818154482334,test,0.9389302005134893
W451N,-0.17074865569014927,0.616420934156192,test,0.7871695898463413
W451P,-0.17074865569014927,0.359379562791769,test,0.5301282184819183
W451Q,-0.17074865569014927,0.358900717847375,test,0.5296493735375243
W451R,-0.17074865569014927,0.499263454994471,test,0.6700121106846203
W451S,-0.17074865569014927,0.785563093887228,test,0.9563117495773773
W451T,-0.17074865569014927,0.686570222591047,test,0.8573188782811964
W451V,-0.17074865569014927,0.785039466858366,test,0.9557881225485153
W451Y,-0.17074865569014927,0.797696856275964,test,0.9684455119661133
Y120A,0.1643275431896211,0.792143694610023,train,0.6278161514204019
Y120C,-0.22675395405568496,0.823899505326311,test,1.0506534593819958
Y120D,-0.09468499196827226,0.944270738120994,test,1.0389557300892662
Y120E,0.008648351634972379,0.848548052151589,test,0.8398997005166167
Y120F,-0.12439890786282456,0.938611310721264,test,1.0630102185840886
Y120G,0.28002584754535287,0.666411570219352,test,0.3863857226739992
Y120H,0.2765332161020254,0.859923436405677,test,0.5833902203036516
Y120I,-0.2750273150817616,0.518352293409063,test,0.7933796084908246
Y120K,-0.0700211453644893,0.92202771783511,test,0.9920488631995993
Y120L,-0.22732883997231243,0.321669454063001,test,0.5489982940353134
Y120M,-0.29366979086373524,1.16489205378625,test,1.458561844649985
Y120N,0.015199318220689456,0.732419101567315,test,0.7172197833466256
Y120P,-0.256162856031921,0.214600857312912,test,0.470763713344833
Y120Q,-0.12071015409505423,0.820046838743959,test,0.9407569928390133
Y120R,0.038076016175938726,0.826016509978507,test,0.7879404938025683
Y120S,0.14579132319066415,0.840122701766892,test,0.6943313785762278
Y120T,-0.056247903109558045,0.753994062677614,test,0.8102419657871721
Y120V,-0.18195580676341225,0.998990455925863,test,1.1809462626892753
Y120W,-0.3340857111178138,0.826802785760232,test,1.1608884968780457
Y127A,-0.21740937272713032,0.642793311565851,train,0.8602026842929813
Y127C,-0.41191348860627863,0.769730082022474,test,1.1816435706287525
Y127D,-0.04618042404586062,0.11779761284172,test,0.1639780368875806
Y127E,-0.0550948496185549,0.109204097808279,test,0.1642989474268339
Y127F,0.0967267749969937,0.988545536281799,test,0.8918187612848053
Y127G,-0.3275633190323125,0.0873268553181055,test,0.414890174350418
Y127H,0.15085012973656,0.903952450635799,test,0.753102320899239
Y127I,-0.24138017343290782,0.698250255782363,test,0.9396304292152708
Y127K,0.0012122313089892034,0.53251330484413,test,0.5313010735351408
Y127L,-0.1812731097997323,0.765586638816174,test,0.9468597486159063
Y127M,-0.23580164265112322,0.723451139346943,test,0.9592527819980663
Y127N,-0.3430968886093998,0.478892669082682,test,0.8219895576920818
Y127P,-0.8121987543671206,0.137088286753616,test,0.9492870411207366
Y127Q,-0.09927602085504836,0.549167249268833,test,0.6484432701238814
Y127R,0.11799464384813577,0.525296525635696,test,0.4073018817875602
Y127S,-0.08920113878986355,0.69973634762871,test,0.7889374864185735
Y127T,0.012984218343213755,0.476740638449224,test,0.46375642010601026
Y127V,-0.2257143238659308,0.709678646244338,test,0.9353929701102688
Y127W,0.240912541284129,1.02583147998068,test,0.784918938696551
Y132A,0.5955169956250305,0.976267130055265,train,0.38075013443023453
Y132C,-0.2559949055024736,0.950315501483091,test,1.2063104069855646
Y132D,-0.36028589249946863,0.646054374047155,test,1.0063402665466237
Y132E,-0.28305731492496145,0.729940591437957,test,1.0129979063629184
Y132F,0.7231351772460367,0.989757526394682,test,0.26662234914864524
Y132G,-0.30001659653407076,0.907540997743924,test,1.2075575942779948
Y132H,-0.1795001037808935,0.966114067921096,test,1.1456141717019894
Y132I,0.1701167841338697,0.983783494613155,test,0.8136667104792853
Y132K,-0.2267008620177163,0.901453033699342,test,1.1281538957170583
Y132L,0.43113349241120125,1.02022585770782,test,0.5890923652966188
Y132M,0.5376281036302927,0.975334430314992,test,0.43770632668469933
Y132N,-0.4354300593689845,0.834245928648577,test,1.2696759880175614
Y132P,-0.15494893945197438,0.753470477744755,test,0.9084194171967294
Y132Q,-0.34051963245622774,0.908456538832778,test,1.2489761712890057
Y132R,-0.34929214409777865,0.812185613957834,test,1.1614777580556126
Y132S,-0.36239204343495446,0.929271020110133,test,1.2916630635450874
Y132T,-0.0267937295559951,0.891091167039529,test,0.9178848965955241
Y132V,0.3125592730869938,0.963181747902454,test,0.6506224748154602
Y132W,0.08335172343617595,0.927888669238338,test,0.8445369458021621
Y246A,0.4413986735243044,0.966908115040207,train,0.5255094415159026
Y246C,-0.17351249187085735,0.9674329644721,test,1.1409454563429573
Y246D,-0.25300886643277554,0.851385990052925,test,1.1043948564857007
Y246E,-0.012384579112991151,0.976234623142154,test,0.9886192022551452
Y246F,0.8182341140772623,0.981462917231255,test,0.16322880315399269
Y246G,-0.5914140696073343,0.816001423788377,test,1.4074154933957113
Y246H,-0.0017310411893552702,0.978175221391974,test,0.9799062625813293
Y246I,0.16069611795571973,0.952438187954746,test,0.7917420699990263
Y246K,0.00939321639643978,0.931394452722811,test,0.9220012363263712
Y246L,0.4849201213163302,0.979534738370815,test,0.49461461705448473
Y246M,0.2204091970435568,0.988208638606504,test,0.7677994415629472
Y246N,-0.26011502829267197,0.871911686603563,test,1.1320267148962349
Y246P,-0.8107195855856414,0.0790090601757026,test,0.889728645761344
Y246Q,-0.013125674695331074,0.992112623678172,test,1.005238298373503
Y246R,0.013019179544715126,0.946585452919758,test,0.9335662733750429
Y246S,-0.1710133540636035,0.958788879427296,test,1.1298022334908995
Y246T,0.026535766034836566,0.967793534741677,test,0.9412577687068404
Y246V,0.1093056083018348,0.973901087045618,test,0.8645954787437832
Y246W,-0.23629503685182116,0.948219479775649,test,1.1845145166274702
Y265A,0.6774090332361117,1.23313137029433,train,0.5557223370582184
Y265C,0.03749720909354273,0.85424164089756,test,0.8167444318040173
Y265D,-0.15921435197384678,0.0960862552946282,test,0.255300607268475
Y265E,-0.28278141664089496,0.0745921902150172,test,0.35737360685591213
Y265F,1.0446389301401673,1.01530244433448,test,0.029336485805687262
Y265G,0.17792479406118225,0.227727822404014,test,0.04980302834283176
Y265H,0.33701065526413576,0.980436441910867,test,0.6434257866467312
Y265I,0.5890656542636387,0.758257163958146,test,0.16919150969450736
Y265K,-0.26918187388214043,0.393139638979223,test,0.6623215128613634
Y265L,0.7595908556368035,0.848673695707959,test,0.08908284007115552
Y265M,0.3636315946281031,0.959664162758845,test,0.5960325681307419
Y265N,0.2718659710250987,0.934680054831314,test,0.6628140838062153
Y265P,0.30455130341604975,0.272648915900096,test,0.031902387515953756
Y265Q,0.2552202396950386,0.706663191715168,test,0.4514429520201294
Y265R,-0.1660149475356921,0.0767421038297809,test,0.242757051365473
Y265S,0.19393812238653943,0.607312832057444,test,0.4133747096709046
Y265T,0.1522141539630654,0.835142462036494,test,0.6829283080734286
Y265V,0.35756569541912964,0.913896234181486,test,0.5563305387623564
Y265W,0.3104926982273871,0.909348574635673,test,0.5988558764082859
Y286A,0.03590250170571499,0.805561928511461,train,0.7696594268057461
Y286C,-0.06008619757281716,1.05650950839098,test,1.116595705963797
Y286D,-0.9825462657683744,1.44034852756815,test,2.4228947933365244
Y286E,-0.5549661310466826,0.927364311554954,test,1.4823304426016366
Y286F,0.201700594257925,0.981667760487887,test,0.779967166229962
Y286G,0.025247061554981493,0.241066203905752,test,0.21581914235077052
Y286H,-0.6619446482491712,0.87067946104012,test,1.5326241092892912
Y286I,-0.2016978822814209,1.06499489000247,test,1.2666927722838908
Y286K,-0.9825462657683744,1.07789899794048,test,2.0604452637088544
Y286L,-0.22604093385680488,1.29721917307266,test,1.523260106929465
Y286M,-0.3258203206991318,1.01269778427331,test,1.338518104972442
Y286N,-0.6458248266949406,0.91418392177013,test,1.5600087484650706
Y286P,-0.9825462657683744,0.0653515260201174,test,1.047897791788492
Y286Q,-0.749860090391976,0.982276601825666,test,1.732136692217642
Y286R,-0.9825462657683744,0.109505188767388,test,1.0920514545357625
Y286S,-0.30386159869211793,1.1184877851482,test,1.4223493838403178
Y286T,-0.2608447089284972,0.4942952147129,test,0.7551399236413971
Y286V,-0.11598676889413925,0.886747319837418,test,1.0027340887315572
Y286W,-0.5740668054182348,0.541965936629157,test,1.116032742047392
Y28A,-1.5051021599294254,0.0884136485728608,train,1.5935158085022862
Y28C,-1.2952410811896036,0.601449600895174,test,1.8966906820847775
Y28D,-1.2953183846393588,0.057089022193608,test,1.3524074068329668
Y28E,-1.2953183846393588,0.0991326352004982,test,1.394451019839857
Y28F,-0.22315733066711715,0.906620498160556,test,1.1297778288276732
Y28G,-1.2953183846393588,0.182702903276882,test,1.4780212879162407
Y28H,-0.8338885279708775,0.451543435630235,test,1.2854319636011127
Y28I,-0.8251903149928682,0.85007714732494,test,1.6752674623178083
Y28K,-1.2953183846393588,0.0656241214084331,test,1.3609425060477918
Y28L,-0.7002774046259822,0.826750749023921,test,1.527028153649903
Y28M,-0.8445978351095359,0.802737092114794,test,1.64733492722433
Y28N,-1.078094255435979,0.101471960888188,test,1.179566216324167
Y28P,-1.2953183846393588,0.128539093569142,test,1.4238574782085007
Y28Q,-1.2953183846393588,0.115262704708418,test,1.4105810893477768
Y28R,-1.2953183846393588,0.0280929931088758,test,1.3234113777482346
Y28S,-1.0742305312998155,0.0609250010214763,test,1.1351555323212918
Y28T,-1.0878864574719962,0.246575759599354,test,1.3344622170713503
Y28V,-0.8521159894928946,0.735223083557318,test,1.5873390730502126
Y28W,-0.9431255827210226,0.971071242304358,test,1.9141968250253807
Y303A,0.5301204955016737,1.20237534297676,train,0.6722548474750863
Y303C,-0.22470480899912712,0.943750883932761,test,1.1684556929318881
Y303D,-0.29510887675824093,0.0787637287049342,test,0.37387260546317513
Y303E,-0.2657128300742365,1.10137817881882,test,1.3670910088930563
Y303F,0.29113644869751465,0.973074010504068,test,0.6819375618065534
Y303G,-0.29235364114953455,1.41671403163292,test,1.7090676727824547
Y303H,-0.4614369583276513,0.966564270278332,test,1.4280012286059833
Y303I,0.5207390007081686,0.99073628952649,test,0.46999728881832137
Y303K,-0.6549014478634202,0.9316054567103,test,1.5865069045737203
Y303L,0.40058042090728574,0.952681957503171,test,0.5521015365958852
Y303M,0.5068632539245127,0.942089046776986,test,0.4352257928524733
Y303N,-0.6543101143915621,1.03187212560018,test,1.686182239991742
Y303P,-0.47472053628973965,1.20600552121891,test,1.6807260575086498
Y303Q,-0.6549014478634202,0.927069265221794,test,1.581970713085214
Y303R,-0.4698611177728317,1.23156746424343,test,1.7014285820162618
Y303S,-0.6549014478634202,0.952158334501284,test,1.6070597823647041
Y303T,-0.09702618974426688,0.992753714417339,test,1.0897799041616059
Y303V,0.4415921349500015,0.987731983439074,test,0.5461398484890725
Y303W,-0.18186475971838764,0.965319733777005,test,1.1471844934953925
Y341A,0.1803699146433743,0.966974768560573,train,0.7866048539171987
Y341C,-0.02201059022982474,0.94018050183934,test,0.9621910920691648
Y341D,-0.02201059022982474,0.952452001562058,test,0.9744625917918828
Y341E,-0.02201059022982474,0.960130230954983,test,0.9821408211848077
Y341F,-0.02201059022982474,0.972033513997739,test,0.9940441042275637
Y341G,-0.02201059022982474,0.871962919012171,test,0.8939735092419958
Y341H,-0.02201059022982474,0.984137381679638,test,1.0061479719094628
Y341I,-0.02201059022982474,0.940939972721805,test,0.9629505629516297
Y341K,-0.02201059022982474,0.953509799605846,test,0.9755203898356708
Y341L,-0.02201059022982474,0.956285605977311,test,0.9782961962071358
Y341M,-0.02201059022982474,0.975089063418959,test,0.9970996536487837
Y341N,-0.02201059022982474,0.945755241045577,test,0.9677658312754017
Y341P,-0.02201059022982474,0.868042673473592,test,0.8900532637034168
Y341Q,-0.02201059022982474,0.965991900988439,test,0.9880024912182638
Y341R,-0.02201059022982474,0.955224631168516,test,0.9772352213983407
Y341S,-0.02201059022982474,0.951515892161286,test,0.9735264823911107
Y341T,-0.02201059022982474,1.00825576048109,test,1.0302663507109147
Y341V,-0.02201059022982474,0.947014800638893,test,0.9690253908687178
Y341W,-0.02201059022982474,0.969695495614383,test,0.9917060858442077
Y353A,-1.0282473402519494,0.129568715483523,train,1.1578160557354724
Y353C,-0.3882625364045674,0.164384404263055,test,0.5526469406676224
Y353D,-0.8912453273821169,0.0806801311754085,test,0.9719254585575254
Y353E,-0.8295736242258028,0.0498853473283766,test,0.8794589715541794
Y353F,0.41198765276092175,1.00152608019754,test,0.5895384274366183
Y353G,-0.71064516338008,0.0739503165155635,test,0.7845954798956435
Y353H,-0.6355251662148115,0.62356271696078,test,1.2590878831755914
Y353I,-0.388916465069156,0.606716830966409,test,0.995633296035565
Y353K,-0.6750012981019035,0.0378678537258293,test,0.7128691518277328
Y353L,-0.26918387473521876,0.794366677709379,test,1.0635505524445978
Y353M,-0.45456674128119035,0.740435326137095,test,1.1950020674182853
Y353N,-0.7227966887340193,0.120026740107317,test,0.8428234288413362
Y353P,-0.6667254603921838,0.109873623791312,test,0.7765990841834959
Y353Q,-0.628412280876549,0.176593549468438,test,0.805005830344987
Y353R,-1.054297269882223,0.0998235488715857,test,1.1541208187538088
Y353S,-0.5206018450981501,0.0722653340200941,test,0.5928671791182442
Y353T,-0.6379430780779595,0.0995754349485734,test,0.7375185130265329
Y353V,-0.3643375383741615,0.0730607794936896,test,0.4373983178678511
Y353W,-1.261501766360363,0.995656538877972,test,2.257158305238335
Y36A,0.5004882430363994,0.982558048814203,train,0.48206980577780356
Y36C,0.2620875706657243,0.997836084134012,test,0.7357485134682877
Y36D,0.3297210079730336,0.824955894397662,test,0.49523488642462843
Y36E,0.442807510335936,0.907388194038011,test,0.46458068370207495
Y36F,0.7674665837279352,1.00556659384616,test,0.2381000101182248
Y36G,0.47755262547180755,0.834268608380538,test,0.3567159829087304
Y36H,0.7910977516351717,0.942466347511222,test,0.15136859587605034
Y36I,0.4817169548580106,0.881325510805795,test,0.39960855594778444
Y36K,0.30913249719569846,1.03591469530637,test,0.7267821981106716
Y36L,0.42025868724217175,0.988547871669192,test,0.5682891844270203
Y36M,0.4126276758963533,0.923370837074306,test,0.5107431611779527
Y36N,0.2570600041686616,1.00454407519958,test,0.7474840710309184
Y36P,0.059077194389914794,0.608012841199709,test,0.5489356468097942
Y36Q,0.2397055038343693,0.986660609258527,test,0.7469551054241578
Y36R,0.42122003118130336,1.03875393653647,test,0.6175339053551666
Y36S,0.2843303749886511,0.971020904850495,test,0.6866905298618439
Y36T,0.33925684658672906,0.86844309697653,test,0.5291862503898009
Y36V,0.5773421808871816,0.934195665297383,test,0.35685348441020137
Y36W,0.09075181086202969,0.898672690148255,test,0.8079208792862254
Y38A,0.2030264510974288,0.842232123474512,train,0.6392056723770833
Y38C,-0.24360034558473517,0.650499931706417,test,0.8941002772911522
Y38D,-0.37685166472485,0.451030462920188,test,0.827882127645038
Y38E,-0.4323516079879067,0.549419336216625,test,0.9817709442045317
Y38F,0.5806475656933384,0.991689298026496,test,0.41104173233315755
Y38G,-0.020612738894257937,0.631727631863767,test,0.652340370758025
Y38H,-0.10631309064808678,0.705168185710734,test,0.8114812763588208
Y38I,0.2989357265818168,0.821527926425667,test,0.5225921998438502
Y38K,-0.12745393668872249,0.710579578517321,test,0.8380335152060435
Y38L,0.19768846577889013,0.864010914241378,test,0.6663224484624879
Y38M,0.16266814887823924,0.889659668927977,test,0.7269915200497378
Y38N,-0.15538819376520716,0.615728919951288,test,0.7711171137164952
Y38P,0.35846785324810926,0.722683520423738,test,0.3642156671756287
Y38Q,-0.3427198219087376,0.798586615640173,test,1.1413064375489106
Y38R,-0.058585325254327664,0.768501946241586,test,0.8270872714959137
Y38S,0.055409346023276435,0.682638458745875,test,0.6272291127225986
Y38T,0.0996658459021266,0.646225045716882,test,0.5465591998147554
Y38V,0.2641896674150225,0.718853887363478,test,0.4546642199484555
Y38W,-0.15138428323061456,0.660980049205027,test,0.8123643324356415
Y426A,0.49634634209469974,0.958742410258416,train,0.46239606816371626
Y426C,0.022788813552523074,0.911019138965635,test,0.888230325413112
Y426D,-0.03399477864893927,0.655002465617946,test,0.6889972442668852
Y426E,-0.021374900490260224,0.627052539437641,test,0.6484274399279013
Y426F,0.8775200287188129,0.983293611110323,test,0.10577358239151013
Y426G,-0.02299688400919772,0.811128874445843,test,0.8341257584550408
Y426H,0.469079696994681,0.856728482432645,test,0.387648785437964
Y426I,0.19049302917849045,0.870319072005728,test,0.6798260428272376
Y426K,0.19546772236611756,0.871663903011458,test,0.6761961806453405
Y426L,0.07749004304172549,0.911704359189228,test,0.8342143161475025
Y426M,0.007543978046596372,0.966385570952452,test,0.9588415929058557
Y426N,-0.17908582452588492,0.668244991617125,test,0.84733081614301
Y426P,-0.09455671064009183,0.238313036304052,test,0.33286974694414384
Y426Q,0.07527935194852167,0.862218704029118,test,0.7869393520805964
Y426R,0.21692942724797395,0.804484687424528,test,0.5875552601765541
Y426S,0.09930864166547307,0.829583984653171,test,0.7302753429876979
Y426T,0.12193174088887529,0.719761296962981,test,0.5978295560741057
Y426V,0.16776520254662378,0.908152664257019,test,0.7403874617103953
Y426W,0.4714100774093378,0.944144408090415,test,0.4727343306810772
Y448A,0.21638552973882033,0.988267643142454,train,0.7718821134036337
Y448C,-0.004002782682102385,0.988931472218228,test,0.9929342549003304
Y448D,-0.004002782682102385,0.950325736353962,test,0.9543285190360644
Y448E,-0.004002782682102385,0.94063512199222,test,0.9446379046743224
Y448F,-0.004002782682102385,0.984025868089359,test,0.9880286507714614
Y448G,-0.004002782682102385,0.878692273359417,test,0.8826950560415194
Y448H,-0.004002782682102385,0.958699741767666,test,0.9627025244497684
Y448I,-0.004002782682102385,0.95172769119241,test,0.9557304738745124
Y448K,-0.004002782682102385,0.879838789433787,test,0.8838415721158894
Y448L,-0.004002782682102385,0.916793375443847,test,0.9207961581259494
Y448M,-0.004002782682102385,0.945548933679026,test,0.9495517163611285
Y448N,-0.004002782682102385,0.926551555323542,test,0.9305543380056445
Y448P,-0.004002782682102385,0.148293783329975,test,0.1522965660120774
Y448Q,-0.004002782682102385,0.90552481457129,test,0.9095275972533924
Y448R,-0.004002782682102385,0.84756520020299,test,0.8515679828850924
Y448S,-0.004002782682102385,0.929487923483175,test,0.9334907061652774
Y448T,-0.004002782682102385,0.882234264657594,test,0.8862370473396964
Y448V,-0.004002782682102385,0.952090398170863,test,0.9560931808529655
Y448W,-0.004002782682102385,0.994831475303442,test,0.9988342579855444
Y72A,-1.4322169681288799,0.0317369911017114,train,1.4639539592305912
Y72C,-0.9012353563757206,0.0684674052888945,test,0.9697027616646151
Y72D,-0.8316361942282605,0.0455780828807118,test,0.8772142771089724
Y72E,-0.8980625139117827,0.0678941937636976,test,0.9659567076754803
Y72F,-0.581184013563944,0.7354117541779,test,1.3165957677418438
Y72G,-1.0201325329858844,0.0393006262005912,test,1.0594331591864756
Y72H,-1.0315952156866481,0.14992895866169,test,1.1815241743483382
Y72I,-0.6646075982418588,0.427804574970055,test,1.0924121732119136
Y72K,-0.9618118805643271,0.0577183813112607,test,1.0195302618755877
Y72L,-0.6428051135519358,0.0815010171972774,test,0.7243061307492132
Y72M,-0.990886534772398,0.0878118892983417,test,1.0786984240707396
Y72N,-1.4587864876395547,0.125061024408826,test,1.5838475120483806
Y72P,-1.6505988566557044,0.0599036359076358,test,1.71050249256334
Y72Q,-0.9866854789140719,0.176385934800183,test,1.1630714137142548
Y72R,-0.8754586680135884,0.166967778581781,test,1.0424264465953694
Y72S,-0.9127090316325813,0.0686117260006715,test,0.9813207576332528
Y72T,-0.7697304597440365,0.0711061244786141,test,0.8408365842226506
Y72V,-0.518304553658555,0.0892077833292412,test,0.6075123369877962
Y72W,-1.4769134050823614,0.113308116866888,test,1.5902215219492493
Y7A,-1.271711584517876,0.108486327855841,train,1.380197912373717
Y7C,-0.7480513398104497,0.110075697949894,test,0.8581270377603437
Y7D,-0.7480513398104497,0.195092044656551,test,0.9431433844670007
Y7E,-0.7480513398104497,0.105022632435835,test,0.8530739722462847
Y7F,-0.7480513398104497,0.775798821422489,test,1.5238501612329387
Y7G,-0.7480513398104497,0.105307065454801,test,0.8533584052652506
Y7H,-0.7480513398104497,0.737592330767414,test,1.4856436705778637
Y7I,-0.7480513398104497,0.100700678492188,test,0.8487520183026377
Y7K,-0.7480513398104497,0.0237764245278994,test,0.7718277643383491
Y7L,-0.7480513398104497,0.0672569153664526,test,0.8153082551769023
Y7M,-0.7480513398104497,0.530851540403636,test,1.2789028802140856
Y7N,-0.7480513398104497,0.0942926970837607,test,0.8423440368942103
Y7P,-0.7480513398104497,0.0682595530057228,test,0.8163108928161725
Y7Q,-0.7480513398104497,0.0577976073382739,test,0.8058489471487236
Y7R,-0.7480513398104497,0.259597412488539,test,1.0076487522989888
Y7S,-0.7480513398104497,0.143130733097939,test,0.8911820729083887
Y7T,-0.7480513398104497,0.0282410053245007,test,0.7762923451349504
Y7V,-0.7480513398104497,0.051867655241362,test,0.7999189950518117
Y7W,-0.7480513398104497,0.695729644817246,test,1.4437809846276957
Y85A,-1.5681392183002576,0.111616261878852,train,1.6797554801791097
Y85C,-0.8795790064044552,0.182160641382144,test,1.0617396477865992
Y85D,-0.9921739143360869,0.120387146771503,test,1.11256106110759
Y85E,-1.1957574144969982,0.199713154001768,test,1.3954705684987663
Y85F,0.278520987682613,0.96545583676307,test,0.686934849080457
Y85G,-1.1957574144969982,0.100601775686608,test,1.2963591901836062
Y85H,-0.5425367617336246,0.658929867766026,test,1.2014666294996506
Y85I,-0.4173282322910098,0.624077393417766,test,1.0414056257087758
Y85K,-1.1957574144969982,0.105477956837739,test,1.3012353713347373
Y85L,-0.40298774929425185,0.573103200155869,test,0.9760909494501209
Y85M,-0.9467709315766654,0.676847140558728,test,1.6236180721353932
Y85N,-1.1956639969140028,0.111695836599719,test,1.3073598335137218
Y85P,-1.1913174705568303,0.0614395733438266,test,1.252757043900657
Y85Q,-0.7707817203034865,0.102513727181506,test,0.8732954474849924
Y85R,-1.1957574144969982,0.0833440087138597,test,1.279101423210858
Y85S,-0.7462443243883862,0.136754747050043,test,0.8829990714384292
Y85T,-0.6538019979231796,0.259618469447257,test,0.9134204673704367
Y85V,-0.4479210226282361,0.633232488130905,test,1.0811535107591412
Y85W,-0.4924659249509945,0.842784629161863,test,1.3352505541128576
