AminoAcid,Prediction,Activity,Class,Error
A102C,1.1334817701145674,0.947854717895848,test,0.18562705221871945
A102D,0.33402582874055936,0.939500499173145,test,0.6054746704325857
A102E,0.4597403999989283,0.974838949434755,test,0.5150985494358267
A102F,0.18957324614358312,1.05273117811818,test,0.863157931974597
A102G,0.7951847584827654,0.993810114972177,test,0.1986253564894116
A102H,0.20571230488610054,0.979709214514135,test,0.7739969096280344
A102I,0.5966331908194107,0.882240039246779,test,0.2856068484273683
A102K,0.01941094774033486,0.161589684287335,test,0.14217873654700014
A102L,0.6318538134438363,0.888722431834851,test,0.2568686183910147
A102M,0.3493595416405491,0.953887838142555,test,0.6045282965020058
A102N,0.746418099365389,0.964700523644431,test,0.218282424279042
A102P,0.7971261230226432,0.51278396269191,test,0.28434216033073323
A102Q,0.9112456456708173,0.940864505000438,test,0.029618859329620606
A102R,0.6823169990938887,0.0516287111412806,test,0.630688287952608
A102S,1.2351524402062957,1.016823696707,test,0.21832874349929576
A102T,0.9775905805693519,0.97536936784186,test,0.0022212127274918725
A102V,1.4888447534781033,0.905913540843066,test,0.5829312126350373
A102W,0.01941094774033486,0.580083298297348,test,0.560672350557013
A102Y,0.5988581951522249,0.731769897747014,test,0.13291170259478902
A11C,0.33561915563560346,0.969636531228984,test,0.6340173755933805
A11D,0.33561915563560346,1.00412196465644,test,0.6685028090208367
A11E,0.33561915563560346,0.936424857066323,test,0.6008057014307195
A11F,0.33561915563560346,0.84128193682711,test,0.5056627811915066
A11G,0.33561915563560346,0.977132611046739,test,0.6415134554111355
A11H,0.33561915563560346,0.994361781109104,test,0.6587426254735005
A11I,0.33561915563560346,0.743799108818846,test,0.40817995318324257
A11K,0.33561915563560346,0.936295575417764,test,0.6006764197821606
A11L,0.33561915563560346,0.920320004281785,test,0.5847008486461815
A11M,0.33561915563560346,0.962749490981501,test,0.6271303353458975
A11N,0.33561915563560346,0.954856392773172,test,0.6192372371375685
A11P,0.33561915563560346,0.561183824446436,test,0.22556466881083254
A11Q,0.33561915563560346,1.00277411772863,test,0.6671549620930266
A11R,0.33561915563560346,0.966547831151916,test,0.6309286755163126
A11S,0.33561915563560346,1.00677658783107,test,0.6711574321954665
A11T,0.33561915563560346,0.98544018130674,test,0.6498210256711365
A11V,0.33561915563560346,0.765123318614601,test,0.4295041629789976
A11W,0.33561915563560346,0.848135071771969,test,0.5125159161363655
A11Y,0.33561915563560346,0.877327796330211,test,0.5417086406946074
A121C,1.0713861395331494,0.96873540163925,train,0.10265073789389945
A121D,-1.1089490300818814,0.0983719535787361,train,1.2073209836606176
A121E,-0.690441868737004,0.106844695874562,test,0.797286564611566
A121F,-0.0027272864403630748,0.128445703335093,test,0.13117298977545608
A121G,0.4953831213577074,0.736608991036429,train,0.24122586967872156
A121H,-0.46304830753057397,0.103348400764134,test,0.566396708294708
A121I,0.2423502670130429,0.725992755575428,test,0.48364248856238506
A121K,-0.4519973341611951,0.0892361911574158,test,0.5412335253186109
A121L,0.662216729702962,0.619134070716006,test,0.04308265898695596
A121M,0.16577909265687835,0.0580655459360224,test,0.10771354672085595
A121N,-0.690441868737004,0.851043725303375,test,1.5414855940403789
A121P,-0.5799467037899237,0.0472664879384829,test,0.6272131917284066
A121Q,-0.7445458139302819,0.245261060021924,train,0.9898068739522059
A121R,-0.690441868737004,0.0963144772970085,test,0.7867563460340125
A121S,0.17028769420653062,0.896926043013523,test,0.7266383488069923
A121T,-0.020318978132641108,0.942000581893466,test,0.9623195600261072
A121V,0.29106061542545986,1.13546588008929,test,0.8444052646638303
A121W,-1.247614217329764,0.0438263035244689,train,1.2914405208542328
A121Y,-0.13686630330898447,0.0666181920497887,test,0.20348449535877317
A131C,1.012617783722046,0.962071175593476,test,0.050546608128570036
A131D,1.2176383484215911,0.991237136632295,test,0.22640121178929618
A131E,1.0406958225084892,0.9670387482543,test,0.07365707425418921
A131F,0.41819700747624117,0.899275610894286,test,0.4810786034180448
A131G,0.8391399493999643,0.989010677916198,test,0.14987072851623373
A131H,0.7389612681548314,0.994312683939044,test,0.2553514157842126
A131I,0.7266343717651189,0.893033198144332,test,0.1663988263792131
A131K,1.2368561988478568,1.00202059936233,test,0.2348355994855269
A131L,0.6508261547225089,0.940656132849848,test,0.289829978127339
A131M,0.44012662178477774,0.97431193974059,test,0.5341853179558123
A131N,0.9126311130710718,1.00371991092774,test,0.09108879785666812
A131P,0.9697046727528544,0.990316480444636,test,0.020611807691781614
A131Q,1.036582142036135,0.983229090973343,test,0.05335305106279198
A131R,1.2467449454228543,1.00269779381498,test,0.24404715160787438
A131S,1.2635366440159643,0.962525166713915,test,0.30101147730204936
A131T,0.9199293506168402,1.00294138326273,test,0.08301203264588985
A131V,1.0687259107492189,0.946063196469572,test,0.12266271427964681
A131W,0.6083508359168626,0.8160156264342,test,0.20766479051733744
A131Y,0.5083302931507454,0.932966502424748,test,0.4246362092740026
A134C,0.8232661982311278,1.00153051944335,test,0.17826432121222213
A134D,1.3888081505422,0.994172868979974,test,0.39463528156222605
A134E,1.421272555824066,1.01947264776814,test,0.401799908055926
A134F,0.49138988092429164,1.00147459569693,test,0.5100847147726384
A134G,1.0117973059697398,0.993237662253987,test,0.018559643715752805
A134H,1.0661402193183278,1.01529036208876,test,0.05084985722956792
A134I,0.6197575309368162,0.959239185410868,test,0.33948165447405176
A134K,1.5185006131569647,1.02521648979829,test,0.49328412335867466
A134L,1.0881999432657317,0.948949279460928,test,0.13925066380480366
A134M,0.828388323396748,0.98468662525021,test,0.15629830185346205
A134N,1.0347088439342826,0.99851945894264,test,0.03618938499164259
A134P,0.7358646893109366,1.00411205132313,test,0.26824736201219346
A134Q,1.3546542674259747,1.00190090087984,test,0.35275336654613465
A134R,1.8621718819257271,1.01594659934285,test,0.8462252825828771
A134S,1.0553576723641989,0.996623189659108,test,0.05873448270509085
A134T,1.259072141821374,0.994052274324717,test,0.26501986749665696
A134V,0.9741756089725477,0.932596199258961,test,0.04157940971358676
A134W,0.23009132903821167,1.00331148938536,test,0.7732201603471485
A134Y,0.36761921824600924,0.992377337158192,test,0.6247581189121827
A145C,1.0116004111804564,0.993199212454628,test,0.01840119872582835
A145D,2.326435745498502,1.0291961754419,test,1.2972395700566022
A145E,1.6366810369262144,0.997902688631025,test,0.6387783482951893
A145F,0.7997383244990885,0.960677857754414,test,0.1609395332553255
A145G,1.4809983698823483,1.00052782472545,test,0.48047054515689824
A145H,1.7751231320691314,0.999394534926796,test,0.7757285971423354
A145I,1.0766165896109605,0.906029254561754,test,0.17058733504920653
A145K,1.5396001089129054,1.00007047981093,test,0.5395296291019755
A145L,1.1138988022877392,0.958888818245316,test,0.15500998404242317
A145M,1.1976794273157232,0.987633246997261,test,0.21004618031846223
A145N,1.7343375835633257,1.00704888255839,test,0.7272887010049356
A145P,0.7982092349942818,0.943654355981639,test,0.1454451209873573
A145Q,1.3343977686179684,1.00351515713121,test,0.33088261148675846
A145R,1.4353931893590985,0.994120941859935,test,0.4412722474991635
A145S,1.325343448480659,1.03299272144368,test,0.29235072703697895
A145T,1.6493124360058626,0.995373136632506,test,0.6539392993733566
A145V,1.4921586027094893,0.892334957086682,test,0.5998236456228073
A145W,0.7982092349942818,0.991967568503668,test,0.1937583335093862
A145Y,0.8075054311983756,0.97335478788767,test,0.16584935668929446
A177C,0.21825723095283506,0.877624111070575,test,0.6593668801177399
A177D,-0.19116339919445652,0.753987374465448,test,0.9451507736599045
A177E,0.19934463194538138,0.756123964276617,test,0.5567793323312356
A177F,-0.3426762946795278,0.778874577579493,test,1.1215508722590208
A177G,0.8986324089778499,0.932848899393302,test,0.03421649041545205
A177H,0.02426169985247212,0.810890470839181,test,0.7866287709867088
A177I,0.01823430241918983,0.851648905690418,test,0.8334146032712282
A177K,0.20282340498430612,0.812673302922934,test,0.609849897938628
A177L,0.19738927367569487,0.796945570337388,test,0.5995562966616932
A177M,-0.1532067544324604,0.874629929777583,test,1.0278366842100435
A177N,0.01126808367293114,0.594107174651784,test,0.5828390909788528
A177P,-0.5176385219355435,0.607150983767246,test,1.1247895057027895
A177Q,0.12708018101363022,0.89407182145857,test,0.7669916404449397
A177R,0.5396545847874563,0.641327796739374,test,0.1016732119519177
A177S,0.46187943607503007,0.978704885861998,test,0.516825449786968
A177T,0.31012315693580744,0.769272743358432,test,0.45914958642262454
A177V,0.4769740059626067,0.842718501141784,test,0.36574449517917734
A177W,-0.5176385219355435,0.622983197420726,test,1.1406217193562695
A177Y,0.005934752953049183,0.767316831027162,test,0.7613820780741127
A179C,-0.48717218264274104,0.892772397535417,test,1.379944580178158
A179D,-0.5667334409058569,0.673829701999572,test,1.240563142905429
A179E,-0.17488034247428702,0.827056458814989,test,1.001936801289276
A179F,-0.016624990200346745,0.816876085567365,test,0.8335010757677117
A179G,-0.24399210213887196,0.859756674400124,test,1.103748776538996
A179H,-0.15698892215464605,0.826507397286883,test,0.9834963194415292
A179I,0.18862941455419785,0.761849566820699,test,0.5732201522665012
A179K,0.00877789353725339,0.299565143009276,test,0.2907872494720226
A179L,0.5367828187938706,0.72747936615655,test,0.19069654736267938
A179M,0.218936506068177,0.816474088604903,test,0.597537582536726
A179N,-0.07257401815995829,0.881252995007842,test,0.9538270131678004
A179P,-0.7642039813570545,0.0991290673849882,test,0.8633330487420426
A179Q,-0.002288705721921802,0.800836921550969,test,0.8031256272728908
A179R,0.1944186405553215,0.257418570059555,test,0.0629999295042335
A179S,0.07417666746766832,0.944555069788464,test,0.8703784023207957
A179T,0.12064791479720155,,,
A179V,0.5096321281387297,,,
A179W,-0.5473325618301672,0.973503550514548,test,1.5208361123447152
A179Y,-0.003970692603592896,0.860822393284118,test,0.8647930858877109
A182C,0.7244452408993141,0.955702909380636,test,0.2312576684813219
A182D,1.8538851681608808,1.01503495236092,test,0.8388502157999609
A182E,1.3652006712402525,1.0102962235631,test,0.35490444767715257
A182F,0.2094964065012715,0.808347526545027,test,0.5988511200437554
A182G,1.0417417657164734,1.03143435415393,test,0.010307411562543445
A182H,0.9616834941545811,0.983002685452137,test,0.021319191297555884
A182I,0.9232348827937003,0.891876777430476,test,0.03135810536322425
A182K,1.1784634487116534,1.04548518440303,test,0.13297826430862347
A182L,1.2340488131927003,0.965422861734631,test,0.26862595145806933
A182M,0.8982797126316129,0.97916309808896,test,0.08088338545734708
A182N,1.3122177549320604,1.00653597094172,test,0.3056817839903403
A182P,0.6003118835209058,0.0740425944971449,test,0.5262692890237609
A182Q,1.9288144686665074,1.0342295656129,test,0.8945849030536075
A182R,1.380253324595472,1.00002628058993,test,0.38022704400554197
A182S,1.2145962866955138,0.986736533752984,test,0.2278597529425298
A182T,1.0238395758996184,1.01193214084867,test,0.01190743505094849
A182V,0.8776745779414057,0.881258331174921,test,0.003583753233515341
A182W,0.3930858749766167,0.841582237605763,test,0.44849636262914633
A182Y,0.20940289297993614,0.91293492442915,test,0.703532031449214
A19C,0.33561915563560346,0.920961394221338,test,0.5853422385857345
A19D,0.33561915563560346,0.940759982079348,test,0.6051408264437446
A19E,0.33561915563560346,0.978109957063309,test,0.6424908014277055
A19F,0.33561915563560346,0.866076516751577,test,0.5304573611159735
A19G,0.33561915563560346,0.739464448435109,test,0.4038452927995055
A19H,0.33561915563560346,0.607012931108877,test,0.27139377547327354
A19I,0.33561915563560346,0.928814358391636,test,0.5931952027560325
A19K,0.33561915563560346,0.989201151735566,test,0.6535819960999625
A19L,0.33561915563560346,0.963871647212708,test,0.6282524915771046
A19M,0.33561915563560346,0.975222349155054,test,0.6396031935194506
A19N,0.33561915563560346,0.970571744424908,test,0.6349525887893046
A19P,0.33561915563560346,0.382486242139586,test,0.046867086503982525
A19Q,0.33561915563560346,0.959630672249541,test,0.6240115166139375
A19R,0.33561915563560346,0.816571189267187,test,0.4809520336315835
A19S,0.33561915563560346,0.961310103494978,test,0.6256909478593746
A19T,0.33561915563560346,0.969988697874949,test,0.6343695422393456
A19V,0.33561915563560346,0.858654195039651,test,0.5230350394040475
A19W,0.33561915563560346,0.830451109614722,test,0.49483195397911856
A19Y,0.33561915563560346,0.916298108802578,test,0.5806789531669745
A202C,1.1627871906255258,0.940065832904043,test,0.22272135772148283
A202D,0.454486209964621,0.952108660420466,test,0.497622450455845
A202E,0.3890315415052577,0.955885040261785,test,0.5668534987565272
A202F,0.2810017633794413,0.985405820795943,test,0.7044040574165016
A202G,0.5849770535622589,0.998813716293118,test,0.41383666273085906
A202H,0.3003358019151659,0.901989035383439,test,0.6016532334682732
A202I,0.4321813667517596,0.9529799364695,test,0.5207985697177404
A202K,0.23348702118967607,0.811670073731717,test,0.5781830525420408
A202L,0.49268327493169656,0.970339535881612,test,0.4776562609499155
A202M,0.44760466827337103,0.970514479007396,test,0.5229098107340249
A202N,0.6739749591357516,0.900575804110009,test,0.22660084497425748
A202P,0.040760138327101514,0.0976981962925768,test,0.05693805796547528
A202Q,0.22500596055518157,1.00320242227279,test,0.7781964617176085
A202R,0.042941362926303184,0.843145980855693,test,0.8002046179293898
A202S,0.9119029613052412,0.984294157704877,test,0.07239119639963587
A202T,0.4212782660427586,0.974535200317188,test,0.5532569342744293
A202V,0.4152526686623262,0.99297969704968,test,0.5777270283873539
A202W,-0.2996314488082347,0.879421953257132,test,1.1790534020653667
A202Y,-0.060067518005855136,0.943091808752149,test,1.0031593267580041
A209C,1.0625279253334838,0.980590937141008,test,0.08193698819247586
A209D,1.3040240419579838,0.959848201738922,test,0.3441758402190618
A209E,1.3224611403672206,0.968355870537612,test,0.35410526982960866
A209F,0.7720664683274663,0.902325898141489,test,0.13025942981402272
A209G,0.913936649676355,0.983790052700066,test,0.06985340302371101
A209H,0.9845787825041228,1.01788771247902,test,0.033308929974897206
A209I,1.1002733677740757,0.940387280082928,test,0.15988608769114765
A209K,1.4634427561889414,1.03081919768674,test,0.43262355850220136
A209L,1.0811689609801398,0.967535772048972,test,0.1136331889311678
A209M,1.015675102146048,0.97273661835801,test,0.042938483788037995
A209N,1.060049784905022,0.964364536499456,test,0.09568524840556614
A209P,2.0071994501537826,1.02964599213125,test,0.9775534580225327
A209Q,1.2386721838446313,0.990280119907873,test,0.24839206393675828
A209R,1.6895085389733016,1.01307314349525,test,0.6764353954780515
A209S,1.1111954272293438,0.997022695541014,test,0.11417273168832986
A209T,1.4950017381211271,1.0019527969107,test,0.4930489412104271
A209V,1.2029594239266572,0.96872092689502,test,0.23423849703163724
A209W,0.29150501312502725,0.928467820526655,test,0.6369628074016278
A209Y,0.7769154475427236,0.941724841084202,test,0.1648093935414784
A212C,0.4635832279072219,0.682293836279837,test,0.21871060837261508
A212D,-0.2355767649856872,0.0750680513165724,test,0.3106448163022596
A212E,0.3718658808553635,0.21059108709821,test,0.16127479375715348
A212F,0.6320074237726665,0.201426420427495,test,0.43058100334517146
A212G,0.5519636304375659,0.787057796721831,test,0.23509416628426505
A212H,0.5108876078864526,0.685650659938922,test,0.17476305205246945
A212I,0.671751780072043,0.0945369313757474,test,0.5772148486962956
A212K,0.7389864042376324,0.520002251449784,test,0.21898415278784844
A212L,0.7582236770013608,0.172340137264475,test,0.5858835397368858
A212M,0.8210574204522985,0.157938496569759,test,0.6631189238825395
A212N,0.5860545789474649,0.614629263873339,test,0.028574684925874116
A212P,-0.2355767649856872,0.660190259542561,test,0.8957670245282483
A212Q,0.7871366885777427,0.520176479370555,test,0.26696020920718766
A212R,0.7843111782525298,0.660695473969923,test,0.12361570428260682
A212S,0.7614002226326662,0.979333419465987,test,0.2179331968333208
A212T,0.7537123850709975,0.603618706738026,test,0.1500936783329715
A212V,1.2456045097854833,0.60020806864121,test,0.6453964411442733
A212W,-0.15138555807578763,0.0950254029448446,test,0.24641096102063223
A212Y,0.7658865485283286,0.399581550165037,test,0.3663049983632916
A214C,-0.3738992789618009,0.893204329432814,test,1.267103608394615
A214D,-0.2995024587445058,0.061763178380334,test,0.36126563712483983
A214E,0.13597904751881457,0.899532290746409,test,0.7635532432275944
A214F,-0.18530215096592956,0.616911810535888,test,0.8022139615018176
A214G,0.1832918277446734,0.84310003696851,test,0.6598082092238367
A214H,-0.3043406061762361,0.616253520914316,test,0.920594127090552
A214I,-0.028922946877516453,0.68570211874442,test,0.7146250656219364
A214K,0.35128442279214417,0.828846752674933,test,0.47756232988278885
A214L,0.11635297325400457,0.307863800468714,test,0.1915108272147094
A214M,0.11712424460475829,0.900770152231106,test,0.7836459076263478
A214N,-0.3093537591770143,0.700750790058107,test,1.0101045492351213
A214P,-0.5802464379969372,0.168866751977669,test,0.7491131899746062
A214Q,0.062015594550665354,0.884074116436973,test,0.8220585218863077
A214R,0.19177584902643302,0.716490029859144,test,0.5247141808327109
A214S,0.6543640759039739,0.98215734349289,test,0.327793267588916
A214T,0.22599791690312016,0.808852736753717,test,0.582854819850597
A214V,0.37405280849352,0.849077128844716,test,0.47502432035119596
A214W,-0.8683350989768268,0.195226252785717,train,1.0635613517625437
A214Y,0.03613103395593603,0.799063171138858,test,0.7629321371829221
A218C,0.7368848403073329,0.834932996698431,train,0.0980481563910981
A218D,-0.6610069302094583,0.127033197368559,test,0.7880401275780173
A218E,-0.3913835255077646,0.0281423368632371,test,0.4195258623710017
A218F,-0.4034971496877144,0.121134637653864,test,0.5246317873415783
A218G,-0.29706390593476145,0.448434639177819,test,0.7454985451125804
A218H,-0.1334489700149994,0.121302590117136,test,0.2547515601321354
A218I,-0.09290312682259833,0.769582363654542,test,0.8624854904771404
A218K,-0.37448691456727795,0.0934800400942502,test,0.46796695466152816
A218L,-0.13076726606698935,0.193558282163955,test,0.32432554823094434
A218M,-0.42384910603965403,0.0817115809905008,test,0.5055606870301548
A218N,-0.40925314540287866,0.102001011839997,test,0.5112541572428757
A218P,-1.1863070837193619,0.069267624365111,train,1.2555747080844728
A218Q,-0.4898138539141587,0.0517262983601794,test,0.5415401522743382
A218R,-0.30165927145414345,0.0423842168827358,test,0.34404348833687926
A218S,0.04240917621682533,0.956765966382863,test,0.9143567901660377
A218T,-0.21188173501722746,0.747737900102017,test,0.9596196351192445
A218V,0.4896770386466259,0.918558895627401,test,0.42888185698077513
A218W,-1.2328195973912615,0.0484840724469403,train,1.2813036698382017
A218Y,-0.20365574868184128,0.0806781877743358,test,0.2843339364561771
A225C,0.16164416259240083,0.937979142183702,test,0.7763349795913013
A225D,0.39196247173585524,0.732483145385171,test,0.34052067364931576
A225E,0.496946286081375,0.87496016838631,test,0.378013882304935
A225F,0.124550462346738,0.848209936260281,test,0.7236594739135429
A225G,0.6901532164428943,0.94288758686157,test,0.25273437041867575
A225H,0.5602574683339832,0.908019695254884,test,0.34776222692090086
A225I,0.36048857592241396,0.957208303174816,test,0.5967197272524021
A225K,0.541313020546653,0.98324635989768,test,0.44193333935102697
A225L,0.34706545769341096,0.905999250473748,test,0.5589337927803371
A225M,0.32474951113732514,0.974725733644879,test,0.6499762225075538
A225N,0.513777385615743,0.821074628531378,test,0.307297242915635
A225P,0.9522668978639217,0.982231463886724,test,0.029964566022802286
A225Q,0.46665731837536134,0.93047008724399,test,0.4638127688686287
A225R,0.853731594823838,0.971486670035336,test,0.11775507521149797
A225S,0.7209837093148614,0.949871577271832,test,0.22888786795697058
A225T,0.8513805708429238,0.962846965491154,test,0.11146639464823016
A225V,0.4976473014901615,0.974998132742469,test,0.47735083125230754
A225W,-0.16523260103533483,0.813337419162211,test,0.9785700201975458
A225Y,0.140774090598006,0.906002446140598,test,0.765228355542592
A230C,1.241966844110788,1.0230001911851,test,0.21896665292568795
A230D,0.2878439652983414,0.221881266203295,test,0.06596269909504637
A230E,0.5772286818130894,0.76870372897293,train,0.19147504715984065
A230F,1.6126325926984766,0.992655446101731,test,0.6199771465967456
A230G,1.05293479989788,0.662533318559118,test,0.39040148133876196
A230H,0.9110332687061771,0.919336019600402,test,0.008302750894224942
A230I,1.0496779174251962,0.993042931570874,test,0.05663498585432225
A230K,-0.02784582860040702,0.528365800239532,train,0.556211628839939
A230L,1.2945757895257266,0.962654277626924,test,0.3319215118988026
A230M,1.2101317510549805,1.0079847366341,test,0.20214701442088057
A230N,0.5003662722252749,0.614676081403328,test,0.11430980917805311
A230P,1.2851959934534172,0.557285133715551,test,0.7279108597378662
A230Q,0.9920225492181816,0.936740068335101,train,0.05528248088308052
A230R,0.2893785004371648,0.0859281393631767,test,0.2034503610739881
A230S,0.9264837809404618,0.874646203658465,test,0.05183757728199678
A230T,0.9820826007734382,0.959426597019412,test,0.02265600375402621
A230V,1.2591803197420788,0.993096592642003,test,0.2660837271000758
A230W,1.134900429401565,0.991858838929845,train,0.14304159047171994
A230Y,1.1785009695394084,1.00856270964935,train,0.1699382598900585
A234C,-0.008990657226766119,0.947448539203631,test,0.9564391964303971
A234D,0.37256371211894296,0.494350307322319,test,0.12178659520337604
A234E,0.005066897732195541,0.0986903374678837,test,0.09362343973568815
A234F,-0.41798063054931583,0.15214640022472,test,0.5701270307740358
A234G,0.2837078484311935,0.918799475690768,test,0.6350916272595746
A234H,0.1401525669626818,0.116142218759338,test,0.0240103482033438
A234I,-0.306890261920671,0.17717713345418,test,0.484067395374851
A234K,-0.5199829875342541,0.0643594797455282,test,0.5843424672797823
A234L,-0.1317875880843679,0.0640851200041147,test,0.19587270808848262
A234M,-0.2284769302476128,0.103016271482703,test,0.33149320173031577
A234N,-0.09806054831886252,0.693022069528052,test,0.7910826178469146
A234P,-0.23954970468808406,0.16926916779971,test,0.408818872487794
A234Q,-0.7055496752659334,0.0653398107570279,test,0.7708894860229613
A234R,-0.24891208861125586,0.106849547740773,test,0.35576163635202884
A234S,0.5551896738582904,0.997678880651249,test,0.44248920679295856
A234T,0.25145488815027234,0.929318453000932,test,0.6778635648506597
A234V,-0.09255069625267248,1.34363371972588,test,1.4361844159785526
A234W,-0.7055496752659334,0.177361297837761,test,0.8829109731036944
A234Y,-0.7055496752659334,0.103285782635975,test,0.8088354579019084
A242C,-0.27998249434581973,0.922380829823753,test,1.2023633241695728
A242D,0.528520159399033,0.92057925771907,test,0.39205909832003705
A242E,0.7205768051271271,1.00759377197926,test,0.28701696685213296
A242F,-0.21724484401781646,0.776345568697495,test,0.9935904127153115
A242G,0.31024245009332146,0.953376789133566,test,0.6431343390402446
A242H,0.6591844792104737,1.01373761417972,test,0.35455313496924634
A242I,-0.06304134906494946,0.719957213442107,test,0.7829985625070564
A242K,0.7574502943817265,1.01463957143409,test,0.2571892770523634
A242L,-0.09352874436386566,0.864495229067371,test,0.9580239734312366
A242M,0.1782571688702977,0.973964680293915,test,0.7957075114236174
A242N,0.3126318999868705,0.95731104446394,test,0.6446791444770694
A242P,0.20221077040305785,0.604463240178934,test,0.4022524697758762
A242Q,0.4489633275589782,1.01359027570242,test,0.5646269481434418
A242R,0.8449212163312048,1.02691951971814,test,0.18199830338693523
A242S,0.35240988076481733,0.984751641556454,test,0.6323417607916366
A242T,0.2024331991316491,0.893391113284138,test,0.6909579141524889
A242V,0.05499067875269864,0.768582717856009,test,0.7135920391033104
A242W,-0.16791104260308382,0.815991878032384,test,0.9839029206354679
A242Y,-0.04309634862639905,0.945893685576029,test,0.988990034202428
A255C,0.33561915563560346,0.94659360447133,test,0.6109744488357265
A255D,0.33561915563560346,0.87494681161866,test,0.5393276559830564
A255E,0.33561915563560346,0.927295199289635,test,0.5916760436540316
A255F,0.33561915563560346,0.788242039940347,test,0.45262288430474357
A255G,0.33561915563560346,0.886909877108141,test,0.5512907214725375
A255H,0.33561915563560346,0.931885457421418,test,0.5962663017858145
A255I,0.33561915563560346,0.719025509723994,test,0.3834063540883906
A255K,0.33561915563560346,0.931924589872681,test,0.5963054342370775
A255L,0.33561915563560346,0.781784121782611,test,0.44616496614700757
A255M,0.33561915563560346,0.992432548762812,test,0.6568133931272084
A255N,0.33561915563560346,0.92238340382347,test,0.5867642481878665
A255P,0.33561915563560346,0.139952403372827,test,0.19566675226277647
A255Q,0.33561915563560346,0.956559130663989,test,0.6209399750283855
A255R,0.33561915563560346,0.958244634805006,test,0.6226254791694026
A255S,0.33561915563560346,0.987174547420803,test,0.6515553917851995
A255T,0.33561915563560346,0.749255259575031,test,0.41363610393942757
A255V,0.33561915563560346,0.837107742003187,test,0.5014885863675835
A255W,0.33561915563560346,0.883127553486477,test,0.5475083978508735
A255Y,0.33561915563560346,0.821075369544755,test,0.48545621390915156
A259C,1.122097251784579,0.985551458922724,train,0.1365457928618551
A259D,0.49340356484183984,0.737706186852127,train,0.24430262201028713
A259E,0.41486786262989567,0.960594164655407,test,0.5457263020255114
A259F,0.7939392129556335,0.760841022241547,test,0.033098190714086484
A259G,0.7494001887338069,0.964814988634497,test,0.21541479990069012
A259H,0.7609106254594877,0.842914474905195,train,0.08200384944570727
A259I,0.786005984784337,0.88368182221983,test,0.09767583743549302
A259K,-0.13159788199100214,0.834882474557746,test,0.9664803565487481
A259L,0.839632798014021,0.885573492171716,test,0.04594069415769497
A259M,0.9830664073758637,0.839314187967898,test,0.14375221940796568
A259N,-0.13159788199100214,0.924709387993127,test,1.0563072699841292
A259P,-0.13159788199100214,0.640152003439213,test,0.7717498854302152
A259Q,1.078899793256186,0.970577850645178,train,0.10832194261100792
A259R,-1.198040947041609,0.0614608033424569,train,1.2595017503840658
A259S,1.1169934312169607,0.984418359934936,train,0.13257507128202473
A259T,1.0816077646848417,0.970793146314398,train,0.11081461837044371
A259V,1.0046060481414703,0.939241986554404,train,0.0653640615870662
A259W,0.373969457577962,0.0984622387657614,test,0.27550721881220064
A259Y,0.3627000816006403,0.683534815665256,train,0.32083473406461566
A267C,0.6801560326325529,0.979994501948523,test,0.29983846931597014
A267D,-0.18346449557513894,0.91401877338371,test,1.097483268958849
A267E,0.32096852944133586,0.720095735362041,test,0.3991272059207051
A267F,0.27652583692703386,0.243272100628238,test,0.033253736298795855
A267G,1.4680417784967208,1.00113300210063,test,0.46690877639609085
A267H,0.13150187268409935,0.0705291132149748,test,0.060972759469124546
A267I,0.7182180966533629,0.925201808836974,test,0.2069837121836111
A267K,-0.13862709255006317,0.0581520402026778,test,0.19677913275274098
A267L,0.7494781062303915,0.921191640001178,test,0.17171353377078657
A267M,0.6397731330171332,0.868905867642351,test,0.22913273462521777
A267N,0.21155121769080948,0.89831497256187,test,0.6867637548710606
A267P,-0.1659639490156976,0.57568891018664,test,0.7416528592023377
A267Q,0.3682555017974281,0.918529881518386,test,0.5502743797209579
A267R,-0.32962456580246874,0.0996134612512431,test,0.42923802705371183
A267S,0.8134536717818186,0.980341632380948,test,0.16688796059912936
A267T,1.0086812412089259,0.988302406488918,test,0.0203788347200079
A267V,0.7967779503005943,0.919537538565516,test,0.12275958826492173
A267W,-0.3353389643912052,0.0742751231133932,test,0.4096140875045984
A267Y,0.2891944459353351,0.137808968152102,test,0.1513854777832331
A269C,1.4228414796880298,0.944210167158617,test,0.4786313125294127
A269D,1.045191801704803,1.06842202654671,test,0.023230224841906955
A269E,0.9967934891776267,1.0509929882748,test,0.054199499097173254
A269F,1.9295088586652636,0.905251883895494,test,1.0242569747697696
A269G,1.8789734678780885,0.990388278038968,test,0.8885851898391205
A269H,1.4724304845004834,0.938757938376256,test,0.5336725461242274
A269I,1.563251508254309,0.863285341865892,test,0.699966166388417
A269K,0.7653046489011572,1.04723235640129,test,0.28192770750013274
A269L,1.5988727585890903,0.914902453833132,test,0.6839703047559583
A269M,1.6004410141144678,0.922171394706049,test,0.6782696194084188
A269N,1.2091354768019187,0.975801993571361,test,0.2333334832305577
A269P,2.621144941869625,1.02637831545236,test,1.594766626417265
A269Q,1.2876574487335297,0.971704439458507,test,0.3159530092750227
A269R,1.082700266498282,1.24337939490055,test,0.16067912840226795
A269S,1.2148466024497395,0.988714852897281,test,0.22613174955245852
A269T,1.750447720120503,0.977588592539452,test,0.7728591275810511
A269V,1.7238316940850655,0.895508479173055,test,0.8283232149120106
A269W,1.7716950417682096,0.885203606898021,test,0.8864914348701886
A269Y,1.8087668433106021,0.888044093243495,test,0.9207227500671071
A270C,0.7809227703666508,0.979189119280272,test,0.19826634891362116
A270D,0.9096422031210025,0.965746038904048,test,0.05610383578304545
A270E,0.8990571167055208,1.1145984712228,test,0.2155413545172793
A270F,0.1335634437703757,0.50887143952935,test,0.3753079957589743
A270G,1.5233850296195275,0.971440387566228,test,0.5519446420532995
A270H,0.48554819282258427,0.755187446849,test,0.2696392540264157
A270I,0.35971721211205226,0.841654532999453,test,0.48193732088740077
A270K,0.1335634437703757,0.668517981100762,test,0.5349545373303863
A270L,0.33109553430448996,0.922288174908015,test,0.591192640603525
A270M,1.0784514527481868,0.924356714026242,test,0.1540947387219448
A270N,0.7623627261064492,1.00881881792033,test,0.24645609181388073
A270P,1.158711175698656,0.971450911767669,test,0.18726026393098694
A270Q,0.8136742140326092,1.08429568252708,test,0.2706214684944708
A270R,0.36785820047783707,0.265662783295557,test,0.10219541718228009
A270S,1.4615371508885797,0.994622918191901,test,0.46691423269667875
A270T,1.8436283043127677,0.972632853073555,test,0.8709954512392127
A270V,0.7595747688234127,0.926288519370278,test,0.16671375054686532
A270W,0.1335634437703757,0.208563125552663,test,0.07499968178228728
A270Y,0.5762145975972786,0.0970111667164697,test,0.47920343088080886
A271C,0.1092481411011424,0.936405230849676,test,0.8271570897485336
A271D,-0.062005499256748864,0.891051672946317,test,0.9530571722030658
A271E,0.11841304767482624,0.4526247502314,test,0.33421170255657373
A271F,0.15721792984033384,0.0861070273170533,test,0.07111090252328053
A271G,1.150220244946798,1.00497336737875,test,0.145246877568048
A271H,0.021849952752573343,0.0774712624853529,test,0.05562130973277955
A271I,0.3120616871252278,0.852977141815946,test,0.5409154546907182
A271K,0.039630703012690616,0.0854235942710623,test,0.04579289125837169
A271L,0.4482759784996944,0.853605076077985,test,0.40532909757829055
A271M,0.8889984343223922,0.93251217917564,test,0.04351374485324777
A271N,0.35061912323283556,0.89488784989153,test,0.5442687266586945
A271P,0.07915390820719642,1.11025377654683,test,1.0310998683396337
A271Q,0.023030838715460134,0.932148083411726,test,0.9091172446962659
A271R,0.19681938237521918,0.0479668642592886,test,0.1488525181159306
A271S,0.7349768406151611,0.944763184675119,test,0.20978634405995789
A271T,0.4494231833013203,0.902655186502752,test,0.4532320032014317
A271V,0.5373557843225356,0.88342403677952,test,0.34606825245698436
A271W,0.03132018941117215,0.06183778960164,test,0.03051760019046785
A271Y,-0.25658976768502834,0.0911860913520244,test,0.34777585903705277
A275C,1.1008808942312136,0.992758071358353,test,0.10812282287286057
A275D,-0.0509025364299695,0.0966788945008378,test,0.1475814309308073
A275E,-0.0509025364299695,0.120817961091803,test,0.17172049752177249
A275F,0.6558980913456729,0.831540313234371,test,0.17564222188869816
A275G,0.06429280271703425,0.850851944591506,test,0.7865591418744717
A275H,-0.0509025364299695,0.707114516073649,test,0.7580170525036185
A275I,0.958842768727493,0.986238152407652,test,0.027395383680159036
A275K,-0.0509025364299695,0.118149412346069,test,0.16905194877603852
A275L,0.9489367403951192,0.95730338913584,test,0.008366648740720795
A275M,0.727713982987428,0.875290623164559,test,0.147576640177131
A275N,-0.0509025364299695,0.660629963512338,test,0.7115324999423076
A275P,-0.04878993345750965,0.697189892039297,test,0.7459798254968066
A275Q,0.008801263188882358,0.582366906168991,test,0.5735656429801086
A275R,0.15682385663275694,0.0620491289016887,test,0.09477472773106824
A275S,0.5973538927975603,0.93281803021299,test,0.3354641374154297
A275T,0.1615279098258729,0.904997907707515,test,0.7434699978816421
A275V,1.3000339220098098,1.02473059436458,test,0.2753033276452299
A275W,0.17011571799093345,1.08253813005182,test,0.9124224120608866
A275Y,0.4590429788767026,0.607998878637164,test,0.14895589976046136
A27C,0.3072631069505168,0.895919109344613,test,0.5886560023940963
A27D,0.4632341307361472,0.0679448889505037,test,0.3952892417856435
A27E,0.40123212010933434,0.129070069804879,test,0.27216205030445534
A27F,0.17891045048163973,0.48793948203195,test,0.30902903155031025
A27G,-0.01444470319710861,0.718300100758602,test,0.7327448039557105
A27H,0.4358623991086788,0.462905845259186,test,0.02704344615050719
A27I,0.6212772349844151,0.78750490806706,train,0.16622767308264486
A27K,0.5609960252937647,0.419560189205754,test,0.1414358360880107
A27L,0.6039655038661351,0.688627751159348,test,0.08466224729321292
A27M,0.6712377913080019,0.808629892203917,train,0.13739210089591514
A27N,0.2527192820998945,0.570120034036416,test,0.31740075193652145
A27P,-0.45067955700909573,0.0860303255056276,test,0.5367098825147233
A27Q,0.353394134377691,0.683609132880208,test,0.33021499850251695
A27R,0.5446355951812869,0.106856035585767,test,0.4377795595955199
A27S,0.5605660426267463,0.941222426834805,test,0.3806563842080587
A27T,0.9864895141796559,0.911979274372711,test,0.07451023980694493
A27V,0.8394530794299229,0.892613959903095,test,0.053160880473172134
A27W,-0.6026969112407112,0.299325702948405,train,0.9020226141891162
A27Y,0.37116423152331995,0.534992554353809,test,0.16382832283048904
A289C,0.22286105066853695,0.630833196039729,train,0.40797214537119203
A289D,-1.0252135231543726,0.13123507543839,train,1.1564485985927626
A289E,-1.135800650228885,0.089509238336483,train,1.2253098885653682
A289F,-1.1610085977348423,0.0802943589876932,train,1.2413029567225355
A289G,0.652286459317549,0.802934600602972,train,0.15064814128542292
A289H,-1.1889048894194052,0.0691241649243892,train,1.2580290543437944
A289I,-0.8811145162218064,0.191600219074135,train,1.0727147352959414
A289K,-1.1113046359317367,0.100196749790522,train,1.2115013857222587
A289L,-1.1467190780341157,0.0850721288204454,train,1.2317912068545611
A289M,-0.5509640994310612,0.0483030432162083,test,0.5992671426472694
A289N,0.9196932009417451,0.909750732187294,train,0.00994246875445115
A289P,-1.231579478734457,0.0492584109001064,train,1.2808378896345634
A289Q,-1.2083277710302407,0.0604469687248774,train,1.2687747397551181
A289R,-0.9301997371895472,0.172714519809591,train,1.1029142569991381
A289S,-0.14075835442313073,0.919415442024322,test,1.0601737964474527
A289T,-0.19646069533453486,0.461802861543025,train,0.6582635568775599
A289V,-1.0274735318130368,0.1309308209073,train,1.1584043527203367
A289W,-1.2299924365022705,0.0526719468414047,train,1.2826643833436753
A289Y,-1.1484010760926036,0.0853426451539508,train,1.2337437212465543
A293C,0.09170554093634925,0.971778333454146,test,0.8800727925177967
A293D,-0.08222168265699276,0.265907684115348,test,0.34812936677234074
A293E,-0.2648425216166323,0.835734908910893,test,1.1005774305275253
A293F,0.3379013153663007,0.113531037291131,test,0.22437027807516968
A293G,0.5834469715714157,0.949389185850036,test,0.3659422142786203
A293H,0.010370320892983342,0.35760767330882,test,0.34723735241583664
A293I,0.43335954681623795,0.91605953788121,test,0.482699991064972
A293K,-0.2996756783395326,0.829389667140645,test,1.1290653454801776
A293L,0.502307091745827,0.207709598758412,test,0.294597492987415
A293M,0.8898697325322615,0.936745679562252,test,0.04687594702999043
A293N,-0.1107994402095755,0.992867984874031,test,1.1036674250836065
A293P,0.44162998273248993,0.151641336231176,test,0.28998864650131395
A293Q,0.0531080241261464,0.924451894914239,test,0.8713438707880925
A293R,0.16125415178857777,0.797220162951594,test,0.6359660111630163
A293S,0.710628536330475,0.993485071866283,test,0.28285653553580803
A293T,0.5146504118935873,0.938807090271418,test,0.42415667837783066
A293V,0.4947205392698671,0.913653183845153,test,0.41893264457528595
A293W,0.00019192227957282038,0.0507204619537864,test,0.05052853967421358
A293Y,0.18549237202232588,0.091890479246529,test,0.09360189277579688
A305C,0.04194514402301058,0.925967045054914,test,0.8840219010319035
A305D,0.4659303422905943,0.140969571675586,test,0.32496077061500833
A305E,0.44431290029372056,0.281374084086322,test,0.16293881620739858
A305F,0.6814057104858016,0.354979251979265,test,0.32642645850653657
A305G,0.3760346952739902,0.938596320323228,test,0.5625616250492378
A305H,0.4503511797275231,0.979030922748289,test,0.5286797430207659
A305I,0.33799426507798286,0.768879360553501,test,0.4308850954755182
A305K,0.1633381649130446,0.793052037967388,test,0.6297138730543435
A305L,0.5694797653857044,0.824171494369458,test,0.2546917289837536
A305M,0.8433542767927413,0.872308293838669,test,0.028954017045927705
A305N,0.45279809294607537,0.854947527411125,test,0.40214943446504964
A305P,0.7542599882171146,1.0014997467097,test,0.2472397584925854
A305Q,0.27523500721905064,0.863158570313486,test,0.5879235630944353
A305R,0.3958773349486933,0.48470518076114,test,0.08882784581244668
A305S,1.1331986109391892,0.870183350881784,test,0.26301526005740516
A305T,0.7556522530152101,0.983583920131659,test,0.22793166711644886
A305V,0.9946054363607146,0.785131939646413,test,0.2094734967143016
A305W,0.49875254148215126,0.62702145031157,test,0.12826890882941872
A305Y,0.5713488754335643,0.996854159989399,test,0.4255052845558347
A312C,0.5440379876182782,0.965729631656235,test,0.4216916440379569
A312D,-0.1264564341525371,0.231197227621224,test,0.3576536617737611
A312E,0.09633060086201978,0.948372121547095,test,0.8520415206850753
A312F,0.5358866280428316,1.03995949464757,test,0.5040728666047385
A312G,0.5537925201235581,0.775442819691283,test,0.22165029956772497
A312H,0.3529697946171915,0.911566024402122,test,0.5585962297849305
A312I,0.3472922962497443,0.858475327071097,test,0.5111830308213527
A312K,-0.19211019768129306,0.846288887012365,test,1.0383990846936582
A312L,0.6961074397450915,1.00623185519827,test,0.3101244154531786
A312M,0.589883373038564,0.867493127170288,test,0.27760975413172406
A312N,0.44574792970941607,0.861432279975312,test,0.41568435026589595
A312P,0.562078386449727,0.0550659724665663,test,0.5070124139831607
A312Q,0.4222136943681925,0.8669218897415,test,0.44470819537330747
A312R,-0.3706585976811176,0.139724268854634,test,0.5103828665357516
A312S,1.3968368399213293,0.963145090451478,test,0.43369174946985134
A312T,0.6429679166838937,0.952802369730504,test,0.3098344530466103
A312V,0.7394058559920254,0.893094507158913,test,0.15368865116688768
A312W,0.5200413527100238,0.972971206733233,test,0.4529298540232092
A312Y,0.6476512753039181,0.992951804933762,test,0.3453005296298439
A317C,0.47273536729572646,1.00261030882332,test,0.5298749415275936
A317D,-0.37502428296591,0.869962651447798,test,1.2449869344137081
A317E,-0.373556607117603,0.306863964267133,test,0.680420571384736
A317F,0.3944936167377265,0.955179216494752,test,0.5606855997570255
A317G,0.7172443107362696,0.818637204940167,test,0.10139289420389741
A317H,-0.15103165307337457,0.116141562693452,test,0.26717321576682657
A317I,0.5438576303834921,0.977264724918893,test,0.43340709453540094
A317K,-0.3754461727229134,0.089533710682032,test,0.46497988340494545
A317L,0.5395379151983448,0.218237879653686,test,0.3213000355446588
A317M,0.43424327060643014,1.00770824843986,test,0.57346497783343
A317N,-0.1542924210049605,0.9605317230726,test,1.1148241440775606
A317P,-0.3754461727229134,0.868587949550396,test,1.2440341222733093
A317Q,-0.3754461727229134,0.0783679184540361,test,0.4538140911769495
A317R,-0.3693654338528844,0.0597522320574848,test,0.4291176659103692
A317S,0.923921378164124,0.98446385024598,test,0.060542472081856036
A317T,0.5984532610654334,0.985758166633453,test,0.38730490556801955
A317V,0.822379806259157,0.988751782461792,test,0.166371976202635
A317W,-0.3751842042558841,0.322452725152137,test,0.6976369294080211
A317Y,0.060721161649862465,0.110683466330653,test,0.049962304680790534
A338C,0.8993331030409983,1.00214443555255,test,0.10281133251155161
A338D,1.2811157872794894,0.958269907251821,test,0.32284588002766834
A338E,1.2374494677743364,0.953523071712273,test,0.2839263960620634
A338F,0.9829111451816708,0.968236066226239,test,0.014675078955431742
A338G,1.0801835779553244,0.981305839901123,test,0.09887773805420141
A338H,0.9948770432572687,0.998558832713444,test,0.003681789456175366
A338I,1.731687735076422,0.901394171603101,test,0.830293563473321
A338K,1.1706995149503463,0.95953135028984,test,0.21116816466050625
A338L,1.434060156041367,1.00341944578392,test,0.430640710257447
A338M,1.4812789115239813,1.02039117138991,test,0.4608877401340712
A338N,1.3902691126158118,0.98169470614515,test,0.4085744064706618
A338P,0.7384688603792,0.783572362711707,test,0.04510350233250704
A338Q,1.072193125690184,0.965562194843624,test,0.10663093084655995
A338R,1.2262875784330483,0.992675002486289,test,0.23361257594675922
A338S,1.1929071268603053,0.981878748039635,test,0.21102837882067027
A338T,1.239000574951426,0.973436740349069,test,0.2655638346023569
A338V,1.6012572559665497,0.93666274019938,test,0.6645945157671697
A338W,0.5583381572433019,0.974075997088603,test,0.4157378398453011
A338Y,0.9930458440207168,0.954874113228621,test,0.03817173079209579
A340C,0.33561915563560346,0.954865556724113,test,0.6192464010885095
A340D,0.33561915563560346,0.913845010204704,test,0.5782258545691006
A340E,0.33561915563560346,0.88377063128504,test,0.5481514756494366
A340F,0.33561915563560346,0.812474554163442,test,0.4768553985278386
A340G,0.33561915563560346,0.968147212301986,test,0.6325280566663825
A340H,0.33561915563560346,0.801105476869446,test,0.46548632123384254
A340I,0.33561915563560346,0.709434922896274,test,0.3738157672606705
A340K,0.33561915563560346,0.811420406617554,test,0.47580125098195053
A340L,0.33561915563560346,0.785143502110229,test,0.4495243464746255
A340M,0.33561915563560346,0.89197254560424,test,0.5563533899686366
A340N,0.33561915563560346,0.772908494089089,test,0.43728933845348555
A340P,0.33561915563560346,0.781650788897704,test,0.44603163326210055
A340Q,0.33561915563560346,0.900131105556645,test,0.5645119499210416
A340R,0.33561915563560346,0.851744560483275,test,0.5161254048476716
A340S,0.33561915563560346,0.954466261986542,test,0.6188471063509386
A340T,0.33561915563560346,0.943651379801025,test,0.6080322241654215
A340V,0.33561915563560346,0.869872824962685,test,0.5342536693270816
A340W,0.33561915563560346,0.802923132974705,test,0.4673039773391015
A340Y,0.33561915563560346,0.843265957448673,test,0.5076468018130695
A348C,0.8610332417369442,0.989341453287145,test,0.12830821155020078
A348D,0.6892439660412002,0.883088508355938,test,0.1938445423147378
A348E,0.9167429947837213,0.87749524559657,test,0.03924774918715135
A348F,0.28835123583459504,0.840193989246424,test,0.5518427534118289
A348G,0.6133885426557555,0.948647931421231,test,0.33525938876547556
A348H,0.40577914117435304,0.935827122121167,test,0.5300479809468139
A348I,0.4799202071156828,0.89168913786671,test,0.4117689307510272
A348K,0.3843007834332824,0.643629303778024,test,0.2593285203447416
A348L,0.4684522876689244,0.769325513239757,test,0.30087322557083257
A348M,0.207426105201785,0.90449489608468,test,0.697068790882895
A348N,0.5214218624216223,0.96500950479976,test,0.44358764237813775
A348P,0.4435804063745437,0.944373315260891,test,0.5007929088863472
A348Q,0.6729717723554742,0.915928488354792,test,0.24295671599931778
A348R,0.49983136022429525,0.673168281677577,test,0.17333692145328178
A348S,0.8456958985579597,0.974325040934775,test,0.12862914237681533
A348T,0.488836662429538,0.853822224990362,test,0.364985562560824
A348V,0.8604976788150083,0.951624125750279,test,0.09112644693527072
A348W,0.07897526115192838,0.872911955532151,test,0.7939366943802226
A348Y,0.44680618017528323,0.957194001003557,test,0.5103878208282737
A34C,0.33561915563560346,0.960867980876612,test,0.6252488252410084
A34D,0.33561915563560346,0.971616852609779,test,0.6359976969741756
A34E,0.33561915563560346,0.962907636829619,test,0.6272884811940156
A34F,0.33561915563560346,0.965852804007215,test,0.6302336483716116
A34G,0.33561915563560346,0.914851227632173,test,0.5792320719965696
A34H,0.33561915563560346,0.996515621717514,test,0.6608964660819105
A34I,0.33561915563560346,0.9530188000388,test,0.6173996444031966
A34K,0.33561915563560346,1.01042708146791,test,0.6748079258323065
A34L,0.33561915563560346,0.975243133169086,test,0.6396239775334824
A34M,0.33561915563560346,0.971483577922852,test,0.6358644222872485
A34N,0.33561915563560346,0.985119035644301,test,0.6494998800086975
A34P,0.33561915563560346,1.02150603824156,test,0.6858868826059565
A34Q,0.33561915563560346,0.992486890363149,test,0.6568677347275456
A34R,0.33561915563560346,1.00639899430574,test,0.6707798386701367
A34S,0.33561915563560346,0.962768263605833,test,0.6271491079702296
A34T,0.33561915563560346,0.988769564127535,test,0.6531504084919315
A34V,0.33561915563560346,0.99170223917872,test,0.6560830835431166
A34W,0.33561915563560346,0.971941302728624,test,0.6363221470930205
A34Y,0.33561915563560346,0.933987559349228,test,0.5983684037136245
A362C,0.42349278795574824,1.01179449597256,test,0.5883017080168118
A362D,0.9327257935506523,0.984021943752205,test,0.05129615020155265
A362E,0.9150224423301445,0.993577939251046,test,0.07855549692090147
A362F,0.28563229286224084,0.969706577372238,test,0.6840742845099972
A362G,1.0758563231091642,0.986341927803137,test,0.08951439530602723
A362H,0.6006171325689564,1.01057679582473,test,0.4099596632557736
A362I,0.39751137387093044,1.01024715655701,test,0.6127357826860795
A362K,0.9450932124662756,0.991403906028452,test,0.04631069356217632
A362L,0.565003016495357,0.972665718909906,test,0.40766270241454905
A362M,0.2666348874856386,0.998712154217986,test,0.7320772667323474
A362N,0.9442091470712306,1.00170133054332,test,0.0574921834720894
A362P,1.5776893248084587,0.99471286849332,test,0.5829764563151387
A362Q,1.0719501327802625,0.981379944704397,test,0.09057018807586548
A362R,0.9953153772470635,1.00200694057456,test,0.00669156332749643
A362S,1.2935517573456465,0.989644671595765,test,0.30390708574988157
A362T,1.0586521300779879,1.00803986160616,test,0.05061226847182776
A362V,0.6479216737598215,0.962283661792306,test,0.3143619880324845
A362W,0.004599156197986842,0.9747095688039,test,0.9701104126059132
A362Y,0.33400347700674443,0.980379627728822,test,0.6463761507220775
A373C,0.052671944512884095,0.938974129577871,test,0.8863021850649868
A373D,-0.1259822613950305,0.184332626079156,test,0.31031488747418645
A373E,0.018168510185862685,0.239415404426389,test,0.22124689424052632
A373F,0.11733206442947802,1.12401118469293,test,1.006679120263452
A373G,0.2027479665626029,0.884631211288222,test,0.6818832447256191
A373H,-0.021821348364349846,0.72695781054503,test,0.7487791589093797
A373I,0.25575817074090607,0.743224461441269,test,0.4874662907003629
A373K,-0.24397545983992325,0.142602314828997,test,0.38657777466892024
A373L,0.2703636948050044,0.300370214410244,test,0.03000651960523959
A373M,0.05728641253275418,0.771209623426447,test,0.7139232108936928
A373N,-0.5759417071577158,0.559741704586455,test,1.1356834117441708
A373P,0.6269257844939524,0.950389301502883,test,0.3234635170089306
A373Q,0.25936233215939636,0.859665142114101,test,0.6003028099547048
A373R,0.13191296190849228,0.0935413699364857,test,0.03837159197200658
A373S,0.17784626047017765,0.921783919125149,test,0.7439376586549713
A373T,0.08148733727498941,0.831872618535758,test,0.7503852812607685
A373V,0.7185534226620334,0.835587134869674,test,0.11703371220764058
A373W,-0.11715406750866103,0.0621953539106135,test,0.17934942141927454
A373Y,-0.11525781248281669,0.357177857853024,test,0.47243567033584066
A386C,0.33561915563560346,0.885408194633267,test,0.5497890389976636
A386D,0.33561915563560346,0.866734554310828,test,0.5311153986752246
A386E,0.33561915563560346,0.698057502367393,test,0.3624383467317895
A386F,0.33561915563560346,0.683143566817644,test,0.3475244111820405
A386G,0.33561915563560346,0.917973085900427,test,0.5823539302648235
A386H,0.33561915563560346,0.773739343840909,test,0.43812018820530557
A386I,0.33561915563560346,0.796719183617587,test,0.4611000279819835
A386K,0.33561915563560346,0.72861146030733,test,0.3929923046717266
A386L,0.33561915563560346,0.699491523785366,test,0.3638723681497626
A386M,0.33561915563560346,0.823313953491615,test,0.4876947978560115
A386N,0.33561915563560346,0.745365023657956,test,0.4097458680223525
A386P,0.33561915563560346,0.848664575782655,test,0.5130454201470516
A386Q,0.33561915563560346,0.74648451487279,test,0.41086535923718653
A386R,0.33561915563560346,0.661422099375425,test,0.3258029437398215
A386S,0.33561915563560346,1.00777640541944,test,0.6721572497838366
A386T,0.33561915563560346,0.910391780259394,test,0.5747726246237905
A386V,0.33561915563560346,0.720100791738952,test,0.38448163610334857
A386W,0.33561915563560346,0.707783754908056,test,0.37216459927245255
A386Y,0.33561915563560346,0.780692324919933,test,0.44507316928432955
A392C,0.6182574284007405,1.01813642715668,test,0.39987899875593946
A392D,-0.3356570395515703,0.085226210378166,test,0.42088324992973625
A392E,-0.6781079565435899,0.0990518719109582,test,0.7771598284545481
A392F,0.29424617584156826,0.10834777586953,test,0.18589839997203828
A392G,-0.034065331848662284,0.876696605966534,test,0.9107619378151963
A392H,-0.6781079565435899,0.0573878776907714,test,0.7354958342343613
A392I,0.17882600487817873,0.574831220901326,test,0.39600521602314726
A392K,-1.0861379386242764,0.108435510691589,train,1.1945734493158655
A392L,0.28786289877893273,0.0744855376750341,test,0.21337736110389863
A392M,0.4406522735506702,0.86370686760111,test,0.4230545940504398
A392N,-0.4503697003034208,0.348765720149525,test,0.7991354204529457
A392P,0.11133640641642378,0.145746645685568,test,0.034410239269144216
A392Q,-0.6781079565435899,0.0992137531789642,test,0.7773217097225541
A392R,-0.6781079565435899,0.039419485728654,test,0.717527442272244
A392S,0.8993272598923223,0.998494710773996,test,0.09916745088167367
A392T,0.01244255556520818,0.798813387179449,test,0.7863708316142408
A392V,0.17111416381006356,0.732966334860737,test,0.5618521710506734
A392W,-0.6781079565435899,0.0710644421332695,test,0.7491723986768594
A392Y,-0.15192924460128227,0.121855428231305,test,0.2737846728325873
A396C,1.376679490680198,0.999219610788336,test,0.377459879891862
A396D,0.4152963282379983,0.153509183096526,test,0.2617871451414723
A396E,0.41545584348157233,0.0960189531706067,test,0.3194368903109656
A396F,0.9115112266325962,0.279641625095174,test,0.6318696015374222
A396G,0.916273023004524,0.905170577045003,train,0.011102445959520924
A396H,0.4152963282379983,0.146536189106058,test,0.2687601391319403
A396I,1.3491877760042694,0.815018316497669,test,0.5341694595066004
A396K,0.4152963282379983,0.11585422452583,test,0.2994421037121683
A396L,1.2274102509376004,0.840651023689857,test,0.38675922724774336
A396M,1.1149912208868198,0.664897380071615,test,0.45009384081520476
A396N,0.41548442751042997,0.849465052885366,test,0.43398062537493604
A396P,0.41602441426914366,0.0825626179844611,test,0.33346179628468253
A396Q,0.4152963282379983,0.267204766722148,test,0.1480915615158503
A396R,0.4152963282379983,0.143721239969193,test,0.2715750882688053
A396S,1.6856190190656264,0.983536704666421,test,0.7020823143992054
A396T,1.4184750035359528,0.987359030504687,test,0.4311159730312658
A396V,1.6309266555867943,0.973836039147122,test,0.6570906164396723
A396W,0.4152963282379983,0.0942211809826861,test,0.32107514725531217
A396Y,0.7811188152351871,0.100789514805883,test,0.6803293004293041
A405C,0.2029554129547702,0.976511159193721,test,0.7735557462389508
A405D,0.48992672891569816,0.995514416555911,test,0.5055876876402128
A405E,0.8835784540757992,0.922983679731489,test,0.039405225655689824
A405F,0.015600894501176354,0.896228973354965,test,0.8806280788537886
A405G,0.6892236083314458,0.874651593848164,test,0.18542798551671824
A405H,0.304133813421478,0.935222618429184,test,0.6310888050077059
A405I,0.3106462507416606,0.903379459622119,test,0.5927332088804584
A405K,0.6431679673847945,0.858055146666404,test,0.2148871792816095
A405L,0.320846599568478,0.821069189702855,test,0.5002225901343771
A405M,0.21291759703065521,0.964964975081721,test,0.7520473780510657
A405N,0.34031081347776043,0.962374955438706,test,0.6220641419609456
A405P,0.6543290888156079,0.902769777778427,test,0.24844068896281912
A405Q,0.4270570204002376,0.948923499588862,test,0.5218664791886245
A405R,0.5051434538982633,0.916281125755067,test,0.4111376718568037
A405S,0.9588216066837809,0.97982402157717,test,0.021002414893389054
A405T,0.41490331831949595,0.864241269636964,test,0.44933795131746807
A405V,0.5562824425789614,0.877917447994911,test,0.3216350054159496
A405W,0.02738079724542436,0.915699339860527,test,0.8883185426151026
A405Y,0.4087950295026915,0.872757556470854,test,0.4639625269681625
A407C,0.2911674428694316,0.778750041884321,test,0.4875825990148894
A407D,-0.43372930692537176,0.107159955513649,test,0.5408892624390208
A407E,-0.3607674184915978,0.88869966828201,test,1.2494670867736077
A407F,0.14478582109443933,0.12390031929847,test,0.020885501795969333
A407G,0.8649074804812216,0.907536049355778,test,0.04262856887455646
A407H,-0.43372930692537176,0.170391228158234,test,0.6041205350836057
A407I,0.6052630853493994,0.136194535362767,test,0.46906854998663244
A407K,-0.43372930692537176,0.122155656543981,test,0.5558849634693528
A407L,0.23689521478575598,0.261434359614693,test,0.024539144828937043
A407M,0.3341680697700778,0.165856183455434,test,0.1683118863146438
A407N,-0.08083904939167036,0.636292427451155,test,0.7171314768428254
A407P,-0.427918040406471,0.723679147290655,test,1.151597187697126
A407Q,-0.3594727313427803,0.864066114531539,test,1.2235388458743193
A407R,0.048514579783859146,0.117295816304543,test,0.06878123652068385
A407S,0.5190422796281062,0.937962543626331,test,0.4189202639982248
A407T,0.6034617723351055,0.633222051316811,test,0.029760278981705524
A407V,0.7390434535418606,0.748178699307481,test,0.009135245765620414
A407W,-0.21267713491384826,0.287470692928224,test,0.5001478278420723
A407Y,-0.25008087055498857,0.368539421456188,test,0.6186202920111765
A40C,-0.036879138723834914,0.904772745886712,test,0.9416518846105468
A40D,1.1366151205121824,0.82820404470202,test,0.30841107581016236
A40E,1.5275418837732158,1.00719186192442,test,0.5203500218487958
A40F,0.7542491178548651,0.663702129985287,test,0.09054698786957815
A40G,1.0500039544078348,0.858824914164236,test,0.19117904024359877
A40H,0.7993697597990383,0.973391091487785,test,0.17402133168874667
A40I,0.6480711915116011,0.834339258328166,test,0.18626806681656494
A40K,1.188919478751945,0.989226451468131,test,0.199693027283814
A40L,0.7179511707131994,0.840879692333275,test,0.12292852162007561
A40M,0.5058676990838826,0.905766076483566,test,0.39989837739968337
A40N,0.6879546917668122,0.938220252388764,test,0.2502655606219518
A40P,0.49143504992282777,0.976566385180274,test,0.4851313352574463
A40Q,1.086008806091023,1.02001569317787,test,0.0659931129131528
A40R,0.9804536603165381,1.00527239805541,test,0.024818737738871777
A40S,1.2798533538793357,0.968911645771087,test,0.3109417081082487
A40T,0.9278321817750168,0.95665222982879,test,0.02882004805377314
A40V,0.786603024849498,0.864911827189463,test,0.07830880233996507
A40W,0.669674949486037,0.688548835176545,test,0.018873885690507963
A40Y,0.7105578342547219,0.752563519841436,test,0.04200568558671414
A413C,0.02489077629574693,0.917798644448086,test,0.892907868152339
A413D,-0.5069408809224552,0.107966028133507,test,0.6149069090559621
A413E,0.159812007939868,0.0602336512069857,test,0.09957835673288229
A413F,-0.11883091479978342,0.80211763300051,test,0.9209485478002934
A413G,0.42810312244909104,0.930027710926273,test,0.5019245884771819
A413H,-0.12686209153642375,0.233480998345295,test,0.36034308988171876
A413I,0.20050998857303354,0.916313255513824,test,0.7158032669407906
A413K,0.08861614851034011,0.0999720490459638,test,0.011355900535623686
A413L,0.11453739250965184,0.87493597650441,test,0.7603985839947582
A413M,0.16596131024527422,0.94298399092023,test,0.7770226806749558
A413N,-0.18134623230718633,0.248569629697171,test,0.42991586200435733
A413P,-0.5069497076902199,0.141631125044655,test,0.6485808327348749
A413Q,0.06240413390528948,0.751324212546227,test,0.6889200786409375
A413R,0.1070303277122076,0.110119084419592,test,0.003088756707384399
A413S,1.0851707931256236,0.973233429546987,test,0.1119373635786366
A413T,0.278947399401309,0.895249631687272,test,0.616302232285963
A413V,0.33300888961686864,0.940333273424916,test,0.6073243838080473
A413W,-0.10983264048896751,0.840911475770714,test,0.9507441162596815
A413Y,-0.5070475631493796,0.778916986207942,test,1.2859645493573217
A416C,1.2970010745628748,0.796720376076806,test,0.5002806984860688
A416D,0.32036532121442646,0.0827865550306328,test,0.23757876618379364
A416E,0.6912289669915133,0.1073355971205,test,0.5838933698710133
A416F,0.14931785350441557,0.62998280495059,test,0.48066495144617444
A416G,0.7820199898645406,0.854499230978325,test,0.07247924111378445
A416H,0.41476072706417716,0.668941618170486,test,0.25418089110630887
A416I,0.700753143380286,0.614599414274204,test,0.0861537291060821
A416K,0.5364082735303057,0.0988171229471095,test,0.43759115058319625
A416L,0.6232996918281302,0.876372195837284,test,0.2530725040091538
A416M,0.3329688334839585,0.851408041705513,test,0.5184392082215545
A416N,0.41339395137648444,0.680568263854408,test,0.2671743124779236
A416P,0.11431782722719858,0.10694950016551,test,0.007368327061688579
A416Q,0.6118410745941318,0.703044854961949,test,0.09120378036781718
A416R,0.5723983810306166,0.481224848302791,test,0.09117353272782558
A416S,0.9319423511529124,0.952581875169457,test,0.020639524016544675
A416T,0.48776179013946225,0.870391913931822,test,0.3826301237923598
A416V,0.6152274888869975,0.78742438774324,test,0.17219689885624245
A416W,0.18229526522701717,0.506090535067428,test,0.3237952698404108
A416Y,0.33705593709845344,0.232327618309243,test,0.10472831878921043
A427C,-0.07885308612862113,0.912893096127217,test,0.9917461822558382
A427D,0.05893836642061606,0.0357453565415031,test,0.023193009879112964
A427E,0.12869256692946435,0.0502081198044402,test,0.07848444712502414
A427F,-0.2753685267716754,0.637366928029735,test,0.9127354548014104
A427G,0.3578982024575091,0.893378250868093,test,0.5354800484105839
A427H,-0.3097017009275937,0.272320028014705,test,0.5820217289422986
A427I,0.2187767414638327,0.862524060315854,test,0.6437473188520213
A427K,0.13573695736732644,0.616458222114935,test,0.4807212647476085
A427L,0.1348109747933553,0.791571831527461,test,0.6567608567341057
A427M,0.12712511853985303,0.814373618685438,test,0.687248500145585
A427N,-0.12811455373865493,0.169962245460557,test,0.29807679919921193
A427P,0.04183314526068577,0.25493135104464,test,0.21309820578395422
A427Q,0.010293994298651354,0.681896347865296,test,0.6716023535666447
A427R,0.13036699410642966,0.68537964161519,test,0.5550126475087604
A427S,0.4192699926419437,0.909183318908371,test,0.4899133262664273
A427T,0.0914785413839106,0.748371568770367,test,0.6568930273864564
A427V,0.3379661687789604,0.836935218898206,test,0.4989690501192456
A427W,-0.5387622457734906,0.661895035391059,test,1.2006572811645495
A427Y,-0.22905950424803118,0.501365661213094,test,0.7304251654611251
A42C,0.635470980847618,0.758206980902052,test,0.12273600005443397
A42D,-0.46767586692891067,0.257673520792748,test,0.7253493877216587
A42E,-0.46757653082283207,0.105047605975433,test,0.5726241367982651
A42F,0.10293779786081642,0.100720745308683,test,0.0022170525521334195
A42G,0.5249532624366609,0.685745592149697,test,0.16079232971303614
A42H,-0.46767586692891067,0.12132373133481,test,0.5889995982637206
A42I,0.34644804883406627,0.171958735965613,test,0.17448931286845326
A42K,-0.4661722721381238,0.198261443680136,test,0.6644337158182598
A42L,0.4118726963689348,0.121517559369938,test,0.29035513699899684
A42M,0.16134064161232514,0.49429596835645,test,0.33295532674412487
A42N,-0.46767586692891067,0.275343299484645,test,0.7430191664135557
A42P,-0.46767586692891067,0.0902972055458655,test,0.5579730724747761
A42Q,-0.46767586692891067,0.0991579785763806,test,0.5668338455052913
A42R,-0.4670669833198566,0.143046347964614,test,0.6101133312844705
A42S,0.4109544814799087,0.771440990662213,test,0.36048650918230435
A42T,0.3089753441421959,0.589476084958762,test,0.2805007408165661
A42V,0.6062488638599639,0.429113387456825,test,0.17713547640313893
A42W,-0.03578914723987653,0.107418929043796,test,0.14320807628367255
A42Y,-0.1560186563840062,0.0836595779366337,test,0.2396782343206399
A434C,0.33561915563560346,0.96474366024351,test,0.6291245046079066
A434D,0.33561915563560346,0.650448118317856,test,0.3148289626822525
A434E,0.33561915563560346,0.911168286162762,test,0.5755491305271585
A434F,0.33561915563560346,0.877610944425139,test,0.5419917887895356
A434G,0.33561915563560346,0.979108322422403,test,0.6434891667867995
A434H,0.33561915563560346,0.947150739290826,test,0.6115315836552226
A434I,0.33561915563560346,0.843680198966597,test,0.5080610433309936
A434K,0.33561915563560346,0.978791661244273,test,0.6431725056086695
A434L,0.33561915563560346,0.93512006254103,test,0.5995009069054265
A434M,0.33561915563560346,0.969205203286288,test,0.6335860476506845
A434N,0.33561915563560346,0.908444944525765,test,0.5728257888901616
A434P,0.33561915563560346,0.221131541895467,test,0.11448761374013647
A434Q,0.33561915563560346,0.938478057744104,test,0.6028589021085005
A434R,0.33561915563560346,0.97971106483458,test,0.6440919091989765
A434S,0.33561915563560346,0.998444245874522,test,0.6628250902389186
A434T,0.33561915563560346,0.911965052397604,test,0.5763458967620005
A434V,0.33561915563560346,0.854548184807055,test,0.5189290291714515
A434W,0.33561915563560346,0.939681333051258,test,0.6040621774156545
A434Y,0.33561915563560346,0.972845126637306,test,0.6372259710017025
A436C,0.33561915563560346,0.936841450793304,test,0.6012222951577006
A436D,0.33561915563560346,0.618176099859742,test,0.2825569442241385
A436E,0.33561915563560346,0.845327231669406,test,0.5097080760338026
A436F,0.33561915563560346,0.721371895921336,test,0.38575274028573253
A436G,0.33561915563560346,0.856610391532368,test,0.5209912358967645
A436H,0.33561915563560346,0.647211856305338,test,0.3115927006697345
A436I,0.33561915563560346,0.757365905612141,test,0.42174674997653755
A436K,0.33561915563560346,0.0464791364042205,test,0.28914001923138294
A436L,0.33561915563560346,0.908801393320988,test,0.5731822376853846
A436M,0.33561915563560346,0.794072036980546,test,0.4584528813449425
A436N,0.33561915563560346,0.721771099105067,test,0.3861519434694635
A436P,0.33561915563560346,0.0506408715583536,test,0.28497828407724984
A436Q,0.33561915563560346,0.734742795045968,test,0.3991236394103645
A436R,0.33561915563560346,0.100229706809744,test,0.23538944882585947
A436S,0.33561915563560346,0.962235047149044,test,0.6266158915134405
A436T,0.33561915563560346,0.901380173878835,test,0.5657610182432316
A436V,0.33561915563560346,0.914772788784809,test,0.5791536331492055
A436W,0.33561915563560346,0.312586983840434,test,0.023032171795169476
A436Y,0.33561915563560346,0.767389215593081,test,0.4317700599574776
A43C,-0.012061097372216112,0.669003733671671,test,0.6810648310438872
A43D,0.2509278812984999,0.411893890197203,test,0.1609660088987031
A43E,0.543503989397454,0.694604834135897,test,0.15110084473844299
A43F,-0.12242137560052052,0.0956182521997101,test,0.21803962780023062
A43G,0.4690744186496652,0.866013303495585,test,0.3969388848459198
A43H,0.011648728253495888,0.478248697432874,test,0.4665999691793781
A43I,0.20531649628274634,0.709628334430333,test,0.5043118381475866
A43K,0.19537541541263975,0.634771405005664,test,0.4393959895930242
A43L,0.2045786728967532,0.531095058134208,test,0.3265163852374548
A43M,0.2591014589831478,0.781264384347671,test,0.5221629253645232
A43N,0.29222410535763826,0.688461766530045,test,0.3962376611724067
A43P,-0.10899042115007157,0.0808060987028396,test,0.18979651985291118
A43Q,0.4433711086349135,0.785263810866141,test,0.34189270223122753
A43R,0.437379263322999,0.656592468314317,test,0.21921320499131797
A43S,0.5386015521471954,0.807565051235066,test,0.26896349908787054
A43T,0.4916589493842523,0.688565703845548,test,0.19690675446129574
A43V,0.22621829054468817,0.59259772933191,test,0.36637943878722184
A43W,-0.004089784246572081,0.21597440437142,test,0.22006418861799207
A43Y,-0.14126069788766665,0.101077067849688,test,0.24233776573735466
A444C,0.33561915563560346,0.886655675508263,test,0.5510365198726594
A444D,0.33561915563560346,0.304243612204969,test,0.03137554343063448
A444E,0.33561915563560346,0.192294888280956,test,0.14332426735464746
A444F,0.33561915563560346,0.73687607939997,test,0.40125692376436656
A444G,0.33561915563560346,0.966272470294646,test,0.6306533146590425
A444H,0.33561915563560346,0.663102527029114,test,0.3274833713935105
A444I,0.33561915563560346,0.756225127666622,test,0.4206059720310185
A444K,0.33561915563560346,0.319930109147315,test,0.01568904648828845
A444L,0.33561915563560346,0.731631694376138,test,0.3960125387405345
A444M,0.33561915563560346,0.863361843373484,test,0.5277426877378806
A444N,0.33561915563560346,0.800915819397398,test,0.4652966637617945
A444P,0.33561915563560346,0.725405701129157,test,0.38978654549355357
A444Q,0.33561915563560346,0.729694334300081,test,0.39407517866447755
A444R,0.33561915563560346,0.709472307041742,test,0.37385315140613856
A444S,0.33561915563560346,0.954629506074485,test,0.6190103504388815
A444T,0.33561915563560346,0.802261118093608,test,0.46664196245800454
A444V,0.33561915563560346,0.778582049902056,test,0.4429628942664526
A444W,0.33561915563560346,0.816061685478102,test,0.4804425298424985
A444Y,0.33561915563560346,0.631787185899004,test,0.2961680302634005
A454C,0.33561915563560346,0.998183601268176,test,0.6625644456325726
A454D,0.33561915563560346,0.963688400483892,test,0.6280692448482885
A454E,0.33561915563560346,0.99482790040707,test,0.6592087447714665
A454F,0.33561915563560346,1.01504961271837,test,0.6794304570827665
A454G,0.33561915563560346,0.957033084339537,test,0.6214139287039335
A454H,0.33561915563560346,0.999254128456814,test,0.6636349728212105
A454I,0.33561915563560346,1.00326587575059,test,0.6676467201149865
A454K,0.33561915563560346,0.997715955691404,test,0.6620968000558005
A454L,0.33561915563560346,0.972282929248982,test,0.6366637736133784
A454M,0.33561915563560346,0.985357288634532,test,0.6497381329989285
A454N,0.33561915563560346,0.972592342179312,test,0.6369731865437085
A454P,0.33561915563560346,0.936849477899396,test,0.6012303222637925
A454Q,0.33561915563560346,1.00084889019933,test,0.6652297345637266
A454R,0.33561915563560346,0.994638126200954,test,0.6590189705653506
A454S,0.33561915563560346,0.988242147404028,test,0.6526229917684245
A454T,0.33561915563560346,1.00122113139055,test,0.6656019757549465
A454V,0.33561915563560346,1.00124871675709,test,0.6656295611214866
A454W,0.33561915563560346,0.982736956432728,test,0.6471178007971246
A454Y,0.33561915563560346,0.997763832391821,test,0.6621446767562176
A463C,0.33561915563560346,1.0201177557978,test,0.6844986001621967
A463D,0.33561915563560346,1.01133329904939,test,0.6757141434137865
A463E,0.33561915563560346,0.990072751206042,test,0.6544535955704385
A463F,0.33561915563560346,1.02965349122545,test,0.6940343355898466
A463G,0.33561915563560346,1.02926189140149,test,0.6936427357658865
A463H,0.33561915563560346,1.01730912134723,test,0.6816899657116267
A463I,0.33561915563560346,1.01926553097,test,0.6836463753343966
A463K,0.33561915563560346,1.02640150122288,test,0.6907823455872766
A463L,0.33561915563560346,1.01355444377315,test,0.6779352881375467
A463M,0.33561915563560346,0.984704633127054,test,0.6490854774914505
A463N,0.33561915563560346,1.02966498983871,test,0.6940458342031066
A463P,0.33561915563560346,0.975641074675476,test,0.6400219190398726
A463Q,0.33561915563560346,1.01702720443718,test,0.6814080488015766
A463R,0.33561915563560346,1.00187515488201,test,0.6662559992464065
A463S,0.33561915563560346,1.00377270576576,test,0.6681535501301565
A463T,0.33561915563560346,1.00554729262727,test,0.6699281369916665
A463V,0.33561915563560346,1.01484648128924,test,0.6792273256536365
A463W,0.33561915563560346,1.01949683330908,test,0.6838776776734765
A463Y,0.33561915563560346,1.027166902103,test,0.6915477464673967
A46C,0.43399960717712466,0.851740645037197,test,0.4177410378600724
A46D,-0.6084521407561496,0.145254118562322,test,0.7537062593184716
A46E,-0.6731615336710739,0.0432384253942277,test,0.7163999590653016
A46F,-0.6731615336710739,0.0980430228272132,test,0.7712045564982871
A46G,-0.03820371925831262,0.52482296464304,train,0.5630266839013527
A46H,-0.6731615336710739,0.0441292007435129,test,0.7172907344145868
A46I,-0.11447780534080104,0.290003289715555,test,0.40448109505635604
A46K,-0.6731615336710739,0.105517662592477,test,0.7786791962635509
A46L,0.044081542927159545,0.119337225032173,test,0.07525568210501346
A46M,-0.2655296724197917,0.154268707430404,test,0.4197983798501957
A46N,-0.6731615336710739,0.075305473582585,test,0.7484670072536589
A46P,-0.39617405608557726,0.0685786357819917,test,0.46475269186756896
A46Q,-0.13362016217132927,0.0823820524179005,test,0.21600221458922977
A46R,-0.07945041166527383,0.133260406308043,test,0.21271081797331684
A46S,0.17628538315309866,0.555609003652766,test,0.37932362049966734
A46T,0.029307201622248924,0.572870726658508,test,0.5435635250362592
A46V,0.17261698299516764,0.577526457129904,test,0.4049094741347364
A46W,-0.6731615336710739,0.0570609585039618,test,0.7302224921750357
A46Y,-0.6731615336710739,0.126517303794872,test,0.7996788374659459
A47C,-0.5867829959828921,0.747778733614768,test,1.33456172959766
A47D,-0.23037493150564708,0.0661759558363357,test,0.29655088734198276
A47E,-0.12958289884787527,0.650585700726913,test,0.7801685995747882
A47F,-0.36616092927130234,0.0891702265787095,test,0.4553311558500118
A47G,0.21413452041813313,0.625340525890187,train,0.4112060054720538
A47H,-1.1593763797411722,0.0779335162698954,train,1.2373098960110676
A47I,-0.08445363552990054,0.476367582525254,test,0.5608212180551546
A47K,-0.1915556073213,0.322395937041096,test,0.513951544362396
A47L,-0.012107201156703995,0.708001110389922,test,0.720108311546626
A47M,-0.44350503063027696,0.317688364570516,test,0.761193395200793
A47N,-0.2925543335474145,0.234786453358756,test,0.5273407869061705
A47P,-1.1736603555261937,0.0748129068384871,train,1.2484732623646808
A47Q,-1.017057938059665,0.134579386572914,train,1.1516373246325788
A47R,0.5412515068260788,0.758257169172719,train,0.2170056623466402
A47S,0.28722862097753504,0.654989379139489,train,0.3677607581619539
A47T,0.32166405719655883,0.670058774551452,train,0.3483947173548932
A47V,-0.09045250324626503,0.832389006079112,test,0.922841509325377
A47W,-0.7210438300055486,0.104300979218733,test,0.8253448092242817
A47Y,-0.3488845158008331,0.0713755219576111,test,0.42026003775844417
A69C,0.16909487939931195,0.84600060207901,test,0.676905722679698
A69D,-0.2543088166665654,0.13418051121739,test,0.3884893278839554
A69E,-0.10252312718112216,0.267929845367552,test,0.37045297254867415
A69F,-0.46590041027718593,0.0992299373664461,test,0.565130347643632
A69G,0.5784288807101525,0.805790564007691,test,0.22736168329753847
A69H,-0.46590041027718593,0.0721938624834357,test,0.5380942727606216
A69I,0.13898973497811623,0.135590612864609,test,0.003399122113507236
A69K,-0.2800777337798976,0.0607705352441559,test,0.34084826902405346
A69L,-0.266326903127819,0.11327076727663,test,0.379597670404449
A69M,-0.46590041027718593,0.0542362314121589,test,0.5201366416893448
A69N,-0.46590041027718593,0.439103485635655,test,0.9050038959128409
A69P,0.3925429398554812,0.948225330610344,test,0.5556823907548627
A69Q,-0.46590041027718593,0.135766041555571,test,0.6016664518327569
A69R,0.011952710669534794,0.138194820055268,test,0.12624210938573321
A69S,0.38202616406622886,0.799633637573994,test,0.4176074735077651
A69T,-0.08436584474565828,0.756435725530285,test,0.8408015702759433
A69V,0.33545340298048215,0.0856870729083759,test,0.24976633007210625
A69W,-0.46590041027718593,0.126668586175472,test,0.5925689964526579
A69Y,-0.3145502292675459,0.212550015410099,test,0.5271002446776449
A77C,0.40856560645185175,0.940213975524813,test,0.5316483690729612
A77D,1.3062270663992699,0.989066238798192,test,0.3171608276010779
A77E,1.147685292202775,0.995284594136626,train,0.15240069806614898
A77F,0.5604611784736946,0.950929507826912,test,0.3904683293532174
A77G,1.1785156841455766,0.956855660881617,test,0.22166002326395962
A77H,0.7966249928567848,0.965904735435116,test,0.16927974257833123
A77I,0.5646760920905827,0.958814337474336,test,0.3941382453837533
A77K,1.1937429480151422,0.990191836787868,test,0.2035511112272742
A77L,0.544607118400215,0.929731255812677,test,0.385124137412462
A77M,0.1894601931040914,0.973502036181351,test,0.7840418430772595
A77N,0.7913517813588484,0.962402317029049,test,0.17105053567020057
A77P,0.63274481854641,0.90103512178606,test,0.2682903032396501
A77Q,1.0298018783824503,1.00396278955402,test,0.025839088828430334
A77R,0.9102454424474402,0.967255205439805,test,0.05700976299236482
A77S,1.1276167669528228,0.991458116313546,test,0.1361586506392768
A77T,0.9641367341316354,,,
A77V,0.6453967402113392,0.983197937953348,test,0.3378011977420088
A77W,0.4248957117516064,0.906089421122813,test,0.4811937093712066
A77Y,0.6634227595257904,0.952343289780007,test,0.2889205302542166
A84C,0.9419920166098348,0.920813660453761,train,0.021178356156073774
A84D,-0.23067271118717153,0.0925350718849252,test,0.32320778307209674
A84E,-1.158608778066439,0.0781638022449744,train,1.2367725803114133
A84F,-1.0127660384359207,0.138653343369653,train,1.1514193818055738
A84G,0.05187701454612276,0.562176599375411,train,0.5102995848292882
A84H,-1.1229911625683706,0.0935089001031855,train,1.216500062671556
A84I,-1.1591984650721892,0.0807959936071605,train,1.2399944586793497
A84K,-0.9588953141116368,0.159588588096151,train,1.1184839022077877
A84L,-1.063352122971291,0.117093529993386,train,1.180445652964677
A84M,0.1451055896903793,0.602449876579872,train,0.45734428688949275
A84N,-1.1803204198633281,0.0713186021890465,train,1.2516390220523745
A84P,-1.1388147411702527,0.0897153188842292,train,1.228530060054482
A84Q,-0.9665806051759986,0.15611250797738,train,1.1226931131533786
A84R,-0.9803977877704679,0.149374291646491,train,1.129772079416959
A84S,0.24987260239219827,0.641947945577546,train,0.3920753431853477
A84T,-1.0782357346710243,0.11105804336061,train,1.1892937780316344
A84V,-0.801596757234055,0.223105442458678,train,1.024702199692733
A84W,-1.229907472604435,0.0523672160666579,train,1.282274688671093
A84Y,-1.0261294563649397,0.133006975811836,train,1.1591364321767756
A88C,0.6542083089765143,0.983155895989682,test,0.32894758701316773
A88D,1.4768312057276898,0.941820039233484,test,0.5350111664942058
A88E,1.5124758966213552,1.01707041113637,test,0.4954054854849852
A88F,0.6226168198399478,0.78740058344477,test,0.16478376360482228
A88G,1.2185349133215446,0.946520671073279,test,0.27201424224826565
A88H,1.1079052515378187,0.97623115021705,test,0.13167410132076873
A88I,0.9647553925324992,0.898314040477701,test,0.06644135205479818
A88K,1.0520411208983056,1.02080358060824,test,0.031237540290065535
A88L,1.080487194412342,0.910022720760004,test,0.17046447365233797
A88M,0.6106264572529874,0.922282278685713,test,0.31165582143272563
A88N,0.8262743089604356,0.951876892154341,test,0.12560258319390538
A88P,0.8285437717105779,0.83192980431859,test,0.0033860326080120684
A88Q,0.88248894816644,1.02006604923624,test,0.13757710106979992
A88R,1.1189571173902948,0.993025501944338,test,0.12593161544595677
A88S,0.9152540430952563,1.00751000859067,test,0.09225596549541382
A88T,0.8818978094749141,0.953775882691077,test,0.07187807321616291
A88V,0.9997613685533615,0.922246251975442,test,0.07751511657791954
A88W,0.5489479156057016,0.922248541099458,test,0.3733006254937564
A88Y,0.5643144309773618,0.907451207316396,test,0.34313677633903417
A99C,0.33561915563560346,0.971665313550592,test,0.6360461579149885
A99D,0.33561915563560346,0.0723022249258142,test,0.26331693070978923
A99E,0.33561915563560346,0.518570371136817,test,0.18295121550121357
A99F,0.33561915563560346,0.939552578953911,test,0.6039334233183076
A99G,0.33561915563560346,0.98649747202075,test,0.6508783163851466
A99H,0.33561915563560346,0.938983030487961,test,0.6033638748523575
A99I,0.33561915563560346,0.951534711322538,test,0.6159155556869345
A99K,0.33561915563560346,0.472590002203358,test,0.13697084656775455
A99L,0.33561915563560346,0.95137793572295,test,0.6157587800873465
A99M,0.33561915563560346,0.971691224330093,test,0.6360720686944896
A99N,0.33561915563560346,0.977753898131573,test,0.6421347424959696
A99P,0.33561915563560346,0.979187847425606,test,0.6435686917900025
A99Q,0.33561915563560346,0.961916147976428,test,0.6262969923408246
A99R,0.33561915563560346,0.72548925123656,test,0.3898700956009566
A99S,0.33561915563560346,0.984285085617099,test,0.6486659299814956
A99T,0.33561915563560346,1.0057681509185,test,0.6701489952828965
A99V,0.33561915563560346,0.95010257240663,test,0.6144834167710265
A99W,0.33561915563560346,0.856408703753691,test,0.5207895481180875
A99Y,0.33561915563560346,0.945106754211676,test,0.6094875985760726
C180A,0.9914521193684704,0.933162579142348,train,0.05828954022612243
C180D,-0.5670006888683128,0.0838083028001291,test,0.6508089916684419
C180E,-0.5670006888683128,0.130978660495278,test,0.6979793493635909
C180F,0.3865078917364669,0.711372653953026,test,0.3248647622165591
C180G,0.3915216387201986,0.212220502052677,test,0.17930113666752157
C180H,-0.5670006888683128,0.952320548747974,test,1.5193212376162868
C180I,0.3561439836837144,0.789741987346939,test,0.4335980036632246
C180K,-0.5670006888683128,0.0720136446604818,test,0.6390143335287946
C180L,0.20928842514952622,0.83108862172451,test,0.6218001965749838
C180M,0.14263475166083334,0.880893818387516,test,0.7382590667266826
C180N,0.047082560124725836,0.102735488086289,test,0.05565292796156317
C180P,-0.5670006888683128,0.0440538726133956,test,0.6110545614817083
C180Q,-0.5670006888683128,0.0738568001469001,test,0.6408574890152129
C180R,-0.2662813632432987,0.0884992007550898,test,0.35478056399838853
C180S,0.5025943316143779,0.65429864819266,test,0.1517043165782821
C180T,0.3427842985670529,0.685199657236181,test,0.34241535866912814
C180V,0.4293766145490095,0.756964585435011,test,0.3275879708860015
C180W,-0.5670006888683128,0.147125825583897,test,0.7141265144522098
C180Y,-0.0420789899083997,0.356377962496924,test,0.3984569524053237
C26A,0.6100010480305471,0.783065591547781,train,0.17306454351723388
C26D,-1.2608664398360752,0.0387590452618889,train,1.299625485097964
C26E,-0.4067830315605416,0.139995800544445,test,0.5467788321049866
C26F,-0.09215709721856408,0.908337949968712,test,1.000495047187276
C26G,0.15076830360985488,0.737144075785417,test,0.586375772175562
C26H,-0.7503168549147166,0.11255385035768,test,0.8628707052723965
C26I,-0.01689847368223235,0.967338271980726,test,0.9842367456629584
C26K,-0.7463977249817813,0.0509670976559445,test,0.7973648226377258
C26L,0.03502568718836946,0.626899322376098,test,0.5918736351877285
C26M,0.5711738169201865,0.770026154259928,train,0.1988523373397415
C26N,-0.750771209633486,0.110870000816671,test,0.861641210450157
C26P,-1.2263495747245035,0.0525459553536155,train,1.278895530078119
C26Q,-0.7504877470009266,0.202506526189993,test,0.9529942731909196
C26R,-0.7506734737899112,0.112102821549054,test,0.8627762953389653
C26S,0.05224876784303595,0.705272482161884,test,0.653023714318848
C26T,0.36950076570636986,0.77124481256244,test,0.4017440468560702
C26V,0.7104317143665462,0.929283812627944,test,0.21885209826139784
C26W,-1.1813861393154035,0.0705844359290546,train,1.251970575244458
C26Y,-0.750771209633486,0.0733290672402716,test,0.8241002768737575
C309A,1.1159046627021674,0.982059294725535,train,0.13384536797663238
C309D,0.6746965418587099,0.898284066799688,test,0.2235875249409781
C309E,0.7559587500602394,0.882365084677353,test,0.1264063346171136
C309F,0.4517265960861235,0.228417176610851,test,0.22330941947527247
C309G,0.9025138025735568,1.00990156819912,test,0.10738776562556307
C309H,0.6929720443598395,0.915652070047917,test,0.22268002568807754
C309I,0.8947460327082499,0.831498326017102,test,0.06324770669114788
C309K,0.4620632583977429,0.757644927661695,test,0.2955816692639521
C309L,0.9346018709444319,0.811917847133621,test,0.1226840238108109
C309M,1.291365018475915,0.927878380521389,test,0.36348663795452585
C309N,0.6930457700157415,0.995005107872432,test,0.3019593378566905
C309P,0.13549690582305912,0.448955067552093,test,0.3134581617290339
C309Q,0.9848961990507679,0.832120013864844,test,0.15277618518592384
C309R,0.12995403942552924,0.339249599953068,test,0.20929556052753878
C309S,1.4902309091606227,0.975348937138872,test,0.5148819720217507
C309T,1.3731708124642346,0.964194777551828,test,0.4089760349124065
C309V,0.8124244871554982,0.948306242943876,test,0.1358817557883778
C309W,0.12995403942552924,1.01990659313288,test,0.8899525537073507
C309Y,0.6388197137617677,0.0414679704522015,test,0.5973517433095662
C363A,0.9957501399215118,0.93531034138245,train,0.060439798539061895
C363D,-0.04739185711127897,0.0880802990482929,test,0.13547215615957187
C363E,-0.04739185711127897,0.0955456474542141,test,0.14293750456549306
C363F,-0.04739185711127897,0.208767883990073,test,0.256159741101352
C363G,0.6199101618816467,0.940804949184762,test,0.32089478730311527
C363H,-0.04739185711127897,0.040544863701407,test,0.08793672081268597
C363I,0.9255047446485865,0.979321015840217,test,0.05381627119163057
C363K,-0.04726771187165818,0.0637796056931511,test,0.11104731756480928
C363L,0.8821549594366065,0.98917797817973,test,0.10702301874312348
C363M,1.0631964716406568,0.955735067428853,test,0.10746140421180383
C363N,0.6584873399481683,0.803619822020062,test,0.14513248207189366
C363P,0.7128999128850051,0.836852905639261,test,0.12395299275425586
C363Q,-0.04739185711127897,0.642552476136601,test,0.6899443332478801
C363R,0.07831673185938831,0.0680466282393185,test,0.010270103620069818
C363S,1.0282164567268186,0.96754036321478,test,0.06067609351203862
C363T,1.706558611917501,1.01203449384607,test,0.694524118071431
C363V,1.263524674438612,0.984413146423608,test,0.27911152801500394
C363W,-0.04739185711127897,0.0689725284804089,test,0.11636438559168787
C363Y,-0.04739185711127897,0.0575284178956433,test,0.10492027500692228
C58A,0.9639328057416314,0.922820956197378,train,0.0411118495442534
C58D,0.7516259034848716,0.782927991214419,test,0.031302087729547456
C58E,0.8058215913903624,0.857661877863382,test,0.05184028647301964
C58F,0.5734812636149584,0.90356821760132,test,0.33008695398636156
C58G,0.9968418711313092,0.95811437406832,test,0.03872749706298917
C58H,0.6458626871619622,0.92116972492533,test,0.27530703776336785
C58I,0.8161235802702045,0.927036268175029,test,0.11091268790482456
C58K,0.9449373716138076,0.9385910840583,test,0.00634628755550759
C58L,0.7238745126505961,0.918588362107304,test,0.1947138494567079
C58M,0.3687471290919931,0.918612749127673,test,0.54986562003568
C58N,0.6891238346423023,0.910443720680865,test,0.22131988603856267
C58P,0.6947407614038319,0.774795720703095,test,0.0800549592992631
C58Q,0.7132335351545471,0.945848739791215,test,0.23261520463666785
C58R,0.6969026979367534,0.933722621668109,test,0.23681992373135563
C58S,1.4219172761908982,0.956100982526041,test,0.4658162936648572
C58T,0.8371599177063551,0.929354330834096,test,0.0921944131277409
C58V,0.9481467751063448,0.966456464648651,test,0.018309689542306162
C58W,0.7665033277731084,0.925343929367453,test,0.15884060159434465
C58Y,0.6191380182816921,0.892034703526272,test,0.2728966852445799
D117A,0.8247254465275695,0.868182213043121,train,0.043456766515551526
D117C,0.22469289999625813,0.96449023144058,test,0.7397973314443218
D117E,0.7740043451903134,0.958001059648882,test,0.1839967144585687
D117F,0.41000597812700695,0.756779005060212,test,0.34677302693320505
D117G,0.5037886808590137,0.798053887438912,test,0.2942652065798983
D117H,0.08560945585147911,0.882358188151439,test,0.7967487322999598
D117I,0.44209330531232643,0.80295109288066,test,0.3608577875683336
D117K,0.18760001356759132,0.556580748039439,test,0.3689807344718477
D117L,0.2721736064884919,0.896410018842004,test,0.624236412353512
D117M,0.4624312349593503,0.90083988027772,test,0.4384086453183697
D117N,0.36359702249700027,0.568294051813249,test,0.20469702931624872
D117P,0.3688257852761652,0.927160848689903,test,0.5583350634137378
D117Q,0.26673551924477407,0.91875235860823,test,0.652016839363456
D117R,0.27042614871913356,0.65213081491462,test,0.38170466619548643
D117S,0.4983235023026787,0.821570005923992,test,0.3232465036213133
D117T,0.48825368640302363,0.731148843696927,test,0.24289515729390337
D117V,0.29376222888924813,0.893067869596852,test,0.5993056407076038
D117W,-0.5434336256681878,0.972037024151335,test,1.5154706498195227
D117Y,0.22731731562440244,0.860025749725623,test,0.6327084341012206
D125A,-1.1852862559740633,0.0691854159679075,train,1.2544716719419708
D125C,-1.1849897060343402,0.0724192134502093,train,1.2574089194845495
D125E,-0.6448440719701676,0.101603258151534,test,0.7464473301217016
D125F,-1.616736539508147,0.0912234702561217,test,1.7079600097642686
D125G,-0.7192308862902479,0.0804568464024993,test,0.7996877326927472
D125H,-1.0809164618503808,0.111542378483961,train,1.192458840334342
D125I,-1.616736539508147,0.0873431409032877,test,1.7040796804114346
D125K,-1.2145746206194645,0.0578968360285646,train,1.272471456648029
D125L,-1.592432237592921,0.233980921288948,test,1.826413158881869
D125M,-1.616736539508147,0.101967127501824,test,1.718703667009971
D125N,-1.1595789912197416,0.0788932925798609,train,1.2384722837996025
D125P,-1.616736539508147,0.0981185727540089,test,1.7148551122621558
D125Q,-0.6840487448325163,0.270215395724273,train,0.9542641405567893
D125R,-0.8806151959448969,0.101119985258102,test,0.9817351812029989
D125S,-0.5417103179752889,0.093626508315766,test,0.6353368262910549
D125T,-0.976621860737739,0.145337416821589,test,1.1219592775593281
D125V,-1.3939709475800361,0.0864720221799325,test,1.4804429697599686
D125W,-1.1349702023796984,0.0734513034755919,test,1.2084215058552903
D125Y,-1.3722503810037887,0.0884465977436394,test,1.4606969787474282
D137A,1.1159720688684587,0.984532538388694,train,0.13143953047976464
D137C,0.256809074170052,0.971523692880427,test,0.714714618710375
D137E,0.7870748438203314,0.992749166627602,test,0.2056743228072706
D137F,0.22046464376712477,0.97507558928281,test,0.7546109455156853
D137G,0.6440213350575661,0.988403600264437,test,0.3443822652068709
D137H,0.39984691587801896,0.959015402669201,test,0.5591684867911821
D137I,0.18389185946165482,1.00006196721563,test,0.8161701077539751
D137K,0.7317212505835435,0.94950554965864,test,0.21778429907509644
D137L,0.5895592796334839,0.965453067098396,test,0.3758937874649121
D137M,0.2645638419294923,0.959490234526259,test,0.6949263925967668
D137N,0.47129344602909035,0.958871105363107,test,0.4875776593340167
D137P,0.6393716845392525,0.943364169934175,test,0.3039924853949225
D137Q,0.7664999326467701,0.96864596961083,test,0.20214603696405997
D137R,0.5108328635530199,0.941096460608022,test,0.43026359705500206
D137S,0.6821870197930018,0.975148085475306,test,0.2929610656823042
D137T,0.5291367533099915,0.973456462055042,test,0.44431970874505045
D137V,0.3079550432281036,0.96171943228505,test,0.6537643890569464
D137W,-0.016355731702374088,0.927753058412635,test,0.9441087901150091
D137Y,0.2396569380551537,0.997111099481266,test,0.7574541614261123
D156A,0.9532639588880301,0.918891025160795,train,0.034372933727235044
D156C,0.06014203703151827,0.921029520468773,test,0.8608874834372546
D156E,0.8586309084183661,0.953569424388772,test,0.09493851597040592
D156F,0.8253080320273618,0.739442902079273,test,0.08586512994808881
D156G,0.9948762507044613,0.933508250841536,test,0.06136799986292529
D156H,0.9598253569855437,0.941353176198655,test,0.018472180786888726
D156I,0.39401646731156253,0.846662736797857,test,0.45264626948629444
D156K,0.743209645612577,0.894839699416765,test,0.15163005380418804
D156L,0.4813303368052893,0.783138713209659,test,0.3018083764043697
D156M,0.5118712244074537,0.858568988143201,test,0.34669776373574734
D156N,1.6995086031834976,0.997541112478199,test,0.7019674907052986
D156P,0.9338263320388585,0.875159711518325,test,0.05866662052053351
D156Q,0.6596349024911738,0.942400347381992,test,0.2827654448908181
D156R,0.8153275827600552,0.857520085570325,test,0.04219250281026976
D156S,0.940570146626218,0.932842794196747,test,0.0077273524294709794
D156T,0.8702475936551721,0.931623933209794,test,0.06137633955462185
D156V,0.7711625591737317,0.862852986459147,test,0.09169042728541532
D156W,0.8196692632452596,0.755431945977228,test,0.06423731726803161
D156Y,0.7305995827196874,0.850802361991386,test,0.12020277927169865
D16A,0.5444784783076138,0.756931675680832,train,0.21245319737321822
D16C,0.4400488169716113,0.848654024729643,test,0.4086052077580317
D16E,0.4400488169716113,0.981057567755445,test,0.5410087507838337
D16F,0.4400488169716113,0.741531051828247,test,0.30148223485663567
D16G,0.4400488169716113,0.713232245187596,test,0.2731834282159847
D16H,0.4400488169716113,0.846537436112126,test,0.40648861914051465
D16I,0.4400488169716113,0.821916108851534,test,0.3818672918799227
D16K,0.4400488169716113,0.822401152931951,test,0.38235233596033974
D16L,0.4400488169716113,0.825127374479914,test,0.3850785575083027
D16M,0.4400488169716113,0.869128537126023,test,0.4290797201544117
D16N,0.4400488169716113,0.910124049934891,test,0.47007523296327974
D16P,0.4400488169716113,0.226792939062578,test,0.2132558779090333
D16Q,0.4400488169716113,0.938148543215883,test,0.49809972624427173
D16R,0.4400488169716113,0.761964052253001,test,0.3219152352813897
D16S,0.4400488169716113,0.878889371960215,test,0.4388405549886037
D16T,0.4400488169716113,0.88399821973673,test,0.4439494027651187
D16V,0.4400488169716113,0.82529983229683,test,0.3852510153252187
D16W,0.4400488169716113,0.769824845956432,test,0.32977602898482067
D16Y,0.4400488169716113,0.811125522574759,test,0.3710767056031477
D188A,0.4825577570761404,0.732977819928227,train,0.25042006285208657
D188C,0.22059538726207434,0.67986380926211,test,0.45926842200003565
D188E,0.6412766639604293,0.906324069227039,test,0.26504740526660975
D188F,-0.08838498758119323,0.185407569515285,test,0.2737925570964782
D188G,0.2644503107958532,0.109698410490087,test,0.1547519003057662
D188H,0.6607699532923057,0.779472449852869,test,0.11870249656056331
D188I,0.45888299761865886,0.185381160038396,test,0.27350183758026286
D188K,0.16041989340675583,0.0907777943020337,test,0.06964209910472213
D188L,0.34121294659212614,0.0526939094003539,test,0.28851903719177224
D188M,0.4284871080235107,0.676393993811401,test,0.24790688578789027
D188N,0.6144843340419683,0.87119620031675,test,0.2567118662747817
D188P,0.2416111911212387,0.178017229977613,test,0.0635939611436257
D188Q,0.31097946564446316,0.814159946551202,test,0.5031804809067388
D188R,0.389504039807644,0.114603953233661,test,0.27490008657398296
D188S,0.24080440601231784,0.810500669095645,test,0.5696962630833271
D188T,0.7941571810631984,0.839321851754738,test,0.04516467069153951
D188V,0.36024390554004176,0.572611206328256,test,0.21236730078821425
D188W,-0.08838498758119323,0.128960367134537,test,0.21734535471573024
D188Y,0.40904047695802964,0.10288950523705,test,0.30615097172097966
D193A,-1.1225869359026626,0.0951491235246094,train,1.217736059427272
D193C,-1.1597704929997827,0.0803023814122056,train,1.2400728744119884
D193E,-0.7197686043456262,0.0872098482030531,test,0.8069784525486793
D193F,-1.125335931160731,0.0948010966250284,train,1.2201370277857593
D193G,-1.0138832146312113,0.137406761826262,train,1.1512899764574733
D193H,-0.7746839277932231,0.234395416964342,train,1.0090793447575652
D193I,-0.8637881091596253,0.198553348762451,train,1.0623414579220762
D193K,-1.161941376897183,0.080143595288521,train,1.242084972185704
D193L,-1.1073882459008577,0.101987683631182,train,1.2093759295320397
D193M,-1.225960458900238,0.0544904874226373,train,1.2804509463228753
D193N,-1.2158058196874757,0.0572010151014393,train,1.273006834788915
D193P,-0.6972713169051836,0.0759016168267864,test,0.77317293373197
D193Q,-1.0083498585101212,0.141644496062762,train,1.1499943545728832
D193R,-1.1875429165612883,0.0698853494622874,train,1.2574282660235756
D193S,-1.1493062831643917,0.0835835665168664,train,1.2328898496812581
D193T,-1.097478863385693,0.104724967345864,train,1.2022038307315568
D193V,-1.204804941865247,0.062980226610267,train,1.267785168475514
D193W,-1.1592081088924489,0.0812380466365812,train,1.24044615552903
D193Y,-1.1201925745603911,0.0960660477292457,train,1.2162586222896368
D206A,1.077628731254272,0.967563782418696,train,0.11006494883557605
D206C,0.2427203416625066,0.936906853959077,test,0.6941865122965705
D206E,1.8615394866721449,1.00716367144664,test,0.8543758152255048
D206F,0.46710953190460464,0.841994514762115,test,0.3748849828575103
D206G,0.6769035962327052,1.01485276181705,test,0.33794916558434474
D206H,0.60687074616364,0.983777419985402,test,0.376906673821762
D206I,0.5181966669077518,0.85220458304202,test,0.33400791613426817
D206K,1.3616515353968062,1.00529149247212,test,0.35636004292468626
D206L,0.7178222148091251,0.887161557503311,test,0.16933934269418593
D206M,0.1603293235959687,0.918476917286025,test,0.7581475936900564
D206N,0.8310182129296315,1.00571025686458,test,0.17469204393494842
D206P,0.7183584296898609,1.03000994752327,test,0.31165151783340916
D206Q,1.3016768401091738,0.991404142728123,test,0.3102726973810508
D206R,0.8686511141350763,1.00633326002764,test,0.13768214589256367
D206S,0.9592648708123477,0.99998301290964,test,0.0407181420972923
D206T,1.10809089840469,0.984533225450353,test,0.12355767295433695
D206V,0.8498827680696621,0.876801165445199,test,0.026918397375536918
D206W,0.05576961221898463,0.834440082104217,test,0.7786704698852325
D206Y,0.35940028689625697,0.948352605523311,test,0.588952318627054
D213A,0.6666631567020609,0.804789348863383,train,0.13812619216132216
D213C,-0.15241836794905333,0.805693455860712,test,0.9581118238097652
D213E,0.9152662723085996,0.928852881350385,test,0.013586609041785436
D213F,-0.12090881203694431,0.335389537291074,test,0.4562983493280183
D213G,0.4770214049585029,0.705808313967193,test,0.2287869090086901
D213H,0.37765875413683153,0.762692008841485,test,0.3850332547046535
D213I,0.40099138097280124,0.719367928245493,test,0.31837654727269177
D213K,0.8915621341343467,0.767512135803385,test,0.12404999833096175
D213L,0.09311466460957801,0.686437852964126,test,0.593323188354548
D213M,0.37644061147667435,0.775303324967207,test,0.39886271349053265
D213N,0.498157197469741,0.916205377900686,test,0.418048180430945
D213P,0.4117964831149941,0.13980751298401,test,0.2719889701309841
D213Q,0.8797005542076448,0.917133242578995,test,0.037432688371350165
D213R,0.4381469864842274,0.730041272982993,test,0.29189428649876564
D213S,0.6284268582805446,0.791567676809807,test,0.16314081852926243
D213T,0.3747736957271322,0.848030760435938,test,0.47325706470880574
D213V,0.1817460605002506,0.726961408323189,test,0.5452153478229385
D213W,-0.39175148421630007,0.533637418304089,test,0.925388902520389
D213Y,0.2117650588577878,0.786264394189557,test,0.5744993353317691
D220A,0.12208930473300766,0.58766618512524,train,0.4655768803922324
D220C,-0.6029807905548239,0.721233040762584,test,1.3242138313174079
D220E,0.4827604384492617,0.826963507586676,test,0.34420306913741433
D220F,-0.24295480347920767,0.546163948470084,test,0.7891187519492917
D220G,0.05996210282865283,0.487354083866927,test,0.4273919810382742
D220H,-0.16759625588850108,0.71495100554683,test,0.8825472614353311
D220I,-0.23437501322196214,0.329710464733857,test,0.5640854779558191
D220K,0.39270068165763666,0.10714281247849,test,0.28555786917914666
D220L,-0.18569160913508925,0.485593187345382,test,0.6712847964804712
D220M,-0.44703859692596554,0.676853310701774,test,1.1238919076277396
D220N,0.17916014526740837,0.750703207865829,test,0.5715430625984206
D220P,-0.5516264664572343,0.0600579711917497,test,0.6116844376489841
D220Q,0.7700910768130313,0.794832700366826,test,0.02474162355379461
D220R,0.20145345926246888,0.0925276371984742,test,0.10892582206399468
D220S,0.11719152743132183,0.622818312602615,test,0.5056267851712932
D220T,-0.056444599253598626,0.361330560487821,test,0.4177751597414196
D220V,-0.2284182758373347,0.490123941830653,test,0.7185422176679876
D220W,-0.6228837175598585,0.68314027808892,test,1.3060239956487785
D220Y,-0.30079848232274203,0.542115481424092,test,0.8429139637468341
D235A,1.2766822191620975,1.04832166264269,train,0.22836055651940734
D235C,-0.1164129154792341,0.881536285372176,test,0.9979492008514101
D235E,0.8130623097426515,0.990045175648152,test,0.1769828659055005
D235F,-0.08721658955050765,0.0544319019541344,test,0.14164849150464204
D235G,0.916333190608281,0.868406300644262,test,0.04792688996401895
D235H,0.44597127343299553,0.101582769180784,test,0.3443885042522115
D235I,0.16672229906398967,0.0886328276371857,test,0.07808947142680396
D235K,0.4309218805183264,0.0607014360315247,test,0.3702204444868017
D235L,0.04023867483896032,0.0963733559565254,test,0.056134681117565075
D235M,-0.3344758128748086,0.0825254822622648,test,0.4170012951370734
D235N,0.47430854849418586,0.86262996928769,test,0.3883214207935041
D235P,0.6081127139370395,0.107094424263671,test,0.5010182896733685
D235Q,0.3965197955030391,0.264939558784869,test,0.1315802367181701
D235R,0.6934772378376053,0.106100673178806,test,0.5873765646587993
D235S,0.855680259891006,0.981388210672097,test,0.12570795078109098
D235T,0.5461286191379422,0.767446928010656,test,0.22131830887271375
D235V,0.3479412533310296,0.781485697208347,test,0.43354444387731744
D235W,-0.22535319533659143,0.0732569631920594,test,0.2986101585286508
D235Y,-0.27021604048793607,0.0830988468189194,test,0.35331488730685545
D236A,0.6290245699836845,0.790304391446266,train,0.16127982146258146
D236C,-0.23795393932891956,0.945013769391924,test,1.1829677087208437
D236E,0.36225499823157753,0.882190467807656,test,0.5199354695760785
D236F,0.3989048832920404,0.575008896617633,test,0.1761040133255926
D236G,0.5092917172568967,0.733807736467772,test,0.22451601921087527
D236H,-0.3738049704694166,0.852123414676511,test,1.2259283851459275
D236I,-0.1714801946141566,0.495809894643948,test,0.6672900892581046
D236K,0.13087466114066798,0.30755638977854,test,0.17668172863787202
D236L,-0.19023782139934825,0.589623210547733,test,0.7798610319470813
D236M,-0.45417576155143274,0.774725005023262,test,1.2289007665746947
D236N,0.5151348959196085,0.931171157508039,test,0.41603626158843054
D236P,-0.13158290020395919,0.0716499892959226,test,0.20323288949988177
D236Q,0.3274725615322556,0.797068143016997,test,0.4695955814847414
D236R,0.3169227912398345,0.410194796619628,test,0.09327200537979347
D236S,0.7153851492307552,0.912318680189011,test,0.19693353095825572
D236T,0.674796768582592,0.926825035469321,test,0.2520282668867291
D236V,-0.4264827472155232,0.687169444753003,test,1.1136521919685263
D236W,-0.38058309317609756,0.594986152988741,test,0.9755692461648386
D236Y,-0.035062715162199554,0.662738085447751,test,0.6978008006099505
D263A,-0.9846016360390863,0.147745677697609,train,1.1323473137366953
D263C,-0.5780581191308887,0.196334064988577,test,0.7743921841194656
D263E,-0.7998697005069744,0.242862670821977,test,1.0427323713289514
D263F,-1.464494723017677,0.0870293903712845,test,1.5515241133889615
D263G,-0.6359172085561777,0.0969128394830661,test,0.7328300480392438
D263H,-1.464494723017677,0.0685564231427333,test,1.5330511461604104
D263I,-0.707682335129924,0.114029263480116,test,0.82171159861004
D263K,-1.1712132825561352,0.0765725050893931,train,1.2477857876455283
D263L,-0.8246769258082853,0.0816239631358393,test,0.9063008889441246
D263M,-0.8354186933324073,0.0895562425338144,test,0.9249749358662217
D263N,-0.6796254094738501,0.270061604944313,train,0.9496870144181631
D263P,-0.9375611089552085,0.0724711118025664,test,1.010032220757775
D263Q,-0.8630589468888186,0.198440374363148,train,1.0614993212519666
D263R,-1.1371754421434894,0.0903645409109749,train,1.2275399830544642
D263S,-0.43878000827948854,0.129053490310141,test,0.5678334985896295
D263T,-0.6130279602546569,0.196526049491821,test,0.809554009746478
D263V,-0.5151146493981376,0.153895480729323,test,0.6690101301274606
D263W,-1.464494723017677,0.04629907496025,test,1.5107937979779271
D263Y,-1.238537402110437,0.0495671710667393,train,1.2881045731771763
D281A,1.0606562176573284,0.961537741228653,train,0.09911847642867544
D281C,0.634566344305366,0.932962808116991,test,0.298396463811625
D281E,1.166402873218324,0.991637932546985,test,0.17476494067133908
D281F,0.08736547012756196,0.860569905628242,test,0.77320443550068
D281G,1.45054894653431,0.980881566394035,test,0.469667380140275
D281H,1.0103862090841105,0.94637936650784,test,0.06400684257627043
D281I,0.2735041209877896,0.896823485343231,test,0.6233193643554413
D281K,1.330034982702628,0.953840984522255,test,0.37619399818037313
D281L,0.45406900777611986,0.925678442435131,test,0.4716094346590111
D281M,0.513984045708817,0.899227406863384,test,0.38524336115456703
D281N,1.5745253348645871,1.02137249494089,test,0.5531528399236971
D281P,1.2358388861527025,0.662704245519238,test,0.5731346406334645
D281Q,0.9081979819870121,0.958029195144957,test,0.04983121315794492
D281R,1.3184814861744343,0.926357633535531,test,0.39212385263890326
D281S,1.2774644627692808,0.943366545869664,test,0.3340979168996169
D281T,0.9879834470481654,0.938654201039873,test,0.04932924600829247
D281V,0.5686066694246286,0.910686879854592,test,0.3420802104299634
D281W,0.08736547012756196,0.824876746437471,test,0.737511276309909
D281Y,0.6399268439263501,0.922747214845415,test,0.28282037091906487
D336A,0.5004219618567092,0.73888688597925,train,0.23846492412254083
D336C,-0.057919024634976723,0.638703789335561,test,0.6966228139705377
D336E,1.110608535550318,0.902269491166542,test,0.20833904438377593
D336F,-0.0190863175146187,0.092554729113615,test,0.1116410466282337
D336G,0.4995049673570851,0.809534141827879,test,0.31002917447079387
D336H,0.18180846161579828,0.947599526182201,test,0.7657910645664028
D336I,0.2987519070425791,0.0750936391860917,test,0.2236582678564874
D336K,0.387746788389352,0.240454526921616,test,0.147292261467736
D336L,0.28070181439204595,0.544678980449793,test,0.26397716605774707
D336M,0.09570135621541281,1.06638359225041,test,0.9706822360349971
D336N,0.3402033432017167,0.897286684139316,test,0.5570833409375993
D336P,0.16127362661883998,0.120171883418566,test,0.04110174320027399
D336Q,0.26600332100361973,0.963676920596472,test,0.6976735995928522
D336R,0.2589734256033865,0.105585659891665,test,0.15338776571172147
D336S,0.45981815800585407,0.698735052989217,test,0.23891689498336294
D336T,0.6192664692264476,0.668722156651042,test,0.049455687424594386
D336V,0.5011718464676189,0.149512185431543,test,0.35165966103607593
D336W,-0.07529571346323388,0.153866353986795,test,0.22916206745002887
D336Y,-0.010756691283004771,1.14045399111098,test,1.1512106823939847
D346A,1.156341657243992,1.00072019501555,train,0.15562146222844198
D346C,0.7459804064397986,1.00415837093493,test,0.2581779644951314
D346E,0.7459804064397986,1.0102436440574,test,0.2642632376176015
D346F,0.7459804064397986,1.02513487363355,test,0.27915446719375137
D346G,0.7459804064397986,0.987918484858829,test,0.24193807841903048
D346H,0.7459804064397986,0.995676408442265,test,0.24969600200246644
D346I,0.7459804064397986,0.93816121952985,test,0.19218081309005142
D346K,0.7459804064397986,0.994116417935214,test,0.24813601149541542
D346L,0.7459804064397986,0.96327421157623,test,0.21729380513643148
D346M,0.7459804064397986,1.0034168326569,test,0.2574364262171014
D346N,0.7459804064397986,1.01161790807682,test,0.2656375016370214
D346P,0.7459804064397986,1.01550424019439,test,0.2695238337545913
D346Q,0.7459804064397986,0.999940148717066,test,0.2539597422772675
D346R,0.7459804064397986,1.00729036052034,test,0.2613099540805415
D346S,0.7459804064397986,0.991622623089538,test,0.2456422166497394
D346T,0.7459804064397986,0.992903991470811,test,0.24692358503101242
D346V,0.7459804064397986,0.976213361163382,test,0.2302329547235834
D346W,0.7459804064397986,0.942470674427605,test,0.19649026798780644
D346Y,0.7459804064397986,0.949877842376337,test,0.20389743593653842
D401A,0.1865263100070767,0.614065937371574,train,0.4275396273644973
D401C,-0.41908542037726265,0.713030964971854,test,1.1321163853491167
D401E,0.3082364859628531,0.874043231351829,test,0.5658067453889759
D401F,-0.19462359007148672,0.577680215811452,test,0.7723038058829388
D401G,0.634187928673974,0.784730765168971,test,0.150542836494997
D401H,0.20512337158255717,0.714801224129938,test,0.5096778525473808
D401I,-0.2876596762714136,0.509084150305686,test,0.7967438265770996
D401K,0.4152727844899396,0.753800933641188,test,0.33852814915124846
D401L,0.3273091832051325,0.749874213600258,test,0.42256503039512544
D401M,0.32530436809550706,0.779580614875302,test,0.4542762467797949
D401N,0.060593985006544726,0.793110991691592,test,0.7325170066850473
D401P,-0.0788144982069578,0.159749659927756,test,0.2385641581347138
D401Q,0.37183942053105673,0.71649856572464,test,0.34465914519358326
D401R,0.26158309557024323,0.560377345523061,test,0.2987942499528177
D401S,0.3579490008669702,0.721751410673594,test,0.36380240980662387
D401T,-0.050764441492040235,0.602264475124663,test,0.6530289166167031
D401V,-0.2800347196507004,0.420489637267743,test,0.7005243569184434
D401W,0.1517360457719495,0.702180436053703,test,0.5504443902817535
D401Y,-0.16836952681813416,0.632127692445318,test,0.8004972192634521
D419A,1.078645179462466,0.966416285247568,train,0.11222889421489812
D419C,0.2960812638120452,0.982368369031857,test,0.6862871052198118
D419E,1.503478684794704,0.985565624473968,test,0.5179130603207359
D419F,0.24066612954432648,0.936411717062209,test,0.6957455875178826
D419G,0.9475806884666174,0.986868133650065,test,0.03928744518344762
D419H,0.7809312026792536,0.957951001429058,test,0.17701979874980434
D419I,0.4665005632951012,0.956064107480488,test,0.4895635441853868
D419K,1.2451564625324512,0.971076398028083,test,0.27408006450436817
D419L,0.9946796359059125,0.979037756353492,test,0.015641879552420468
D419M,0.629476850292269,0.952839176923354,test,0.323362326631085
D419N,0.9111890969808112,0.967392899686379,test,0.056203802705567796
D419P,0.5578643986750631,0.146907444380356,test,0.41095695429470713
D419Q,1.3914915389753961,0.990253376421707,test,0.40123816255368916
D419R,0.9558961405751969,0.932744380160843,test,0.02315176041435385
D419S,1.2649712059140104,0.969228036317397,test,0.2957431695966134
D419T,0.8150373171516545,0.957873988800851,test,0.14283667164919644
D419V,0.5318187818432403,0.956537668901102,test,0.42471888705786176
D419W,-0.03653951737746647,0.878900974274551,test,0.9154404916520176
D419Y,0.41116747497066625,0.951363099448435,test,0.5401956244777688
D425A,1.0097253578584784,0.941086427866382,train,0.06863892999209642
D425C,0.1796879092611175,0.923958976142759,test,0.7442710668816415
D425E,1.6794444944734455,0.997689316519571,test,0.6817551779538744
D425F,-0.17808292324305158,0.788046965499323,test,0.9661298887423746
D425G,0.45689412645827693,0.892673547326655,test,0.4357794208683781
D425H,0.4964710386175036,0.945750999648768,test,0.4492799610312644
D425I,0.5163629159446792,0.883889294918183,test,0.3675263789735038
D425K,0.7855822889567641,0.978334747854149,test,0.1927524588973849
D425L,0.4923872626869113,0.923188301636924,test,0.4308010389500127
D425M,0.342821107977148,0.959662853904075,test,0.6168417459269271
D425N,0.5981117448984854,0.940490636471428,test,0.34237889157294266
D425P,0.35578700782572176,0.865854871419639,test,0.5100678635939173
D425Q,0.8589303057527928,0.994556429535626,test,0.13562612378283312
D425R,0.8609469643135803,0.919677246779918,test,0.05873028246633771
D425S,0.8553129413604665,1.01752943087767,test,0.16221648951720335
D425T,0.8680997902626046,0.972976649839702,test,0.10487685957709736
D425V,0.817193651306102,0.952481094668812,test,0.13528744336271004
D425W,0.12484249969416267,0.891874392774547,test,0.7670318930803843
D425Y,0.12950912808162057,0.905058768862011,test,0.7755496407803903
D443A,1.0756429753619408,0.968566908389458,train,0.10707606697248273
D443C,0.7056310654987712,0.958127192773051,test,0.25249612727427984
D443E,0.7056310654987712,0.90350985321074,test,0.19787878771196876
D443F,0.7056310654987712,0.906986661087264,test,0.2013555955884928
D443G,0.7056310654987712,0.857825212689254,test,0.15219414719048285
D443H,0.7056310654987712,0.940208728047628,test,0.2345776625488568
D443I,0.7056310654987712,0.946664049799733,test,0.24103298430096176
D443K,0.7056310654987712,0.842146284226725,test,0.1365152187279538
D443L,0.7056310654987712,0.902821712580385,test,0.19719064708161382
D443M,0.7056310654987712,0.942936254170525,test,0.23730518867175376
D443N,0.7056310654987712,0.903646766685851,test,0.19801570118707978
D443P,0.7056310654987712,0.868341991274274,test,0.16271092577550283
D443Q,0.7056310654987712,0.982536816217379,test,0.2769057507186078
D443R,0.7056310654987712,0.79548418269633,test,0.08985311719755884
D443S,0.7056310654987712,0.911320176797342,test,0.20568911129857081
D443T,0.7056310654987712,0.973450497234691,test,0.2678194317359198
D443V,0.7056310654987712,0.947701172891559,test,0.24207010739278778
D443W,0.7056310654987712,0.675052863484914,test,0.030578202013857192
D443Y,0.7056310654987712,0.938356730062477,test,0.2327256645637058
D445A,0.9553951624625316,0.920655811155351,train,0.034739351307180644
D445C,0.6455071590490675,0.918212952029522,test,0.2727057929804545
D445E,0.6455071590490675,0.954347620287434,test,0.3088404612383665
D445F,0.6455071590490675,0.892234094674283,test,0.24672693562521553
D445G,0.6455071590490675,0.92829443469107,test,0.28278727564200246
D445H,0.6455071590490675,0.940856609017094,test,0.2953494499680265
D445I,0.6455071590490675,0.852657112962385,test,0.20714995391331747
D445K,0.6455071590490675,0.879538101182173,test,0.2340309421331055
D445L,0.6455071590490675,0.867385482230415,test,0.22187832318134748
D445M,0.6455071590490675,0.902529499242847,test,0.25702234019377945
D445N,0.6455071590490675,0.9778923378426,test,0.33238517879353247
D445P,0.6455071590490675,0.604670040018612,test,0.040837119030455504
D445Q,0.6455071590490675,0.931592401032188,test,0.28608524198312046
D445R,0.6455071590490675,0.892520506656692,test,0.2470133476076245
D445S,0.6455071590490675,0.946154752853834,test,0.30064759380476647
D445T,0.6455071590490675,0.939515889048028,test,0.29400872999896044
D445V,0.6455071590490675,0.871941226574996,test,0.22643406752592843
D445W,0.6455071590490675,0.85364543080133,test,0.20813827175226252
D445Y,0.6455071590490675,0.876587451298794,test,0.23108029224972648
D459A,1.1888994629461607,1.01369240762477,train,0.1752070553213907
D459C,0.7622593092908811,0.969774043053469,test,0.2075147337625879
D459E,0.7622593092908811,1.00231648579804,test,0.24005717650715885
D459F,0.7622593092908811,0.996885221997795,test,0.2346259127069138
D459G,0.7622593092908811,1.00114711783531,test,0.23888780854442881
D459H,0.7622593092908811,0.996213360539512,test,0.2339540512486309
D459I,0.7622593092908811,1.00430829942806,test,0.24204899013717895
D459K,0.7622593092908811,0.996828008124818,test,0.23456869883393683
D459L,0.7622593092908811,0.981542830444892,test,0.21928352115401084
D459M,0.7622593092908811,1.01732353173375,test,0.25506422244286875
D459N,0.7622593092908811,1.01760494268526,test,0.2553456333943789
D459P,0.7622593092908811,0.985885973188767,test,0.22362666389788588
D459Q,0.7622593092908811,1.02430402969955,test,0.2620447204086689
D459R,0.7622593092908811,0.97024290496268,test,0.2079835956717988
D459S,0.7622593092908811,0.973047479278467,test,0.21078816998758587
D459T,0.7622593092908811,0.972896844420251,test,0.2106375351293699
D459V,0.7622593092908811,1.00289634604592,test,0.24063703675503878
D459W,0.7622593092908811,0.971499603336584,test,0.20924029404570288
D459Y,0.7622593092908811,0.980179618937314,test,0.21792030964643283
D61A,-0.31394599561856035,0.414855832925984,train,0.7288018285445443
D61C,-0.8504049291872811,0.824956915474937,test,1.675361844662218
D61E,0.057296520999653267,0.641590769374373,test,0.5842942483747198
D61F,-0.8090541780962379,0.118698218483567,test,0.9277523965798049
D61G,-0.22522041246033803,0.634225849150874,test,0.859446261611212
D61H,-0.38176345778140325,0.42326217349731,test,0.8050256312787132
D61I,-0.47855027263394584,0.331332170046334,test,0.8098824426802798
D61K,0.13392469185677497,0.379879581004923,test,0.245954889148148
D61L,-0.33040460790439136,0.398828043158013,test,0.7292326510624043
D61M,-0.5249770080962985,0.646064167338467,test,1.1710411754347656
D61N,-0.03642948006764429,0.891480686021777,test,0.9279101660894213
D61P,0.08825639374768462,0.271488494421186,test,0.18323210067350137
D61Q,-0.13554587409046087,0.732972610127665,test,0.8685184842181259
D61R,-0.025498938897841883,0.525264360891123,test,0.5507632997889649
D61S,0.07835537806247933,0.764843173641631,test,0.6864877955791517
D61T,0.19530876494492772,0.852449713923173,test,0.6571409489782454
D61V,-0.2906690550962345,0.253569032553103,test,0.5442380876493375
D61W,-0.8311672458511516,0.226008869801277,test,1.0571761156524286
D61Y,-0.45535737080535194,0.371950591221274,test,0.8273079620266259
D62A,1.1417759876085576,0.994203033895514,train,0.14757295371304358
D62C,-0.06224957029303718,0.991759622619082,test,1.0540091929121191
D62E,1.0898007856617369,0.962976025054725,test,0.12682476060701187
D62F,0.5110370104711706,0.960766478865131,test,0.44972946839396044
D62G,0.9679769885469014,0.978404327174158,test,0.010427338627256644
D62H,0.6789601799889908,0.99561345531531,test,0.31665327532631915
D62I,0.41903944786484365,0.972941699369075,test,0.5539022515042313
D62K,0.8348875499067745,1.01613849374185,test,0.18125094383507556
D62L,0.6435950798469676,0.982172331087457,test,0.33857725124048943
D62M,0.2993062308776207,0.974924461352608,test,0.6756182304749874
D62N,0.662287708172137,1.01821237052475,test,0.3559246623526131
D62P,0.7903927390519776,0.981803068036452,test,0.1914103289844744
D62Q,0.7300724903002269,1.01693445258217,test,0.28686196228194305
D62R,0.7138682289968692,1.00494386115523,test,0.29107563215836074
D62S,0.8955399972046862,1.00813870684993,test,0.11259870964524366
D62T,0.5860049315072153,0.989514207233379,test,0.4035092757261637
D62V,0.38159687724733976,0.953025331858601,test,0.5714284546112613
D62W,0.47683515590344433,0.954118550650026,test,0.4772833947465817
D62Y,0.48400620264603594,0.971866524013024,test,0.48786032136698804
D68A,1.10940746289279,0.982078833689844,train,0.12732862920294585
D68C,0.637288676783232,0.808137729821312,test,0.17084905303808007
D68E,0.665337366216626,0.159968234377313,test,0.505369131839313
D68F,0.3939458130519143,0.0664700250621451,test,0.3274757879897692
D68G,1.0429940816909529,0.781377475292975,test,0.2616166063979779
D68H,0.566621836549043,0.353343783773485,test,0.21327805277555795
D68I,0.5767960662900578,0.235944543410286,test,0.3408515228797717
D68K,0.8703577138839407,0.194500729741489,test,0.6758569841424517
D68L,0.7789654873687191,0.0533557970817967,test,0.7256096902869223
D68M,0.7307917577282019,0.308218448507698,test,0.42257330922050396
D68N,0.9310510615205843,0.691249859587906,test,0.2398012019326783
D68P,0.5956603796126458,0.81036872564336,test,0.2147083460307142
D68Q,0.8374300193537536,0.218873906750769,test,0.6185561126029846
D68R,0.9005103933214116,0.226445359575852,test,0.6740650337455596
D68S,0.9337840415429817,0.69133651201078,test,0.24244752953220172
D68T,0.657322736301996,0.482437989592067,test,0.17488474670992898
D68V,0.712764403460767,0.151977428330556,test,0.560786975130211
D68W,-0.18834892119246577,0.114266521057005,test,0.3026154422494708
D68Y,-0.18834892119246577,0.131653601160096,test,0.32000252235256177
D75A,0.4828037094088132,0.731797709938365,train,0.24899400052955184
D75C,0.020937875310018284,0.878000609512399,test,0.8570627342023807
D75E,0.7765116712303453,0.781626056673985,test,0.005114385443639735
D75F,0.06669706250994528,0.559558428321604,test,0.4928613658116587
D75G,0.9684054479526125,0.307675599653785,test,0.6607298482988275
D75H,0.26772328321489,0.822574203830485,test,0.5548509206155949
D75I,0.1168280774163773,0.644716634674535,test,0.5278885572581578
D75K,0.5851521069593346,0.592637443207534,test,0.007485336248199359
D75L,0.22918470929899298,0.552800706946469,test,0.323615997647476
D75M,-0.1978134858327269,0.693236958559369,test,0.8910504443920959
D75N,0.7251398632142738,0.887714049197986,test,0.1625741859837122
D75P,0.5686623659383336,0.0760176912657127,test,0.49264467467262096
D75Q,0.4003512757642618,0.814086777641775,test,0.4137355018775131
D75R,0.44012652241020694,0.533021893409716,test,0.09289537099950901
D75S,0.4582779238540447,0.789625015614648,test,0.33134709176060334
D75T,0.349164608313064,0.538961525067385,test,0.18979691675432103
D75V,0.3258073451934483,0.701486684861487,test,0.37567933966803874
D75W,-0.1626384313564912,0.730653696008536,test,0.8932921273650272
D75Y,0.08994281761439998,0.630563899515255,test,0.540621081900855
D91A,0.12353524029405888,0.589258215811917,train,0.4657229755178581
D91C,-0.11604454150985427,0.921233065744236,test,1.0372776072540904
D91E,0.5550700799350032,0.935590751132626,test,0.3805206711976228
D91F,-0.3259654099918485,0.107775533528809,test,0.4337409435206575
D91G,0.4102964948102255,0.68166887267462,test,0.27137237786439444
D91H,-0.08635446552470677,0.100168918890774,test,0.18652338441548078
D91I,-0.24859689627821874,0.123769767791256,test,0.3723666640694747
D91K,0.018935670529666437,0.100304326419839,test,0.08136865589017256
D91L,-0.06471897817045041,0.0554349702572888,test,0.12015394842773922
D91M,-0.19961406357279715,0.157555341711379,test,0.3571694052841762
D91N,0.1661074208900804,0.318926811485086,test,0.1528193905950056
D91P,0.06394601828742102,0.088600684784657,test,0.02465466649723598
D91Q,0.03789225013869674,0.892831485405669,test,0.8549392352669722
D91R,0.04934013494553119,0.108449955668453,test,0.05910982072292181
D91S,0.32800271968485545,0.77669825623447,test,0.4486955365496145
D91T,0.03657608326442491,0.0870083645638114,test,0.0504322812993865
D91V,0.01131066347643822,0.063464458221359,test,0.05215379474492078
D91W,-0.23407721072564408,0.0573893939914292,test,0.2914666047170733
D91Y,-0.20060665370575664,0.132431925244915,test,0.3330385789506717
D96A,0.783903298541464,0.852327222309808,train,0.06842392376834394
D96C,0.5597612270885364,0.957353881321693,test,0.3975926542331566
D96E,0.5597612270885364,0.986480076369043,test,0.42671884928050663
D96F,0.5597612270885364,0.89378922773664,test,0.3340280006481037
D96G,0.5597612270885364,0.95827170337154,test,0.3985104762830036
D96H,0.5597612270885364,0.917302048677655,test,0.3575408215891186
D96I,0.5597612270885364,0.646493324331203,test,0.08673209724266662
D96K,0.5597612270885364,0.873872349052239,test,0.3141111219637026
D96L,0.5597612270885364,0.78520958614754,test,0.22544835905900362
D96M,0.5597612270885364,0.853815231742928,test,0.2940540046543916
D96N,0.5597612270885364,1.01142913025518,test,0.45166790316664374
D96P,0.5597612270885364,0.110790551049125,test,0.4489706760394114
D96Q,0.5597612270885364,0.907661340631789,test,0.3479001135432527
D96R,0.5597612270885364,0.811995241367467,test,0.25223401427893066
D96S,0.5597612270885364,1.00049734018744,test,0.4407361130989036
D96T,0.5597612270885364,0.959060101182902,test,0.3992988740943656
D96V,0.5597612270885364,0.708502864184043,test,0.14874163709550658
D96W,0.5597612270885364,0.702769277863813,test,0.14300805077527667
D96Y,0.5597612270885364,0.798963548808316,test,0.23920232171977962
E119A,1.080381348589615,0.968922147542607,train,0.11145920104700802
E119C,0.30664896439791006,0.939310128744253,test,0.6326611643463429
E119D,0.9446016960747414,0.944118013061723,test,0.0004836830130183767
E119F,0.3828569905923587,0.875229826948813,test,0.4923728363564543
E119G,0.632459253180393,0.911261325490434,test,0.27880207231004106
E119H,0.5361050363733817,0.933608875325493,test,0.3975038389521113
E119I,0.7556942738395875,0.786414905098397,test,0.030720631258809417
E119K,0.797748958528544,0.878088309294955,test,0.08033935076641097
E119L,0.49108309193895044,0.968545575372599,test,0.47746248343364855
E119M,0.24507166559371468,0.927682306635262,test,0.6826106410415473
E119N,0.659606096955347,0.865958396346034,test,0.206352299390687
E119P,0.5847815232313067,0.123182005222723,test,0.46159951800858373
E119Q,0.7463903702971422,0.967611941125282,test,0.22122157082813987
E119R,0.8597035882384318,0.886465973568832,test,0.026762385330400207
E119S,0.7448791718348424,0.933807137355588,test,0.18892796552074553
E119T,0.6838583288073607,0.867531187948196,test,0.1836728591408352
E119V,0.917812065804501,0.84268069380327,test,0.07513137200123099
E119W,0.19202836346092594,0.817848463358509,test,0.6258200998975831
E119Y,0.4213392915199244,0.90879253019374,test,0.48745323867381557
E130A,1.1163960481831925,0.983146445264291,train,0.13324960291890153
E130C,0.4705125896192524,0.940367986901632,test,0.4698553972823796
E130D,0.9909332014742684,0.992614988917674,test,0.0016817874434055247
E130F,0.4935975792279113,0.925032649977857,test,0.43143507074994564
E130G,1.0041769691790758,0.961386776809683,test,0.042790192369392854
E130H,0.9411112488743942,0.977754108034443,test,0.036642859160048724
E130I,0.8375934678720629,0.919593222460692,test,0.08199975458862907
E130K,1.3618775860441925,0.963531872322946,test,0.3983457137212465
E130L,1.035023902619928,0.923983557339805,test,0.11104034528012297
E130M,0.4785243733296323,0.926502914717743,test,0.4479785413881107
E130N,0.9748682653820655,0.957150153724449,test,0.017718111657616498
E130P,2.095102620220864,1.01588717835855,test,1.0792154418623139
E130Q,1.1764684768612934,0.979405301847028,test,0.1970631750142654
E130R,1.5132399538340344,0.961538773769379,test,0.5517011800646554
E130S,1.1893784069631987,0.976446994876751,test,0.21293141208644772
E130T,1.0568084812048237,0.950512108720709,test,0.10629637248411472
E130V,1.0552912547638247,0.945899599375248,test,0.10939165538857665
E130W,0.4843293655263939,0.945501358818904,test,0.4611719932925101
E130Y,0.8092079452736751,0.939100237868629,test,0.12989229259495383
E14A,-0.6352500647341834,0.286884964870421,train,0.9221350296046045
E14C,-0.14981545454929263,0.0780448508926562,test,0.22786030544194882
E14D,-0.14981545454929263,0.608012575128685,test,0.7578280296779776
E14F,-0.14981545454929263,0.128133307013943,test,0.2779487615632356
E14G,-0.14981545454929263,0.148984381305413,test,0.2987998358547056
E14H,-0.14981545454929263,0.574031020737193,test,0.7238464752864857
E14I,-0.14981545454929263,0.150595113815784,test,0.3004105683650766
E14K,-0.14981545454929263,0.0414152329398166,test,0.19123068748910924
E14L,-0.14981545454929263,0.0783658343942455,test,0.22818128894353812
E14M,-0.14981545454929263,0.105147158126572,test,0.2549626126758646
E14N,-0.14981545454929263,0.261729153689798,test,0.4115446082390906
E14P,-0.14981545454929263,0.199717112199692,test,0.3495325667489846
E14Q,-0.14981545454929263,0.86020055524951,test,1.0100160097988027
E14R,-0.14981545454929263,0.134879939811445,test,0.28469539436073765
E14S,-0.14981545454929263,0.116197354357507,test,0.2660128089067996
E14T,-0.14981545454929263,0.229981426910382,test,0.3797968814596746
E14V,-0.14981545454929263,0.184701075094624,test,0.33451652964391665
E14W,-0.14981545454929263,0.142774623714296,test,0.2925900782635886
E14Y,-0.14981545454929263,0.087631659155303,test,0.23744711370459562
E154A,1.1558828425960206,1.00053738659114,train,0.1553454560048806
E154C,0.7457509991158107,0.991617142581835,test,0.2458661434660243
E154D,0.7457509991158107,0.977608837503423,test,0.23185783838761231
E154F,0.7457509991158107,0.963577812913951,test,0.21782681379814028
E154G,0.7457509991158107,0.982079653909947,test,0.23632865479413634
E154H,0.7457509991158107,0.980428121359253,test,0.23467712224344228
E154I,0.7457509991158107,1.0011604603415,test,0.2554094612256894
E154K,0.7457509991158107,0.976640446563524,test,0.23088944744771334
E154L,0.7457509991158107,0.990872734937943,test,0.24512173582213237
E154M,0.7457509991158107,0.990417606166389,test,0.2446666070505783
E154N,0.7457509991158107,0.963578860858372,test,0.2178278617425613
E154P,0.7457509991158107,1.00342027852576,test,0.2576692794099493
E154Q,0.7457509991158107,1.01290595822447,test,0.2671549591086593
E154R,0.7457509991158107,0.964838390675353,test,0.21908739155954238
E154S,0.7457509991158107,1.0019301771655,test,0.25617917804968937
E154T,0.7457509991158107,1.00740378806206,test,0.26165278894624944
E154V,0.7457509991158107,0.977674080436915,test,0.23192308132110429
E154W,0.7457509991158107,0.935172012529298,test,0.18942101341348738
E154Y,0.7457509991158107,0.942939141584218,test,0.19718814246840732
E15A,1.0918548658288012,0.975026314525616,train,0.11682855130318526
E15C,0.7137370107322019,0.875314138508374,test,0.16157712777617217
E15D,0.7137370107322019,0.946692760871155,test,0.2329557501389531
E15F,0.7137370107322019,0.76851385544887,test,0.054776844716668105
E15G,0.7137370107322019,0.885520329982785,test,0.1717833192505831
E15H,0.7137370107322019,0.908336222388054,test,0.19459921165585214
E15I,0.7137370107322019,0.88865155502429,test,0.1749145442920882
E15K,0.7137370107322019,0.94399878727347,test,0.23026177654126812
E15L,0.7137370107322019,0.844228111938511,test,0.13049110120630913
E15M,0.7137370107322019,0.828233480633725,test,0.11449646990152318
E15N,0.7137370107322019,0.899894646608686,test,0.18615763587648415
E15P,0.7137370107322019,0.844354362265691,test,0.1306173515334892
E15Q,0.7137370107322019,0.957233300172445,test,0.24349628944024315
E15R,0.7137370107322019,0.90263946946518,test,0.18890245873297817
E15S,0.7137370107322019,0.925207847007643,test,0.21147083627544117
E15T,0.7137370107322019,0.893975728524915,test,0.18023871779271317
E15V,0.7137370107322019,0.889659199966982,test,0.1759221892347801
E15W,0.7137370107322019,0.81098696294923,test,0.09724995221702815
E15Y,0.7137370107322019,0.875928081412994,test,0.1621910706807922
E178A,1.0853025006091297,0.970602959056742,train,0.11469954155238771
E178C,0.2543118510994909,0.928160890700871,test,0.6738490396013801
E178D,1.7398151749605368,1.01144741728023,test,0.7283677576803069
E178F,0.28611850905322994,0.759865862913978,test,0.473747353860748
E178G,0.9728417103041327,0.893892885256443,test,0.07894882504768974
E178H,0.8808673912681453,0.966027837686388,test,0.08516044641824272
E178I,0.7056027870311556,0.741350820625514,test,0.03574803359435841
E178K,1.3537446167734544,0.962598974438592,test,0.3911456423348624
E178L,0.7693419885310728,0.854518490185289,test,0.0851765016542162
E178M,0.46502640064189477,0.933881658928467,test,0.4688552582865722
E178N,1.008779020349186,0.971674669262188,test,0.037104351086997944
E178P,0.5395602457872943,0.0612303091900727,test,0.4783299365972216
E178Q,1.3236238753426228,0.977345467072139,test,0.34627840827048384
E178R,1.1407372173718766,0.961215172499386,test,0.17952204487249057
E178S,0.8717455146215745,1.03651816248851,test,0.16477264786693557
E178T,0.9723962661917991,0.959715466375665,test,0.012680799816134125
E178V,0.7600414236642354,0.878709354661462,test,0.11866793099722661
E178W,0.34585890866904206,0.76891274756944,test,0.4230538389003979
E178Y,0.4570851618905874,0.886894755571798,test,0.4298095936812106
E194A,-0.9722881239050594,0.154648385626573,train,1.1269365095316324
E194C,-1.1638661231728227,0.0800380162634251,train,1.2439041394362478
E194D,-1.0071902378528215,0.14117657628233,train,1.1483668141351515
E194F,-1.0400692125874151,0.129608601892273,train,1.1696778144796882
E194G,-1.3569548892255057,0.196076714541948,test,1.5530316037674536
E194H,-1.0808077195942722,0.110519927221244,train,1.1913276468155163
E194I,-1.0518337102279744,0.0822422637870379,test,1.1340759740150124
E194K,-0.9791673134408221,0.151940588398248,train,1.1311079018390702
E194L,-1.0838887081139772,0.110808171560283,train,1.19469687967426
E194M,-1.1966472954524932,0.0661741983075613,train,1.2628214937600544
E194N,-1.3657831988480282,0.088093883251321,test,1.4538770820993492
E194P,-1.1472503512862957,0.0847559287561535,train,1.2320062800424492
E194Q,-1.1775029161205435,0.0712043252978449,train,1.2487072414183884
E194R,-1.3657831988480282,0.155963218454786,test,1.5217464173028143
E194S,-1.2532184004687048,0.044259702476088,train,1.2974781029447928
E194T,-0.9756241843271987,0.153363138265003,train,1.1289873225922016
E194V,-1.2464539839287214,0.0461826350303455,train,1.292636618959067
E194W,-1.1811181301265385,0.0731299917907195,train,1.254248121917258
E194Y,-1.2034187223822919,0.0642004198590787,train,1.2676191422413705
E221A,1.1406160556508684,0.993181830004549,train,0.14743422564631947
E221C,0.06553949082848126,0.954978591669886,test,0.8894391008414047
E221D,0.9183338546376856,1.0017547953498,test,0.08342094071211448
E221F,0.1883650406297655,0.907064615783568,test,0.7186995751538026
E221G,0.6719706541715613,0.884632261642326,test,0.21266160747076468
E221H,0.48183928630415634,0.938012897622996,test,0.45617361131883966
E221I,0.737789210254002,0.991457810805318,test,0.253668600551316
E221K,1.2977865359865586,0.988775087323486,test,0.3090114486630726
E221L,0.6675840534020185,0.921399289808913,test,0.2538152364068944
E221M,0.4934451520422752,0.986801862518182,test,0.49335671047590685
E221N,0.32279955216523964,0.963477504088015,test,0.6406779519227754
E221P,0.009276379940773849,0.100972625456849,test,0.09169624551607515
E221Q,0.6063978167256199,1.01660760838865,test,0.41020979166303007
E221R,0.5794878230078222,0.975339578390101,test,0.3958517553822788
E221S,0.8493962184041788,0.975594202021545,test,0.12619798361736623
E221T,0.6403201807601651,0.971719971838378,test,0.33139979107821294
E221V,0.8097611157434255,0.985129355779248,test,0.17536824003582252
E221W,0.10740072608792955,0.847290409170627,test,0.7398896830826975
E221Y,-0.19794459267980175,0.954551983351128,test,1.1524965760309298
E224A,1.0773662826382697,0.968180320033452,train,0.10918596260481772
E224C,0.4912359223652772,0.966688000718162,test,0.4754520783528848
E224D,0.8185285365640951,0.983228040860684,test,0.16469950429658897
E224F,0.5389682834441452,0.946249312913123,test,0.4072810294689778
E224G,0.6580536658942648,0.892809989091045,test,0.2347563231967802
E224H,0.8191272582368683,0.967115432309699,test,0.1479881740728307
E224I,0.4697521659743274,0.915198945841647,test,0.44544677986731956
E224K,0.7938125969169896,0.992966840406456,test,0.19915424348946642
E224L,0.5484579846828268,0.95723990562467,test,0.4087819209418432
E224M,0.5974681535356403,0.974448630220888,test,0.3769804766852477
E224N,0.6152640691116886,0.972159679992668,test,0.3568956108809793
E224P,0.432707616309612,0.0582152979654163,test,0.3744923183441957
E224Q,1.4318648427223657,0.976875227471612,test,0.45498961525075365
E224R,1.0410206111947318,0.96938997037199,test,0.07163064082274173
E224S,0.885164701133565,0.974852161221292,test,0.08968746008772699
E224T,0.6224686778310087,0.98925375670996,test,0.3667850788789513
E224V,0.9228107591908028,0.981710671860294,test,0.05889991266949124
E224W,0.13836648677909485,0.694113073592033,test,0.5557465868129381
E224Y,0.390174845386186,0.958673576198225,test,0.568498730812039
E22A,1.1438044748938019,0.99429320364627,train,0.14951127124753183
E22C,0.4382489967187269,0.960713628195734,test,0.5224646314770072
E22D,1.2823864419286757,0.954094253221877,test,0.32829218870679866
E22F,0.22038336093355154,0.689216998545353,test,0.46883363761180147
E22G,1.2440758074634992,0.934612421904837,test,0.30946338555866226
E22H,0.9409602677377258,0.898417539582552,test,0.04254272815517379
E22I,0.4762600538540874,0.792033815104064,test,0.31577376124997664
E22K,1.5564463934783443,0.942531087715533,test,0.6139153057628114
E22L,0.38263684869271947,0.941458067192673,test,0.5588212184999535
E22M,0.3690225058840096,0.964831595731365,test,0.5958090898473554
E22N,1.6044861762983675,0.916907385148001,test,0.6875787911503666
E22P,0.8572427387432207,0.132735465378507,test,0.7245072733647137
E22Q,1.6136168316509458,1.00174298930052,test,0.6118738423504257
E22R,1.856064545610069,0.96793331116588,test,0.8881312344441891
E22S,1.4099865827698643,0.921033779410058,test,0.4889528033598063
E22T,1.1943753696380917,0.850894493316728,test,0.3434808763213637
E22V,0.665059295111412,0.929871576550412,test,0.26481228143899993
E22W,0.481084050223803,0.710766697837498,test,0.229682647613695
E22Y,0.5338030281795412,0.768834288297648,test,0.23503126011810682
E239A,-1.0112383790106678,0.137277949941171,train,1.1485163289518387
E239C,-1.0597735917300453,0.238348096264881,test,1.2981216879949262
E239D,-0.3091315759473234,0.929744872854773,test,1.2388764488020965
E239F,-1.4182140503593734,0.0888712570407647,test,1.5070853074001382
E239G,-0.5998443062787837,0.0852964809079609,test,0.6851407871867446
E239H,-0.6098633633606179,0.0869251178931074,test,0.6967884812537253
E239I,-0.5466155392181475,0.101676430201026,test,0.6482919694191736
E239K,-0.5427703151188146,0.0617837060393632,test,0.6045540211581778
E239L,-0.4789885291789994,0.0666539624922628,test,0.5456424916712622
E239M,-0.7374468588855256,0.18429212649556,test,0.9217389853810857
E239N,-0.6503083484195011,0.155669788672544,test,0.8059781370920451
E239P,-1.0569873737222144,0.117589874682877,test,1.1745772484050914
E239Q,-0.30868860863184094,0.677308582543795,test,0.985997191175636
E239R,-0.3090945112815477,0.0722015405167829,test,0.3812960517983306
E239S,-0.5750391000022672,0.286980987082849,test,0.8620200870851162
E239T,-0.19852513036244707,0.0784387373141033,test,0.27696386767655035
E239V,-0.36852489274377204,0.121332596166446,test,0.489857488910218
E239W,-1.0509033207462606,0.0710090485308427,test,1.1219123692771034
E239Y,-0.780701736569724,0.0570186444677465,test,0.8377203810374705
E245A,0.015087824464690647,0.545774418399102,train,0.5306865939344114
E245C,-0.3331531888044709,0.458001170563119,test,0.7911543593675899
E245D,0.6867127751246569,0.897430007558381,test,0.2107172324337241
E245F,-0.20912618433297586,0.0937268604389451,test,0.302853044771921
E245G,-0.12023843845919208,0.200363255574518,test,0.3206016940337101
E245H,0.057417391801075246,0.513651036004411,test,0.45623364420333573
E245I,-0.15223720442374228,0.123904951455846,test,0.2761421558795883
E245K,0.5894707393641232,0.489244504412333,test,0.10022623495179017
E245L,-0.006132732595974966,0.257452750863312,test,0.26358548345928695
E245M,-0.13624281954079448,0.479860116964726,test,0.6161029365055205
E245N,0.27512110041841625,0.657929986487156,test,0.3828088860687397
E245P,-0.7978755447174946,0.115158344290635,test,0.9130338890081295
E245Q,0.24149905748552586,0.710639285949891,test,0.46914022846436515
E245R,0.22830148876639017,0.263217712406649,test,0.034916223640258814
E245S,-0.04227142829491631,0.661669710319578,test,0.7039411386144943
E245T,-0.1299991418352961,0.790113655481408,test,0.920112797316704
E245V,-0.05445899947347049,0.131017765144993,test,0.1854767646184635
E245W,-0.3865821059223728,0.166665798896886,test,0.5532479048192588
E245Y,0.038883184290800676,0.23428946627336,test,0.19540628198255933
E249A,0.7700564057919355,0.84618682298144,train,0.07613041718950453
E249C,-0.30077236192992446,0.606324805891568,test,0.9070971678214925
E249D,0.9593632125714517,1.00093027113085,test,0.04156705855939835
E249F,-0.2485689172132392,0.27488726910858,test,0.5234561863218192
E249G,0.7881893510932709,0.853539560500296,train,0.06535020940702507
E249H,0.2871802179497465,0.916746539003514,test,0.6295663210537674
E249I,-0.10080121573552775,0.0871671189362881,test,0.18796833467181584
E249K,0.9441440711386324,0.98771465073431,test,0.04357057959567756
E249L,0.13629172872773415,0.457495837851932,test,0.32120410912419783
E249M,-0.06415510664799656,0.570064739264905,test,0.6342198459129016
E249N,0.963435841623058,1.0061476715941,test,0.04271182997104206
E249P,-0.30077236192992446,0.0416765968612019,test,0.34244895879112636
E249Q,0.7432728416220247,0.957937272416793,test,0.21466443079476838
E249R,0.9432987370531176,0.947459282097476,test,0.004160545044358366
E249S,0.9215913381048413,0.984410827668604,test,0.06281948956376271
E249T,0.3131850644035517,0.923318836089329,test,0.6101337716857773
E249V,0.15451549027013917,0.273164866953037,test,0.11864937668289782
E249W,-0.006193627363183241,0.501594079599051,test,0.5077877069622343
E249Y,0.11614645932392526,0.586213751150035,train,0.4700672918261098
E253A,0.6468987257919885,0.796935831640915,train,0.1500371058489265
E253C,0.16359917621638337,0.740879392806933,test,0.5772802165905497
E253D,0.9247419791723903,0.918051358812395,test,0.006690620359995347
E253F,0.4128962035498685,0.446489893110815,test,0.033593689560946494
E253G,0.680040096662152,0.643967221190606,test,0.03607287547154603
E253H,0.6686330313727087,0.697884914154044,test,0.02925188278133528
E253I,0.5336447940975706,0.725957333264035,test,0.1923125391664644
E253K,0.8492190034783587,0.802574842860602,test,0.04664416061775667
E253L,0.3005302810927671,0.572732017543797,test,0.2722017364510299
E253M,0.12673728902654707,0.657543358655306,test,0.5308060696287589
E253N,1.0990474043866474,0.811401395020444,test,0.28764600936620344
E253P,1.192867972023441,0.738187504079957,test,0.45468046794348393
E253Q,0.6307552259943296,0.823024323007514,test,0.1922690970131844
E253R,0.9142334290556757,0.676884585997184,test,0.2373488430584917
E253S,0.7464909019103256,0.843576146030152,test,0.09708524411982633
E253T,0.5691058386512626,0.785079252859877,test,0.21597341420861438
E253V,0.8508796546043182,0.698366364968472,test,0.1525132896358462
E253W,-0.19324793283186453,0.268926833186475,test,0.4621747660183395
E253Y,-0.15992392989916654,0.521191035297043,test,0.6811149651962096
E331A,0.8052537183047797,0.86045168849622,train,0.05519797019144035
E331C,0.15775050570435495,0.866335686457696,test,0.708585180753341
E331D,0.5343421834445845,0.80617706041416,test,0.27183487696957553
E331F,0.5806701155751224,0.961816699423887,test,0.38114658384876465
E331G,0.47617916656176723,0.641305137884339,test,0.16512597132257173
E331H,0.5150112822854549,0.908081716434359,test,0.3930704341489041
E331I,0.19000382698725643,0.848215578300358,test,0.6582117513131016
E331K,0.5252806271034505,0.556839024413368,test,0.031558397309917496
E331L,0.13272976228089212,0.889515188366283,test,0.7567854260853908
E331M,0.1362424606692781,0.801574838647397,test,0.6653323779781188
E331N,0.2312643874993477,0.723765056155332,test,0.49250066865598435
E331P,0.4407488330390344,0.210512987228081,test,0.23023584581095338
E331Q,0.6054474397830472,0.935786082470975,test,0.3303386426879278
E331R,0.4014794107264095,0.654284731104368,test,0.2528053203779585
E331S,0.7749444671458914,0.662177952447847,test,0.11276651469804433
E331T,0.3886111896076692,0.80219387979855,test,0.41358269019088073
E331V,0.4503486463467184,0.833365652976913,test,0.3830170066301946
E331W,0.2578412531178281,0.873321111672006,test,0.6154798585541779
E331Y,0.2581365055361822,0.895148132428287,test,0.6370116268921047
E333A,1.2841928704961845,1.05037959913882,train,0.2338132713573644
E333C,0.5698572336818124,1.02025260887544,test,0.4503953751936276
E333D,1.5319171351735186,0.999923564890863,test,0.5319935702826556
E333F,0.6362414255518622,1.02070766917738,test,0.38446624362551773
E333G,1.385907644367073,1.01370953327732,test,0.372198111089753
E333H,1.121490773128123,0.991002645146841,test,0.13048812798128195
E333I,0.7393240560630403,1.0010801762493,test,0.2617561201862597
E333K,1.0176091420038098,1.02395305644462,test,0.006343914440810172
E333L,0.8180644115613731,0.99195033876959,test,0.17388592720821694
E333M,0.6967595449836104,1.02286788724367,test,0.3261083422600597
E333N,1.1080455145939254,1.00347047376717,test,0.1045750408267554
E333P,1.0876018786106982,0.484529366868233,test,0.6030725117424652
E333Q,0.7309187082117532,1.01078516574674,test,0.27986645753498673
E333R,1.083355781535186,1.00115911413806,test,0.08219666739712594
E333S,1.2997871068912943,1.0207489494356,test,0.2790381574556944
E333T,1.1632279590559342,1.01907259491242,test,0.14415536414351426
E333V,1.0638011645407133,1.04628782779264,test,0.017513336748073316
E333W,0.29089490221115183,0.987233843678374,test,0.6963389414672221
E333Y,0.9374970755435825,1.01946281763727,test,0.08196574209368745
E347A,1.2120180006873973,1.02290367295195,train,0.18911432773544723
E347C,0.7738185781614995,1.00766038992685,test,0.23384181176535046
E347D,0.7738185781614995,1.00484320855453,test,0.23102463039303056
E347F,0.7738185781614995,0.994965278546906,test,0.2211467003854065
E347G,0.7738185781614995,0.968052080374928,test,0.1942335022134285
E347H,0.7738185781614995,0.997549040673684,test,0.22373046251218454
E347I,0.7738185781614995,0.975874430256941,test,0.20205585209544152
E347K,0.7738185781614995,0.990551353527901,test,0.21673277536640156
E347L,0.7738185781614995,1.01474147385733,test,0.24092289569583047
E347M,0.7738185781614995,1.01471542353943,test,0.24089684537793055
E347N,0.7738185781614995,0.992197707153221,test,0.21837912899172152
E347P,0.7738185781614995,0.849722594778861,test,0.07590401661736157
E347Q,0.7738185781614995,1.01195719877267,test,0.23813862061117064
E347R,0.7738185781614995,0.956719987093463,test,0.1829014089319635
E347S,0.7738185781614995,0.986885645273357,test,0.21306706711185752
E347T,0.7738185781614995,0.988639254152096,test,0.2148206759905965
E347V,0.7738185781614995,1.04376479523648,test,0.26994621707498045
E347W,0.7738185781614995,0.98257571006401,test,0.20875713190251055
E347Y,0.7738185781614995,0.995432894612184,test,0.22161431645068452
E381A,1.1472939103998208,0.995293892767463,train,0.1520000176323577
E381C,-0.07757691144723994,0.963494463488549,test,1.041071374935789
E381D,1.5260191504190228,1.00973437449914,test,0.5162847759198828
E381F,0.06734524722056717,0.928123716925,test,0.8607784697044327
E381G,0.8333798187946471,0.986440438236177,test,0.15306061944152993
E381H,0.6657706188395274,0.97833536107138,test,0.3125647422318526
E381I,0.07318338715776035,0.85762577306469,test,0.7844423859069296
E381K,1.0502879947886008,0.964659454939452,test,0.08562853984914875
E381L,0.46694797403655036,0.931671126162855,test,0.4647231521263046
E381M,0.2842698379205811,0.945712521861937,test,0.6614426839413559
E381N,0.9308335422356642,0.976362754721842,test,0.045529212486177806
E381P,0.23562743891689136,0.668788911165602,test,0.43316147224871066
E381Q,1.0153213804837087,0.994993745921536,test,0.02032763456217268
E381R,0.8640157611271917,0.973394819885099,test,0.10937905875790732
E381S,1.0310598255249026,0.991871288707028,test,0.0391885368178746
E381T,0.8853673399306246,0.9815372262757,test,0.0961698863450754
E381V,0.48252311385221,0.86003468354484,test,0.37751156969263006
E381W,-0.13402804229470527,0.899537935723163,test,1.0335659780178683
E381Y,0.39383626008334366,0.938097861102929,test,0.5442616010195853
E429A,1.1060511026454511,0.979367756053201,train,0.1266833465922501
E429C,0.39141785647092414,0.952708914639793,test,0.5612910581688688
E429D,1.6107050808382093,1.00088304870507,test,0.6098220321331393
E429F,0.6683771461598829,0.921619306933848,test,0.2532421607739651
E429G,1.0062788716174635,0.948493800663977,test,0.057785070953486506
E429H,1.0668396067400243,1.00751296452336,test,0.05932664221666428
E429I,0.515784184697778,0.811143566139936,test,0.295359381442158
E429K,1.0102628196171919,0.869391576099068,test,0.14087124351812386
E429L,0.6595935764284695,0.802069819202106,test,0.14247624277363646
E429M,0.38959343178671185,0.895485234970856,test,0.5058918031841442
E429N,1.1533535779649524,0.942216922547168,test,0.21113665541778437
E429P,0.6561846625526213,0.695285299364385,test,0.03910063681176368
E429Q,1.0334829597454762,0.99564803078644,test,0.037834928959036174
E429R,0.9682211753973027,0.867494487594092,test,0.1007266878032107
E429S,1.391748169695176,0.966134586120196,test,0.4256135835749799
E429T,1.3331375398863505,0.90088474167523,test,0.4322527982111205
E429V,0.6170448390880088,0.880231988076336,test,0.2631871489883272
E429W,0.07596284347757015,0.988253423620148,test,0.9122905801425778
E429Y,0.6519634491818129,0.959089770000669,test,0.30712632081885605
E432A,0.9312808363403029,0.910198854985726,train,0.02108198135457695
E432C,-0.24552495701443705,0.944122066650204,test,1.189647023664641
E432D,0.802919185600329,0.963985243893565,test,0.16106605829323595
E432F,0.06938731569108475,0.743936057170184,test,0.6745487414790992
E432G,0.05326948946848736,0.700220686822293,test,0.6469511973538056
E432H,0.2960973016559301,0.864688161680664,test,0.5685908600247338
E432I,0.019779831241260537,0.710209290813311,test,0.6904294595720504
E432K,0.26531081632598946,0.437903238389925,test,0.17259242206393555
E432L,0.2834118014189571,0.557748790681769,test,0.27433698926281186
E432M,0.18531289826016112,0.781713355306843,test,0.5964004570466819
E432N,0.376389940874514,0.825946960638124,test,0.44955701976361
E432P,0.7162536194074658,0.809166554656682,test,0.09291293524921618
E432Q,0.9401707626010118,0.890439111509962,test,0.04973165109104982
E432R,0.2777753553343559,0.338420157824678,test,0.060644802490322114
E432S,0.5009272213186495,0.890502343354499,test,0.38957512203584943
E432T,0.3489681416133124,0.828303935628118,test,0.4793357940148056
E432V,0.4416609039404467,0.827005849545639,test,0.38534494560519233
E432W,0.04010982315523931,0.739611163335591,test,0.6995013401803516
E432Y,0.14994344346442828,0.768683511541331,test,0.6187400680769026
E438A,1.1154343241754923,0.984421227367184,train,0.1310130968083083
E438C,0.725526739905547,0.989963706780464,test,0.264436966874917
E438D,0.725526739905547,0.954111231768933,test,0.22858449186338603
E438F,0.725526739905547,0.945528650603913,test,0.22000191069836605
E438G,0.725526739905547,0.929473669829434,test,0.20394692992388708
E438H,0.725526739905547,0.99153834213642,test,0.26601160223087306
E438I,0.725526739905547,1.00196129041172,test,0.27643455050617316
E438K,0.725526739905547,0.982910148819122,test,0.25738340891357503
E438L,0.725526739905547,1.00830315497428,test,0.2827764150687331
E438M,0.725526739905547,1.01746168349029,test,0.29193494358474315
E438N,0.725526739905547,0.937560728088704,test,0.2120339881831571
E438P,0.725526739905547,0.949226134836896,test,0.22369939493134905
E438Q,0.725526739905547,0.98728582619311,test,0.26175908628756306
E438R,0.725526739905547,0.981468113491308,test,0.2559413735857611
E438S,0.725526739905547,0.99195776366664,test,0.26643102376109307
E438T,0.725526739905547,0.965490513187751,test,0.23996377328220408
E438V,0.725526739905547,1.00782897968859,test,0.28230223978304303
E438W,0.725526739905547,0.9643659900591,test,0.238839250153553
E438Y,0.725526739905547,0.983607279129968,test,0.2580805392244211
E458A,1.2023181405904477,1.01903889629568,train,0.18327924429476772
E458C,0.7689686481130256,0.991022242645469,test,0.22205359453244344
E458D,0.7689686481130256,1.02348912469567,test,0.25452047658264454
E458F,0.7689686481130256,0.992865954471809,test,0.22389730635878347
E458G,0.7689686481130256,1.01899266190916,test,0.2500240137961345
E458H,0.7689686481130256,0.974433439864746,test,0.2054647917517204
E458I,0.7689686481130256,1.00532728259076,test,0.23635863447773442
E458K,0.7689686481130256,1.02792219683261,test,0.2589535487195844
E458L,0.7689686481130256,0.984289260413439,test,0.21532061230041344
E458M,0.7689686481130256,1.00787054722459,test,0.23890189911156434
E458N,0.7689686481130256,1.00985688854424,test,0.24088824043121448
E458P,0.7689686481130256,1.01418431690398,test,0.24521566879095436
E458Q,0.7689686481130256,1.01073555890682,test,0.24176691079379453
E458R,0.7689686481130256,1.00030314883985,test,0.23133450072682438
E458S,0.7689686481130256,1.00550817262824,test,0.23653952451521443
E458T,0.7689686481130256,1.03878656192534,test,0.26981791381231446
E458V,0.7689686481130256,0.967507350058398,test,0.1985387019453725
E458W,0.7689686481130256,1.00269592428958,test,0.23372727617655453
E458Y,0.7689686481130256,1.00552169378971,test,0.23655304567668445
E48A,-0.8696233647226013,0.197023024275966,train,1.0666463889985673
E48C,-1.4867495120451206,0.0690239739863233,test,1.5557734860314438
E48D,-1.2381788682650132,0.0476554137562208,train,1.285834282021234
E48F,-1.1756109151801777,0.0745388651617565,train,1.2501497803419341
E48G,-1.2375726800546794,0.0478115057262338,train,1.2853841857809132
E48H,-1.119242236940547,0.096141240815955,train,1.215383477756502
E48I,-1.0858310542433056,0.109655526428009,train,1.1954865806713146
E48K,-1.229178072112468,0.0522660061615741,train,1.2814440782740422
E48L,-0.8553483140949272,0.0485172931137297,test,0.9038656072086568
E48M,-1.2730166559767575,0.0350329720820463,train,1.3080496280588039
E48N,-1.0239265918521552,0.134535693063032,train,1.158462284915187
E48P,-1.4867495120451206,0.120946012976388,test,1.6076955250215086
E48Q,-1.2667500627951886,0.03842755479909,train,1.3051776175942786
E48R,-1.2364473127886058,0.0514533846993133,train,1.287900697487919
E48S,-1.155134216979672,0.0817283617594879,train,1.2368625787391598
E48T,-1.1679928978765464,0.0773996178217416,train,1.245392515698288
E48V,-1.2545847234751228,0.0847576058052217,test,1.3393423292803446
E48W,-1.0446221443747135,0.128265099178996,train,1.1728872435537094
E48Y,-0.9611576505733774,0.160855908467608,train,1.1220135590409854
E56A,1.111927819807799,0.982408446196339,train,0.12951937361146004
E56C,0.1684893805655881,0.949703995165148,test,0.78121461459956
E56D,1.1729025677542912,1.00468489103999,test,0.16821767671430132
E56F,0.3312166057246531,0.869337579289243,test,0.53812097356459
E56G,0.7387514052900839,0.93069277656263,test,0.19194137127254618
E56H,0.7226003356345911,0.988407234181896,test,0.2658068985473049
E56I,0.660839020436458,0.940949624097162,test,0.28011060366070395
E56K,1.0308566874970344,0.96913489303471,test,0.0617217944623244
E56L,0.582847257390287,0.821903354106816,test,0.23905609671652905
E56M,0.24285869006139565,0.922674393705712,test,0.6798157036443164
E56N,1.1791982196150164,0.996392971914157,test,0.18280524770085937
E56P,0.8903473055827922,0.967668195411477,test,0.07732088982868479
E56Q,0.9593346225852271,0.989152618185626,test,0.029817995600398994
E56R,1.1630681260063964,0.956193668545795,test,0.2068744574606014
E56S,0.9323416428103419,0.972455574239074,test,0.0401139314287321
E56T,1.0010363859213376,0.975931441201481,test,0.02510494471985658
E56V,0.6764545370840969,0.960158656753712,test,0.2837041196696152
E56W,0.36836093892237637,0.915027164521551,test,0.5466662255991745
E56Y,0.24295068909861423,0.88720973366563,test,0.6442590445670158
E73A,1.0352715728305633,0.950975488303162,train,0.08429608452740123
E73C,0.40955613249674633,0.92628558354355,test,0.5167294510468037
E73D,1.1470565344358796,0.943653277748232,test,0.20340325668764758
E73F,0.929571228782379,1.0142337695959,test,0.08466254081352109
E73G,0.8077374899963559,0.749117180198088,test,0.05862030979826782
E73H,1.1809392841608286,0.984653628189215,test,0.19628565597161363
E73I,0.2528726959849497,0.577422498928104,test,0.32454980294315433
E73K,0.8776950102675976,0.8299981710187,test,0.04769683924889756
E73L,0.6390099824242199,0.849276887318943,test,0.2102669048947231
E73M,0.3441096606142367,0.959006966269598,test,0.6148973056553613
E73N,0.7057226940686334,0.815863163934248,test,0.11014046986561454
E73P,0.3867804286925854,0.0752855668403321,test,0.3114948618522533
E73Q,0.9909218898982068,0.945114385786963,test,0.04580750411124379
E73R,0.8076457659672123,0.732454137510413,test,0.07519162845679928
E73S,1.0671145455982902,0.938332612264177,test,0.12878193333411325
E73T,0.5711975425875693,0.685476070065505,test,0.11427852747793577
E73V,0.48205993312801004,0.84899001749524,test,0.3669300843672299
E73W,0.8119881311707928,0.959804271542828,test,0.14781614037203517
E73Y,1.0383074166563944,1.00554378956772,test,0.03276362708867442
E76A,1.03013615666179,0.948977264087386,train,0.0811588925744039
E76C,0.4287681599671345,0.833972549149711,test,0.40520438918257645
E76D,1.0629677454634816,0.72637807292701,test,0.33658967253647165
E76F,0.6190696420961892,0.719985851621718,test,0.10091620952552882
E76G,0.7762360014068648,0.70648465963992,test,0.06975134176694475
E76H,0.589481105083518,0.787782569548808,test,0.19830146446528996
E76I,0.5780011023078657,0.897135145088964,test,0.31913404278109825
E76K,0.8392993772461637,0.765767865690791,test,0.07353151155537263
E76L,0.7580969988184272,0.780110054756516,test,0.022013055938088777
E76M,0.4777882112221548,0.873751553969957,test,0.39596334274780215
E76N,0.7044906626985536,0.645619051129795,test,0.05887161156875864
E76P,1.1902553012653776,0.960620463405742,test,0.22963483785963557
E76Q,0.6125574787064636,0.928964937257045,test,0.3164074585505814
E76R,0.7931481100006259,0.732629039448489,test,0.0605190705521369
E76S,0.7229264270169011,0.858160812051219,test,0.13523438503431784
E76T,0.7042345500068947,0.901727117361816,test,0.19749256735492127
E76V,0.6709033207844506,0.901905407585694,test,0.23100208680124346
E76W,0.44752250906988783,0.600080944803326,test,0.15255843573343814
E76Y,0.6534376442142786,0.711496774285605,test,0.05805913007132635
E79A,1.130855582227225,0.989564713351771,train,0.14129086887545406
E79C,0.7561957795285768,1.01814388448319,test,0.2619481049546133
E79D,0.9856411766216784,0.948285917820801,test,0.03735525880087742
E79F,0.9915186776282692,1.02013828750749,test,0.028619609879220853
E79G,1.6472475732236695,1.02220999487084,test,0.6250375783528295
E79H,0.9337848177416834,1.03760624603397,test,0.10382142829228647
E79I,0.5799947846534241,0.869139167579998,test,0.28914438292657385
E79K,0.8301106819333928,0.985699938224231,test,0.1555892562908382
E79L,0.8645047703776978,1.04823716304684,test,0.1837323926691421
E79M,0.3579585906484262,1.03079949097643,test,0.6728409003280038
E79N,0.8887875496782822,1.03691900277337,test,0.14813145309508768
E79P,0.6540934075383174,0.548521724911887,test,0.10557168262643035
E79Q,0.8317921157815835,1.01412957993155,test,0.18233746414996643
E79R,0.7448859136445503,1.01018351384587,test,0.26529760020131965
E79S,0.9245800240055697,1.02891222337401,test,0.10433219936844029
E79T,0.585643543599522,0.977416434176198,test,0.39177289057667597
E79V,0.9782937503472926,0.850030833599815,test,0.12826291674747758
E79W,0.8989668886210236,0.999941903521807,test,0.10097501490078342
E79Y,0.9440439204486335,1.00601523484827,test,0.061971314399636546
F104A,0.9839379283213177,0.931862990200322,train,0.05207493812099562
F104C,0.5830735725584262,0.877524328483495,test,0.29445075592506886
F104D,0.06437652682305745,0.133449973317668,test,0.06907344649461056
F104E,0.06437652682305745,0.311785686459297,test,0.24740915963623955
F104G,0.26128495615909314,0.873739053798573,test,0.6124540976394799
F104H,0.06437652682305745,0.875037001998474,test,0.8106604751754165
F104I,1.0548121995492714,0.977475894802413,test,0.07733630474685838
F104K,0.06521418201933221,0.838162426658543,test,0.7729482446392109
F104L,1.3431274752263072,0.98601673612991,test,0.3571107390963971
F104M,1.309353403476532,0.995099108606561,test,0.3142542948699709
F104N,0.06437652682305745,0.84984764037391,test,0.7854711135508525
F104P,0.06437652682305745,0.819923461530253,test,0.7555469347071955
F104Q,0.20008314704274183,0.898035112016847,test,0.6979519649741053
F104R,0.06437652682305745,0.186226010040583,test,0.12184948321752556
F104S,0.35327672743160227,0.918448551938391,test,0.5651718245067887
F104T,0.7948006108783439,0.928811717628253,test,0.13401110674990913
F104V,1.2170947327732584,0.948998750789508,test,0.2680959819837504
F104W,0.8594662667333246,0.966396321426543,test,0.10693005469321837
F104Y,0.7866205875303187,0.83221946381689,test,0.04559887628657133
F126A,0.5495522498110113,0.759036773294998,train,0.20948452348398672
F126C,0.4920566608868349,0.97759971961953,test,0.48554305873269504
F126D,-0.4492655701269718,,,
F126E,-0.4492655701269718,0.108346351878517,test,0.5576119220054888
F126G,-0.4492655701269718,0.153748696384296,test,0.6030142665112679
F126H,-0.4492655701269718,0.245010863116009,test,0.6942764332429808
F126I,0.8312126720915671,0.991976720435804,test,0.16076404834423685
F126K,-0.4250492029055017,0.0802428321508286,test,0.5052920350563302
F126L,0.6858222914875185,0.950135205023666,test,0.2643129135361475
F126M,0.6212192592383516,0.955978420477743,test,0.3347591612393913
F126N,-0.4492655701269718,0.313180664845029,test,0.7624462349720008
F126P,-0.44692957848394593,0.0995508701217162,test,0.5464804486056621
F126Q,-0.43863809130309755,0.0853842137424038,test,0.5240223050455014
F126R,-0.44002348283905585,0.068020193114681,test,0.5080436759537368
F126S,-0.44162232331410317,0.453142863499335,test,0.8947651868134382
F126T,-0.00031159677201658686,0.638447335195104,test,0.6387589319671205
F126V,0.7265856393415326,0.951439019327424,test,0.2248533799858914
F126W,-0.09290261559480578,0.847438268446771,test,0.9403408840415768
F126Y,0.12768625251279359,0.928510561770942,test,0.8008243092581484
F136A,1.0287794519330156,0.950777478182165,train,0.0780019737508506
F136C,1.0034956119001741,0.972085484960414,test,0.031410126939760086
F136D,0.11492230541096232,0.395248294139406,test,0.28032598872844366
F136E,0.11492230541096232,0.909921463081759,test,0.7949991576707967
F136G,0.6595087019679085,0.893982742673485,test,0.23447404070557654
F136H,1.0867412360916902,0.944131515435011,test,0.1426097206566792
F136I,0.749922742221333,0.986597401767365,test,0.23667465954603195
F136K,0.11492230541096232,0.79265728500497,test,0.6777349795940077
F136L,1.0031125541022057,0.98749090888261,test,0.015621645219595637
F136M,0.7131118250624162,0.979290608440458,test,0.2661787833780418
F136N,0.7854536814994866,0.957389246572754,test,0.17193556507326746
F136P,0.11492230541096232,0.0361299061504672,test,0.07879239926049512
F136Q,1.0757978861406627,0.930349189923346,test,0.1454486962173167
F136R,0.11492230541096232,0.929443499932978,test,0.8145211945220157
F136S,0.5709004994305857,0.958755067816653,test,0.38785456838606724
F136T,0.4536705613253887,0.963045592600752,test,0.5093750312753633
F136V,0.6176260477606519,0.983318685509017,test,0.36569263774836513
F136W,0.740170686297386,0.949328255499266,test,0.20915756920188
F136Y,1.5241777814342914,0.980879064975994,test,0.5432987164582974
F176A,0.5676065552626568,0.766818987464374,train,0.19921243220171725
F176C,-0.48786972001734336,0.833597357777821,test,1.3214670777951643
F176D,-0.5017973250403998,0.54263138439626,test,1.0444287094366598
F176E,0.020198030030460556,0.608120976514444,test,0.5879229464839835
F176G,0.35515680830981117,0.493706689144011,test,0.13854988083419983
F176H,0.4691688327588324,0.845784919515291,test,0.3766160867564586
F176I,0.4170676207849909,0.864846339493483,test,0.4477787187084921
F176K,-0.5017973250403998,0.536912426376787,test,1.0387097514171868
F176L,0.6091143220400888,0.824648184497245,test,0.21553386245715622
F176M,0.4013620206736129,0.898615053560933,test,0.4972530328873201
F176N,0.16535561155835593,0.740577439831477,test,0.575221828273121
F176P,-0.5017973250403998,0.0376605366370585,test,0.5394578616774582
F176Q,0.38793326111519383,0.751715266437118,test,0.3637820053219241
F176R,-0.5017973250403998,0.067173197657067,test,0.5689705226974667
F176S,0.21315091435582728,0.746200427685053,test,0.5330495133292257
F176T,0.464946743715764,0.82502942035847,test,0.36008267664270605
F176V,0.34041732557142274,0.869521403733848,test,0.5291040781624252
F176W,0.28354376206307746,0.715898202635838,test,0.43235444057276057
F176Y,0.689112561667077,0.461044108380082,test,0.22806845328699504
F183A,0.012544007433948734,0.544419194579856,train,0.5318751871459073
F183C,-0.061046468574936286,0.414330039273778,test,0.47537650784871427
F183D,-0.917925808996531,0.119797755958739,test,1.03772356495527
F183E,-0.6624352056440088,0.13173853377343,test,0.7941737394174389
F183G,0.03467074375431173,0.443463787699129,test,0.40879304394481725
F183H,-0.5240433145612453,0.17455462923356,test,0.6985979437948053
F183I,-0.06500341685956451,0.662579970728939,test,0.7275833875885036
F183K,-0.9180333724993308,0.147160870995374,test,1.0651942434947048
F183L,0.29201859107356226,0.572417295242123,test,0.2803987041685608
F183M,-0.014004378839421905,0.734087993500209,test,0.7480923723396309
F183N,-0.9165466111768965,0.36444829777347,test,1.2809949089503665
F183P,-0.757581674923637,0.0766134240920703,test,0.8341950990157073
F183Q,-0.26111144597240704,0.0883232378425633,test,0.34943468381497034
F183R,-0.7066663300934088,0.0968033537366409,test,0.8034696838300497
F183S,0.14613289377227018,0.360030113471176,test,0.21389721969890585
F183T,0.0024930604679394563,0.333547062799506,test,0.33105400233156657
F183V,0.2543626277686198,0.514736873981997,test,0.2603742462133772
F183W,-0.9156803508304532,0.90581965460108,test,1.8215000054315333
F183Y,0.05625778248788299,0.896605079837558,test,0.8403472973496751
F189A,0.9815520439557872,0.933817995499953,train,0.04773404845583418
F189C,-0.06002948542882075,0.607746457756462,test,0.6677759431852828
F189D,-1.1601524384266253,0.0791661501539228,train,1.239318588580548
F189E,-0.7729994796765247,0.931408695439639,test,1.7044081751161637
F189G,-0.14502211931619152,0.225284692699042,test,0.3703068120152335
F189H,-0.7729994796765247,0.807715804858837,test,1.5807152845353616
F189I,0.2924450377010022,1.05177365193436,test,0.7593286142333577
F189K,-0.7729994796765247,0.220748380912121,test,0.9937478605886457
F189L,0.41960973386136763,0.948872433862924,test,0.5292627000015564
F189M,0.07603668845048978,0.854217770214387,test,0.7781810817638972
F189N,-0.9299960513178132,0.16874073439096,train,1.098736785708773
F189P,-0.7729994796765247,0.0688547457968651,test,0.8418542254733898
F189Q,-0.7729994796765247,0.864390055187077,test,1.6373895348636016
F189R,-0.7729994796765247,0.0602454492445616,test,0.8332449289210864
F189S,-0.3606390815391655,0.465751509544179,test,0.8263905910833445
F189T,0.18210414624877386,0.769358039338105,test,0.5872538930893312
F189V,0.37199181730628444,1.07369960483337,test,0.7017077875270856
F189W,-0.1230222326859049,0.863138524336101,test,0.9861607570220059
F189Y,0.21174282137138617,0.910746220639087,test,0.6990033992677007
F201A,0.9753194604153101,0.928709389127002,train,0.046610071288308186
F201C,0.39215706504288056,0.877956360358638,test,0.48579929531575744
F201D,0.46236634507625857,0.911370996396006,test,0.4490046513197475
F201E,0.3217752004167043,0.85064536455212,test,0.5288701641354157
F201G,0.48400103736407024,0.900186842921663,test,0.4161858055575927
F201H,0.5885321634190568,0.967908613683853,test,0.37937645026479616
F201I,0.4987644800731453,0.942853491375389,test,0.4440890113022437
F201K,0.2552653436503452,0.870055712521273,test,0.6147903688709278
F201L,0.5534866267539691,0.910995701352671,test,0.35750907459870196
F201M,0.28840796431816257,0.869287850824174,test,0.5808798865060114
F201N,0.5270978203205345,0.909629051483141,test,0.38253123116260646
F201P,0.6796410451931081,0.860252171353273,test,0.18061112616016495
F201Q,0.2156252259716656,0.901114710120938,test,0.6854894841492725
F201R,0.31616508312233377,0.787239987267822,test,0.4710749041454882
F201S,0.5934158828783964,0.884119321157197,test,0.29070343827880063
F201T,0.47989495323542647,0.861007896484203,test,0.3811129432487765
F201V,0.3035445291886792,0.895370243747741,test,0.5918257145590617
F201W,0.5623756284600852,0.957574047088657,test,0.39519841862857186
F201Y,1.0610971851462665,0.991106721538018,test,0.06999046360824845
F228A,-0.9454587404861958,0.162087014560492,train,1.1075457550466878
F228C,-0.08452212084888794,0.426026918647299,test,0.5105490394961869
F228D,-0.43158688364423975,0.0547434321254082,test,0.48633031576964797
F228E,-0.9012014025562038,0.182614018817921,train,1.083815421374125
F228G,-0.48728246817159254,0.0728774399723739,test,0.5601599081439664
F228H,0.3600163176973972,0.146333609486342,test,0.21368270821105523
F228I,-0.08323220215903143,0.785115019005739,test,0.8683472211647705
F228K,-0.7100105818441982,0.0518420038294115,test,0.7618525856736097
F228L,-0.04120552906833547,0.831449878825902,test,0.8726554078942375
F228M,0.09808945555432486,0.754738341062871,test,0.6566488855085462
F228N,-0.6625197744088585,0.0928033135027204,test,0.7553230879115789
F228P,-0.7095627768866883,0.117308870509774,test,0.8268716473964624
F228Q,-0.40840579832635976,0.11060210667469,test,0.5190079050010498
F228R,-0.7100105818441982,0.102431287575846,test,0.8124418694200441
F228S,-0.08338444434424724,0.083106241055229,test,0.16649068539947626
F228T,-0.4279446611945161,0.0858400129597828,test,0.5137846741542988
F228V,-0.008334650861398119,0.70962826659224,test,0.7179629174536382
F228W,0.8084508363395422,0.864570014985252,train,0.05611917864570981
F228Y,0.3094473884255589,0.997963616177046,test,0.6885162277514871
F238A,1.1983848304056473,1.01516594278426,train,0.18321888762138716
F238C,0.2709544789864165,1.02398386387379,test,0.7530293848873735
F238D,0.990759270880595,0.983449024682122,test,0.0073102461984729805
F238E,0.8320089911449777,0.999100844269812,test,0.16709185312483432
F238G,0.805326449148069,0.975057191577702,test,0.16973074242963304
F238H,0.9825845188080216,1.01227211836199,test,0.02968759955396849
F238I,0.463473020818487,0.956378489312281,test,0.49290546849379396
F238K,0.7331201169484949,0.986217804912461,test,0.25309768796396614
F238L,0.65244122587265,0.983859687615808,test,0.33141846174315803
F238M,0.6808290300035367,1.01839082975884,test,0.3375617997553033
F238N,0.9990662934313441,1.0086632632087,test,0.009596969777355913
F238P,0.6203723294008547,0.842838202636648,test,0.22246587323579325
F238Q,0.6687632145547973,1.00788518447752,test,0.3391219699227228
F238R,0.8695164679784178,1.00868903026989,test,0.13917256229147235
F238S,0.8349166196138675,0.998912190543961,test,0.16399557093009343
F238T,0.8519531275495424,0.999214154424546,test,0.14726102687500353
F238V,0.44694695890354913,1.00484995490675,test,0.5579029960032009
F238W,0.5016712450868397,1.02016389529495,test,0.5184926502081104
F238Y,1.045449367267004,0.998698313573591,test,0.046751053693413036
F251A,-1.1483923530329307,0.0828368565523683,train,1.231229209585299
F251C,-0.8120812068174033,0.0712094860264627,test,0.883290692843866
F251D,-0.32550070809074144,0.127073251257845,test,0.45257395934858646
F251E,-0.25814776859807326,0.0654617735453958,test,0.32360954214346904
F251G,-0.1037170174041932,0.099823378143364,test,0.2035403955475572
F251H,-0.51436662113308,0.158692948380232,test,0.6730595695133119
F251I,-0.9930946981556805,0.0504542401944777,test,1.0435489383501582
F251K,-0.35697459248143376,0.0882180199805903,test,0.4451926124620241
F251L,-0.7814408768560419,0.331433381969372,test,1.112874258825414
F251M,-0.16515070207820765,0.876520342790689,test,1.0416710448688966
F251N,-0.2613335119132056,0.130258913455328,test,0.39159242536853356
F251P,-0.9930946981556805,0.120095594343729,test,1.1131902924994095
F251Q,-0.6385233552753995,0.0507916675245525,test,0.689315022799952
F251R,-0.449019998087218,0.060182152630148,test,0.509202150717366
F251S,-0.5180270014434907,0.0280572981875868,test,0.5460842996310775
F251T,-0.7610628335313177,0.0740659576032694,test,0.835128791134587
F251V,-0.9930086307581267,0.0845347065320597,test,1.0775433372901864
F251W,-0.6455811971857734,0.0953842769128707,test,0.7409654740986441
F251Y,-0.9930946981556805,0.189439339435867,test,1.1825340375915476
F279A,-1.0344515363581324,0.127725126225748,train,1.1621766625838803
F279C,-0.14163100955316915,0.244838425791183,test,0.3864694353443522
F279D,-0.14400430573970263,0.0581555370412214,test,0.20215984278092403
F279E,-0.4496068117996081,0.134803061498345,test,0.5844098732979531
F279G,-0.26217947935481684,0.131187538634676,test,0.3933670179894928
F279H,-0.30238484466315535,0.270231858869019,test,0.5726167035321743
F279I,-0.5828597004971101,0.363188975910051,test,0.9460486764071612
F279K,-0.34331509633973306,0.0717575836782137,test,0.4150726800179467
F279L,-0.5136664166718052,0.835203383366616,test,1.3488698000384214
F279M,-0.5867350315148379,0.767070000021536,test,1.3538050315363739
F279N,-0.2319614148080404,0.137359827498607,test,0.3693212423066474
F279P,-0.32869513090337316,0.0715758331923541,test,0.40027096409572727
F279Q,-0.5029116142822314,0.0425889070788466,test,0.545500521361078
F279R,-0.4338295578604025,0.181694384988617,test,0.6155239428490196
F279S,-0.3120996165183349,0.125564223265787,test,0.43766383978412193
F279T,-0.3092036569265168,0.0756919717154864,test,0.3848956286420032
F279V,-0.4970834300252633,0.106793641981624,test,0.6038770720068873
F279W,-0.39120719529802267,0.799474049259151,test,1.1906812445571737
F279Y,0.08307644994682312,0.772744003597945,test,0.6896675536511219
F283A,0.6260136929302682,0.788972117640771,train,0.1629584247105028
F283C,0.34831222009419,0.901541663148594,test,0.553229443054404
F283D,-0.07350554923783997,0.113688813702337,test,0.18719436294017697
F283E,0.07890195979678444,0.0897366023203873,test,0.010834642523602861
F283G,0.4085991088147943,0.190834022772841,test,0.21776508604195327
F283H,-0.2820649710679141,0.89721469048203,test,1.1792796615499441
F283I,0.7133321912888348,0.903260302414671,test,0.18992811112583619
F283K,-0.2820649710679141,0.0694046112871657,test,0.3514695823550798
F283L,0.5954142851406665,0.924140511675843,test,0.32872622653517647
F283M,0.5080791227804191,0.92956155284955,test,0.4214824300691309
F283N,0.04757083304561155,0.485947373526024,test,0.43837654048041247
F283P,0.6115333601068222,0.691158495699984,test,0.07962513559316176
F283Q,-0.16043569733652768,0.31765498729658,test,0.47809068463310767
F283R,0.11540268034860018,0.0454387302620918,test,0.06996395008650838
F283S,0.24081570374516842,0.275696177623415,test,0.034880473878246554
F283T,0.13144520543800736,0.648386890470638,test,0.5169416850326307
F283V,0.6814313661307771,0.927118318603134,test,0.24568695247235683
F283W,-0.03543124692669325,0.831834502797033,test,0.8672657497237262
F283Y,1.1423666875838983,0.946475947502728,test,0.19589074008117024
F306A,1.0432651910586053,0.954834436331729,train,0.08843075472687623
F306C,0.4223735099499813,0.937826759219096,test,0.5154532492691146
F306D,0.6078747153712243,0.888375781228669,test,0.2805010658574447
F306E,0.7112616199018262,0.93327853642603,test,0.22201691652420374
F306G,0.7333010148041161,0.951178392642928,test,0.2178773778388119
F306H,0.5546157226387045,0.948200409982214,test,0.3935846873435095
F306I,0.7249999954468578,0.946440812375196,test,0.22144081692833817
F306K,0.8338156591455892,0.726612229973461,test,0.10720342917212822
F306L,1.5169396301572586,0.998914403359545,test,0.5180252267977137
F306M,0.7455825189128724,0.982798007416413,test,0.23721548850354057
F306N,0.6404838996881601,0.97486756608391,test,0.3343836663957499
F306P,0.7460748385393643,0.932133690317162,test,0.18605885177779768
F306Q,0.7545734667154846,0.95148718832016,test,0.19691372160467535
F306R,0.9182492268347815,0.697092533240578,test,0.22115669359420354
F306S,0.605026205232825,0.947714365105444,test,0.342688159872619
F306T,0.6582878609745606,0.953658251722164,test,0.2953703907476034
F306V,0.7325570037364599,0.957319356386577,test,0.22476235265011701
F306W,0.09330859156268018,0.830143376206843,test,0.7368347846441627
F306Y,0.7792429828013603,0.968024711958291,test,0.1887817291569307
F327A,1.0258836521923982,0.948011919837292,train,0.07787173235510614
F327C,0.23004117516876837,0.959246373166008,test,0.7292051979972396
F327D,0.8486454176701024,0.468057873643357,test,0.3805875440267454
F327E,0.8129374098312994,0.983131805115008,test,0.1701943952837086
F327G,0.9885060671636641,0.932184222918388,train,0.05632184424527609
F327H,0.9189297774939647,0.938330378938853,test,0.01940060144488831
F327I,1.0295927898257986,0.830502434999359,test,0.19909035482643955
F327K,0.913263253155602,0.879136346740964,test,0.034126906414638
F327L,0.9572129156777329,0.863607334827252,test,0.09360558085048087
F327M,0.7646516370892726,0.844385328069906,train,0.07973369098063332
F327N,0.7211774953659038,0.807842678758079,test,0.08666518339217522
F327P,0.516685811495563,0.0794973555162226,test,0.4371884559793404
F327Q,0.7589165656366568,0.888993497320372,test,0.13007693168371526
F327R,0.9576401877048255,0.901798817495109,test,0.05584137020971647
F327S,1.0455870992754974,0.919513786503299,test,0.12607331277219846
F327T,0.7882166558187116,0.866343772067538,test,0.0781271162488264
F327V,1.143458871627999,0.865365278682116,test,0.278093592945883
F327W,0.7274039824804923,0.938542175713973,test,0.2111381932334807
F327Y,1.8376470903211821,0.998198190830483,test,0.8394488994906991
F352A,1.1168000719602063,0.983370532396081,train,0.1334295395641253
F352C,0.7269980531376206,0.98886956622666,test,0.26187151308903944
F352D,0.7020421471780693,0.862134858198584,test,0.1600927110205147
F352E,0.8125311578496444,0.952040784362757,test,0.1395096265131126
F352G,0.8057840433809211,0.859130772360972,test,0.053346728980050884
F352H,1.043602637812434,0.989416135312992,test,0.0541865024994419
F352I,0.8396612808750739,0.982223769690523,test,0.1425624888154492
F352K,0.7537804342726169,0.850603835979154,test,0.09682340170653714
F352L,1.0675844908211864,0.985115956809157,test,0.08246853401202947
F352M,0.9381713032160377,0.982999484975012,test,0.044828181758974295
F352N,0.8621573508228728,0.938241160518176,test,0.07608380969530315
F352P,0.6870847901551507,0.051595181057773,test,0.6354896090973776
F352Q,0.8706153353488375,0.965567456671456,test,0.09495212132261854
F352R,0.9725047299655749,0.882902183283993,test,0.08960254668158196
F352S,0.6992367863668427,0.977536660187266,test,0.2782998738204233
F352T,0.810892721384505,0.984611893048333,test,0.173719171663828
F352V,1.2338539523048162,0.995731183215622,test,0.23812276908919416
F352W,0.8211254379719541,0.99436202965726,test,0.1732365916853058
F352Y,1.7038733180437813,1.02222885280531,test,0.6816444652384712
F379A,0.3888180590993607,0.69480697388503,train,0.3059889147856693
F379C,0.12291158650647743,0.663154644682772,test,0.5402430581762945
F379D,-0.49267821792461314,0.0829363237416961,test,0.5756145416663092
F379E,0.3194156319873916,0.426915766976262,test,0.1075001349888704
F379G,-0.24580673529438707,0.658309488358095,test,0.904116223652482
F379H,0.0636501783241244,0.8058201582335,test,0.7421699799093755
F379I,0.5303906016755029,0.839840856428493,test,0.30945025475299015
F379K,-0.4925124757740846,0.262441576562181,test,0.7549540523362656
F379L,0.7227858357925356,0.902253645367459,test,0.17946780957492336
F379M,0.4639389293760133,0.81080018506532,test,0.34686125568930676
F379N,0.4461947618709701,0.746442640354223,test,0.3002478784832529
F379P,-0.23559330785083782,0.468264833289468,test,0.7038581411403058
F379Q,0.10173755451049088,0.639406309040459,test,0.5376687545299681
F379R,-0.28238925846337176,0.149644698304937,test,0.4320339567683088
F379S,0.31573709920438914,0.632363455052531,test,0.31662635584814186
F379T,0.47207193539537334,0.698367619998092,test,0.2262956846027187
F379V,0.6845162889560754,0.718386966434196,test,0.03387067747812056
F379W,0.19980625829128057,0.869420443893942,test,0.6696141856026614
F379Y,0.4773669117564446,0.788613663003309,test,0.31124675124686446
F380A,0.9188425635328521,0.905623554206888,train,0.013219009325964093
F380C,0.6264042073252263,0.904496543382349,test,0.2780923360571227
F380D,0.07771840765474997,0.0949506657974989,test,0.017232258142748938
F380E,0.01932513099446892,0.0727519380426837,test,0.053426807048214786
F380G,0.18415136174402852,0.686001708895459,test,0.5018503471514304
F380H,0.5509947041436831,0.834752615743427,test,0.28375791159974384
F380I,0.9131077943051729,0.946039720422046,test,0.03293192611687312
F380K,0.4166734633906409,0.16880807301898,test,0.2478653903716609
F380L,1.072064903604506,0.956422594743986,test,0.11564230886051996
F380M,0.7541917140121406,0.958478238590966,test,0.20428652457882546
F380N,0.33770430440759297,0.740647726664335,test,0.402943422256742
F380P,-0.27839235154214487,0.218862057678163,test,0.49725440922030784
F380Q,0.45580908910270074,0.78905609162174,test,0.3332470025190392
F380R,0.5619000225902049,0.0667295171671355,test,0.4951705054230694
F380S,0.4084919149978426,0.815903844014121,test,0.4074119290162784
F380T,0.6187119924798701,0.855868592479533,test,0.23715659999966288
F380V,0.6675549393973306,0.905654732928667,test,0.23809979353133648
F380W,0.4792556141102083,0.868770903524371,test,0.38951528941416275
F380Y,0.7957509397583031,0.895305799382517,test,0.09955485962421384
F397A,0.5377705351277129,0.753756564394798,train,0.2159860292670851
F397C,0.1915429288894313,0.645033164962207,test,0.45349023607277567
F397D,0.4014791889871035,0.0577998020255304,test,0.3436793869615731
F397E,-0.2792240982398794,0.120349456964726,test,0.3995735552046054
F397G,-0.07767052627649912,0.622248954545084,test,0.6999194808215832
F397H,0.9522191006886587,0.471643864371614,test,0.4805752363170447
F397I,0.6798983374845236,0.861392367186518,test,0.18149402970199446
F397K,-0.2767799644132722,0.0979238820721335,test,0.37470384648540567
F397L,0.7976866393965913,0.913554789967113,test,0.11586815057052169
F397M,0.6658988152638337,0.883955370785555,test,0.21805655552172132
F397N,0.2576246627416428,0.279207611103966,test,0.021582948362323218
F397P,-0.2792240982398794,0.0386672992536978,test,0.3178913974935772
F397Q,0.6681568951366792,0.188943339794708,test,0.4792135553419712
F397R,0.25663444703184096,0.106338716999938,test,0.15029573003190297
F397S,0.583146828840956,0.655586074561759,test,0.07243924572080296
F397T,0.5384030384780623,0.107634502459664,test,0.43076853601839826
F397V,0.5666144494991663,0.360664519583725,test,0.2059499299154413
F397W,0.5060648843166113,0.708015056411727,test,0.20195017209511568
F397Y,1.2075179063843073,0.929921265995909,test,0.2775966403883984
F437A,0.23511001924415537,0.633668042306042,train,0.39855802306188665
F437C,0.2853645874398794,0.79251758798754,test,0.5071530005476605
F437D,0.2853645874398794,0.101863649287491,test,0.1835009381523884
F437E,0.2853645874398794,0.0707364695152445,test,0.21462811792463493
F437G,0.2853645874398794,0.0959180113032923,test,0.1894465761365871
F437H,0.2853645874398794,0.648795558983218,test,0.36343097154333853
F437I,0.2853645874398794,0.894940059980214,test,0.6095754725403346
F437K,0.2853645874398794,0.0731781979374504,test,0.21218638950242902
F437L,0.2853645874398794,0.915874898710662,test,0.6305103112707826
F437M,0.2853645874398794,0.823426532997412,test,0.5380619455575326
F437N,0.2853645874398794,0.0734132069571681,test,0.2119513804827113
F437P,0.2853645874398794,0.0800940857053254,test,0.20527050173455402
F437Q,0.2853645874398794,0.129150829755651,test,0.1562137576842284
F437R,0.2853645874398794,0.0606686664816078,test,0.22469592095827162
F437S,0.2853645874398794,0.0587481401183885,test,0.22661644732149092
F437T,0.2853645874398794,0.254185608677072,test,0.031178978762807397
F437V,0.2853645874398794,0.79615479664924,test,0.5107902092093606
F437W,0.2853645874398794,0.807927879580721,test,0.5225632921408416
F437Y,0.2853645874398794,0.915246081827878,test,0.6298814943879987
F440A,0.7135856764937465,0.824310127063214,train,0.11072445056946756
F440C,0.5246024160646758,0.881619004571982,test,0.3570165885073061
F440D,0.5246024160646758,0.479098244528243,test,0.045504171536432825
F440E,0.5246024160646758,0.680055539062844,test,0.15545312299816816
F440G,0.5246024160646758,0.659233455365996,test,0.13463103930132014
F440H,0.5246024160646758,0.873425085221029,test,0.3488226691563532
F440I,0.5246024160646758,0.811974017273647,test,0.2873716012089712
F440K,0.5246024160646758,0.846753557406917,test,0.3221511413422412
F440L,0.5246024160646758,0.831630588358243,test,0.30702817229356716
F440M,0.5246024160646758,0.844415633987244,test,0.3198132179225681
F440N,0.5246024160646758,0.900197696488831,test,0.37559528042415513
F440P,0.5246024160646758,0.131755822993366,test,0.39284659307130987
F440Q,0.5246024160646758,0.785537742692772,test,0.26093532662809615
F440R,0.5246024160646758,0.816221860740139,test,0.2916194446754632
F440S,0.5246024160646758,0.808777681127098,test,0.2841752650624222
F440T,0.5246024160646758,0.759531965816224,test,0.23492954975154812
F440V,0.5246024160646758,0.851956704625894,test,0.3273542885612182
F440W,0.5246024160646758,0.971525969406235,test,0.4469235533415592
F440Y,0.5246024160646758,0.961352996770859,test,0.4367505807061831
F45A,0.28136203539469845,0.651963828744024,train,0.3706017933493256
F45C,0.014584859506644732,0.868928265547123,test,0.8543434060404782
F45D,-0.45104020696089714,0.0588694349079477,test,0.5099096418688448
F45E,-0.4502155099036819,0.0715943788293586,test,0.5218098887330405
F45G,-0.38332481243030964,0.179127778468302,test,0.5624525908986117
F45H,-0.26038242169867937,0.355266226162021,test,0.6156486478607004
F45I,0.9034658205024613,0.970083601980786,test,0.06661778147832476
F45K,-0.4509283476423213,0.446922658159614,test,0.8978510058019353
F45L,0.665636563688949,0.983204039710769,test,0.31756747602182
F45M,0.40041456040685125,0.941182244230813,test,0.5407676838239617
F45N,-0.45092895714297393,0.106888250909954,test,0.5578172080529279
F45P,-0.45104020696089714,0.0590565583521775,test,0.5100967653130747
F45Q,-0.45104020696089714,0.612736211870074,test,1.063776418830971
F45R,-0.45104020696089714,0.0884364569377295,test,0.5394766638986266
F45S,-0.45104020696089714,0.105250353886713,test,0.5562905608476101
F45T,0.3115178550027818,0.410656114797102,test,0.09913825979432023
F45V,0.9612989949427693,0.918462492131678,test,0.042836502811091304
F45W,-0.45104020696089714,0.125229471846095,test,0.5762696788069921
F45Y,0.014957083796895587,0.852422969028908,test,0.8374658852320125
F63A,0.9674356591180917,0.925065453117866,train,0.042370206000225674
F63C,0.3406932897752704,0.863715165642268,test,0.5230218758669976
F63D,0.6742544502976351,0.897992578127728,test,0.22373812783009295
F63E,0.6992448048978765,0.881794027964377,test,0.18254922306650045
F63G,0.6517432764581237,0.864772429680665,test,0.21302915322254135
F63H,0.8943897085359183,1.02076738235394,test,0.12637767381802179
F63I,0.7675461970207778,0.806775689753636,test,0.03922949273285825
F63K,0.6125906793426239,0.898502304840701,test,0.28591162549807714
F63L,0.8635523908946183,0.861696813496159,test,0.0018555773984593182
F63M,0.786880684061046,0.819572440827092,test,0.032691756766045965
F63N,0.5803929133545722,0.952605427297756,test,0.3722125139431838
F63P,0.22001673690287588,0.651483266503492,test,0.4314665296006161
F63Q,0.5277849209848604,0.889825308993357,test,0.3620403880084966
F63R,0.7225237913659086,0.873678017637251,test,0.15115422627134234
F63S,0.646718425053546,0.893165379579643,test,0.246446954526097
F63T,0.6048132643665554,0.881940422050644,test,0.2771271576840887
F63V,0.888855060914171,0.839267720292346,test,0.049587340621825016
F63W,0.21233384345187828,0.986762822731154,test,0.7744289792792758
F63Y,0.8183755371708088,0.967286930270722,test,0.1489113930999132
F90A,0.42730277164707436,0.710768620929349,train,0.28346584928227464
F90C,0.15434658059471046,0.805674508446821,test,0.6513279278521105
F90D,-0.5675541967581896,0.0526092301595752,test,0.6201634269177648
F90E,-0.2584830826129653,0.127290955588411,test,0.38577403820137635
F90G,-0.10640776781403,0.627511987106516,test,0.7339197549205461
F90H,-0.2267108799811552,0.58696873039146,test,0.8136796103726152
F90I,0.511738586459618,0.868204030168499,test,0.356465443708881
F90K,-0.5675541967581896,0.201645589868695,test,0.7691997866268846
F90L,0.4210253917336289,0.951842438645976,test,0.530817046912347
F90M,0.302812801718277,0.85749678904559,test,0.554683987327313
F90N,-0.5675541967581896,0.27052531366717,test,0.8380795104253596
F90P,-0.052444862389386004,0.334369280279484,test,0.38681414266887
F90Q,-0.3331263826960082,0.10078644269252,test,0.4339128253885282
F90R,-0.5277582115723423,0.161023218780096,test,0.6887814303524382
F90S,0.28446840344442675,0.845448017060407,test,0.5609796136159801
F90T,0.3653973736296195,0.741284812025904,test,0.3758874383962845
F90V,0.5942953240467119,0.813000676145555,test,0.21870535209884312
F90W,0.3345209421244509,0.773212784613003,test,0.43869184248855214
F90Y,0.28580303120552314,0.755049968106085,test,0.4692469369005619
G110A,-1.1005921354117003,0.101794812361591,train,1.2023869477732914
G110C,-1.0649423453512252,0.176618371532776,test,1.2415607168840013
G110D,-0.8895099374807725,0.0440793544538321,test,0.9335892919346045
G110E,-0.6437901500857315,0.0358712241239102,test,0.6796613742096417
G110F,-1.065035622012159,0.0753996620738393,test,1.1404352840859984
G110H,-0.8497975310418262,0.129692992647937,test,0.9794905236897632
G110I,-1.065035622012159,0.0622445430735875,test,1.1272801650857465
G110K,-0.8706075728255147,0.0562469919450234,test,0.9268545647705381
G110L,-1.065035622012159,0.132868902433164,test,1.197904524445323
G110M,-1.052216327329857,0.158519551446743,test,1.2107358787766
G110N,-0.6898645881359737,0.0621173663241069,test,0.7519819544600806
G110P,-1.065035622012159,,,
G110Q,-1.065035622012159,0.113786764468866,test,1.178822386481025
G110R,-0.7126729504420606,0.0590843440370164,test,0.7717572944790769
G110S,-0.5153712377923263,0.083731718821733,test,0.5991029566140593
G110T,-0.6548186928396689,0.0784650030667594,test,0.7332836959064283
G110V,-1.065035622012159,0.163105611927842,test,1.228141233940001
G110W,-1.065035622012159,0.0973540265198191,test,1.1623896485319782
G110Y,-0.8539494572491133,0.0797652271562778,test,0.9337146844053911
G114A,0.8671819432458223,0.88535065750585,train,0.01816871426002764
G114C,0.12763682606162613,0.604681131683634,test,0.4770443056220079
G114D,0.6110820542911997,0.111342292900073,test,0.49973976139112664
G114E,0.5602580589101498,0.059193437300814,test,0.5010646216093357
G114F,0.3858054567456,0.193908267388506,test,0.19189718935709402
G114H,0.2775651353694473,0.576283894172775,test,0.2987187588033277
G114I,-0.39922849914249786,0.184675523833736,test,0.5839040229762339
G114K,-0.39922849914249786,0.142005254216021,test,0.5412337533585189
G114L,-0.1372148691502763,0.060400193199666,test,0.1976150623499423
G114M,-0.39922849914249786,0.122976317487963,test,0.5222048166304609
G114N,0.40037678971967156,0.605102719386377,test,0.2047259296667055
G114P,-0.39922849914249786,0.048567387530825,test,0.4477958866733229
G114Q,-0.39922849914249786,0.516190702122801,test,0.9154192012652989
G114R,0.3173346357259997,0.312492017308158,test,0.004842618417841671
G114S,0.6111747473143092,0.63467273233958,test,0.023497985025270784
G114T,0.04905449632348097,0.766027453320662,test,0.716972956997181
G114V,0.15807936487118207,0.109766007427138,test,0.04831335744404407
G114W,-0.3773433350613961,0.0711029317454265,test,0.44844626680682265
G114Y,0.35998308439907506,0.05014407801323,test,0.30983900638584505
G116A,1.0804483693173168,0.969161114398185,train,0.11128725491913183
G116C,-0.36732973380114936,0.928951725061078,test,1.2962814588622273
G116D,0.6381731338710068,0.899422902191431,test,0.2612497683204241
G116E,0.8029822171343746,0.913032807271887,test,0.1100505901375124
G116F,0.14343877743520933,0.860900577244652,test,0.7174617998094426
G116H,0.36780775781671876,0.940372639177567,test,0.5725648813608482
G116I,0.1379293115872589,0.905749738034791,test,0.7678204264475321
G116K,0.7561107910300819,1.02155828900815,test,0.2654474979780681
G116L,0.2572102090447697,0.919278873962572,test,0.6620686649178023
G116M,0.1871501161500167,0.959155671899299,test,0.7720055557492822
G116N,0.5501925978217699,0.929290025937161,test,0.37909742811539116
G116P,0.4279837473762456,0.113143924191256,test,0.3148398231849896
G116Q,0.31535049228600626,0.975904764626831,test,0.6605542723408246
G116R,0.6215667689518902,1.0179012308816,test,0.3963344619297098
G116S,0.9272804618968387,0.986647066330112,test,0.05936660443327335
G116T,0.3101841906078829,0.876132869186979,test,0.5659486785790961
G116V,0.3347033016314445,0.909838402171481,test,0.5751351005400365
G116W,-0.02677520395091898,0.823845319182159,test,0.8506205231330779
G116Y,0.2641910377027213,0.863326102445935,test,0.5991350647432137
G138A,1.1423997278913252,0.995466464045331,train,0.14693326384599414
G138C,0.39869104225746993,0.976399452967169,test,0.577708410709699
G138D,0.14582922793734993,0.64830960151633,test,0.50248037357898
G138E,0.5450742382166087,0.902693521805982,test,0.3576192835893732
G138F,0.5753850169078056,0.965858554050382,test,0.3904735371425764
G138H,0.4475360431145426,0.983426143831666,test,0.5358901007171235
G138I,0.2940169365736907,0.627227043672539,test,0.3332101070988483
G138K,0.7324935329254245,0.848161380860681,test,0.11566784793525653
G138L,0.7992757093247818,0.94632582316772,test,0.1470501138429382
G138M,0.755637275121078,0.959159034890819,test,0.20352175976974096
G138N,0.34737490311716895,0.909507692609033,test,0.562132789491864
G138P,0.6088227147733178,0.804900238232368,test,0.19607752345905016
G138Q,0.5678340663391541,0.926820866576926,test,0.35898680023777185
G138R,0.8910158372178802,0.768843171691085,test,0.12217266552679529
G138S,0.9288305405281196,0.990082628884399,test,0.06125208835627938
G138T,0.6607426587097684,0.959869293812263,test,0.2991266351024946
G138V,0.35697070639332834,0.745014737718695,test,0.38804403132536663
G138W,0.14582922793734993,0.783324686443391,test,0.6374954585060411
G138Y,0.40143848973048263,0.945616839866198,test,0.5441783501357154
G151A,1.0734063153353057,0.967603178075445,train,0.10580313725986068
G151C,0.195744669215352,0.966819907222408,test,0.771075238007056
G151D,1.307874716506661,0.968026210417595,test,0.33984850608906614
G151E,0.9890234522937087,1.00095578443832,test,0.011932332144611202
G151F,0.12883521795862501,0.801476803081644,test,0.672641585123019
G151H,0.6964377857244708,0.967130920477095,test,0.27069313475262424
G151I,0.1388059505613511,0.803369278879006,test,0.6645633283176549
G151K,0.8652994496060069,1.00576330147301,test,0.14046385186700316
G151L,0.31888841348785407,0.889044750541431,test,0.5701563370535769
G151M,0.10601668466426967,0.927935044105388,test,0.8219183594411184
G151N,1.1067943627469008,0.984999448921037,test,0.12179491382586383
G151P,-0.08183099072487726,0.890279039569192,test,0.9721100302940693
G151Q,0.9521886635287702,0.971261624278213,test,0.01907296074944287
G151R,0.904522569266125,0.995367937333145,test,0.09084536806702004
G151S,0.8782095982488096,0.961821369345266,test,0.08361177109645634
G151T,0.3207703547313932,0.947041187492263,test,0.6262708327608697
G151V,0.17825189249609524,0.88659633275459,test,0.7083444402584949
G151W,-0.08183099072487726,0.789204907044836,test,0.8710358977697132
G151Y,0.3448830960656713,0.862065466814147,test,0.5171823707484757
G157A,1.061790894255572,0.963165350697033,train,0.09862554355853903
G157C,0.2441333666452144,0.863665625473594,test,0.6195322588283796
G157D,1.0507028504873253,0.819268312892866,test,0.2314345375944593
G157E,0.9636437578701793,0.920282109553385,test,0.04336164831679434
G157F,-0.10623602743847632,0.760403693216952,test,0.8666397206554284
G157H,0.5420944502992606,0.844945185504034,test,0.30285073520477335
G157I,0.09006761280527004,0.484655817396231,test,0.39458820459096094
G157K,0.8165379010391716,0.75066022346659,test,0.06587767757258156
G157L,0.27754686229154674,0.688486568290574,test,0.41093970599902724
G157M,-0.21701577078363682,0.842866502268244,test,1.0598822730518809
G157N,1.0374239994249157,0.819890120939256,test,0.21753387848565975
G157P,0.5114169291597941,0.770349920308916,test,0.25893299114912194
G157Q,0.7302773236760816,0.952058713145503,test,0.2217813894694215
G157R,0.9228755236658079,0.82972368222448,test,0.09315184144132793
G157S,0.8891210714575619,0.96728639490131,test,0.07816532344374805
G157T,0.9895716921521176,0.785514038791105,test,0.20405765336101256
G157V,0.3797266999181988,0.664686423576237,test,0.2849597236580382
G157W,-0.2053312273045717,0.660023393026893,test,0.8653546203314646
G157Y,0.23065069860753257,0.793419657676476,test,0.5627689590689435
G158A,0.5224490581022412,0.748359566338089,train,0.2259105082358478
G158C,-0.0027407782587136054,0.68161629631731,test,0.6843570745760237
G158D,0.19009188895959112,0.629691007120408,test,0.4395991181608169
G158E,0.41791688352218875,0.69952527164226,test,0.2816083881200712
G158F,-0.06462772408491085,0.199183117941796,test,0.26381084202670685
G158H,0.17608690666480525,0.635351345690987,test,0.4592644390261817
G158I,-0.02855351454646987,0.13119326120925,test,0.15974677575571988
G158K,0.4540756645090909,0.488728320149884,test,0.03465265564079306
G158L,0.2436847539943124,0.160721236278007,test,0.08296351771630539
G158M,0.3766648618383784,0.558002441300022,test,0.18133757946164358
G158N,0.12246815962021534,0.714774608919438,test,0.5923064492992227
G158P,-0.2529859431269745,0.763340682467151,test,1.0163266255941255
G158Q,0.47241008210198393,0.721968907297523,test,0.24955882519553912
G158R,0.7611226465982472,0.509025979008464,test,0.2520966675897832
G158S,0.40007401010198157,0.79656827026565,test,0.39649426016366845
G158T,0.33316335557717386,0.563935028303302,test,0.23077167272612814
G158V,-0.0026690336954597327,0.12769012536243,test,0.13035915905788972
G158W,-0.18868454710427146,0.215822202605468,test,0.40450674970973943
G158Y,-0.3047664616338092,0.475641700538659,test,0.7804081621724682
G162A,0.4210546809595686,0.707106370668887,train,0.28605168970931844
G162C,0.29072467067521496,0.16815495493071,test,0.12256971574450495
G162D,-0.8030481249476411,0.0604064056613433,test,0.8634545306089844
G162E,-0.8044097015602771,0.0424969697128116,test,0.8469066712730887
G162F,-0.016601982340351762,0.157265580161192,test,0.17386756250154375
G162H,-0.4069377058351859,0.0695769970643428,test,0.4765147028995287
G162I,-0.021890776192326322,0.0638903780204854,test,0.08578115421281172
G162K,-0.5999599176269781,0.0557563387118018,test,0.65571625633878
G162L,0.17113560921337895,0.0675689841921916,test,0.10356662502118735
G162M,0.025708792410287507,0.225134566234824,test,0.1994257738245365
G162N,-0.021797296939234323,0.108219291082339,test,0.13001658802157334
G162P,-0.49498527251617735,0.0342528673881944,test,0.5292381399043717
G162Q,-0.23997530827479613,0.0724264310684311,test,0.31240173934322724
G162R,-0.47277241950406695,0.0667465170714139,test,0.5395189365754809
G162S,0.0248892084342201,1.17836218976091,test,1.15347298132669
G162T,-0.37386730388247263,0.0914348627612727,test,0.46530216664374535
G162V,0.022539788595227483,0.0793309619315654,test,0.056791173336337916
G162W,-0.8051549217151548,0.154824659016578,test,0.9599795807317328
G162Y,-0.8051549217151548,0.10456707778374,test,0.9097219994988948
G170A,0.4131786355457621,0.706575567905295,train,0.29339693235953285
G170C,-0.630672431720626,0.105180800171246,test,0.735853231891872
G170D,-0.31254999774169784,0.0898142876273928,test,0.40236428536909064
G170E,-0.2651095077319123,0.0723895616497046,test,0.3374990693816169
G170F,-0.630672431720626,0.0587618762897888,test,0.6894343080104148
G170H,-0.630672431720626,0.127049285248824,test,0.75772171696945
G170I,-0.630672431720626,0.0861578087918403,test,0.7168302405124664
G170K,-0.630672431720626,0.0335263862551991,test,0.6641988179758251
G170L,-0.6286023377548133,0.0551613921026153,test,0.6837637298574286
G170M,-0.630672431720626,0.077863526357722,test,0.708535958078348
G170N,-0.630672431720626,0.0566767484909446,test,0.6873491802115707
G170P,-1.0363272106346404,0.126764325601652,train,1.1630915362362924
G170Q,-0.44865345633635195,0.197577883220361,test,0.646231339556713
G170R,-0.3473974663071963,0.0409238269879039,test,0.38832129329510023
G170S,-0.06509403588270674,0.506970773283681,test,0.5720648091663878
G170T,-0.4680004670201647,0.0966235515155325,test,0.5646240185356972
G170V,-0.6253675789920088,0.0981965138664499,test,0.7235640928584587
G170W,-0.6305805257895898,0.0340845057230937,test,0.6646650315126835
G170Y,-0.07035784753570512,0.117792943149729,test,0.1881507906854341
G186A,1.1819333950918125,1.00991351482302,train,0.17201988026879245
G186C,0.2676423454587465,0.874839447560309,test,0.6071971021015625
G186D,-0.21760837198531918,0.931130925446708,test,1.1487392974320272
G186E,0.3736821295997253,0.97393867052756,test,0.6002565409278346
G186F,-0.218051903541502,0.761862265629403,test,0.979914169170905
G186H,-0.218051903541502,0.961314382050683,test,1.179366285592185
G186I,-0.218051903541502,0.771335867832566,test,0.989387771374068
G186K,-0.02254731240369162,0.82163417972913,test,0.8441814921328217
G186L,-0.218051903541502,0.838026986889424,test,1.056078890430926
G186M,-0.218051903541502,0.853504843509178,test,1.07155674705068
G186N,0.5908095803503617,0.980398652718005,test,0.3895890723676433
G186P,0.10649386083116325,0.225530251133868,test,0.11903639030270474
G186Q,0.1266512274183907,0.948187777439389,test,0.8215365500209983
G186R,-0.04283612789324914,0.780999293562867,test,0.8238354214561161
G186S,0.7346127305184975,0.954656989922529,test,0.2200442594040315
G186T,0.1481269333574638,0.948003528281404,test,0.7998765949239401
G186V,0.3382865076564379,0.870760195997758,test,0.5324736883413201
G186W,-0.02351669905369741,0.834546406076544,test,0.8580631051302414
G186Y,-0.218051903541502,0.955993665141798,test,1.1740455686833
G187A,0.7263930227198481,0.829749733295507,train,0.10335671057565898
G187C,0.36833242262343285,0.140572405379245,test,0.22776001724418785
G187D,0.5601094650995178,0.138507538854993,test,0.42160192624452475
G187E,0.5294242642087168,0.343349978763416,test,0.1860742854453008
G187F,-0.16228356398994753,0.0696020460763056,test,0.23188561006625313
G187H,-0.16228356398994753,0.132057304634365,test,0.2943408686243125
G187I,-0.16228356398994753,0.0652881384433664,test,0.22757170243331393
G187K,0.09686806775235995,0.058623528011495,test,0.038244539740864954
G187L,-0.16219332815104698,0.176450535785499,test,0.338643863936546
G187M,0.15873385519874456,0.0622750455385675,test,0.09645880966017706
G187N,0.2771657630754865,0.154401819623299,test,0.12276394345218752
G187P,0.2691475065457594,0.0595602947046699,test,0.20958721184108953
G187Q,0.32806322785490943,0.121453241510254,test,0.20660998634465544
G187R,0.19769832265298698,0.143435001707094,test,0.05426332094589298
G187S,0.5718363143465046,0.418864733754763,test,0.1529715805917416
G187T,0.06666560086179546,0.142200274543645,test,0.07553467368184955
G187V,0.16522807000117107,0.143310874596334,test,0.02191719540483708
G187W,-0.020857442014462657,0.155119009579454,test,0.17597645159391664
G187Y,-0.16228356398994753,0.103643844398329,test,0.26592740838827655
G197A,1.1098107904537873,0.9810797424235,train,0.12873104803028723
G197C,0.31478780864728867,0.98888528210613,test,0.6740974734588414
G197D,-0.4564090989712461,0.30287936464715,test,0.7592884636183961
G197E,0.0519246425065259,0.269805443356464,test,0.2178808008499381
G197F,0.28741127386156157,0.0908084887078324,test,0.19660278515372917
G197H,0.2970272805325998,0.107978301724635,test,0.18904897880796478
G197I,0.21031001433048863,0.0920778004641493,test,0.11823221386633932
G197K,-0.4654286786489496,0.0714531985756154,test,0.536881877224565
G197L,0.2795322097804736,0.0828613553978876,test,0.19667085438258602
G197M,0.2782980481155271,0.302663547729561,test,0.024365499614033892
G197N,0.4673468684675211,1.06870793230794,test,0.601361063840419
G197P,0.26512740928185613,0.0841548795920046,test,0.18097252968985153
G197Q,0.18747107310938743,0.872722111269522,test,0.6852510381601347
G197R,-0.10202050908574017,0.102218876867738,test,0.20423938595347818
G197S,0.6105934581144883,0.988588749441003,test,0.37799529132651466
G197T,0.7554794965408025,0.84161536231563,test,0.08613586577482746
G197V,0.543185123892032,0.89972324092221,test,0.356538117030178
G197W,-0.4654286786489496,0.0586479114031642,test,0.5240765900521138
G197Y,0.18221100811811125,0.0709944212063916,test,0.11121658691171965
G20A,1.100473415198672,0.978460257704482,train,0.12201315749418995
G20C,0.7180462854171372,0.83140204337637,test,0.1133557579592328
G20D,0.7180462854171372,0.925531058174445,test,0.2074847727573078
G20E,0.7180462854171372,0.91655011585197,test,0.19850383043483277
G20F,0.7180462854171372,0.763811081114016,test,0.045764795696878746
G20H,0.7180462854171372,0.719707676887579,test,0.0016613914704417532
G20I,0.7180462854171372,0.804168435280474,test,0.08612214986333677
G20K,0.7180462854171372,0.954763525930995,test,0.23671724051385779
G20L,0.7180462854171372,0.838815341755509,test,0.12076905633837176
G20M,0.7180462854171372,0.830150086920977,test,0.1121038015038398
G20N,0.7180462854171372,0.963202225005794,test,0.24515593958865678
G20P,0.7180462854171372,0.21751239713339,test,0.5005338882837472
G20Q,0.7180462854171372,0.888196194036407,test,0.17014990861926982
G20R,0.7180462854171372,0.880353799678539,test,0.16230751426140178
G20S,0.7180462854171372,0.902781778233988,test,0.18473549281685075
G20T,0.7180462854171372,0.873996446099449,test,0.15595016068231182
G20V,0.7180462854171372,0.77084413484794,test,0.05279784943080279
G20W,0.7180462854171372,0.807493380599529,test,0.0894470951823918
G20Y,0.7180462854171372,0.786669679317573,test,0.06862339390043581
G21A,0.6645461542968061,0.8047709998256,train,0.14022484552879388
G21C,0.500082654966203,0.718037182833125,test,0.21795452786692204
G21D,0.500082654966203,0.786524381954181,test,0.286441726987978
G21E,0.500082654966203,0.771620414468703,test,0.27153775950250003
G21F,0.500082654966203,0.0740456261157702,test,0.42603702885043276
G21H,0.500082654966203,0.600777124309885,test,0.10069446934368198
G21I,0.500082654966203,0.093235962088653,test,0.40684669287755
G21K,0.500082654966203,0.799924483399411,test,0.29984182843320806
G21L,0.500082654966203,0.270876150303762,test,0.22920650466244097
G21M,0.500082654966203,0.639206378015301,test,0.13912372304909804
G21N,0.500082654966203,0.850618442741066,test,0.35053578777486305
G21P,0.500082654966203,0.0384131824896244,test,0.4616694724765786
G21Q,0.500082654966203,0.990156856123693,test,0.49007420115749
G21R,0.500082654966203,0.791629249543842,test,0.291546594577639
G21S,0.500082654966203,0.785510935908608,test,0.285428280942405
G21T,0.500082654966203,0.29498166763639,test,0.20510098732981297
G21V,0.500082654966203,0.0713475936683481,test,0.4287350612978549
G21W,0.500082654966203,0.102435573271935,test,0.397647081694268
G21Y,0.500082654966203,0.0863916442477614,test,0.41369101071844155
G223A,0.254004122511077,0.641904384431606,train,0.387900261920529
G223C,-0.13985889055066097,0.64890451876221,test,0.788763409312871
G223D,0.523384254751404,0.408598106385913,test,0.11478614836549106
G223E,0.09609652223980275,0.161035706488272,test,0.06493918424846926
G223F,-0.06865403818469312,0.0708762668778466,test,0.13953030506253972
G223H,0.28470560769880754,0.571926274068165,test,0.28722066636935745
G223I,-0.2521379591647079,0.0915993767094939,test,0.3437373358742018
G223K,0.3513391163713387,0.2232905231802,test,0.12804859319113868
G223L,-0.017767958437802933,0.385711123489908,test,0.4034790819277109
G223M,-0.1478928341788776,0.502108555374778,test,0.6500013895536556
G223N,0.4421234099519716,0.652897055949026,test,0.21077364599705445
G223P,-0.15373401860200347,0.0988354423523163,test,0.25256946095431976
G223Q,0.18760540325748748,0.739137996905157,test,0.5515325936476696
G223R,0.21217568625755062,0.0897306201266739,test,0.12244506613087672
G223S,0.2528422222175309,0.886145632926572,test,0.6333034107090412
G223T,0.07765230853546085,0.527846940276355,test,0.4501946317408942
G223V,0.004472459607731294,0.0394762375030479,test,0.035003777895316605
G223W,-0.12659397265593414,0.0601064895356805,test,0.18670046219161462
G223Y,-0.34480084604575717,0.120371730838802,test,0.46517257688455915
G244A,0.9553251289889069,0.919082077795232,train,0.03624305119367488
G244C,0.5954304539153004,0.77871723412686,test,0.18328678021155964
G244D,-0.17648383791155803,0.0758377276480545,test,0.25232156555961255
G244E,-0.4296986013870611,0.0331119026045902,test,0.4628105039916513
G244F,0.22125782801530042,0.464962905389371,test,0.2437050773740706
G244H,0.2823388206535498,0.101373005065385,test,0.18096581558816482
G244I,0.4622815871102813,0.724321105939599,train,0.2620395188293177
G244K,-0.4296986013870611,0.11041878792781,test,0.5401173893148711
G244L,0.42697799838397016,0.132413386914032,test,0.2945646114699382
G244M,0.41110610502830097,0.676971616852571,test,0.26586551182427004
G244N,-0.11173247005738846,0.0485220118258986,test,0.16025448188328706
G244P,-0.37295190324130617,0.0594859932596601,test,0.43243789650096626
G244Q,-0.0730971620514626,0.0850107858032416,test,0.15810794785470422
G244R,-0.030395323017790632,0.103741138198963,test,0.13413646121675363
G244S,0.34918984691910643,0.67771629889209,test,0.3285264519729835
G244T,0.5102165704287831,0.633898869842081,test,0.12368229941329789
G244V,0.5034609455808958,0.634887503019622,test,0.13142655743872622
G244W,0.0704815765712486,0.420202482696913,test,0.3497209061256644
G244Y,0.26023512580312774,0.617113753572596,test,0.35687862776946827
G252A,1.073385831033944,0.966365176663396,train,0.10702065437054786
G252C,0.5386730672120201,0.931155558539049,test,0.39248249132702884
G252D,0.3183445179540581,0.916270832125109,test,0.5979263141710509
G252E,0.22894949145420013,0.836978465242928,test,0.6080289737887279
G252F,0.4469072525734035,0.647139700344177,test,0.20023244777077348
G252H,0.1670922355082905,0.944967106949372,test,0.7778748714410815
G252I,0.4021486919492823,0.294754382308507,test,0.10739430964077534
G252K,0.6273711044988843,1.02552397427263,test,0.39815286977374575
G252L,0.5353071134336496,0.799173371345634,test,0.2638662579119845
G252M,0.28139395768672243,0.889866030120822,test,0.6084720724340995
G252N,0.5763733096186847,0.943292628380477,test,0.3669193187617923
G252P,-0.29069660671349234,0.0551813812978318,test,0.34587798801132413
G252Q,0.004254703446916308,0.971108573529417,test,0.9668538700825007
G252R,0.11905083777016406,1.00293791759687,test,0.883887079826706
G252S,0.5675779281180731,0.958731071968662,test,0.39115314385058897
G252T,0.4313400724741961,0.652450798041113,test,0.22111072556691685
G252V,0.43713176126313874,0.556430820260357,test,0.11929905899721821
G252W,0.3614871759642693,0.667692607253825,test,0.30620543128955563
G252Y,-0.29069660671349234,0.869239641139057,test,1.1599362478525495
G264A,0.3814001508594416,,,
G264C,-0.26434611803403735,0.281948527110599,test,0.5462946451446363
G264D,-0.4730121167000085,0.0674225515335136,test,0.540434668233522
G264E,-0.11504204386355349,0.1102351144554,test,0.2252771583189535
G264F,0.3965054281734482,0.0882755359168799,test,0.30822989225656827
G264H,-0.2583810166107447,0.103499448150185,test,0.3618804647609297
G264I,0.35812423409360156,0.06749850394004,test,0.2906257301535615
G264K,-0.6699983427166369,0.0442823877217058,test,0.7142807304383427
G264L,0.29065938592745694,0.0447257759223097,test,0.24593361000514724
G264M,0.19196991650773937,0.0708594360276376,test,0.12111048048010177
G264N,-0.4459886108133872,0.0888343880438889,test,0.5348229988572761
G264P,0.06443895657695015,0.0865636538817087,test,0.02212469730475855
G264Q,-0.4245357331307353,0.149635665568485,test,0.5741713986992203
G264R,-0.6699983427166369,0.0869141461293065,test,0.7569124888459434
G264S,0.2311944127168904,1.22006400051204,test,0.9888695877951497
G264T,0.18395221322701444,0.360578905390778,test,0.1766266921637636
G264V,0.5531748481099328,0.230658207733984,test,0.3225166403759488
G264W,-0.12268712629066053,0.076063158962275,test,0.19875028525293553
G264Y,0.2626782708917848,0.116135455823066,test,0.1465428150687188
G268A,0.6964615897026372,0.818512056841552,train,0.12205046713891488
G268C,0.21758378042212195,0.477990574891437,test,0.26040679446931503
G268D,0.1430285618043899,0.114639872472199,test,0.02838868933219088
G268E,-0.05494721804916208,0.0957979389969558,test,0.15074515704611788
G268F,-0.05647129619994379,0.135454088186128,test,0.1919253843860718
G268H,-0.05647129619994379,0.0987653726244531,test,0.1552366688243969
G268I,0.1385582421976262,0.116762908443985,test,0.02179533375364119
G268K,-0.05647129619994379,0.0992195846418044,test,0.1556908808417482
G268L,-0.05647129619994379,0.0721695229588424,test,0.12864081915878617
G268M,0.07390394378815751,0.110326486966995,test,0.03642254317883749
G268N,0.2553615134659131,0.820711277440287,test,0.5653497639743739
G268P,-0.05647129619994379,0.108720514440557,test,0.16519181064050079
G268Q,-0.05647129619994379,0.979831374411973,test,1.0363026706119167
G268R,-0.05403737625079058,0.0719669938425826,test,0.12600437009337317
G268S,0.5977944165669937,0.916261801266457,test,0.31846738469946323
G268T,0.43192867835874,0.625885411548121,test,0.19395673318938106
G268V,-0.05396425556954915,0.084274733396044,test,0.13823898896559314
G268W,0.15985716686897172,0.127189814049266,test,0.03266735281970573
G268Y,-0.05647129619994379,0.104328044013381,test,0.1607993402133248
G290A,-0.9731493778132041,0.15391906584053,train,1.1270684436537342
G290C,-0.8963743120506962,0.14483990987403,test,1.0412142219247262
G290D,-1.2303516315583742,0.0600620410500317,test,1.290413672608406
G290E,-1.15743441318439,0.0829921490357534,train,1.2404265622201436
G290F,-0.41452751480138866,0.0915130811063092,test,0.5060405959076979
G290H,-1.187039917896822,0.068441631846503,train,1.2554815497433252
G290I,-0.8399638886483629,0.139298208670918,test,0.9792620973192809
G290K,-1.449027739198641,0.0554775693429555,test,1.5045053085415965
G290L,-0.46910075883470087,0.142245346235654,test,0.6113461050703548
G290M,-0.11977616482198522,0.27086111354369,test,0.39063727836567524
G290N,-0.9951869665525415,0.14041626619115,test,1.1356032327436916
G290P,-1.2126834905745785,0.0600103642982095,train,1.272693854872788
G290Q,-0.7050560229139009,0.0917416600536389,test,0.7967976829675398
G290R,-1.2639545256532099,0.107896144520142,test,1.371850670173352
G290S,-0.5996850560381244,0.116214553757461,test,0.7158996097955854
G290T,-0.9919624806392555,0.147149089956801,train,1.1391115705960566
G290V,-1.0831787054869446,0.109680792412582,train,1.1928594978995266
G290W,-0.8205178106163622,0.0669409136962693,test,0.8874587243126315
G290Y,-0.6420729220607182,0.0714684248062633,test,0.7135413468669815
G292A,0.8065851325454636,0.860358998725763,train,0.053773866180299446
G292C,-0.5175317505228714,0.471011394912988,test,0.9885431454358593
G292D,0.21964801721823785,0.0867128932579145,test,0.13293512396032336
G292E,0.14969252049778442,0.0793900518547494,test,0.07030246864303502
G292F,-0.5175317505228714,0.101596777341022,test,0.6191285278638934
G292H,-0.5174401958952517,0.110162970682596,test,0.6276031665778476
G292I,-0.1295446649475211,0.0561166412879451,test,0.1856613062354662
G292K,0.017408270152453886,0.203335142441114,test,0.18592687228866012
G292L,0.04517772444809426,0.0759649815933417,test,0.030787257145247438
G292M,-0.19746790997697067,0.214093841938685,test,0.4115617519156557
G292N,0.09599743866896754,0.19802406538898,test,0.10202662672001245
G292P,0.01863133321569338,0.180279802179694,test,0.16164846896400062
G292Q,-0.05696581728535305,0.0891588144817901,test,0.14612463176714313
G292R,0.06944080791180612,0.151901156806456,test,0.08246034889464987
G292S,0.497232371594758,0.757224538065875,test,0.25999216647111695
G292T,0.0760463591726302,0.109986768451385,test,0.0339404092787548
G292V,-0.1068572805466887,0.0493529546995315,test,0.15621023524622019
G292W,-0.3181558827967174,0.0718790827751698,test,0.3900349655718872
G292Y,-0.015550928966473643,0.0823280789891085,test,0.09787900795558215
G302A,1.629868999729298,1.1900377501244,train,0.43983124960489817
G302C,0.21628609704599416,0.151677001296444,test,0.06460909574955018
G302D,0.2161893291187656,0.110974735798795,test,0.1052145933199706
G302E,0.2358686127043757,0.147376743154247,test,0.0884918695501287
G302F,0.40477447292658614,0.101571156990284,test,0.3032033159363021
G302H,0.7341430659622676,0.208376380711408,test,0.5257666852508597
G302I,0.5088383876353428,0.0651477649073681,test,0.44369062272797477
G302K,0.40330010162308444,0.110217247750959,test,0.29308285387212546
G302L,0.2161893291187656,0.0580525912849974,test,0.1581367378337682
G302M,0.34438248521519516,0.193991713217181,test,0.15039077199801415
G302N,0.45350867419447344,0.0876190865558104,test,0.365889587638663
G302P,0.5413295635307587,0.176184444653392,test,0.36514511887736667
G302Q,0.5913454927307877,0.106166443070855,test,0.48517904965993275
G302R,0.834305058355358,0.0629381721441869,test,0.7713668862111711
G302S,1.007494305972029,0.12887311117042,test,0.8786211948016089
G302T,0.738666813215207,0.0952176326592837,test,0.6434491805559233
G302V,0.8176880446322232,0.0501313039713439,test,0.7675567406608793
G302W,0.3854785232246339,0.0485915036777322,test,0.3368870195469017
G302Y,0.4617662875359901,0.150185954628048,test,0.31158033290794207
G316A,0.9710904100884967,0.92746958282284,train,0.04362082726565675
G316C,0.2454019771945966,0.70927471114805,test,0.46387273395345335
G316D,0.2568704100184967,0.221458575891013,test,0.03541183412748369
G316E,0.24462609407051344,0.140698568963057,test,0.10392752510745645
G316F,0.24462609407051344,0.0756764099805346,test,0.16894968408997885
G316H,0.24462609407051344,0.0842920841305043,test,0.16033400994000913
G316I,0.24462609407051344,0.189976505087521,test,0.054649588982992436
G316K,0.24462609407051344,0.14966765761974,test,0.09495843645077345
G316L,0.24462609407051344,1.09654755120177,test,0.8519214571312566
G316M,0.24462609407051344,0.373780334270876,test,0.12915424020036254
G316N,0.24462609407051344,0.181804626912482,test,0.06282146715803144
G316P,0.24462609407051344,0.04631167985508,test,0.19831441421543344
G316Q,0.24462609407051344,0.596081656713737,test,0.3514555626432236
G316R,0.5104967642417346,0.845510511200601,test,0.3350137469588663
G316S,0.9277817153648567,0.811251414699618,test,0.11653030066523862
G316T,0.35759981260474133,0.158027413179808,test,0.19957239942493332
G316V,0.2868330687909158,0.0684196744885025,test,0.2184133943024133
G316W,0.24498980561083888,0.156121251182646,test,0.08886855442819289
G316Y,0.24462609407051344,0.0864957628525311,test,0.15813033121798234
G319A,1.1152896526286433,0.984199816586627,train,0.1310898360420163
G319C,0.2289667628442676,0.773002945769546,test,0.5440361829252784
G319D,0.016117223249724033,0.0867211383752151,test,0.07060391512549107
G319E,0.37514168372311124,0.0790230327573978,test,0.29611865096571344
G319F,0.5375762375740898,0.769828477040396,test,0.23225223946630624
G319H,0.8427460195071763,0.0753278461342143,test,0.767418173372962
G319I,0.5631182447927863,0.09638758459518,test,0.4667306601976063
G319K,-0.36539326980781256,0.0811408086921773,test,0.44653407849998983
G319L,0.5371179924393772,0.563281564827521,test,0.02616357238814382
G319M,0.4530538694329636,0.887122625081573,test,0.4340687556486094
G319N,0.514399898516249,0.136508391816784,test,0.37789150669946503
G319P,-0.36291453755163156,0.0893579414531856,test,0.45227247900481715
G319Q,0.8000753691046949,0.118159109753787,test,0.6819162593509079
G319R,-0.3358735863252437,0.116476780793614,test,0.45235036711885773
G319S,0.8670833657115207,0.88453750553837,test,0.01745413982684929
G319T,0.5160532334791377,0.376492708380086,test,0.13956052509905165
G319V,0.6166860894808615,0.0533795053249289,test,0.5633065841559326
G319W,0.25315597732890366,0.640792227515303,test,0.3876362501863993
G319Y,0.37894897287249846,0.116049656635759,test,0.26289931623673946
G323A,-0.6080058395573058,0.298569377933294,train,0.9065752174905999
G323C,-0.7734395683285786,0.11893078586384,test,0.8923703541924186
G323D,-0.1433326943699917,0.128528433996058,test,0.2718611283660497
G323E,-0.6821586418482681,0.044371595520943,test,0.7265302373692111
G323F,-1.2414000508308263,0.0471828305330889,train,1.288582881363915
G323H,-0.38035934249030307,0.0544951440447922,test,0.4348544865350953
G323I,-0.561005525199894,0.0728843461890658,test,0.6338898713889598
G323K,-1.0903971185384567,0.108642555296261,train,1.1990396738347178
G323L,-0.537993400877049,0.0514938669856965,test,0.5894872678627455
G323M,-0.5889720900239066,0.03664812112388,test,0.6256202111477867
G323N,-0.33082658976039697,0.228995862039682,test,0.559822451800079
G323P,-0.38067222150374563,0.0829335722943863,test,0.46360579379813194
G323Q,-0.6739705708501802,0.0462628153088159,test,0.7202333861589961
G323R,-0.8398253755477789,0.0650575868031841,test,0.904882962350963
G323S,-0.3288836018969991,0.698627787520521,test,1.02751138941752
G323T,-0.33836124674723494,0.177679050195827,test,0.516040296943062
G323V,-0.4652491720663274,0.11766714115339,test,0.5829163132197174
G323W,-1.213203907708369,0.05946733442358,train,1.272671242131949
G323Y,-0.44233025392821007,0.042381780954432,test,0.4847120348826421
G326A,0.9119763475384728,0.902909425574589,train,0.009066921963883812
G326C,0.7364847852891456,0.899101373229361,test,0.16261658794021538
G326D,0.7364847852891456,0.783609039280376,test,0.047124253991230325
G326E,0.7364847852891456,1.11303128974431,test,0.37654650445516435
G326F,0.7364847852891456,0.252768703658663,test,0.48371608163048263
G326H,0.7364847852891456,0.944346223916126,test,0.20786143862698037
G326I,0.7364847852891456,0.0943015006999478,test,0.6421832845891978
G326K,0.7364847852891456,0.955415201875306,test,0.21893041658616041
G326L,0.7364847852891456,0.647192548857326,test,0.0892922364318196
G326M,0.9618588526933651,0.922883308456387,train,0.03897554423697813
G326N,0.7364847852891456,0.848970862174617,test,0.11248607688547141
G326P,0.7364847852891456,0.105244113051142,test,0.6312406722380036
G326Q,0.7364847852891456,0.825417607316556,test,0.08893282202741037
G326R,0.7364847852891456,0.910970222060968,test,0.17448543677182238
G326S,0.7364847852891456,0.985614148694971,test,0.24912936340582537
G326T,0.7364847852891456,0.772873024661405,test,0.03638823937225932
G326V,0.7364847852891456,0.326141424214366,test,0.41034336107477964
G326W,0.7364847852891456,0.250814191576374,test,0.4856705937127716
G326Y,0.7364847852891456,0.310877228561059,test,0.42560755672808664
G328A,-0.3975905603226168,0.381709176737766,train,0.7792997370603828
G328C,-0.7436603276543403,0.0712463361576887,test,0.814906663812029
G328D,-0.5094051759889586,0.0721084422558979,test,0.5815136182448565
G328E,-0.4075327344561516,0.0833644068350034,test,0.490897141291155
G328F,-1.0371153298758253,0.0648042411334402,test,1.1019195710092655
G328H,-0.6823026337889333,0.0533816116373171,test,0.7356842454262504
G328I,-0.8235598005885221,0.0935847660022541,test,0.9171445665907761
G328K,-0.5181174020309554,0.129336371423215,test,0.6474537734541703
G328L,-0.49678704303155014,0.0875979812752602,test,0.5843850243068103
G328M,-1.0371153298758253,0.0741718392846982,test,1.1112871691605235
G328N,-0.3251774963193936,0.080875348159444,test,0.4060528444788376
G328P,-0.3998355410163556,0.0408227234234461,test,0.4406582644398017
G328Q,-1.0371153298758253,0.175428665429154,test,1.2125439953049792
G328R,-0.5685645020794405,0.138400465523069,test,0.7069649676025096
G328S,0.12326102591099103,0.121128399137141,test,0.0021326267738500243
G328T,-0.35703266388698557,0.0881424189843426,test,0.4451750828713282
G328V,-0.5815585383144191,0.0797855567252874,test,0.6613440950397065
G328W,-0.7489409535940945,0.0398396958491118,test,0.7887806494432064
G328Y,-0.6920727447688231,0.111217233926279,test,0.8032899786951021
G332A,0.7312485264573558,0.831400957506175,train,0.10015243104881921
G332C,-0.08197311520814393,0.772850616261281,test,0.8548237314694249
G332D,0.6342079287011186,0.229617653387475,test,0.40459027531364367
G332E,0.4942178559988593,0.150756094647014,test,0.3434617613518453
G332F,0.3421259260569452,0.625937938211762,test,0.28381201215481683
G332H,0.2584318096032581,0.706342374691303,test,0.4479105650880449
G332I,0.3270095214765983,0.0708012616569835,test,0.2562082598196148
G332K,0.2878986863630529,0.182463941350249,test,0.1054347450128039
G332L,0.2794575387538201,0.0485108017865353,test,0.23094673696728482
G332M,0.46123927118147373,0.236887668973884,test,0.22435160220758973
G332N,0.467914150986343,0.680327055469052,test,0.21241290448270905
G332P,0.2484264587427943,0.259212722640894,test,0.010786263898099724
G332Q,0.39585768525568193,0.0867219343229537,test,0.3091357509327282
G332R,0.31547274656002694,0.100331372951529,test,0.21514137360849794
G332S,0.9708862992765424,0.931074353571709,test,0.039811945704833374
G332T,0.5295794262958653,0.797245134221509,test,0.2676657079256437
G332V,0.5126510174390626,0.277433135554199,test,0.2352178818848636
G332W,0.1684108063200958,0.565979028298046,test,0.3975682219779502
G332Y,0.4200517304855938,0.582186112441481,test,0.1621343819558872
G350A,-0.4312805289625991,0.367879460676568,train,0.7991599896391671
G350C,-0.336161249291484,0.171612113793949,test,0.507773363085433
G350D,0.04238622186051094,0.113063786258183,test,0.07067756439767206
G350E,-0.25582076168535467,0.128711362748493,test,0.38453212443384766
G350F,-0.21102789682132966,0.0976645580763063,test,0.30869245489763597
G350H,-0.03186126186032462,0.0651992554788291,test,0.09706051733915372
G350I,-0.041979683712867144,0.115795079875774,test,0.15777476358864115
G350K,-0.3365940260060522,0.166694377342469,test,0.5032884033485212
G350L,-0.23263027479835502,0.0848921031327026,test,0.31752237793105764
G350M,-0.15792904219550324,0.195186096245183,test,0.3531151384406862
G350N,-0.011920780735490355,0.132655674280636,test,0.14457645501612634
G350P,-0.4360450979581784,0.0742511094898801,test,0.5102962074480585
G350Q,-0.08479986070359752,0.1110685622791,test,0.19586842298269752
G350R,-0.20694628905784457,0.11921513843354,test,0.32616142749138455
G350S,-0.25561836113098296,0.14893784795527,test,0.40455620908625295
G350T,-0.041967536373473224,0.194329432162403,test,0.23629696853587623
G350V,0.056080283820051646,0.0786192594695727,test,0.02253897564952105
G350W,-0.5998927120453672,0.0944250254610494,test,0.6943177375064166
G350Y,-0.2827204197548791,0.079017836263892,test,0.3617382560187711
G358A,1.1596774176968374,0.999889837688585,train,0.15978758000825244
G358C,0.8337153676436966,0.98572517767622,test,0.15200981003252345
G358D,0.9471383355743921,0.996671459355828,test,0.04953312378143593
G358E,1.3337212732441408,0.981975968670192,test,0.3517453045739488
G358F,1.0402536109526945,0.964121515043847,test,0.07613209590884751
G358H,1.4747354311850671,0.996453093165045,test,0.47828233802002207
G358I,0.666295807954528,0.990139111861326,test,0.32384330390679794
G358K,0.812860214837313,0.993109273206736,test,0.18024905836942307
G358L,1.463015086008344,0.965567471894914,test,0.49744761411342997
G358M,0.7562596136532509,0.987224353315448,test,0.2309647396621971
G358N,0.889383738656571,0.993777251002674,test,0.10439351234610295
G358P,0.9795808020656036,0.924083920110216,test,0.0554968819553876
G358Q,1.087302250018423,1.00050489584378,test,0.08679735417464296
G358R,1.0724272695519392,1.00871103414716,test,0.06371623540477933
G358S,0.9313131987638652,1.00357334333734,test,0.07226014457347474
G358T,0.8532308526703236,0.977214738848951,test,0.12398388617862743
G358V,0.8595954934099499,0.996308223593282,test,0.13671273018333208
G358W,0.8899349871683331,0.951996202681862,test,0.062061215513528944
G358Y,1.4758334597584373,0.970923547246598,test,0.5049099125118393
G359A,1.1196700672775322,0.985767012455146,train,0.13390305482238618
G359C,0.26359412292632817,0.965000360431617,test,0.7014062375052887
G359D,0.8595928159725332,0.963160771714532,test,0.10356795574199873
G359E,0.6069630091105065,0.981698185598896,test,0.3747351764883895
G359F,0.348172340336447,0.947382400708846,test,0.5992100603723991
G359H,0.9765884043094957,1.01305547053028,test,0.03646706622078422
G359I,0.5950198364865908,0.962328085896278,test,0.3673082494096872
G359K,0.8307916574645411,0.989167350327093,test,0.15837569286255193
G359L,0.4890304352903297,0.967010390933823,test,0.4779799556434933
G359M,0.08643637927220743,0.970039279868415,test,0.8836029005962076
G359N,0.8114999783621109,1.01149745077854,test,0.19999747241642907
G359P,0.863889735660841,0.990364195452734,test,0.12647445979189298
G359Q,0.5622990129006435,0.984414914042974,test,0.42211590114233044
G359R,0.7821123011258209,0.965732119989594,test,0.1836198188637731
G359S,1.0644830423627027,0.986144790700233,test,0.07833825166246977
G359T,0.6214939904688546,0.99669973533997,test,0.37520574487111547
G359V,0.7273780127092166,0.947771253829186,test,0.22039324111996939
G359W,0.03669514477490671,0.98141804646914,test,0.9447229016942333
G359Y,0.35209224227480723,0.972289228064659,test,0.6201969857898517
G35A,0.5577902447634955,0.762235567050195,train,0.20444532228669954
G35C,0.4467047001995486,0.855232358166815,test,0.40852765796726637
G35D,0.4467047001995486,0.837098613867636,test,0.39039391366808734
G35E,0.4467047001995486,0.781259643451243,test,0.3345549432516944
G35F,0.4467047001995486,0.667861008048532,test,0.22115630784898338
G35H,0.4467047001995486,0.796232816238864,test,0.3495281160393154
G35I,0.4467047001995486,0.555040372508507,test,0.10833567230895841
G35K,0.4467047001995486,0.798740731105604,test,0.35203603090605534
G35L,0.4467047001995486,0.678410085855623,test,0.2317053856560744
G35M,0.4467047001995486,0.697984011619692,test,0.2512793114201434
G35N,0.4467047001995486,0.896804850083337,test,0.4501001498837884
G35P,0.4467047001995486,0.817281391206823,test,0.37057669100727436
G35Q,0.4467047001995486,0.817130285976646,test,0.37042558577709744
G35R,0.4467047001995486,0.855256331049789,test,0.40855163085024043
G35S,0.4467047001995486,0.858854547002261,test,0.41214984680271244
G35T,0.4467047001995486,0.839100191708911,test,0.3923954915093624
G35V,0.4467047001995486,0.681143170719002,test,0.23443847051945338
G35W,0.4467047001995486,0.595374412656521,test,0.1486697124569724
G35Y,0.4467047001995486,0.68644225844919,test,0.23973755824964144
G369A,-0.8476891534705553,0.202730266983013,train,1.0504194204535682
G369C,-0.6334472374733755,0.0446261837324563,test,0.6780734212058318
G369D,-1.0740015342137132,0.115575875237499,train,1.1895774094512122
G369E,-1.0891110189757596,0.109455256568348,train,1.1985662755441076
G369F,-1.091815701903827,0.108442751149806,train,1.200258453053633
G369H,-1.0237250105599403,0.113196702464415,test,1.1369217130243552
G369I,-1.1474586568115495,0.0861622770422366,train,1.233620933853786
G369K,-1.253388352198253,0.0713182281925945,test,1.3247065803908475
G369L,-1.2122141186555773,0.0602329856641598,train,1.272447104319737
G369M,-1.2181601049075406,0.0578521021731485,train,1.276012207080689
G369N,-1.2012176875837763,0.0620807063666658,train,1.263298393950442
G369P,-1.1294040461957886,0.0933916789496985,train,1.222795725145487
G369Q,-1.253388352198253,0.0713438352709717,test,1.3247321874692246
G369R,-1.2200164943958667,0.0548740794310981,train,1.2748905738269647
G369S,-0.2301160272699478,0.0785884639745759,test,0.3087044912445237
G369T,-1.0183281598717189,0.106098307044824,test,1.124426466916543
G369V,-0.8845944592131696,0.0505242594836604,test,0.9351187186968299
G369W,-1.253388352198253,0.076081337814128,test,1.329469690012381
G369Y,-1.2259725348928905,0.0547238598953152,train,1.2806963947882057
G370A,-0.9418417478464436,0.165290773212276,train,1.1071325210587195
G370C,-1.2451460133800767,0.0639110518407459,test,1.3090570652208227
G370D,-0.8144754623708375,0.202420022937723,test,1.0168954853085603
G370E,-0.9936319028515088,0.0577188742142669,test,1.0513507770657757
G370F,-1.251413215914174,0.0530424613092226,test,1.3044556772233966
G370H,-1.251413215914174,0.115978689735824,test,1.367391905649998
G370I,-1.1377935003967972,0.0812964182596729,test,1.21908991865647
G370K,-0.7514492949515299,0.0968794871364219,test,0.8483287820879518
G370L,-1.2770673825392302,0.0342567020220169,train,1.311324084561247
G370M,-1.0075249285358518,0.141770874271054,train,1.1492958028069058
G370N,-0.673763679471171,0.108686536778958,test,0.782450216250129
G370P,-1.1734979097623333,0.0744941963688074,train,1.2479921061311408
G370Q,-0.8673851028208146,0.0820434362473462,test,0.9494285390681608
G370R,-0.9925402852301426,0.145627958910002,train,1.1381682441401446
G370S,-0.3421613676226913,0.457954874591889,test,0.8001162422145802
G370T,-1.251413215914174,0.119917869135397,test,1.371331085049571
G370V,-0.9760207267509751,0.117380912433567,test,1.093401639184542
G370W,-1.1154012212501518,0.0989908400031722,train,1.214392061253324
G370Y,-1.0686829821479682,0.123684885827852,test,1.1923678679758203
G378A,1.1790522875870089,1.00781089261887,train,0.17124139496813884
G378C,-0.17478872360272563,0.971311000676201,test,1.1460997242789266
G378D,0.597934950607586,0.968470380908752,test,0.3705354303011661
G378E,0.5811533346380795,0.95584673808174,test,0.37469340344366053
G378F,0.33228305237656214,0.991809709472972,test,0.6595266570964098
G378H,0.28903510269748806,0.998220040787156,test,0.709184938089668
G378I,0.31634671661167785,0.948548286928541,test,0.6322015703168631
G378K,0.7089951166253687,0.996252386488694,test,0.2872572698633252
G378L,0.4338007669000615,0.9782822570168,test,0.5444814901167385
G378M,0.28601516252605036,1.00249685026822,test,0.7164816877421698
G378N,0.4098027597532426,1.00035790049581,test,0.5905551407425675
G378P,0.7353513029200673,0.970064394602765,test,0.2347130916826976
G378Q,0.6693998728934591,0.976401047047527,test,0.3070011741540678
G378R,0.7578243049492333,0.986216388895758,test,0.22839208394652477
G378S,0.662567531353579,0.98385651818132,test,0.321288986827741
G378T,0.5064468428290976,0.961393217999795,test,0.45494637517069747
G378V,0.40169796490696724,0.922069843387565,test,0.5203718784805977
G378W,0.14151745381973063,0.950859023481874,test,0.8093415696621433
G378Y,0.6008496299300337,0.971459020228808,test,0.3706093902987744
G37A,1.122676549032235,0.986432044290728,train,0.13624450474150707
G37C,0.04910612108784568,0.983382401254402,test,0.9342762801665563
G37D,1.6310789524252183,1.0217166744995,test,0.6093622779257182
G37E,1.2956422396399923,0.949338932744143,test,0.3463033068958492
G37F,0.11747778725668928,0.681876902379754,test,0.5643991151230647
G37H,0.5973719862311313,0.921927816984667,test,0.32455583075353567
G37I,0.46854766031100153,0.692965863059495,test,0.2244182027484935
G37K,0.8458503852200572,0.973513333286546,test,0.1276629480664888
G37L,0.6368103917377148,0.805341884319116,test,0.1685314925814012
G37M,0.5130256234728918,0.888410727259881,test,0.3753851037869892
G37N,1.2584382928386226,1.02402778277751,test,0.2344105100611127
G37P,1.0967897045198072,0.949382975982658,test,0.1474067285371492
G37Q,0.6830234161843194,0.965097016369168,test,0.2820736001848486
G37R,0.7091803914579451,0.902613898746258,test,0.19343350728831288
G37S,1.0927341378225854,1.02584654093254,test,0.06688759689004553
G37T,1.0831800383570211,0.954758459134283,test,0.1284215792227381
G37V,0.5074358173351801,0.767530493002655,test,0.2600946756674749
G37W,-0.023910988794765886,0.522228230523373,test,0.5461392193181389
G37Y,0.32053295546080035,0.735017205991963,test,0.4144842505311626
G384A,1.0015644751666768,0.939054830637852,train,0.06250964452882479
G384C,-0.0039304343036343226,0.917779235921759,test,0.9217096702253933
G384D,0.64747952888822,0.93174700016214,test,0.28426747127391994
G384E,0.6926178562654135,0.943826260333378,test,0.2512084040679645
G384F,-0.0039304343036343226,0.799161594581649,test,0.8030920288852834
G384H,0.6468613290573773,0.943274252342249,test,0.2964129232848718
G384I,-0.0039304343036343226,0.857978469339706,test,0.8619089036433403
G384K,0.817678490221307,0.926946437974699,test,0.10926794775339199
G384L,-0.0038330262714056373,0.849084384562981,test,0.8529174108343867
G384M,-0.0039304343036343226,0.912649317753037,test,0.9165797520566714
G384N,0.8790148222526488,0.94733863546764,test,0.06832381321499115
G384P,0.6606238238450084,0.683475892587276,test,0.02285206874226764
G384Q,0.6882255814068747,0.932087093127512,test,0.2438615117206373
G384R,0.7259087944342566,0.933534229974559,test,0.20762543554030244
G384S,0.8132888460434478,0.934344455048139,test,0.12105560900469126
G384T,0.9677115239399532,0.970445353361111,test,0.0027338294211578518
G384V,0.19940309702987508,0.83676839823169,test,0.637365301201815
G384W,-0.0039304343036343226,0.8058235076427,test,0.8097539419463344
G384Y,-0.0039304343036343226,0.86172315522269,test,0.8656535895263244
G393A,-1.0798832531784832,0.10998277992555,train,1.1898660331040332
G393C,-0.807178260486543,0.11374010973406,test,0.920918370220603
G393D,-0.4663063478268494,0.0932845085513025,test,0.5595908563781519
G393E,-0.8373442243657543,0.0774387729498653,test,0.9147829973156196
G393F,-1.1421887299386686,0.110132821903468,test,1.2523215518421367
G393H,-0.7853913292463695,0.0703283183088686,test,0.855719647555238
G393I,-1.1421887299386686,0.076601599517856,test,1.2187903294565245
G393K,-1.0260105822928285,0.133229704416173,train,1.1592402867090015
G393L,-0.8590147793443936,0.0838553408840449,test,0.9428701202284385
G393M,-1.1421887299386686,0.137747911098372,test,1.2799366410370405
G393N,-0.8741019830674315,0.0491349506042378,test,0.9232369336716693
G393P,-1.1421887299386686,0.121025125630109,test,1.2632138555687775
G393Q,-1.1421887299386686,0.178533620055412,test,1.3207223499940806
G393R,-0.9727522269820756,0.0542040956363317,test,1.0269563226184073
G393S,-0.5087541750926121,0.0942545829002801,test,0.6030087579928922
G393T,-0.8013804409141567,0.122060034948933,test,0.9234404758630897
G393V,-0.7227124468075328,0.130484272802468,test,0.8531967196100008
G393W,-1.1421887299386686,0.205660083904655,test,1.3478488138433236
G393Y,-1.1421887299386686,0.127095526331359,test,1.2692842562700277
G394A,0.12564411622840593,0.589758831043387,train,0.46411471481498107
G394C,-0.6400774482063216,0.0699643172273206,test,0.7100417654336422
G394D,-0.18196705732001378,0.102321599232142,test,0.2842886565521558
G394E,-0.14875941556219802,0.15319305296377,test,0.301952468525968
G394F,-0.6400774482063216,0.150789066487938,test,0.7908665146942596
G394H,-0.23489043351808364,0.0836604802625597,test,0.3185509137806434
G394I,-0.23380563938499138,0.0777757297140515,test,0.3115813690990429
G394K,-0.6400774482063216,0.0561380716275737,test,0.6962155198338953
G394L,-0.204178155108174,0.153568517303828,test,0.357746672412002
G394M,-0.45581244244089264,0.0532838602485289,test,0.5090963026894215
G394N,-0.12988753068110798,0.0759045041922864,test,0.20579203487339437
G394P,-0.6400774482063216,0.136136865335712,test,0.7762143135420336
G394Q,-0.6400774482063216,0.119754379017035,test,0.7598318272233566
G394R,0.06380869098523695,0.0568656942716401,test,0.006942996713596848
G394S,0.23822523821193725,0.096285293926055,test,0.14193994428588225
G394T,0.12930601263651204,0.0816042838852921,test,0.04770172875121993
G394V,-0.6399000048501851,0.130424255587362,test,0.7703242604375471
G394W,-0.6400774482063216,0.0803777377887119,test,0.7204551859950336
G394Y,-0.4469842810985813,0.123600623908869,test,0.5705849050074503
G395A,0.4133946286683852,0.704256845759442,train,0.2908622170910568
G395C,-0.6182362082040473,0.149953252934955,test,0.7681894611390023
G395D,0.2781546284475969,0.113168064056919,test,0.16498656439067794
G395E,-0.047102032658445425,0.134489541892164,test,0.18159157455060942
G395F,-0.6182362082040473,0.713507403167425,test,1.3317436113714725
G395H,-0.6182362082040473,0.830257518232532,test,1.4484937264365794
G395I,-0.6182362082040473,0.198697335310739,test,0.8169335435147863
G395K,-0.6182362082040473,0.202798011385137,test,0.8210342195891843
G395L,-0.6182362082040473,0.0807129155582522,test,0.6989491237622996
G395M,-0.6182362082040473,0.0544466634327862,test,0.6726828716368336
G395N,0.07599197179167666,0.126760185322266,test,0.05076821353058933
G395P,-0.27469027436500676,0.0803078001985314,test,0.35499807456353816
G395Q,-0.23764684736256386,0.166523946578105,test,0.40417079394066885
G395R,-0.015388913873350007,0.183288146979344,test,0.19867706085269402
G395S,0.3966074125838031,0.160895352995093,test,0.2357120595887101
G395T,-0.2067857801015815,0.0589528739412449,test,0.26573865404282637
G395V,-0.6182362082040473,0.056813517827048,test,0.6750497260310954
G395W,0.040026800368291815,0.164441794857063,test,0.12441499448877119
G395Y,-0.41217206976263826,0.240762193898527,test,0.6529342636611652
G398A,1.0159004988737124,0.943943761065674,train,0.07195673780803835
G398C,-0.12526349017276844,0.700601066007249,test,0.8258645561800175
G398D,0.5247401280662292,0.0658459109962263,test,0.4588942170700029
G398E,0.5717978497262006,0.0820096054971425,test,0.48978824422905815
G398F,0.07130476861580887,0.0716688207210938,test,0.00036405210528493714
G398H,0.25508096477159375,0.804211196866931,test,0.5491302320953373
G398I,-0.009167054527248142,0.067625777398916,test,0.07679283192616414
G398K,0.4911430492283256,0.181203985619434,test,0.30993906360889156
G398L,0.3465159483610947,0.167993838811257,test,0.17852210954983772
G398M,0.3324836939294152,0.128857279456533,test,0.20362641447288218
G398N,0.44651637049338083,0.246968334075513,test,0.19954803641786784
G398P,-0.32064146789504194,0.0840055063638894,test,0.40464697425893137
G398Q,0.38614230960141077,0.143817787726871,test,0.24232452187453976
G398R,0.49131219190972614,0.286878749669863,test,0.20443344223986315
G398S,0.9157990049042812,0.814240973427418,test,0.10155803147686326
G398T,0.46352462307363856,0.267350230208483,test,0.1961743928651556
G398V,0.17371785619392283,0.0763155482115921,test,0.09740230798233072
G398W,0.31199408245845467,0.125310545197212,test,0.18668353726124268
G398Y,-0.32064146789504194,0.0953906302283673,test,0.41603209812340924
G402A,0.43468328630470593,0.713444515808279,train,0.278761229503573
G402C,-0.036277130650880396,0.778642322991893,test,0.8149194536427733
G402D,0.4142402836484483,0.806197078152562,test,0.39195679450411375
G402E,0.35215871960843087,0.744311094327002,test,0.3921523747185712
G402F,-0.13033354659128443,0.212385339557179,test,0.34271888614846346
G402H,-0.010043507437284604,0.711576952413364,test,0.7216204598506486
G402I,-0.017746612257532435,0.0653779420207331,test,0.08312455427826554
G402K,0.35925915522621393,0.303628833399743,test,0.05563032182647093
G402L,0.2837016923127696,0.235828492032961,test,0.0478732002798086
G402M,0.1521593309900347,0.325584485214465,test,0.17342515422443028
G402N,0.4054372851138606,0.826525769062174,test,0.4210884839483134
G402P,0.07427996240746287,0.207959462677851,test,0.13367950027038814
G402Q,0.2574223701281842,0.409889561571281,test,0.15246719144309678
G402R,0.4487937614705633,0.120141130277398,test,0.32865263119316535
G402S,0.908329615974484,0.801905340032468,test,0.10642427594201598
G402T,0.22057464197473392,0.6728174458222,test,0.4522428038474661
G402V,0.0895605649119649,0.118453905741355,test,0.0288933408293901
G402W,-0.2950372545626507,0.256861151685278,test,0.5518984062479286
G402Y,-0.33153279910043304,0.0851628835532072,test,0.4166956826536402
G406A,0.6226875588530945,0.788180037784235,train,0.1654924789311405
G406C,-0.09499031826745957,0.0793911682275045,test,0.17438148649496407
G406D,0.10003216087113392,0.104490971899482,test,0.004458811028348081
G406E,0.22006249240034143,0.0759550750308936,test,0.14410741736944782
G406F,-0.13160259123228352,0.102248920664701,test,0.2338515118969845
G406H,-0.2500479660992347,0.0482709387518001,test,0.2983189048510348
G406I,-0.4375577541976145,0.141319836879617,test,0.5788775910772315
G406K,0.16301293536291267,0.142388185846499,test,0.02062474951641366
G406L,0.08782023660690547,0.0584670140471874,test,0.02935322255971807
G406M,-0.24379447668325932,0.0416506955894225,test,0.28544517227268185
G406N,0.29177812118467555,0.132404403592407,test,0.15937371759226857
G406P,-0.215200364124648,0.108362149656718,test,0.323562513781366
G406Q,0.101697945552985,0.113342350512826,test,0.011644404959840995
G406R,0.2581953925525618,0.0832452702343584,test,0.1749501223182034
G406S,0.37800323069611436,0.707103706457952,test,0.3291004757618376
G406T,0.2053918112508733,0.0997185445125644,test,0.1056732667383089
G406V,0.08882483829941284,0.130794033410498,test,0.041969195111085156
G406W,-0.4308230780251065,0.108282733488704,test,0.5391058115138105
G406Y,-0.21415235447668474,0.121860007921759,test,0.33601236239844373
G420A,0.9893590145677891,0.933565415078113,train,0.055793599489676104
G420C,0.18823387121528695,0.966478900595803,test,0.7782450293805161
G420D,0.8970297558458018,0.971037842396272,test,0.0740080865504702
G420E,0.8380788330721334,0.95596948379552,test,0.11789065072338667
G420F,-0.11061627259251766,0.840788965057794,test,0.9514052376503117
G420H,0.7056871815132535,0.969055288420344,test,0.26336810690709056
G420I,-0.11049543111368182,0.748604513797558,test,0.8590999449112398
G420K,1.2635928816133646,1.00297148141108,test,0.26062140020228464
G420L,0.22021836628671748,0.869486668934625,test,0.6492683026479076
G420M,-0.11061627259251766,0.931664569567296,test,1.0422808421598138
G420N,0.8607755716269079,0.972950935654443,test,0.11217536402753514
G420P,-0.10417183446700834,0.444887461177596,test,0.5490592956446043
G420Q,0.5843074881696797,1.00189737946926,test,0.41758989129958035
G420R,0.8664670294559169,1.00930723171075,test,0.14284020225483318
G420S,0.6501842435901128,0.995335902315882,test,0.34515165872576914
G420T,0.5081539976280709,0.918128466490253,test,0.40997446886218214
G420V,0.22783314954840433,0.941940817749427,test,0.7141076682010226
G420W,0.200330102212174,0.77020889605203,test,0.569878793839856
G420Y,0.2079074304949043,0.821397136970452,test,0.6134897064755478
G442A,1.1226971159673527,0.987314987472596,train,0.13538212849475662
G442C,0.7291581358014776,1.00042169806626,test,0.2712635622647823
G442D,0.7291581358014776,0.994603757580652,test,0.2654456217791744
G442E,0.7291581358014776,0.997091860885994,test,0.2679337250845164
G442F,0.7291581358014776,0.999779503498833,test,0.27062136769735545
G442H,0.7291581358014776,0.992646529527265,test,0.26348839372578736
G442I,0.7291581358014776,1.00780499314268,test,0.2786468573412024
G442K,0.7291581358014776,0.988546862836758,test,0.2593887270352804
G442L,0.7291581358014776,1.01142905977542,test,0.2822709239739425
G442M,0.7291581358014776,1.0137053567003,test,0.28454722089882245
G442N,0.7291581358014776,1.01085296985139,test,0.28169483404991236
G442P,0.7291581358014776,0.938960992592355,test,0.2098028567908774
G442Q,0.7291581358014776,0.995307081320308,test,0.2661489455188304
G442R,0.7291581358014776,1.00734516340298,test,0.2781870276015024
G442S,0.7291581358014776,1.00156029023693,test,0.27240215443545246
G442T,0.7291581358014776,0.991915360526608,test,0.2627572247251304
G442V,0.7291581358014776,1.01644560672767,test,0.28728747092619233
G442W,0.7291581358014776,0.999449191941121,test,0.27029105613964344
G442Y,0.7291581358014776,1.0032385938629,test,0.27408045806142245
G450A,1.057395706490622,0.961296533552102,train,0.0960991729385201
G450C,0.6965074310631127,0.984268880163913,test,0.28776144910080026
G450D,0.6965074310631127,0.96856566857576,test,0.27205823751264724
G450E,0.6965074310631127,0.960934487013044,test,0.2644270559499312
G450F,0.6965074310631127,0.936219174669777,test,0.23971174360666425
G450H,0.6965074310631127,0.97003374324935,test,0.27352631218623724
G450I,0.6965074310631127,0.943014228817236,test,0.2465067977541232
G450K,0.6965074310631127,0.966853199311111,test,0.2703457682479983
G450L,0.6965074310631127,0.959243768408363,test,0.26273633734525026
G450M,0.6965074310631127,0.967787714902779,test,0.2712802838396663
G450N,0.6965074310631127,0.980526294590427,test,0.2840188635273142
G450P,0.6965074310631127,0.854902040980237,test,0.15839460991712428
G450Q,0.6965074310631127,0.964999368490298,test,0.26849193742718525
G450R,0.6965074310631127,0.944386050210848,test,0.24787861914773524
G450S,0.6965074310631127,0.971256501425592,test,0.2747490703624792
G450T,0.6965074310631127,0.961093163696108,test,0.26458573263299523
G450V,0.6965074310631127,0.910975037817794,test,0.21446760675468124
G450W,0.6965074310631127,0.927191107683443,test,0.2306836766203303
G450Y,0.6965074310631127,0.939192389682103,test,0.2426849586189902
G456A,1.0827188272328305,0.971386184838873,train,0.11133264239395757
G456C,0.7091689914342174,0.992701729622624,test,0.28353273818840663
G456D,0.7091689914342174,0.960312571327579,test,0.25114357989336156
G456E,0.7091689914342174,0.962368530648571,test,0.25319953921435356
G456F,0.7091689914342174,0.958185883201183,test,0.24901689176696562
G456H,0.7091689914342174,0.972231163575014,test,0.26306217214079664
G456I,0.7091689914342174,0.923396363674431,test,0.2142273722402136
G456K,0.7091689914342174,1.0029702936181,test,0.29380130218388256
G456L,0.7091689914342174,0.958162504275115,test,0.24899351284089755
G456M,0.7091689914342174,0.951639207649699,test,0.2424702162154816
G456N,0.7091689914342174,0.982965622770812,test,0.2737966313365946
G456P,0.7091689914342174,0.939455767203331,test,0.2302867757691136
G456Q,0.7091689914342174,0.984920146968594,test,0.27575115553437657
G456R,0.7091689914342174,0.992331378906864,test,0.28316238747264655
G456S,0.7091689914342174,0.96081003951541,test,0.2516410480811926
G456T,0.7091689914342174,0.931220831466286,test,0.22205184003206857
G456V,0.7091689914342174,0.928169291912117,test,0.21900030047789953
G456W,0.7091689914342174,0.929025790720197,test,0.21985679928597957
G456Y,0.7091689914342174,0.937861543353669,test,0.2286925519194516
G52A,-0.9814239102973739,0.149137965319331,train,1.1305618756167048
G52C,-0.8776690176561495,0.192730267567657,train,1.0703992852238065
G52D,-1.1186479849354294,0.0949162668919021,train,1.2135642518273315
G52E,-1.2086932697108814,0.0586956198319835,train,1.2673888895428649
G52F,-1.0377449071858864,0.130302183141086,train,1.1680470903269724
G52H,-1.0474833117876416,0.125945630076623,train,1.1734289418642647
G52I,-1.0967877767356882,0.106660319972196,train,1.2034480967078842
G52K,-1.1047447559121268,0.101110321953595,train,1.2058550778657218
G52L,-1.1978374474329696,0.0661981522946735,train,1.2640355997276431
G52M,-1.1693966833275846,0.0775863632425031,train,1.2469830465700877
G52N,0.295244927930912,0.662399543117527,train,0.367154615186615
G52P,-1.3053079120290727,0.0604536999865644,test,1.365761612015637
G52Q,-1.225377045327991,0.0551707850592245,train,1.2805478303872155
G52R,-1.1988811622324826,0.064259274087395,train,1.2631404363198777
G52S,-0.5345913465006795,0.328876168273242,train,0.8634675147739215
G52T,-1.0919914709693392,0.106483957283449,train,1.1984754282527883
G52V,-1.1948438081961221,0.065954165677762,train,1.2607979738738841
G52W,-1.2488834254347418,0.0457579242928992,train,1.294641349727641
G52Y,-1.3059745374195773,0.0886893832617795,test,1.3946639206813567
G66A,1.1827990271923827,1.00996755341528,train,0.17283147377710262
G66C,0.40025862408928253,0.992864925903408,test,0.5926063018141254
G66D,0.9565152854733281,0.949214062491351,test,0.007301222981977107
G66E,0.9706605182219494,0.958172084256099,test,0.01248843396585042
G66F,0.5626233875292055,0.914896828571616,test,0.35227344104241054
G66H,0.8426097777291321,1.01301878921102,test,0.17040901148188792
G66I,0.5540804744322241,0.917745612702017,test,0.36366513826979296
G66K,0.9416749823180393,0.996817965501987,test,0.055142983183947725
G66L,0.8359233975866207,0.918059221085326,test,0.0821358234987053
G66M,0.5446909032884459,0.95287020671828,test,0.4081793034298341
G66N,0.9491089826858907,0.994038548516512,test,0.04492956583062124
G66P,0.6297365227831566,0.802350224566666,test,0.17261370178350943
G66Q,0.7349808695621629,1.01353320312645,test,0.278552333564287
G66R,1.2409277521707356,0.991253038918164,test,0.24967471325257162
G66S,1.3640168851416252,0.974770904018832,test,0.3892459811227932
G66T,0.9386813062797632,0.955534232864266,test,0.01685292658450277
G66V,0.7876714005620382,0.959949998038841,test,0.17227859747680274
G66W,0.33676772858631315,0.900638614769648,test,0.5638708861833348
G66Y,0.6045705337160943,0.921739086519698,test,0.3171685528036038
G97A,1.136340555660909,0.992751029509495,train,0.14358952615141396
G97C,0.7359798556482557,0.988250755176949,test,0.2522708995286933
G97D,0.7359798556482557,0.981549605344886,test,0.24556974969663026
G97E,0.7359798556482557,0.965084079279748,test,0.2291042236314923
G97F,0.7359798556482557,0.952761935485105,test,0.21678207983684927
G97H,0.7359798556482557,1.01007949193496,test,0.2740996362867043
G97I,0.7359798556482557,0.768726401852859,test,0.032746546204603266
G97K,0.7359798556482557,0.989162224080021,test,0.2531823684317652
G97L,0.7359798556482557,0.977096663354659,test,0.2411168077064032
G97M,0.7359798556482557,0.919309695744275,test,0.18332984009601927
G97N,0.7359798556482557,0.947427356842996,test,0.2114475011947402
G97P,0.7359798556482557,0.488617508737211,test,0.24736234691104475
G97Q,0.7359798556482557,1.01854805274083,test,0.2825681970925742
G97R,0.7359798556482557,1.01243460256224,test,0.2764547469139842
G97S,0.7359798556482557,0.975551153698111,test,0.23957129804985522
G97T,0.7359798556482557,1.00583459671041,test,0.26985474106215435
G97V,0.7359798556482557,0.867308724674917,test,0.1313288690266613
G97W,0.7359798556482557,0.900878402529079,test,0.16489854688082328
G97Y,0.7359798556482557,0.906820514334354,test,0.1708406586860982
H124A,1.2384808851515814,1.031820281445,train,0.20666060370658146
H124C,1.2067519823550752,1.02080135234271,train,0.18595063001236523
H124D,1.0503135339566718,0.896136956864433,test,0.15417657709223886
H124E,1.0786317115939772,0.966552939714763,train,0.11207877187921422
H124F,1.1525556416823548,0.997674709625275,train,0.15488093205707976
H124G,0.9185068361093327,0.906525963077718,train,0.011980873031614658
H124I,1.397384960309724,1.00235245866193,test,0.395032501647794
H124K,1.1796930672393025,1.00846245643371,train,0.17123061080559254
H124L,1.7600181366456678,1.0162844843495,test,0.7437336522961677
H124M,1.4134273099629464,1.02644391453361,test,0.38698339542933646
H124N,1.10167479828762,0.977341409540378,train,0.12433338874724209
H124P,0.3414160187561706,0.131749189810894,test,0.2096668289452766
H124Q,1.2032189529875055,1.01700775676894,train,0.18621119621856552
H124R,1.1917646563323068,1.01355147377863,train,0.1782131825536768
H124S,1.1117452422001772,0.981919751967216,train,0.1298254902329612
H124T,1.1656986115025418,1.00314940286496,train,0.16254920863758193
H124V,1.2043214094995873,1.01696017373255,train,0.18736123576703734
H124W,1.110330676734531,0.982334555924381,train,0.12799612081014988
H124Y,1.2000953389556832,1.01492333214741,train,0.18517200680827317
H181A,0.8545453853689793,0.880609693111866,train,0.026064307742886705
H181C,-0.025518802506818206,0.890271226353117,test,0.9157900288599352
H181D,0.34380357108020837,0.105509488121629,test,0.23829408295857937
H181E,0.8382344403731281,0.864672467186495,test,0.026438026813366933
H181F,0.8137468296278385,0.863014580656736,test,0.049267751028897466
H181G,0.4582549985159226,0.856879967678625,test,0.39862496916270235
H181I,0.10490118254496222,0.706492317155368,test,0.6015911346104057
H181K,0.5032080124783356,0.960770996308345,test,0.4575629838300094
H181L,0.583297884321432,0.950825076602801,test,0.367527192281369
H181M,0.288954613348734,0.887252800144814,test,0.5982981867960799
H181N,0.10255463628171496,0.871520596729477,test,0.7689659604477621
H181P,-1.134352221833192,0.0880252752402914,train,1.2223774970734835
H181Q,0.34304913966351697,0.907552315292726,test,0.5645031756292089
H181R,0.8576498185813968,1.02512162133809,test,0.16747180275669327
H181S,0.3827489269819751,0.826653145957503,test,0.44390421897552795
H181T,0.44602128999143537,0.868803764732718,test,0.42278247474128267
H181V,0.2113873412135217,0.754899710246329,test,0.5435123690328072
H181W,0.2162768964045388,0.839057859116706,test,0.6227809627121672
H181Y,1.5215196508169218,0.947129235646167,test,0.5743904151707547
H23A,0.0388228102978872,0.555390382248683,train,0.5165675719507958
H23C,-0.10152960578594866,0.577398619123864,test,0.6789282249098127
H23D,0.49137870558106306,0.296390442980831,test,0.19498826260023205
H23E,0.30310588020988233,0.0774002474468764,test,0.22570563276300593
H23F,0.32956544195339005,0.875505798115464,test,0.5459403561620739
H23G,-0.323578337443525,0.0362788482966023,test,0.35985718574012726
H23I,-0.2542686096822883,0.192783168486815,test,0.44705177816910335
H23K,-0.17838895455093778,0.144960715681595,test,0.3233496702325328
H23L,-0.05324078871484156,0.302922563614715,test,0.35616335232955654
H23M,-0.14206463960927346,0.467760735744232,test,0.6098253753535054
H23N,0.2215737474887814,0.504090590595641,test,0.2825168431068596
H23P,-0.13691907000534437,0.0460172906706585,test,0.18293636067600288
H23Q,-0.00781800406381622,0.422248876131182,test,0.4300668801949982
H23R,0.006052081598104719,0.166175070489962,test,0.16012298889185728
H23S,0.235389813892331,0.557926984803917,test,0.322537170911586
H23T,0.04866705342625727,0.455360858354694,test,0.4066938049284367
H23V,0.024612943123678177,0.304857416268859,test,0.2802444731451808
H23W,-0.15439403133086665,0.853927676488287,test,1.0083217078191538
H23Y,0.4316738143353334,0.876311800645381,test,0.44463798631004753
H257A,0.41167397628904473,0.70401753732008,train,0.29234356103103526
H257C,0.373646565962325,0.648664011953834,test,0.27501744599150907
H257D,0.373646565962325,0.136870416894045,test,0.23677614906827998
H257E,0.373646565962325,0.0819325490975431,test,0.2917140168647819
H257F,0.373646565962325,0.11114014374667,test,0.262506422215655
H257G,0.373646565962325,0.686178037103877,test,0.31253147114155205
H257I,0.373646565962325,0.0748811824567789,test,0.2987653835055461
H257K,0.373646565962325,0.860696277907809,test,0.487049711945484
H257L,0.373646565962325,0.0725576103090176,test,0.3010889556533074
H257M,0.373646565962325,0.39766409405974,test,0.02401752809741503
H257N,0.373646565962325,0.961929827668886,test,0.588283261706561
H257P,0.373646565962325,0.104198171891543,test,0.26944839407078197
H257Q,0.373646565962325,0.902959428647807,test,0.5293128626854819
H257R,0.373646565962325,0.982663648947064,test,0.609017082984739
H257S,0.373646565962325,0.750002331297456,test,0.376355765335131
H257T,0.373646565962325,0.131805927097046,test,0.24184063886527898
H257V,0.373646565962325,0.107724713503904,test,0.265921852458421
H257W,0.373646565962325,0.0692798086558923,test,0.3043667573064327
H257Y,0.373646565962325,0.464305788181631,test,0.090659222219306
H285A,-0.5117252930280127,0.337018261944851,train,0.8487435549728637
H285C,-0.7820449191972507,0.261502285288175,test,1.0435472044854257
H285D,-1.2039561050516814,0.0626004506809641,train,1.2665565557326455
H285E,-0.813457901799918,0.113772199936514,test,0.9272301017364319
H285F,-0.17398850361231938,0.0987969210664551,test,0.2727854246787745
H285G,-0.7626463470858447,0.20667170744868,test,0.9693180545345247
H285I,-0.1814601033599192,0.0648356408306837,test,0.2462957441906029
H285K,-1.0164889669256945,0.0841557082475128,test,1.1006446751732073
H285L,-0.04051132320049783,0.113661146362404,test,0.15417246956290181
H285M,-0.06614929983160062,0.186064451294167,test,0.2522137511257676
H285N,-1.0164889669256945,0.485358196640069,test,1.5018471635657635
H285P,-1.0147643775001467,0.118969831283687,test,1.1337342087838338
H285Q,-0.25052603861879236,0.732781313954385,test,0.9833073525731773
H285R,-1.0043284374893369,0.0643660936780207,test,1.0686945311673575
H285S,-0.4681559444227989,0.730791044606975,test,1.198946989029774
H285T,-0.4869767454765234,0.0763911010488283,test,0.5633678465253518
H285V,-0.13049862420108832,0.0564783800320287,test,0.18697700423311703
H285W,-0.40148413548787326,0.102533211153806,test,0.5040173466416793
H285Y,0.04938430549660572,0.142072189289048,test,0.09268788379244228
H287A,-0.7261499890886469,0.254254926018154,train,0.980404915106801
H287C,-0.8246115186654279,0.062142176340697,test,0.8867536950061249
H287D,-1.1513658934312105,0.0828345562294026,train,1.2342004496606132
H287E,-1.2296703736503303,0.0522807376329705,train,1.2819511112833009
H287F,-1.2761081558949212,0.128781471693052,test,1.4048896275879732
H287G,-1.2761081558949212,0.159777771158706,test,1.4358859270536273
H287I,-1.2761081558949212,0.140248347662516,test,1.4163565035574373
H287K,-1.1719661979519498,0.0757436361743922,train,1.247709834126342
H287L,-1.1897659536579348,0.0692908942701931,train,1.2590568479281279
H287M,-1.2761081558949212,0.143984492781904,test,1.4200926486768253
H287N,-1.1941764388682667,0.0656029641288148,train,1.2597794029970815
H287P,-1.116117477784155,0.098616881209086,train,1.214734358993241
H287Q,-0.6540053953784231,0.0950828384065271,test,0.7490882337849502
H287R,-1.2411193952294384,0.0473335178438227,train,1.2884529130732612
H287S,-1.2698854800991257,0.090999644832213,test,1.3608851249313387
H287T,-0.708453510091493,0.0804835545070554,test,0.7889370645985484
H287V,-1.2761081558949212,0.315763524111689,test,1.5918716800066102
H287W,-1.2761081558949212,0.053655437841337,test,1.3297635937362582
H287Y,-0.9836627389174297,0.0945759225346312,test,1.078238661452061
H291A,-0.2856731572811881,0.42634547564112,train,0.7120186329223082
H291C,-0.48832748108735297,0.454465878540445,test,0.942793359627798
H291D,-0.22053914922732426,0.0614369792502856,test,0.2819761284776099
H291E,-0.4838604180417185,0.0456173072590754,test,0.5294777253007938
H291F,0.17122773158676635,0.104519518463194,test,0.06670821312357235
H291G,0.08328376255937903,0.459876741560189,test,0.37659297900080996
H291I,0.08707728449422808,0.351962249105254,test,0.2648849646110259
H291K,-0.36656587502253574,0.0899316307357229,test,0.45649750575825865
H291L,-0.026780588877320655,0.182376657035937,test,0.20915724591325766
H291M,-0.10183346240749097,0.1576728991015,test,0.259506361508991
H291N,-0.07290587346347616,0.514808103378187,test,0.5877139768416633
H291P,-0.4824539620942225,0.116281247012547,test,0.5987352091067695
H291Q,0.2060066261562295,0.920533774912329,test,0.7145271487560996
H291R,-0.10507898743466265,0.175157557644254,test,0.28023654507891665
H291S,0.06964290992064198,0.434675280422441,test,0.36503237050179904
H291T,0.004244640315377579,0.268678587107032,test,0.26443394679165444
H291V,-0.011148790501666228,0.421613131058085,test,0.43276192155975124
H291W,-0.10229929677364064,0.105603613558033,test,0.20790291033167363
H291Y,0.19819045939589058,0.0826843455945609,test,0.11550611380132968
H308A,1.3546166671343318,1.07942131862263,train,0.2751953485117018
H308C,0.7992419498795105,0.927741363822871,test,0.1284994139433605
H308D,0.2368556149991044,0.16395675020283,test,0.07289886479627442
H308E,0.2368556149991044,0.143329855626616,test,0.09352575937248842
H308F,1.1672214594722465,0.888025790808528,test,0.2791956686637186
H308G,0.5607014070970546,1.00133504362849,test,0.4406336365314354
H308I,1.2542908334257294,1.07999620712881,test,0.17429462629691939
H308K,0.5164578659037957,0.985568979138326,test,0.46911111323453025
H308L,1.879097769886208,0.857435066197273,test,1.0216627036889347
H308M,1.3433522596141305,0.944023461635736,test,0.3993287979783945
H308N,0.6052115677559566,0.8859601370796,test,0.28074856932364334
H308P,0.2368556149991044,0.0930291610332055,test,0.14382645396589888
H308Q,0.7234117384411665,0.960665747988115,test,0.23725400954694853
H308R,0.2369611176655369,0.279112365912923,test,0.042151248247386086
H308S,0.4634598627302556,1.05950072117387,test,0.5960408584436145
H308T,0.9312616316814744,1.32784833233563,test,0.3965867006541557
H308V,1.219257669106641,1.02066299321374,test,0.19859467589290092
H308W,1.2604418051767023,0.0641415035381909,test,1.1963003016385114
H308Y,1.3384973584577669,0.896504686572531,test,0.44199267188523583
H321A,-0.9801172762540706,0.15075143465376,train,1.1308687109078306
H321C,-0.8502128435560348,0.0434230098877375,test,0.8936358534437723
H321D,-0.6089569943304038,0.164474949396745,test,0.7734319437271489
H321E,-0.5867306868284565,0.134529389410551,test,0.7212600762390076
H321F,-0.6133167253455536,0.0549279202709685,test,0.6682446456165221
H321G,-0.5022115237383264,0.124686510796894,test,0.6268980345352204
H321I,-0.21027052221658055,0.0907797716346887,test,0.30105029385126925
H321K,-1.2181189744035525,0.057206292796924,train,1.2753252672004765
H321L,-0.3160811334654507,0.0688089569070836,test,0.3848900903725343
H321M,-0.3055138432621067,0.174150002820099,test,0.4796638460822057
H321N,-0.7469330928179243,0.197588611290692,test,0.9445217041086162
H321P,-0.8781416650305567,0.114211239304792,test,0.9923529043353487
H321Q,-0.2721710052936696,0.235422469778248,test,0.5075934750719175
H321R,-0.28519223435286806,0.174040250090625,test,0.45923248444349307
H321S,-0.5574647125187049,0.184204840327968,test,0.7416695528466729
H321T,-0.65674141792916,0.0514032202633984,test,0.7081446381925584
H321V,-0.20078966197022113,0.116307896569796,test,0.31709755854001714
H321W,-1.0863377749009993,0.0485648534634089,test,1.1349026283644081
H321Y,-0.5167673372912436,0.0992387900185727,test,0.6160061273098163
H399A,0.24621858608456476,0.638246271407965,train,0.3920276853234002
H399C,-0.17562067673814313,0.623528498398581,test,0.7991491751367241
H399D,0.29490972922003605,0.576874328472166,test,0.28196459925212997
H399E,0.07538942804497856,0.0889370396723108,test,0.013547611627332243
H399F,0.16157394002830655,0.802477985149954,test,0.6409040451216474
H399G,0.10615665612851016,0.405071828888017,test,0.29891517275950685
H399I,0.17962017976399564,0.215218189375444,test,0.03559800961144838
H399K,-0.12590853404322638,0.192550973139613,test,0.3184595071828394
H399L,0.09461789688644201,0.704846390403456,test,0.6102284935170139
H399M,-0.21725455273631228,0.544987932009384,test,0.7622424847456963
H399N,0.35031460197958714,0.745308098774204,test,0.39499349679461687
H399P,-0.0023129454704857166,0.112003053285577,test,0.11431599875606271
H399Q,0.2130606050802744,0.622311705887692,test,0.4092511008074176
H399R,0.12301345641743394,0.0480728338433835,test,0.07494062257405044
H399S,0.1928215304907202,0.563616700753865,test,0.37079517026314485
H399T,-0.1443214765708553,0.491039493924047,test,0.6353609704949024
H399V,-0.24579786962257438,0.442327585475801,test,0.6881254550983753
H399W,-0.23838133269847,0.0827556895116859,test,0.3211370222101559
H399Y,0.2294928726466648,0.644812889039332,test,0.4153200163926672
H430A,0.9757959825691387,0.928594862954034,train,0.04720111961510465
H430C,0.6658535433004804,0.988407160895745,test,0.3225536175952646
H430D,0.6695714248680407,0.779070599704886,test,0.10949917483684535
H430E,0.4679798731258185,0.81608814362443,test,0.34810827049861154
H430F,0.35520095880225006,0.986870294161215,test,0.6316693353589649
H430G,0.6677852784628211,0.777936238007734,test,0.11015095954491294
H430I,0.0037933368233034614,0.790080067523266,test,0.7862867306999626
H430K,0.7551451072800095,0.89448902439775,test,0.13934391711774052
H430L,0.2612540156879391,0.861181305147182,test,0.5999272894592429
H430M,0.2804020905742775,0.936318145469255,test,0.6559160548949774
H430N,0.8668367433458233,0.963722584036481,test,0.09688584069065775
H430P,0.3352388160500706,0.111003026423018,test,0.2242357896270526
H430Q,0.5025270828759769,0.904657613479543,test,0.40213053060356607
H430R,0.727977053615108,0.846119044121962,test,0.11814199050685403
H430S,0.775134948043652,0.89348307904946,test,0.11834813100580799
H430T,0.27844532148730755,,,
H430V,0.5439307049158142,0.871182574422185,test,0.32725186950637086
H430W,-0.306120784614988,0.899745105987562,test,1.20586589060255
H430Y,0.6803176910156186,0.987947250214128,test,0.30762955919850943
H44A,0.9259137500779495,0.908341819692456,train,0.01757193038549354
H44C,-0.4081947308228457,0.741533485933872,test,1.1497282167567178
H44D,0.36318966936927316,0.732033970910877,test,0.3688443015416038
H44E,0.765475353833871,0.846926026783338,test,0.08145067294946695
H44F,0.3002117350470837,0.367183668459214,test,0.06697193341213031
H44G,0.5946324229478499,0.92803902031529,test,0.33340659736744005
H44I,0.4188073255311338,0.741688286296814,test,0.32288096076568024
H44K,0.5848321875921556,0.807065775890392,test,0.22223358829823636
H44L,0.46537111781908186,0.545971589552889,test,0.08060047173380719
H44M,0.5999219418211084,0.702751599090435,test,0.10282965726932669
H44N,0.6077017238925357,0.848350325990555,test,0.2406486020980193
H44P,-0.43639789634324794,0.109614458651294,test,0.5460123549945419
H44Q,0.45211310120455656,0.811691531542825,test,0.3595784303382685
H44R,0.7772025270127862,0.937310355894587,test,0.16010782888180075
H44S,0.5767361464511573,0.871715807652799,test,0.29497966120164165
H44T,0.5521262314685664,0.761430634475001,test,0.2093044030064346
H44V,0.6751254898180576,0.61851518048306,test,0.056610309334997666
H44W,-0.0330047192343183,0.0468495968518301,test,0.0798543160861484
H44Y,0.17090173172133843,0.206929155517725,test,0.03602742379638657
I101A,1.1183182907179336,0.984580055209434,train,0.13373823550849961
I101C,0.6108335340508226,0.968269182324262,test,0.3574356482734393
I101D,0.09871126022434856,0.798120743770683,test,0.6994094835463345
I101E,0.1850755802884017,0.945324299650888,test,0.7602487193624863
I101F,1.0538000335584137,0.932221796650412,test,0.12157823690800162
I101G,0.573325381550994,0.963356947040349,test,0.390031565489355
I101H,0.09859279424629014,0.962935033992168,test,0.8643422397458778
I101K,0.12411506640282083,0.909738934731387,test,0.7856238683285661
I101L,1.6041607535237805,0.9770117498627,test,0.6271490036610805
I101M,1.5398351354537372,1.02258565010005,test,0.5172494853536871
I101N,0.09859279424629014,0.959532208350728,test,0.860939414104438
I101P,0.8849102468684542,0.62932843237895,test,0.25558181448950423
I101Q,0.3002811300800144,0.957740546698109,test,0.6574594166180947
I101R,0.09859279424629014,0.866861703914157,test,0.7682689096678668
I101S,0.7724773560659095,0.946659333533891,test,0.17418197746798147
I101T,0.7664364638398773,0.930237984971544,test,0.16380152113166668
I101V,1.6272746633780617,1.00746786726594,test,0.6198067961121216
I101W,0.314468806962692,0.959575715050119,test,0.645106908087427
I101Y,0.5583878253249246,0.968082629700453,test,0.4096948043755284
I143A,1.1404263712280036,0.99369141105507,train,0.14673496017293364
I143C,0.2819054380925055,0.996962225752037,test,0.7150567876595315
I143D,0.38948893134854773,0.481670816193456,test,0.09218188484490825
I143E,0.23643445870755914,0.963983916424403,test,0.7275494577168438
I143F,0.5546702345916925,0.854136137718851,test,0.2994659031271585
I143G,0.3147942905340467,0.94202197230397,test,0.6272276817699234
I143H,0.4175476478004639,0.95076331088492,test,0.5332156630844562
I143K,0.6311760839696285,0.108289882282136,test,0.5228862016874926
I143L,1.335966223193215,1.0273085024658,test,0.30865772072741504
I143M,0.9996037586597568,0.990220406784236,test,0.009383351875520862
I143N,0.6693427223968564,0.922579223786603,test,0.2532365013897465
I143P,0.6832919767624164,0.745890066473509,test,0.0625980897110926
I143Q,0.5973336190480945,0.989988919633448,test,0.3926553005853536
I143R,0.6520953203384829,0.0972411723242212,test,0.5548541480142617
I143S,0.7536310381922684,1.00458060593219,test,0.2509495677399216
I143T,0.937606584812877,0.982540514857904,test,0.04493393004502699
I143V,1.297805328684622,0.996790451185369,test,0.30101487749925304
I143W,0.4191250630775221,0.119468616136155,test,0.2996564469413671
I143Y,0.17043652882437949,0.908432001105359,test,0.7379954722809796
I164A,0.9565104408855687,0.923793920574452,train,0.032716520311116715
I164C,-0.9556577358278959,0.740503414100539,test,1.696161149928435
I164D,-1.081538317538258,0.110171777664897,train,1.191710095203155
I164E,-1.1875383481113495,0.0681559275008437,train,1.2556942756121932
I164F,-0.9556577358278959,0.184722432559636,test,1.1403801683875319
I164G,-0.9556577358278959,0.112555155744725,test,1.068212891572621
I164H,-0.7516493739060879,0.0892814744562556,test,0.8409308483623434
I164K,-1.1173808069336397,0.0970256424683885,train,1.2144064494020281
I164L,-0.4376415840053917,0.0844546361520953,test,0.522096220157487
I164M,-0.07960997681924104,0.117780724374246,test,0.19739070119348703
I164N,-0.5264751556593543,0.0850960977727541,test,0.6115712534321084
I164P,-0.26160817637804085,0.613190786047082,test,0.8747989624251229
I164Q,-0.5521864503912903,0.0970758967667947,test,0.6492623471580851
I164R,-0.9556577358278959,0.118980899179903,test,1.074638635007799
I164S,-0.1921032340492656,0.58913744678596,test,0.7812406808352257
I164T,-0.018486685094297906,0.578834591382057,test,0.5973212764763549
I164V,0.09488406643267583,0.841322807494927,test,0.7464387410622513
I164W,-1.2584074213470369,0.0405559629532183,train,1.2989633843002553
I164Y,-0.9555612071318285,0.110205820940279,test,1.0657670280721074
I165A,1.0396396184902361,0.955776584955164,train,0.08386303353507207
I165C,-0.23507583619652722,0.968222131789075,test,1.2032979679856022
I165D,-1.0751290761981545,0.111960450490343,train,1.1870895266884975
I165E,-0.5494040791141384,0.322470517841326,train,0.8718745969554644
I165F,0.3851155574280423,0.86146010664351,test,0.4763445492154677
I165G,-0.08923632602711423,0.806615353369799,test,0.8958516793969131
I165H,-0.45532968972701043,0.259837806301441,test,0.7151674960284514
I165K,-0.45532968972701043,0.378835154999866,test,0.8341648447268764
I165L,0.5502016074436025,1.00494917062512,test,0.45474756318151743
I165M,0.6343182994502907,0.966065691043046,test,0.33174739159275524
I165N,-0.4467555177381594,0.460534290545057,test,0.9072898082832164
I165P,0.3704289180514327,0.819709452055592,test,0.4492805340041593
I165Q,-0.26357906138849246,0.833645046674828,test,1.0972241080633205
I165R,-0.267258309063175,0.14774819339531,test,0.415006502458485
I165S,-0.15756318570806366,0.874327718049425,test,1.0318909037574886
I165T,0.3169566294015596,0.978178949642015,test,0.6612223202404555
I165V,1.0680611010029626,0.982538222029293,test,0.08552287897366961
I165W,-0.44983988997367946,0.117548059289405,test,0.5673879492630844
I165Y,0.10052543637692507,0.135451785170528,test,0.03492634879360293
I18A,0.18908811820149835,0.61533124496574,train,0.42624312676424164
I18C,0.2623536369185491,0.645785897960935,test,0.38343226104238587
I18D,0.2623536369185491,0.171331861578031,test,0.09102177534051814
I18E,0.2623536369185491,0.578638123342172,test,0.3162844864236229
I18F,0.2623536369185491,0.716756503830102,test,0.4544028669115529
I18G,0.2623536369185491,0.120191473403056,test,0.14216216351549313
I18H,0.2623536369185491,0.564345211415834,test,0.3019915744972849
I18K,0.2623536369185491,0.910858546318986,test,0.6485049094004369
I18L,0.2623536369185491,0.484108257909858,test,0.22175462099130888
I18M,0.2623536369185491,0.756650997274685,test,0.49429736035613586
I18N,0.2623536369185491,0.184509109127245,test,0.07784452779130413
I18P,0.2623536369185491,0.166641536274869,test,0.09571210064368013
I18Q,0.2623536369185491,0.757903595182169,test,0.49554995826361986
I18R,0.2623536369185491,0.765214534898784,test,0.5028608979802349
I18S,0.2623536369185491,0.340870624670814,test,0.0785169877522649
I18T,0.2623536369185491,0.650478809933073,test,0.3881251730145239
I18V,0.2623536369185491,0.857008163423209,test,0.5946545265046599
I18W,0.2623536369185491,0.113890986967594,test,0.14846264995095512
I18Y,0.2623536369185491,0.710872493781634,test,0.44851885686308485
I190A,-0.08798560794824611,0.506280838854089,train,0.5942664468023351
I190C,-0.562518191572206,0.806354108952748,test,1.368872300524954
I190D,-1.1421848393910121,0.0947851632876497,test,1.2369700026786619
I190E,-1.225601839019462,0.0544314225771229,train,1.280033261596585
I190F,-1.1569914457918156,0.0805949944205892,train,1.2375864402124048
I190G,-1.0798419200295797,0.1100566828576,train,1.1898986028871796
I190H,-1.1421848393910121,0.0333548666993825,test,1.1755397060903947
I190K,-0.9535106104246243,0.0616696548190125,test,1.0151802652436368
I190L,0.6205289381987455,0.789258129862468,train,0.16872919166372247
I190M,-0.4972128083146909,0.680503874803228,test,1.1777166831179189
I190N,-1.1334348357312773,0.0886491604622571,test,1.2220839961935344
I190P,-0.7849719633541632,0.0737797071190601,test,0.8587516704732233
I190Q,-1.1421848393910121,0.157209758712492,test,1.299394598103504
I190R,-1.1421848393910121,0.128050072269452,test,1.270234911660464
I190S,-1.1186179899830133,0.094746321524228,train,1.2133643115072412
I190T,-0.1263595770675056,0.242781857720787,test,0.36914143478829264
I190V,0.14183306730934403,0.888784621101252,test,0.746951553791908
I190W,-1.1421848393910121,0.184202736677161,test,1.3263875760681731
I190Y,-0.9301329676118559,0.197434748588146,test,1.127567716200002
I208A,1.075954225399868,0.9683664024107,train,0.10758782298916791
I208C,0.8054685362990694,1.0080902406898,test,0.20262170439073057
I208D,0.06244037400935826,0.0957554416887791,test,0.03331506767942084
I208E,0.06244037400935826,0.149207943944862,test,0.08676756993550375
I208F,1.0490122335128929,0.963845916030491,test,0.08516631748240189
I208G,0.3061839764456709,0.57184401079117,test,0.26566003434549906
I208H,0.5757904237529567,0.794862898170918,test,0.2190724744179613
I208K,0.06244037400935826,0.0600117963385138,test,0.0024285776708444576
I208L,1.1161242655016954,1.00544586091051,test,0.1106784045911855
I208M,1.3745347774250218,1.03316326983823,test,0.3413715075867918
I208N,0.06244037400935826,0.602123442468357,test,0.5396830684589988
I208P,0.06244037400935826,0.156902953530323,test,0.09446257952096473
I208Q,0.06244037400935826,0.533602359843839,test,0.4711619858344807
I208R,0.06244037400935826,0.179337371427923,test,0.11689699741856474
I208S,0.6595420994396362,0.788154205414199,test,0.12861210597456285
I208T,0.9861429618637052,0.954053724844883,test,0.03208923701882216
I208V,1.3348802575993721,0.978903507579337,test,0.35597675002003515
I208W,0.4738858903296875,0.962271196414675,test,0.4883853060849875
I208Y,0.9004312105274641,1.0012276652574,test,0.10079645472993581
I232A,-1.1208726368379933,0.0933154702213075,train,1.2141881070593008
I232C,-0.5948542419113094,0.655029761465745,test,1.2498840033770544
I232D,-1.0009635136331019,0.112622383940661,test,1.113585897573763
I232E,-1.274053286699183,0.0712987787402603,test,1.3453520654394433
I232F,-0.6788535160310536,0.121844990567032,test,0.8006985065980856
I232G,-1.2718776478243194,0.0536602423146655,test,1.325537890138985
I232H,-1.188250182249857,0.129502098291638,test,1.317752280541495
I232K,-1.274053286699183,0.0987541753442609,test,1.3728074620434438
I232L,-0.5058358154767246,0.796843300418313,test,1.3026791158950375
I232M,-0.7994049296691292,0.580241190125006,test,1.3796461197941352
I232N,-0.6042757948130086,0.0753973309606279,test,0.6796731257736366
I232P,-0.9360578434039235,0.11136430388285,test,1.0474221472867735
I232Q,-1.274053286699183,0.0785107206388504,test,1.3525640073380334
I232R,-1.274053286699183,0.160455004699761,test,1.434508291398944
I232S,-1.2701224234476287,0.0460494130212432,test,1.316171836468872
I232T,-0.67092633782186,0.112847250190966,test,0.7837735880128259
I232V,0.05222284557970541,0.92518571844847,test,0.8729628728687646
I232W,-1.2007435250043264,0.0649079516875983,train,1.2656514766919247
I232Y,-1.128294290860377,0.0927375919863939,train,1.221031882846771
I240A,0.5282580581320566,0.749405767224395,train,0.22114770909233838
I240C,0.48951277083836336,0.916579056503252,test,0.42706628566488863
I240D,-0.18124818203343723,0.149435148124179,test,0.3306833301576162
I240E,0.007035675342669079,0.575980722161888,test,0.568945046819219
I240F,0.4562821922002414,0.628362709942159,test,0.17208051774191763
I240G,-0.18124818203343723,0.484867506967871,test,0.6661156890013082
I240H,-0.18124818203343723,0.160399454047099,test,0.3416476360805362
I240K,-0.1763722515958807,0.0492512130875436,test,0.2256234646834243
I240L,1.0204759133335948,0.943995869252973,test,0.07648004408062181
I240M,1.690797795987086,0.998976524617086,test,0.6918212713699999
I240N,-0.18114136855266055,0.0711595812789547,test,0.2523009498316153
I240P,0.19539961373367737,0.120566982905689,test,0.07483263082798837
I240Q,0.19209090236865128,0.743448417640679,test,0.5513575152720278
I240R,0.15816377806504006,0.0468570343899845,test,0.11130674367505555
I240S,0.5655447131993512,0.822396388114287,test,0.25685167491493577
I240T,0.5216523045133137,0.957770619196427,test,0.43611831468311335
I240V,0.7231946522247483,0.978688117589808,test,0.2554934653650597
I240W,0.1271673499334281,0.108427217472237,test,0.018740132461191092
I240Y,0.18325150319640932,0.239849097677858,test,0.05659759448144869
I241A,0.9408980964200815,0.914230708906458,train,0.02666738751362352
I241C,0.966168399537743,0.96906551942657,test,0.0028971198888270155
I241D,0.8261234763027083,0.538850700185015,test,0.2872727761176933
I241E,0.8769628184705276,0.928239438103987,test,0.05127661963345942
I241F,0.663974474800817,0.783278162064941,test,0.1193036872641241
I241G,0.4984517240330711,0.782510124453578,test,0.28405840042050695
I241H,0.5005712108283262,0.68395913864428,test,0.1833879278159538
I241K,0.7299545138570167,0.687938735040354,test,0.04201577881666274
I241L,1.1802607023428706,0.975018058146429,test,0.20524264419644167
I241M,0.9081740828664415,0.981792036242481,test,0.07361795337603949
I241N,0.45714884158878816,0.72673365768318,test,0.26958481609439183
I241P,0.46393950496537967,0.0765743862634931,test,0.38736511870188656
I241Q,0.5935432839419867,0.883223767932672,test,0.28968048399068524
I241R,0.78169174208427,0.787537211269486,test,0.005845469185216001
I241S,0.4790319605667471,0.77932149516092,test,0.3002895345941729
I241T,0.6995581578688643,0.908285748977171,test,0.20872759110830663
I241V,1.2674827156915072,0.99425674593056,test,0.27322596976094715
I241W,0.5726728457730452,0.738688185846551,test,0.16601534007350582
I241Y,0.7050336117268756,0.794327760125377,test,0.08929414839850136
I272A,1.076705989317066,0.968313018890789,train,0.10839297042627705
I272C,0.6629623620501519,0.99296353217514,test,0.3300011701249881
I272D,0.3525960202229986,0.119809679824058,test,0.23278634039894058
I272E,0.106108803615868,1.18532207820525,test,1.079213274589382
I272F,0.9516023541571315,0.911345039372169,test,0.04025731478496242
I272G,0.5211523421658253,1.12230265604482,test,0.6011503138789946
I272H,0.641051851535245,0.85674236764798,test,0.21569051611273493
I272K,0.10685568222460878,1.30801133834473,test,1.2011556561201213
I272L,1.2254701142883704,1.00735752610212,test,0.21811258818625046
I272M,0.9488031394315186,0.992086192326942,test,0.043283052895423335
I272N,0.8113256999807454,0.797598621687663,test,0.013727078293082395
I272P,0.106108803615868,0.736884470625469,test,0.630775667009601
I272Q,0.6726048483779188,0.905753931587283,test,0.23314908320936423
I272R,0.5772683448552591,0.240304031857951,test,0.3369643129973081
I272S,0.7858318527966723,0.913232617971906,test,0.1274007651752337
I272T,1.003838805446307,0.993845189475718,test,0.00999361597058901
I272V,1.9982144035435763,0.993349254717156,test,1.0048651488264202
I272W,0.3557854367063183,0.868712163687709,test,0.5129267269813906
I272Y,0.678363792671032,1.17220726922482,test,0.493843476553788
I29A,1.0431076892233548,0.953742683841836,train,0.08936500538151881
I29C,0.8925153978440257,0.964989871846498,test,0.07247447400247231
I29D,1.0458269269543798,0.910636684878688,test,0.13519024207569186
I29E,1.0559805338916526,0.958596623189809,test,0.0973839107018436
I29F,0.9907348879483209,0.989646926338518,test,0.0010879616098028455
I29G,0.5840022207690083,0.90870515815708,test,0.32470293738807166
I29H,1.4674587729399349,1.04655631521756,test,0.4209024577223748
I29K,1.4848451213190295,1.03749567093214,test,0.44734945038688956
I29L,1.1999460715859662,1.00161525761233,test,0.19833081397363617
I29M,0.7499632671633556,0.978596846967735,test,0.22863357980437937
I29N,0.6188755174634863,0.993621730067797,test,0.3747462126043106
I29P,0.18765982566490186,0.0884473118337113,test,0.09921251383119056
I29Q,1.1056006516865224,1.01030392824736,test,0.0952967234391624
I29R,1.6402185553616686,1.01705981361104,test,0.6231587417506286
I29S,1.1603581621211099,0.977303920863581,test,0.1830542412575289
I29T,1.2313409290875335,0.963924338218966,test,0.2674165908685675
I29V,1.3666071764644592,0.979552803272415,test,0.38705437319204417
I29W,1.203923373114126,1.01902285038004,train,0.18490052273408586
I29Y,1.2147188287926447,0.999746599044243,test,0.2149722297484017
I320A,0.5402811669346175,0.753829562542317,train,0.21354839560769956
I320C,0.44622083323727685,0.788718886415702,test,0.34249805317842513
I320D,-0.10027473747480714,0.91567129329964,test,1.0159460307744472
I320E,0.27749409767056227,0.78732713770128,test,0.5098330400307178
I320F,0.9949946658802524,0.935904326370707,test,0.05909033950954545
I320G,0.5081398866871627,0.787785708361246,test,0.27964582167408325
I320H,-0.10228208908131892,0.827752050216918,test,0.930034139298237
I320K,0.5608924716832089,0.765654236822799,train,0.2047617651395901
I320L,1.1032787730246696,0.908337243768798,test,0.1949415292558716
I320M,1.305198979890065,0.878032930612817,test,0.427166049277248
I320N,0.3047440451191044,0.809062816976316,test,0.5043187718572115
I320P,0.626327911541642,0.142634745057558,test,0.483693166484084
I320Q,0.5070854399967661,0.889095281006721,test,0.38200984100995483
I320R,0.43601131883964156,0.400785307896148,test,0.035226010943493535
I320S,0.6809193110648781,0.740584550665575,test,0.05966523960069692
I320T,0.6566323314254578,0.685767385696937,test,0.02913505427147911
I320V,1.0546673807502813,0.798975291195169,test,0.25569208955511236
I320W,0.10319536834254356,0.855123508475521,test,0.7519281401329774
I320Y,0.561511392852287,0.775880387626619,test,0.21436899477433202
I339A,1.0319785008464635,0.951169395422332,train,0.08080910542413144
I339C,0.6837988282410326,0.979851193631907,test,0.29605236539087443
I339D,0.6837988282410326,0.731771161132131,test,0.04797233289109848
I339E,0.6837988282410326,0.843267224265628,test,0.1594683960245954
I339F,0.6837988282410326,0.974259522863559,test,0.29046069462252644
I339G,0.6837988282410326,0.93774503101881,test,0.25394620277777746
I339H,0.6837988282410326,0.902759237981113,test,0.21896040974008046
I339K,0.6837988282410326,0.865171470147687,test,0.18137264190665447
I339L,0.6837988282410326,0.977489992085028,test,0.2936911638439954
I339M,0.6837988282410326,0.974812519830667,test,0.2910136915896344
I339N,0.6837988282410326,0.870816110244915,test,0.18701728200388246
I339P,0.6837988282410326,0.654688260705227,test,0.029110567535805543
I339Q,0.6837988282410326,0.90601198395944,test,0.2222131557184075
I339R,0.6837988282410326,0.847600351425041,test,0.16380152318400842
I339S,0.6837988282410326,0.971430890895932,test,0.2876320626548995
I339T,0.6837988282410326,0.949441340705416,test,0.2656425124643834
I339V,0.6837988282410326,0.969475322405386,test,0.2856764941643535
I339W,0.6837988282410326,0.950493942109029,test,0.2666951138679965
I339Y,0.6837988282410326,0.899749920909311,test,0.2159510926682785
I366A,0.6945421347939194,0.816188956305795,train,0.12164682151187567
I366C,0.37273720441752106,0.89288051596074,test,0.520143311543219
I366D,-0.4017883916611699,0.036271958552395,test,0.43806035021356493
I366E,-0.4016806897922391,0.112450870810091,test,0.5141315606023301
I366F,0.17239544238527232,0.638625997532573,test,0.46623055514730066
I366G,0.28953577958400617,0.596697681886946,test,0.3071619023029399
I366H,0.25296711673574196,0.541768400563757,test,0.288801283828015
I366K,-0.40120151581031654,0.151804137556286,test,0.5530056533666026
I366L,0.28685921910596607,0.960595151091306,test,0.67373593198534
I366M,0.6323572553001329,0.945682124743641,test,0.3133248694435081
I366N,0.060915928495455296,0.833323419209969,test,0.7724074907145138
I366P,-0.0418555103362967,0.0612878517621943,test,0.103143362098491
I366Q,-0.4017883916611699,0.770416519516433,test,1.172204911177603
I366R,-0.16052111882428916,0.103127719511058,test,0.26364883833534714
I366S,0.4248864561638373,0.776875541246733,test,0.35198908508289567
I366T,0.6317719560041875,0.86347239109068,test,0.23170043508649252
I366V,0.7579637858865249,0.949394723831261,test,0.1914309379447361
I366W,-0.4016158133185596,0.091367534836915,test,0.4929833481554746
I366Y,-0.17789837943657621,0.519760075521346,test,0.6976584549579221
I367A,0.9410135398943895,0.911200091167224,train,0.029813448727165515
I367C,1.286591282999109,0.894870117310389,test,0.39172116568872006
I367D,0.2902404635489911,0.249344670864991,test,0.040895792684000065
I367E,-0.19892835397910952,0.459851673917471,train,0.6587800278965805
I367F,1.1382473277496468,0.341692822010294,test,0.7965545057393528
I367G,0.697444567414105,0.850162294157377,test,0.152717726743272
I367H,0.6475274600809167,0.774568381627046,test,0.12704092154612934
I367K,0.7569667362694075,0.319156297545551,test,0.43781043872385644
I367L,1.19399758306312,1.0876248409776,test,0.10637274208552006
I367M,2.4891002154342248,1.53429534982511,train,0.9548048656091148
I367N,0.740410833823204,0.893012303481844,test,0.15260146965863997
I367P,1.1930988321076095,0.754453499660547,test,0.4386453324470625
I367Q,0.2902404635489911,1.02269113222845,test,0.732450668679459
I367R,0.8287310319997969,0.202359225338431,test,0.6263718066613659
I367S,1.2523716518318908,0.916036641165168,test,0.3363350106667228
I367T,0.9836215068200689,0.905188106736008,test,0.07843340008406086
I367V,1.7305004235438917,0.948109261684188,test,0.7823911618597037
I367W,0.2902404635489911,0.0494239331889286,test,0.24081653036006248
I367Y,0.9413024441105877,0.146511685804768,test,0.7947907583058197
I389A,0.9270343154372149,0.908636811451884,train,0.01839750398533091
I389C,1.144899263391526,0.989333097661066,test,0.15556616573046
I389D,-0.07606941810049678,0.0200469943530788,test,0.09611641245357558
I389E,-0.07606941810049678,0.168706802084278,test,0.24477622018477477
I389F,0.7026493155247167,0.919396943173036,test,0.21674762764831934
I389G,0.8219405762175178,0.618948484814451,test,0.20299209140306684
I389H,-0.07606941810049678,0.163785252649989,test,0.23985467075048578
I389K,-0.07606941810049678,0.0983196288754722,test,0.17438904697596896
I389L,1.0237032810449946,0.925430134394946,test,0.0982731466500486
I389M,1.0966071699311257,0.932764891725576,test,0.16384227820554975
I389N,0.41368260886878444,0.111499874352955,test,0.30218273451582944
I389P,-0.07589239738608272,0.113422794188683,test,0.18931519157476573
I389Q,0.7466880241956488,0.408433611272833,test,0.33825441292281583
I389R,-0.07606941810049678,0.178337166056537,test,0.25440658415703377
I389S,0.3473132872629013,0.246825199394853,test,0.10048808786804828
I389T,0.6915075649212312,0.839945667583579,test,0.1484381026623478
I389V,1.1288116234000007,1.00211453679533,test,0.12669708660467083
I389W,-0.07606941810049678,0.241656376624543,test,0.3177257947250398
I389Y,0.5394799000126369,1.0375444074977,test,0.49806450748506315
I400A,0.9785993906663535,0.928443061012271,train,0.050156329654082454
I400C,0.3311625910602434,0.937247225634908,test,0.6060846345746647
I400D,0.8798689909044857,0.783941668608952,test,0.09592732229553369
I400E,1.0070771532116662,0.860799361672543,test,0.14627779153912324
I400F,0.5123580577842599,0.928093909420727,test,0.4157358516364671
I400G,1.0366990864634413,0.837816201859305,test,0.19888288460413628
I400H,0.658952364036244,0.910881560459529,test,0.25192919642328493
I400K,1.4944877937674654,0.974344989220263,test,0.5201428045472024
I400L,1.3663323088201302,0.971658567050776,test,0.3946737417693542
I400M,0.3459803204924388,0.982689121749908,test,0.6367088012574691
I400N,0.9808815865033065,0.8983142444215,test,0.0825673420818065
I400P,1.3470226662592744,0.88627000029338,test,0.46075266596589437
I400Q,0.8939709008294638,0.957866704769341,test,0.06389580393987715
I400R,1.3434723990954875,0.741797544699958,test,0.6016748543955296
I400S,1.0212048880327718,0.88491267042906,test,0.1362922176037118
I400T,0.8690405826901166,0.946142224481438,test,0.0771016417913214
I400V,1.4189010274074896,0.970786191378833,test,0.44811483602865654
I400W,0.6425358988734526,0.905523411365797,test,0.2629875124923443
I400Y,0.3311625910602434,0.910146097807973,test,0.5789835067477296
I447A,1.0216544490295458,0.947055918108064,train,0.07459853092148183
I447C,0.6786368023325746,0.988982579899622,test,0.3103457775670474
I447D,0.6786368023325746,0.866610907615769,test,0.18797410528319436
I447E,0.6786368023325746,0.919303102705659,test,0.24066630037308434
I447F,0.6786368023325746,0.991992219707307,test,0.3133554173747324
I447G,0.6786368023325746,0.93899276882604,test,0.2603559664934654
I447H,0.6786368023325746,0.972584057794431,test,0.2939472554618564
I447K,0.6786368023325746,0.989227755384274,test,0.31059095305169937
I447L,0.6786368023325746,1.00931216563272,test,0.33067536330014535
I447M,0.6786368023325746,0.993414079731024,test,0.3147772773984494
I447N,0.6786368023325746,0.976222600172503,test,0.29758579783992833
I447P,0.6786368023325746,0.720634305504567,test,0.041997503171992356
I447Q,0.6786368023325746,0.947180838239516,test,0.2685440359069414
I447R,0.6786368023325746,0.997590137546632,test,0.31895333521405733
I447S,0.6786368023325746,0.932090228008403,test,0.2534534256758284
I447T,0.6786368023325746,0.949874046352392,test,0.2712372440198174
I447V,0.6786368023325746,0.968447048495855,test,0.2898102461632803
I447W,0.6786368023325746,0.991499313521256,test,0.31286251118868136
I447Y,0.6786368023325746,0.985870947110948,test,0.3072341447783734
I83A,-1.0896918097074915,0.106634142625283,train,1.1963259523327745
I83C,0.09306994748997971,0.580111454682428,train,0.48704150719244826
I83D,-1.1597108339816211,0.0801497164219967,train,1.2398605504036178
I83E,-0.9759860364201689,0.15371041986019,train,1.1296964562803589
I83F,-0.28563768690617314,0.428105301057176,train,0.7137429879633491
I83G,-1.1980986779636495,0.0647763183742797,train,1.2628749963379293
I83H,-1.1757602689741633,0.073723584845884,train,1.2494838538200472
I83K,-0.9743647810601361,0.0447101672512875,test,1.0190749483114236
I83L,0.49413716463127516,0.738032508437219,train,0.24389534380594385
I83M,0.31670566825078966,0.668622220493028,train,0.35191655224223833
I83N,-1.1091085767408408,0.100412162141844,train,1.2095207388826847
I83P,-1.1419326037470734,0.0872688111995448,train,1.2292014149466182
I83Q,-0.9619639909074911,0.159331591208223,train,1.121295582115714
I83R,-1.1763311258663167,0.0734950031283,train,1.2498261289946166
I83S,-1.2365152626563347,0.0493961553287813,train,1.285911417985116
I83T,-0.8504973017091091,0.201302242831599,train,1.051799544540708
I83V,0.9065760457428276,0.902446881700014,train,0.0041291640428136045
I83W,-1.1812384929592126,0.07153000206695,train,1.2527684950261626
I83Y,-0.954671965600145,0.160858443877256,train,1.115530409477401
I94A,1.026488032416288,0.948981793332298,train,0.0775062390839899
I94C,0.6810535940259443,0.979343745230797,test,0.2982901512048527
I94D,0.6810535940259443,0.969489495603277,test,0.2884359015773327
I94E,0.6810535940259443,0.972721947217451,test,0.29166835319150664
I94F,0.6810535940259443,1.00781888954802,test,0.32676529552207567
I94G,0.6810535940259443,0.971486895592372,test,0.29043330156642766
I94H,0.6810535940259443,0.977940575977716,test,0.29688698195177166
I94K,0.6810535940259443,0.844114114332832,test,0.16306052030688767
I94L,0.6810535940259443,0.994977294296097,test,0.3139237002701527
I94M,0.6810535940259443,1.00457690547461,test,0.32352331144866575
I94N,0.6810535940259443,0.860105520969581,test,0.1790519269436367
I94P,0.6810535940259443,0.16473243219085,test,0.5163211618350944
I94Q,0.6810535940259443,0.972849774702783,test,0.29179618067683866
I94R,0.6810535940259443,0.89041098497153,test,0.2093573909455857
I94S,0.6810535940259443,1.00396634704759,test,0.32291275302164557
I94T,0.6810535940259443,1.06041526504715,test,0.37936167102120555
I94V,0.6810535940259443,0.974552076049388,test,0.29349848202344364
I94W,0.6810535940259443,1.00521203435948,test,0.3241584403335356
I94Y,0.6810535940259443,0.969017247793817,test,0.2879636537678727
K122A,-0.5280025270389945,0.3296016876089,train,0.8576042146478946
K122C,-0.29565071601843224,0.42401093471236,train,0.7196616507307922
K122D,-1.2170103132692458,0.0553823211141948,train,1.2723926343834406
K122E,-0.11936933043685721,0.0740769049140508,test,0.19344623535090802
K122F,-0.2506014848073583,0.0513775663749374,test,0.3019790511822957
K122G,-0.6946416828356998,0.265781386810529,train,0.9604230696462288
K122H,-0.27562299527920325,0.0633045481876874,test,0.33892754346689064
K122I,-0.20900736816613902,0.0862370814174011,test,0.2952444495835401
K122L,-0.12800516673611634,0.0586527078432325,test,0.18665787457934885
K122M,-0.15166872397757197,0.0600656539880346,test,0.21173437796560657
K122N,-1.0559570879078244,0.121107679731208,train,1.1770647676390324
K122P,-0.8190422832174065,0.0950852689117608,test,0.9141275521291673
K122Q,2.243783087024466,1.4381894154635,train,0.805593671560966
K122R,1.1365676669971272,0.99300741511439,train,0.14356025188273724
K122S,-0.25409278666239027,0.156482939554683,test,0.4105757262170733
K122T,-0.15889770819701704,0.148914916636611,test,0.30781262483362803
K122V,-1.1705788202066554,0.0725032035068311,train,1.2430820237134865
K122W,-1.1495372097539893,0.08146260636356,train,1.2309998161175493
K122Y,-0.20557491135771316,0.0853901086979516,test,0.29096502005566477
K13A,0.6003166280051495,0.779179623107231,train,0.17886299510208148
K13C,0.4679678918203792,0.948599556807445,test,0.48063166498706583
K13D,0.4679678918203792,0.952698233499708,test,0.48473034167932877
K13E,0.4679678918203792,0.935838797069817,test,0.4678709052494378
K13F,0.4679678918203792,0.82179402063376,test,0.35382612881338077
K13G,0.4679678918203792,0.751097355865069,test,0.2831294640446898
K13H,0.4679678918203792,0.929634304458718,test,0.4616664126383388
K13I,0.4679678918203792,0.813731364174656,test,0.3457634723542768
K13L,0.4679678918203792,0.914543677738141,test,0.44657578591776187
K13M,0.4679678918203792,0.942695548606714,test,0.47472765678633483
K13N,0.4679678918203792,0.9800104877714,test,0.5120425959510209
K13P,0.4679678918203792,0.749333863677018,test,0.28136597185663886
K13Q,0.4679678918203792,0.985549037365997,test,0.5175811455456178
K13R,0.4679678918203792,0.994795799086833,test,0.5268279072664539
K13S,0.4679678918203792,0.989003540454377,test,0.5210356486339978
K13T,0.4679678918203792,0.863776599749196,test,0.3958087079288168
K13V,0.4679678918203792,0.875210066453536,test,0.4072421746331569
K13W,0.4679678918203792,0.648751868495489,test,0.18078397667510987
K13Y,0.4679678918203792,0.821875949498506,test,0.3539080576781268
K148A,1.0709317707928996,0.96476678840734,train,0.1061649823855596
K148C,0.38835234172686844,0.852321044392593,test,0.4639687026657246
K148D,0.9769939265333996,0.986630827439469,test,0.00963690090606939
K148E,1.0689732360176265,0.985871662709209,test,0.0831015733084175
K148F,0.3507296261652933,0.526048063188176,test,0.1753184370228827
K148G,0.8610597378926919,0.982890902995666,test,0.12183116510297409
K148H,0.8189676527522423,0.960574668937892,test,0.14160701618564975
K148I,0.11976575173240006,0.45299067710345,test,0.3332249253710499
K148L,0.41070190909762166,0.690353608962804,test,0.2796516998651823
K148M,0.346922424302953,0.770648178051627,test,0.423725753748674
K148N,1.040331561502292,0.978864316532626,test,0.061467244969665935
K148P,-0.013411482157737298,0.95044607348708,test,0.9638575556448172
K148Q,0.9982159631715177,0.994175343376409,test,0.004040619795108724
K148R,1.8898361157945107,0.988842556448174,test,0.9009935593463367
K148S,0.8953916633050483,0.978477799206974,test,0.0830861359019257
K148T,1.1468058987030965,0.938942692430358,test,0.20786320627273847
K148V,0.6642644308433461,0.576288119944625,test,0.08797631089872104
K148W,0.046350955820621265,0.690854648391022,test,0.6445036925704006
K148Y,-0.013411482157737298,0.727162299803568,test,0.7405737819613052
K166A,-1.1376498886260262,0.0887660423842763,train,1.2264159310103024
K166C,-1.1187671485646242,0.111725829924623,test,1.2304929784892473
K166D,-1.2464323351022988,0.0452447076610787,train,1.2916770427633775
K166E,-1.1773851307980743,0.0736042075309758,train,1.25098933832905
K166F,-0.9359462334723028,0.0856968374967056,test,1.0216430709690083
K166G,-0.8578819859704652,0.0507332892201288,test,0.9086152751905939
K166H,-1.1901502867715927,0.0685340431124575,train,1.2586843298840502
K166I,-1.1187671485646242,0.0969896453858763,test,1.2157567939505005
K166L,-1.1187671485646242,0.14026378352831,test,1.2590309320929343
K166M,-1.1187671485646242,0.107958849053198,test,1.2267259976178222
K166N,-1.1145851160855131,0.0643405486988465,test,1.1789256647843596
K166P,-1.1187671485646242,0.0641871215590036,test,1.1829542701236277
K166Q,-0.9205904143198471,0.0498297676904105,test,0.9704201820102576
K166R,-0.4062389987546062,0.0905406134208422,test,0.49677961217544836
K166S,-0.5893570600708813,0.0723170757137952,test,0.6616741357846765
K166T,-0.7612890494393341,0.0447066003646265,test,0.8059956498039605
K166V,-0.9368390523571031,0.0774932274189581,test,1.0143322797760612
K166W,-1.1187671485646242,0.0501050835532597,test,1.168872232117884
K166Y,-0.9181356661729922,0.079014296189535,test,0.9971499623625273
K168A,-1.2002542068235909,0.0625520414466205,train,1.2628062482702114
K168C,-0.5559154769099148,0.101898507901941,test,0.6578139848118558
K168D,-0.7951885761133859,0.076573117099774,test,0.8717616932131599
K168E,-0.7999626313617014,0.0512668887976072,test,0.8512295201593086
K168F,-1.1756075966089967,0.0826626634574494,test,1.2582702600664462
K168G,-0.7080200861033905,0.0380388637941167,test,0.7460589498975072
K168H,-1.534864616065291,0.0400251953771279,test,1.5748898114424188
K168I,-0.9025987110470166,0.0534247254721789,test,0.9560234365191955
K168L,-1.234923200536167,0.0504839555729778,train,1.285407156109145
K168M,-0.8483794610273527,0.0848272516876726,test,0.9332067127150253
K168N,-0.42130320024162055,0.0783946918125857,test,0.4996978920542062
K168P,-1.534864616065291,0.0729706281593435,test,1.6078352442246344
K168Q,-1.527973780135654,0.0765119803674141,test,1.6044857605030682
K168R,-0.7202232361876053,0.0716463244777465,test,0.7918695606653519
K168S,-0.6087891070354203,0.0929383098954324,test,0.7017274169308527
K168T,-0.8136095936625729,0.0367408063092662,test,0.8503503999718391
K168V,-0.7899445756023695,0.0791187829954013,test,0.8690633585977708
K168W,-1.2878279772931167,0.0919364604848742,test,1.379764437777991
K168Y,-1.534864616065291,0.0354067574130116,test,1.5702713734783027
K174A,1.1221670434769884,0.985936916894675,train,0.13623012658231337
K174C,0.15289056677609209,0.935792652502825,test,0.7829020857267328
K174D,1.2759058205010447,0.950087686319461,test,0.3258181341815838
K174E,1.6301359686658703,0.987854188982621,test,0.6422817796832493
K174F,0.35992664237342714,0.933535588318928,test,0.5736089459455009
K174G,0.8401766625703324,0.973442735752078,test,0.13326607318174555
K174H,0.8159398561711946,0.991116034432595,test,0.17517617826140042
K174I,0.8823139421410957,0.970437733088285,test,0.08812379094718925
K174L,0.680425497199586,0.97604692983041,test,0.29562143263082397
K174M,0.39532915007921693,0.959630243423879,test,0.5643010933446622
K174N,0.7445553502548989,0.94313117941732,test,0.1985758291624211
K174P,0.7567789433961991,0.570026958121658,test,0.18675198527454107
K174Q,1.4982275709500765,0.984182956355914,test,0.5140446145941625
K174R,1.2009175721440712,0.985851318706818,test,0.21506625343725327
K174S,1.0112388949379572,0.996427861163534,test,0.014811033774423166
K174T,0.9794189915522438,0.969070335162871,test,0.010348656389372768
K174V,0.7449970554643564,0.97661134401318,test,0.2316142885488236
K174W,-0.019567732009866334,0.904536459716938,test,0.9241041917268042
K174Y,0.41067985334871443,0.947836616728381,test,0.5371567633796666
K191A,-0.7824558038716756,0.229553371144918,train,1.0120091750165936
K191C,-1.0457224307356676,0.125448270511351,train,1.1711707012470187
K191D,-0.9399807758640226,0.169171127864834,train,1.1091519037288566
K191E,-1.1272263687069666,0.0922214247609559,train,1.2194477934679224
K191F,-1.1812385908197158,0.0718267038338554,train,1.2530652946535712
K191G,-1.2005235722814187,0.0640893719089796,train,1.2646129441903984
K191H,-1.2235323405985121,0.055671475937403,train,1.2792038165359152
K191I,-0.8975823816609059,0.124685970798974,test,1.02226835245988
K191L,-1.1993275488245847,0.06428328384705,train,1.2636108326716347
K191M,-0.9556582903828521,0.140152597094931,test,1.095810887477783
K191N,-1.228995801972316,0.0434911901114837,test,1.2724869920837996
K191P,-1.0947322803004025,0.107226884059354,train,1.2019591643597565
K191Q,-0.8169197910636292,0.129992602506828,test,0.9469123935704572
K191R,-0.7108872939900408,0.0384137235922569,test,0.7493010175822977
K191S,-0.9984708696373272,0.144417959389413,train,1.1428888290267403
K191T,-1.2459516415913616,0.0725648206655757,test,1.3185164622569374
K191V,-0.8279543061911863,0.189240070889824,test,1.0171943770810103
K191W,-1.2459516415913616,0.07000202733422,test,1.3159536689255815
K191Y,-1.2459516415913616,0.0326573715660973,test,1.278609013157459
K226A,-1.1996816538071653,0.0620529613380601,train,1.2617346151452253
K226C,-0.5697770468183236,0.25958906210879,test,0.8293661089271136
K226D,-1.4190192770296237,0.0973406279188838,test,1.5163599049485075
K226E,-1.0692332451160476,0.130351952607401,test,1.1995851977234486
K226F,-0.8129947083824387,0.104364365638507,test,0.9173590740209457
K226G,-0.8010189117403641,0.0592444550474412,test,0.8602633667878054
K226H,-0.8529253656255875,0.0799256298974758,test,0.9328509955230633
K226I,-0.49976626054358414,0.0742200589483342,test,0.5739863194919184
K226L,-0.5845612756980092,0.104403602179626,test,0.6889648778776352
K226M,-0.45571791473626705,0.0783867031451143,test,0.5341046178813813
K226N,-1.4126962638052492,0.048699731349153,test,1.4613959951544022
K226P,-0.4364295169801728,0.058679062326267,test,0.4951085793064398
K226Q,-1.4119880986175835,0.0932763199269733,test,1.5052644185445567
K226R,-0.7342539709763418,0.750102540939278,test,1.4843565119156197
K226S,-0.6017126622219333,0.0646035649476391,test,0.6663162271695724
K226T,-0.42269478098165253,0.0423060648996048,test,0.46500084588125734
K226V,-0.2134283368854017,0.0962717407712894,test,0.3097000776566911
K226W,-1.4190192770296237,0.156694886437325,test,1.5757141634669487
K226Y,-1.2219641121355633,0.213157652932875,test,1.4351217650684382
K300A,1.0935665038555094,0.974738655985383,train,0.11882784787012635
K300C,0.36501357548254637,0.980447380369778,test,0.6154338048872317
K300D,1.1195797489320185,1.00897393061539,test,0.11060581831662852
K300E,0.927168918451919,0.995935037949606,test,0.06876611949768707
K300F,0.7580948998444512,0.981554848549887,test,0.22345994870543573
K300G,0.8561572051615229,1.00589368756495,test,0.14973648240342707
K300H,0.9332601841396269,0.997885204542098,test,0.06462502040247109
K300I,0.6434377814560328,1.02660278084175,test,0.38316499938571713
K300L,0.8614108037991599,0.986270231804929,test,0.1248594280057691
K300M,0.9219854837276813,0.980130944759223,test,0.05814546103154172
K300N,1.154813389611057,0.997994552910037,test,0.15681883670102004
K300P,1.260244095740724,0.954463510500736,test,0.30578058523998797
K300Q,1.3778739886916966,0.993796478487665,test,0.3840775102040317
K300R,1.1277490372665966,0.990991810793458,test,0.1367572264731386
K300S,0.8429618561196222,1.00610635955891,test,0.16314450343928777
K300T,0.8507509936381297,0.991588875103708,test,0.1408378814655783
K300V,0.8136370802990278,0.979011189441349,test,0.1653741091423212
K300W,0.6972134839707707,0.95758089346392,test,0.2603674094931493
K300Y,0.7615041762309431,0.970220455102471,test,0.20871627887152788
K310A,0.19438188710558008,,,
K310C,-0.36502897054671374,0.223591477601439,test,0.5886204481481527
K310D,0.3396467342826988,0.148643487266635,test,0.1910032470160638
K310E,0.23013379731090394,0.146803937717196,test,0.08332985959370795
K310F,0.08290672226586088,0.199806148868296,test,0.11689942660243513
K310G,-0.039373972099284005,0.123471081539465,test,0.16284505363874902
K310H,0.010638216042634652,0.0771556730710368,test,0.06651745702840214
K310I,0.05230664952090086,0.710548551582856,test,0.6582419020619552
K310L,0.4857098514480534,0.846917660373609,test,0.36120780892555565
K310M,0.07952619025776292,0.839740923487432,test,0.7602147332296691
K310N,-0.0619336197757398,0.16235927236111,test,0.2242928921368498
K310P,-0.18028372826816325,0.0908005193627749,test,0.27108424763093814
K310Q,0.49651054893506347,0.561588105688264,test,0.06507755675320054
K310R,0.47924397583970807,0.130810855285275,test,0.3484331205544331
K310S,0.26328184162933793,0.149323475957156,test,0.11395836567218193
K310T,0.35938940615174536,0.14803613357951,test,0.21135327257223535
K310V,0.23934892755738885,0.445477474492106,test,0.20612854693471716
K310W,-0.4420136576898059,0.0894128776518071,test,0.531426535341613
K310Y,-0.2781722060680209,0.0412236064818386,test,0.3193958125498595
K31A,0.30042253237134103,0.658948254772909,train,0.35852572240156794
K31C,0.09357057311682665,0.721409536745584,test,0.6278389636287574
K31D,0.5464094812197438,0.236605569692047,test,0.30980391152769676
K31E,0.7407265930976408,0.597157708677311,test,0.14356888442032978
K31F,0.27146696087068817,0.245135492044855,test,0.026331468825833176
K31G,0.3382419342568444,0.567728982529784,test,0.2294870482729396
K31H,0.5094192333647989,0.731867192481218,test,0.22244795911641913
K31I,0.6249947565185039,0.768193059250549,test,0.14319830273204515
K31L,0.3294704306124406,0.627850950526686,test,0.29838051991424547
K31M,0.10436991840896509,0.533784278440816,test,0.4294143600318509
K31N,0.2113800344863233,0.566644903376024,test,0.3552648688897007
K31P,0.23330014442098884,0.107650377118411,test,0.12564976730257785
K31Q,0.6928302881969017,0.740264857909818,test,0.047434569712916264
K31R,0.8644103896480253,0.90169348380485,test,0.037283094156824736
K31S,0.5419578365147082,0.713031190710423,test,0.1710733541957148
K31T,0.6704970154855836,0.638737929961364,test,0.03175908552421958
K31V,0.6716971580483104,0.576062917899612,test,0.09563424014869848
K31W,-0.018704841295113128,0.356663681414611,test,0.37536852270972415
K31Y,0.23789672635539644,0.347690037882883,test,0.10979331152748656
K329A,-0.9336702777059593,0.168409809188649,train,1.1020800868946083
K329C,-0.6692099052672589,0.09279405802012,test,0.7620039632873788
K329D,-0.48012411378672043,0.0672200617895818,test,0.5473441755763022
K329E,-0.45968759977982815,0.0916643869715029,test,0.551351986751331
K329F,-0.8898877296503263,0.0470074328464621,test,0.9368951624967884
K329G,-0.35191991534023254,0.113166552733694,test,0.4650864680739265
K329H,-0.6537682685090651,0.0647708366586155,test,0.7185391051676806
K329I,-1.1149066995891013,0.135031434895772,test,1.2499381344848732
K329L,-0.8704628136620371,0.0768236589961131,test,0.9472864726581502
K329M,-1.115862497047035,0.168144105415421,test,1.284006602462456
K329N,-0.29280956762736915,0.0581952530939668,test,0.35100482072133593
K329P,-0.6992554556974433,0.290282109643363,test,0.9895375653408063
K329Q,-0.528585662653219,0.0553828073139358,test,0.5839684699671548
K329R,0.009753982185561283,0.103344401737786,test,0.09359041955222472
K329S,-0.34659483400047714,0.120214589862327,test,0.4668094238628041
K329T,-0.40541448223038395,0.150231468040972,test,0.555645950271356
K329V,-0.5499336273419235,0.0381330599573726,test,0.5880666872992961
K329W,-1.115862497047035,0.0989456789398574,test,1.2148081759868923
K329Y,-0.3212139718145827,0.173785797148053,test,0.49499976896263576
K33A,0.566924471292495,0.764662651895796,train,0.19773818060330095
K33C,0.01855832436316268,0.661277052111998,test,0.6427187277488353
K33D,0.2757430518071456,0.298130526980198,test,0.022387475173052396
K33E,0.42903668405585554,0.57405520092355,test,0.14501851686769446
K33F,0.08850265868693091,0.605211144290333,test,0.5167084856034021
K33G,0.5563457460926067,0.558785298267318,test,0.002439552174711368
K33H,0.27108269278478586,0.769474489327373,test,0.4983917965425871
K33I,0.029072226792189737,0.646320853720248,test,0.6172486269280582
K33L,0.15440401375200535,0.703525801102779,test,0.5491217873507737
K33M,-0.02869623992938658,0.726272798559801,test,0.7549690384891876
K33N,0.30547294038356837,0.706113726497442,test,0.4006407861138736
K33P,0.3490757875510902,0.50794273927987,test,0.1588669517287798
K33Q,0.4358051332026705,0.787058910537977,test,0.35125377733530655
K33R,0.5449988595096116,0.964517689074822,test,0.41951882956521047
K33S,0.3220825569067696,0.659573205217578,test,0.3374906483108084
K33T,0.3055042557426138,0.683709913746876,test,0.37820565800426215
K33V,0.2966243215440923,0.736215927708357,test,0.4395916061642647
K33W,-0.1556947926343319,0.349435092838675,test,0.5051298854730069
K33Y,0.2524851073046204,0.640529949106709,train,0.3880448418020886
K361A,1.1690572062384206,1.00468955217049,train,0.16436765406793064
K361C,0.6713043307610125,0.984801900361742,test,0.3134975696007295
K361D,0.894608912435805,0.942306435788385,test,0.04769752335258004
K361E,1.0103129469055947,0.981582226577476,test,0.028730720328118742
K361F,0.6629303870644829,0.965127028690151,test,0.30219664162566806
K361G,0.8473500784058299,0.996487976474896,test,0.14913789806906608
K361H,0.8072163979607172,1.00276657347234,test,0.1955501755116229
K361I,0.5240956476352547,0.95171695654312,test,0.4276213089078653
K361L,1.2199348872147677,0.986811636970663,test,0.23312325024410474
K361M,0.7513333178424464,0.993325231594814,test,0.24199191375236762
K361N,1.3109924280418408,0.975314290552348,test,0.3356781374894928
K361P,1.0490040332732615,0.999867198787943,test,0.04913683448531858
K361Q,0.8288223971647444,1.00516906400504,test,0.17634666684029554
K361R,1.433980014065881,0.98541976470055,test,0.4485602493653309
K361S,0.8672214025433771,0.991212644358172,test,0.12399124181479493
K361T,0.8920451731580297,1.01897295142359,test,0.12692777826556023
K361V,0.5943852908038867,0.984445880527879,test,0.39006058972399227
K361W,0.46113026389705963,0.961321243112231,test,0.5001909792151713
K361Y,0.7819254754843374,1.01757713744342,test,0.2356516619590825
K431A,1.1110033613345927,0.981212643812917,train,0.1297907175216757
K431C,0.31360762555280713,0.941930482666331,test,0.6283228571135238
K431D,0.9104769407114439,0.94704673889951,test,0.03656979818806605
K431E,1.4933683687673405,0.996037764796982,test,0.49733060397035844
K431F,0.714850619491127,0.984240269218277,test,0.26938964972714996
K431G,0.9569904746273004,1.00338501558074,test,0.046394540953439645
K431H,0.9329798024534739,1.01899910266794,test,0.08601930021446602
K431I,0.83962818220526,0.970608653985897,test,0.130980471780637
K431L,0.894047173218457,0.97001920083862,test,0.07597202762016309
K431M,0.576963311541455,0.978501167715827,test,0.401537856174372
K431N,0.9795831827571391,1.01890442416062,test,0.03932124140348092
K431P,1.4952430041929379,1.01300304358682,test,0.48223996060611785
K431Q,1.3249646959182257,1.00798652958209,test,0.31697816633613574
K431R,1.6503294996388949,0.975271508688881,test,0.6750579909500138
K431S,1.022851125264566,0.995762127450113,test,0.027088997814452953
K431T,0.9015336063756898,1.00097232089184,test,0.09943871451615016
K431V,0.9060853630716501,0.994621736924851,test,0.0885363738532009
K431W,0.5353905108277779,1.02903495556317,test,0.49364444473539204
K431Y,0.6454757094282648,0.981353234421511,test,0.3358775249932462
K453A,1.0979136807008398,0.977440366485986,train,0.12047331421485385
K453C,0.7167664181682216,0.975128009662408,test,0.25836159149418636
K453D,0.7167664181682216,0.971220802454033,test,0.25445438428581135
K453E,0.7167664181682216,0.982600064906868,test,0.2658336467386464
K453F,0.7167664181682216,0.962112397013408,test,0.24534597884518639
K453G,0.7167664181682216,0.965944691436142,test,0.2491782732679204
K453H,0.7167664181682216,0.981282195295104,test,0.26451577712688235
K453I,0.7167664181682216,0.982968992945821,test,0.26620257477759934
K453L,0.7167664181682216,0.964361840939224,test,0.24759542277100233
K453M,0.7167664181682216,0.979266968014681,test,0.26250054984645943
K453N,0.7167664181682216,0.983268084057987,test,0.2665016658897654
K453P,0.7167664181682216,0.928076282400061,test,0.2113098642318394
K453Q,0.7167664181682216,0.981289534016874,test,0.2645231158486524
K453R,0.7167664181682216,0.986880466764937,test,0.2701140485967154
K453S,0.7167664181682216,0.982343000823366,test,0.2655765826551444
K453T,0.7167664181682216,0.969504374156996,test,0.25273795598877435
K453V,0.7167664181682216,0.987619482311793,test,0.27085306414357135
K453W,0.7167664181682216,0.961788889297731,test,0.24502247112950937
K453Y,0.7167664181682216,0.966483962300423,test,0.24971754413220137
K82A,-1.0451371707909485,0.124399668510098,train,1.1695368393010466
K82C,0.1897612949783794,0.620384210751864,train,0.4306229157734846
K82D,-1.2121948079817835,0.0569811947225527,train,1.2691760027043362
K82E,-0.8409241995088719,0.205536743363343,train,1.046460942872215
K82F,0.2846182616164921,0.657185612585283,train,0.37256735096879084
K82G,-1.0604978571964674,0.119206026810315,train,1.1797038840067824
K82H,-0.5012692453589871,0.342683936513906,train,0.8439531818728931
K82I,-0.6811836832870153,0.0838072860724273,test,0.7649909693594426
K82L,-0.7922817332300838,0.225861484378333,train,1.0181432176084169
K82M,-0.8387611708318516,0.35265541336571,test,1.1914165841975617
K82N,-1.0026436704536978,0.142454552160316,train,1.1450982226140138
K82P,-1.0216218589416735,0.13717217059922,train,1.1587940295408934
K82Q,-0.7679535136324747,0.234804490226893,train,1.0027580038593678
K82R,0.5448770265847074,0.758025239620788,train,0.21314821303608067
K82S,-0.3789839237536831,0.390613849673018,train,0.7695977734267011
K82T,-0.9225496093416532,0.172688246096209,train,1.0952378554378621
K82V,-1.0610202584190942,0.117686418711436,train,1.1787066771305301
K82W,-0.7285205324597399,0.250267743079865,train,0.9787882755396049
K82Y,-0.16204823016313513,0.477040349755343,train,0.6390885799184781
K98A,1.208425758196789,1.02147239303836,train,0.18695336515842897
K98C,0.7720224569161971,0.945629164090723,test,0.17360670717452586
K98D,0.7720224569161971,0.863608729117475,test,0.09158627220127791
K98E,0.7720224569161971,0.626312325400889,test,0.1457101315153081
K98F,0.7720224569161971,0.957417203760589,test,0.18539474684439194
K98G,0.7720224569161971,0.985969316491402,test,0.21394685957520487
K98H,0.7720224569161971,0.986092824922571,test,0.2140703680063739
K98I,0.7720224569161971,0.733132308907336,test,0.038890148008861036
K98L,0.7720224569161971,0.94610561111301,test,0.17408315419681286
K98M,0.7720224569161971,0.981444282582733,test,0.2094218256665359
K98N,0.7720224569161971,1.01338947379076,test,0.24136701687456297
K98P,0.7720224569161971,0.149773297272973,test,0.622249159643224
K98Q,0.7720224569161971,1.02543659505674,test,0.2534141381405428
K98R,0.7720224569161971,1.01437629108717,test,0.242353834170973
K98S,0.7720224569161971,1.00077922582975,test,0.228756768913553
K98T,0.7720224569161971,0.98816389312321,test,0.21614143620701287
K98V,0.7720224569161971,0.802097549354109,test,0.030075092437911954
K98W,0.7720224569161971,0.799828705123031,test,0.02780624820683386
K98Y,0.7720224569161971,0.951190282682515,test,0.17916782576631796
L105A,0.7981243992259213,0.857515408175272,train,0.05939100894935079
L105C,0.0345266253156869,0.906926406399575,test,0.8723997810838882
L105D,-0.15413636323448715,0.877023246487954,test,1.0311596097224411
L105E,0.06705208174341065,0.876599709228335,test,0.8095476274849243
L105F,0.8621857026833641,0.708612963980243,test,0.15357273870312116
L105G,-0.11703214608522744,0.907455309372766,test,1.0244874554579935
L105H,0.20132101104683825,0.784206855110441,test,0.5828858440636027
L105I,0.8081551519537467,0.850338370776151,test,0.04218321882240439
L105K,-0.08566714635681189,0.858845631042333,test,0.9445127773991449
L105M,1.1445302767726933,0.995723744432299,test,0.1488065323403942
L105N,0.05183967843944798,0.789924857746616,test,0.7380851793071681
L105P,0.16973124652987265,0.44703438503724,test,0.2773031385073674
L105Q,0.6124189994916396,0.91718362859126,test,0.30476462909962043
L105R,0.31457360436341736,0.716312904898743,test,0.40173930053532564
L105S,0.3782939087568061,0.837793368329721,test,0.4594994595729149
L105T,0.913001956888861,0.848964820038165,test,0.06403713685069601
L105V,0.49476051022696593,0.805392881311461,test,0.3106323710844951
L105W,0.865116273205123,0.764104052864052,test,0.10101222034107094
L105Y,0.6382252252434224,0.814542909262552,test,0.17631768401912962
L107A,1.1351943431645966,0.992066628201112,train,0.14312771496348453
L107C,0.8054597483646129,0.972820379804204,test,0.16736063143959112
L107D,0.6450811057354704,1.35397353338039,test,0.7088924276449196
L107E,0.13397523502556924,0.966027879341615,test,0.8320526443160459
L107F,0.7348796761950966,0.752679078537305,test,0.017799402342208337
L107G,0.7000061077254012,0.917623333364346,test,0.2176172256389448
L107H,0.28601059498766995,0.898837881526623,test,0.612827286538953
L107I,0.7615481744607289,0.920149901108453,test,0.1586017266477241
L107K,-0.18074919789790028,1.07487583687069,test,1.2556250347685904
L107M,0.742075131628444,0.966064491395328,test,0.22398935976688406
L107N,0.495264764585623,0.798443496860033,test,0.30317873227441
L107P,-0.1753333983774938,0.697594404614116,test,0.8729278029916099
L107Q,0.3885054088876148,0.910172391570576,test,0.5216669826829612
L107R,-0.18074919789790028,0.0813971012135003,test,0.2621462991114006
L107S,0.8136444686177748,0.900111410418234,test,0.08646694180045911
L107T,0.6393398154089409,0.959743354103463,test,0.3204035386945221
L107V,0.902883162295077,0.93435775331472,test,0.031474591019643006
L107W,-0.18074919789790028,0.0637077217044959,test,0.24445691960239618
L107Y,0.7239063298892683,0.560077282031859,test,0.16382904785740926
L10A,-0.2519968797760814,0.439586957256473,train,0.6915838370325544
L10C,0.04181113792975927,0.806278416795765,test,0.7644672788660056
L10D,0.04181113792975927,0.492297829377969,test,0.45048669144820974
L10E,0.04181113792975927,0.611841912378008,test,0.5700307744482487
L10F,0.04181113792975927,0.957861137020911,test,0.9160499990911517
L10G,0.04181113792975927,0.422271224316696,test,0.38046008638693674
L10H,0.04181113792975927,0.509653783723185,test,0.46784264579342577
L10I,0.04181113792975927,0.767467893810722,test,0.7256567558809628
L10K,0.04181113792975927,0.568167295307673,test,0.5263561573779136
L10M,0.04181113792975927,0.8760082987138,test,0.8341971607840408
L10N,0.04181113792975927,0.445622671163574,test,0.40381153323381475
L10P,0.04181113792975927,0.728498676329851,test,0.6866875384000917
L10Q,0.04181113792975927,0.695741163868643,test,0.6539300259388838
L10R,0.04181113792975927,0.673331843430492,test,0.6315207055007328
L10S,0.04181113792975927,0.623109841398514,test,0.5812987034687547
L10T,0.04181113792975927,0.853499833801951,test,0.8116886958721918
L10V,0.04181113792975927,0.725150192514695,test,0.6833390545849358
L10W,0.04181113792975927,0.582213366801701,test,0.5404022288719417
L10Y,0.04181113792975927,0.535004107472458,test,0.4931929695426987
L12A,0.7540071335652936,0.840415504062601,train,0.08640837049730743
L12C,0.5448131446004467,0.876810817162815,test,0.33199767256236823
L12D,0.5448131446004467,0.447952736493792,test,0.0968604081066547
L12E,0.5448131446004467,0.761775637621009,test,0.21696249302056225
L12F,0.5448131446004467,0.779694353859043,test,0.23488120925859624
L12G,0.5448131446004467,0.199362049535351,test,0.34545109506509575
L12H,0.5448131446004467,0.678808458981663,test,0.13399531438121626
L12I,0.5448131446004467,0.936676299595301,test,0.39186315499485425
L12K,0.5448131446004467,0.816058435138455,test,0.2712452905380083
L12M,0.5448131446004467,0.956086502828178,test,0.41127335822773126
L12N,0.5448131446004467,0.535088953773696,test,0.00972419082675069
L12P,0.5448131446004467,0.427311261415771,test,0.11750188318467569
L12Q,0.5448131446004467,0.825040637234271,test,0.2802274926338243
L12R,0.5448131446004467,0.720583683992793,test,0.17577053939234633
L12S,0.5448131446004467,0.622792684621897,test,0.07797954002145024
L12T,0.5448131446004467,0.824803522195323,test,0.2799903775948763
L12V,0.5448131446004467,0.939920209553026,test,0.3951070649525793
L12W,0.5448131446004467,0.775514128670475,test,0.23070098407002826
L12Y,0.5448131446004467,0.788642416811085,test,0.24382927221063833
L135A,1.1314305790654142,0.989552206698562,train,0.1418783723668522
L135C,0.3250019385869792,0.989290165314446,test,0.6642882267274668
L135D,0.538467850588022,0.99148724801229,test,0.453019397424268
L135E,0.46945896959041816,0.956544880790973,test,0.48708591120055483
L135F,0.27275582041916385,0.955271096313568,test,0.6825152758944042
L135G,0.6738919347109675,0.994550056508179,test,0.3206581217972114
L135H,0.5175781181026178,0.985252535024923,test,0.46767441692230527
L135I,0.3549552973018742,0.983011896769809,test,0.6280565994679348
L135K,0.8904552768740057,1.02373838364733,test,0.13328310677332422
L135M,0.42467794731546077,0.99450871340739,test,0.5698307660919293
L135N,0.6025805915030045,0.99422804404543,test,0.3916474525424255
L135P,0.2912777538621861,0.925578921033244,test,0.6343011671710579
L135Q,0.7897944396628471,1.02149730320238,test,0.23170286353953284
L135R,0.6077640848496539,1.00786085484983,test,0.40009677000017607
L135S,0.6860647455423798,1.01449317841724,test,0.3284284328748601
L135T,0.7294647619704815,0.989864372012579,test,0.26039961004209755
L135V,0.4208381365216099,0.993425650029245,test,0.572587513507635
L135W,0.19206215541818855,0.968091588033038,test,0.7760294326148494
L135Y,0.41488286620591813,0.967185872469192,test,0.5523030062632739
L146A,1.0914944304090213,0.974146612884284,train,0.11734781752473733
L146C,0.7745311841752454,0.979559796144022,test,0.20502861196877664
L146D,0.18033191184639646,0.585765666808696,test,0.40543375496229955
L146E,0.9829679090840777,0.667878165682736,test,0.31508974340134177
L146F,1.2401679121920601,0.9805526207621,test,0.2596152914299601
L146G,0.1867738216649198,0.816160883911897,test,0.6293870622469773
L146H,0.6004456815815189,0.962345798971632,test,0.3619001173901131
L146I,1.3109089138708043,0.963165074275819,test,0.34774383959498534
L146K,0.6901446820919972,0.808002987343256,test,0.11785830525125884
L146M,1.791854086804376,0.98452627769419,test,0.807327809110186
L146N,0.17792988507497937,0.901029263054219,test,0.7230993779792396
L146P,0.44437772822598204,0.961684558120974,test,0.5173068298949919
L146Q,0.18279381322050808,0.960284467225005,test,0.777490654004497
L146R,0.7391244284999097,0.0436976935658069,test,0.6954267349341028
L146S,0.8512984871344038,0.943070200044101,test,0.09177171290969721
L146T,1.1644537944638458,0.959252291733098,test,0.20520150273074778
L146V,1.113675227571715,0.965753808670889,test,0.147921418900826
L146W,0.7977092211277643,0.952188143498194,test,0.1544789223704297
L146Y,0.5476726384608881,0.940876295911392,test,0.3932036574505039
L150A,0.9636133725298466,0.924039330852267,train,0.03957404167757961
L150C,0.42798944710315917,0.924679070492189,test,0.49668962338902983
L150D,-0.3069934307081387,0.765411753434882,test,1.0724051841430207
L150E,-0.3069934307081387,0.733896734831982,test,1.0408901655401208
L150F,0.7753018919547197,0.911094836420578,test,0.13579294446585832
L150G,-0.3069934307081387,0.876197352549255,test,1.1831907832573938
L150H,-0.11365133172301162,0.800631775935051,test,0.9142831076580626
L150I,0.8008417359633535,0.923327258497029,test,0.1224855225336755
L150K,0.03187764303624713,0.848990728082142,test,0.817113085045895
L150M,1.161024396604284,1.00425117758252,test,0.1567732190217639
L150N,-0.04706021632097096,0.81057923144766,test,0.8576394477686309
L150P,-0.3069934307081387,0.0264343521988371,test,0.33342778290697583
L150Q,-0.3069934307081387,0.940083608100797,test,1.2470770388089358
L150R,0.11128606211386322,0.781349031017245,test,0.6700629689033817
L150S,0.5353346465096491,0.904732787916645,test,0.3693981414069959
L150T,0.8396023528206493,0.911432789814055,test,0.07183043699340563
L150V,0.8630035571010284,0.882737955003419,test,0.01973439790239062
L150W,0.2605713493103617,0.77059029351722,test,0.5100189442068583
L150Y,0.3895807578195241,0.845584194317923,test,0.45600343649839886
L159A,0.9753087100762965,0.92663135399954,train,0.048677356076756495
L159C,0.8471451136016821,0.973495604825742,test,0.12635049122405995
L159D,0.5951927792158624,0.109294305830179,test,0.4858984733856834
L159E,0.2907858067471612,0.622597125834465,test,0.3318113190873038
L159F,1.387120558190258,0.947895303817101,test,0.43922525437315696
L159G,0.9928416279780361,0.803839424628775,test,0.1890022033492611
L159H,0.2911859083644846,0.638154948627093,test,0.3469690402626084
L159I,0.858500198701238,0.930320293519192,test,0.07182009481795404
L159K,0.2907858067471612,0.076978106142338,test,0.2138077006048232
L159M,1.5121155529345565,0.954913325558969,test,0.5572022273755874
L159N,0.2923936354171293,0.881162166401264,test,0.5887685309841346
L159P,1.0498661584186362,0.961972539344102,test,0.08789361907453419
L159Q,0.6610262544863179,0.749917242385844,test,0.0888909878995261
L159R,0.2907858067471612,0.10980970412989,test,0.1809761026172712
L159S,0.8507415407413763,0.856136021896144,test,0.005394481154767705
L159T,0.7164727970037372,0.948438757841853,test,0.23196596083811583
L159V,0.8589811479508018,0.897320597125996,test,0.03833944917519416
L159W,0.2907858067471612,0.628054360603735,test,0.3372685538565738
L159Y,1.2719740603478797,0.85329729959403,test,0.41867676075384974
L169A,1.129289737281212,0.9904622656667,train,0.13882747161451203
L169C,0.5186504171232169,0.951247797715376,test,0.43259738059215913
L169D,-0.21611751601542112,0.420511572219062,test,0.6366290882344832
L169E,0.3055747426567948,0.923140767138568,test,0.6175660244817731
L169F,0.4367853696711315,0.0987804208738857,test,0.33800494879724585
L169G,0.15692179816326052,0.966065964114159,test,0.8091441659508984
L169H,-0.034550859514283105,0.67962733745751,test,0.7141781969717931
L169I,0.8419861442461016,0.961320649704248,test,0.11933450545814639
L169K,0.1085452938194536,0.0685073537895141,test,0.0400379400299395
L169M,0.7041456512484618,0.757066668527495,test,0.0529210172790332
L169N,0.4049789149561214,0.960294393685533,test,0.5553154787294117
L169P,0.19583635574701935,0.111959196541031,test,0.08387715920598836
L169Q,0.5223845707202361,0.925064452436394,test,0.4026798817161579
L169R,0.48801466337379656,0.0563789559955268,test,0.4316357073782698
L169S,0.5327252240973035,0.909898659649004,test,0.37717343555170046
L169T,0.7147148811639266,0.939631621859914,test,0.22491674069598744
L169V,0.9715507716422209,0.947136604332856,test,0.024414167309364965
L169W,0.2110125161765773,0.13369733057617,test,0.07731518560040729
L169Y,0.15781146587795553,0.102055819425421,test,0.05575564645253453
L171A,0.8244338025811295,0.868922516081716,train,0.044488713500586474
L171C,0.1174523422135661,0.905110057030972,test,0.787657714817406
L171D,0.1212371800572481,0.354543316162028,test,0.2333061361047799
L171E,-0.0360679757852686,0.350835631452838,test,0.38690360723810663
L171F,0.821587367591512,0.798592970850426,test,0.022994396741085943
L171G,-0.22483656592718754,0.84807960767872,test,1.0729161736059076
L171H,0.4596049517406425,0.746177884286011,test,0.2865729325453685
L171I,0.6837909991651934,0.913279734635224,test,0.22948873547003068
L171K,0.3612908603675607,0.780010445431356,test,0.4187195850637953
L171M,0.8219046857439025,0.9827803570923,test,0.16087567134839753
L171N,0.09107647667730673,0.781750800041608,test,0.6906743233643013
L171P,0.28678681457567207,0.655071182041477,train,0.3682843674658049
L171Q,0.5268456372910855,0.748416081729359,test,0.22157044443827356
L171R,0.6385635999918939,0.604325964186054,test,0.03423763580583994
L171S,0.6188275735765689,0.887460943723513,test,0.2686333701469441
L171T,0.601947946755411,0.784072993230111,test,0.18212504647470007
L171V,0.6160469208183361,0.778824032770739,test,0.16277711195240285
L171W,0.5842724015236787,0.180678577987796,test,0.4035938235358827
L171Y,0.7574691340583755,0.904855721862423,test,0.14738658780404756
L17A,-0.8615842119547059,0.196705217951003,train,1.0582894299057088
L17C,-0.26298252815955164,0.103295938045839,test,0.3662784662053906
L17D,-0.26298252815955164,0.0495966684572821,test,0.31257919661683375
L17E,-0.26298252815955164,0.0765312740260338,test,0.33951380218558547
L17F,-0.26298252815955164,0.742753332029162,test,1.0057358601887136
L17G,-0.26298252815955164,0.0915763185735765,test,0.35455884673312815
L17H,-0.26298252815955164,0.0574304587897872,test,0.32041298694933884
L17I,-0.26298252815955164,0.784311769774749,test,1.0472942979343007
L17K,-0.26298252815955164,0.0624629113718454,test,0.32544543953139704
L17M,-0.26298252815955164,0.706996960339912,test,0.9699794884994637
L17N,-0.26298252815955164,0.146560981413438,test,0.4095435095729897
L17P,-0.26298252815955164,0.0960810923295493,test,0.35906362048910095
L17Q,-0.26298252815955164,0.146222275737615,test,0.4092048038971666
L17R,-0.26298252815955164,0.0706376455410057,test,0.33362017370055735
L17S,-0.26298252815955164,0.0712897499626916,test,0.33427227812224325
L17T,-0.26298252815955164,0.0895952894371567,test,0.35257781759670836
L17V,-0.26298252815955164,0.505576253370835,test,0.7685587815303867
L17W,-0.26298252815955164,0.260664501213297,test,0.5236470293728486
L17Y,-0.26298252815955164,0.265137633233972,test,0.5281201613935236
L185A,0.9071161142495683,0.900529317259396,train,0.006586796990172283
L185C,0.40476554568554773,0.967797972254012,test,0.5630324265684643
L185D,-0.14427429877338577,0.48049784391339,train,0.6247721426867758
L185E,0.6195982883327922,0.823986682311095,test,0.20438839397830277
L185F,0.2157774087962015,0.600459515447996,test,0.38468210665179453
L185G,0.4233453310425706,0.879427347585586,test,0.45608201654301544
L185H,0.9782185780720916,0.931611282589651,train,0.04660729548244058
L185I,0.675147524166924,0.943488236968478,test,0.2683407128015539
L185K,0.7717580129375143,0.993125585164602,test,0.2213675722270877
L185M,0.8591505235331773,0.980928720229968,test,0.12177819669679069
L185N,0.31327921188155555,0.906097722750056,test,0.5928185108685005
L185P,0.014482643138045204,0.125745586606187,test,0.1112629434681418
L185Q,0.8872476840017072,0.986422025149094,test,0.09917434114738688
L185R,0.9275455671124959,0.979347995164993,test,0.05180242805249713
L185S,0.7885170142344506,0.97009468326744,test,0.18157766903298933
L185T,0.5429327969834254,0.974913113342668,test,0.4319803163592425
L185V,0.7431444648944989,0.939324535110225,test,0.19618007021572603
L185W,-0.01577525404369945,0.741928125632629,test,0.7577033796763284
L185Y,0.363433779634649,0.69330653049686,test,0.32987275086221096
L204A,1.097379212318634,0.976113909164134,train,0.1212653031544999
L204C,0.19725944108666488,0.978874511495752,test,0.7816150704090872
L204D,0.29769413243423776,1.07644897609528,test,0.7787548436610423
L204E,0.3830680497140336,0.961478338650318,test,0.5784102889362843
L204F,1.326445271879562,1.03391890125243,test,0.29252637062713216
L204G,0.10487014090167085,0.966173847244952,test,0.8613037063432811
L204H,0.10100623026234073,0.968912501277684,test,0.8679062710153433
L204I,1.148162534205218,1.01104709200156,test,0.137115442203658
L204K,0.10966763541572894,1.01408642602682,test,0.9044187906110912
L204M,1.6117062408589469,1.01453142509245,test,0.5971748157664969
L204N,0.10100623026234073,0.979336297927208,test,0.8783300676648673
L204P,0.7942054953517417,0.983167414223188,test,0.1889619188714463
L204Q,0.10100623026234073,0.987876391355346,test,0.8868701610930052
L204R,0.6502250367452245,0.93237665554515,test,0.28215161879992556
L204S,0.5919838496794707,0.985076084974501,test,0.39309223529503035
L204T,1.0593136452912066,0.990376438546435,test,0.06893720674477166
L204V,0.9568174132461795,0.980967378275245,test,0.024149965029065523
L204W,0.9928189840140771,0.995553788219263,test,0.0027348042051859034
L204Y,1.1110513562912505,1.00012339351049,test,0.11092796278076045
L210A,1.1766207436158762,1.00675972217654,train,0.16986102143933612
L210C,0.31280564112015524,0.995030933298899,test,0.6822252921787437
L210D,0.3357977767095957,0.924297161773614,test,0.5884993850640183
L210E,1.1480441386423283,0.961222564226525,test,0.18682157441580338
L210F,0.540474041430107,0.988527383527911,test,0.448053342097804
L210G,0.3412024519809887,0.961428726748931,test,0.6202262747679423
L210H,0.7131840730377537,0.976678197447166,test,0.26349412440941233
L210I,0.5957024590090878,0.889948386051303,test,0.2942459270422152
L210K,0.7757462977412768,0.975924752424993,test,0.2001784546837162
L210M,0.8069115997963952,0.995002285221488,test,0.18809068542509289
L210N,0.460742591532382,0.957182108206975,test,0.496439516674593
L210P,0.06566073171235948,0.904350014824374,test,0.8386892831120145
L210Q,0.6869246260056503,1.00920632668293,test,0.3222817006772798
L210R,0.8268990275581611,0.989866966420548,test,0.1629679388623868
L210S,0.6583807319472701,1.01119837043972,test,0.35281763849244996
L210T,0.574806326766824,0.985058588980541,test,0.410252262213717
L210V,0.6245513652551171,0.945859602479528,test,0.32130823722441093
L210W,0.1730944188460804,0.900525996428286,test,0.7274315775822056
L210Y,0.741119268190781,0.97259440162066,test,0.23147513342987902
L227A,1.0012286269923605,0.939026442338898,train,0.0622021846534625
L227C,0.5425115210652303,0.974780012169998,test,0.4322684911047677
L227D,0.5020885323417952,0.134249950920192,test,0.3678385814216032
L227E,0.38457294597952,0.192382954555183,test,0.19218999142433701
L227F,0.9724647607131081,0.965017425835628,test,0.007447334877480061
L227G,0.8342552795116047,0.813047565909885,test,0.02120771360171969
L227H,0.4166474253738484,0.887000945166953,test,0.47035351979310464
L227I,1.3324914473782306,1.003847072118,test,0.3286443752602306
L227K,0.34460403588916316,0.0709606557208034,test,0.27364338016835976
L227M,0.9562679619133254,0.987911182457293,test,0.03164322054396762
L227N,0.3146192812094056,0.789993982149843,test,0.4753747009404374
L227P,0.2288209480208528,0.0421625525166727,test,0.1866583955041801
L227Q,0.36827971288299205,0.859161749113019,test,0.49088203623002696
L227R,0.7962535845045577,0.0976845937483104,test,0.6985689907562473
L227S,0.625312197926239,0.933719983409651,test,0.30840778548341197
L227T,0.5878120055739062,0.938480178868858,test,0.3506681732949518
L227V,1.0423108130565764,0.991525241468374,test,0.050785571588202405
L227W,0.3541576872812274,0.909464632735554,test,0.5553069454543267
L227Y,0.4867598400633471,0.949670821411274,test,0.4629109813479269
L248A,-0.6450991215128212,0.281731997556282,train,0.9268311190691032
L248C,0.3300705360512906,0.674899037536111,train,0.3448285014848204
L248D,-0.5467636758279539,0.0860755600804561,test,0.6328392359084101
L248E,-1.0559133535501832,0.118447781729328,train,1.1743611352795111
L248F,-0.8114209092961424,0.580706329939387,test,1.3921272392355295
L248G,-1.1335132637070693,0.0897021107873958,train,1.2232153744944652
L248H,-0.3839147917091505,0.0821248920095962,test,0.4660396837187467
L248I,-0.2903054481616482,0.762142389349965,test,1.0524478375116133
L248K,-0.10919952091987634,0.451228593722137,test,0.5604281146420134
L248M,-0.06709656304642303,0.903754710802011,test,0.9708512738484341
L248N,-0.4272570883392052,0.316205488059085,test,0.7434625763982903
L248P,-0.9700151077252066,0.0420131868834434,test,1.01202829460865
L248Q,-0.0629581868059183,0.364175264897256,test,0.4271334517031743
L248R,0.04301334145181818,0.505597391053198,test,0.46258404960137983
L248S,-0.34651026552756464,0.075099266602247,test,0.42160953212981167
L248T,-0.49695206663520247,0.387520920611987,test,0.8844729872471895
L248V,-0.010385506248788035,0.656726687634877,test,0.667112193883665
L248W,-0.29638457114680244,0.425785579170057,train,0.7221701503168594
L248Y,-0.37852932799317246,0.594310377070518,test,0.9728397050636906
L25A,-1.110888221335185,0.0989745745336515,train,1.2098627958688364
L25C,-0.9936945821572651,0.766387863814863,test,1.7600824459721283
L25D,-0.8838402685681226,0.185618579161688,test,1.0694588477298106
L25E,-0.4177217414923175,0.0813780398473644,test,0.4990997813396819
L25F,-0.5225757998731444,0.0702973747446411,test,0.5928731746177855
L25G,-0.9334051623278681,0.0743890205868064,test,1.0077941829146744
L25H,-1.0875448011216564,0.107854395216794,train,1.1953991963384505
L25I,-0.2750462250770775,0.664390888216943,test,0.9394371132940205
L25K,-0.5601304410223227,0.106688313103803,test,0.6668187541261257
L25M,-0.8867034836641112,0.833246772376408,test,1.7199502560405193
L25N,-0.8148241451165079,0.0954149781675668,test,0.9102391232840747
L25P,-1.2934849378361148,0.0762844725038411,test,1.369769410339956
L25Q,-0.6724507179582782,0.197743032804435,test,0.8701937507627131
L25R,-0.37109914532276717,0.077219806723112,test,0.4483189520458792
L25S,-0.6046683186587627,0.0724507558677046,test,0.6771190745264672
L25T,-0.1492094506619645,0.356340923454789,test,0.5055503741167535
L25V,-0.15893802831040288,0.460205601352263,test,0.6191436296626659
L25W,-0.893753438489477,0.0763406750932623,test,0.9700941135827392
L25Y,-0.7974581162994925,0.109233623610666,test,0.9066917399101585
L260A,-1.1828157230227418,0.0679765848440539,train,1.2507923078667957
L260C,0.24094201380674646,0.63806336176602,train,0.3971213479592735
L260D,-1.0128853607283386,0.139473494888493,train,1.1523588556168316
L260E,-1.1141239474489488,0.148170275520263,test,1.2622942229692118
L260F,0.709619761165861,0.931714635693674,test,0.22209487452781296
L260G,-0.7478910089616075,0.0454377680980508,test,0.7933287770596583
L260H,-1.0981435082206765,0.104420664814058,train,1.2025641730347345
L260I,0.4727511577464361,0.730432448707811,train,0.2576812909613749
L260K,-0.7007629391155827,0.183335867932956,test,0.8840988070485387
L260M,0.5117631998915773,0.74690965933447,train,0.2351464594428927
L260N,-1.2300171229558536,0.0525529348999678,train,1.2825700578558215
L260P,-1.2408345136911993,0.0467935477689828,train,1.287628061460182
L260Q,-1.1848811522020632,0.069664071515467,train,1.2545452237175303
L260R,-1.2097235063536793,0.060678506309157,train,1.2704020126628364
L260S,-1.0254689713928933,0.131786259064109,train,1.1572552304570023
L260T,-1.1749366982071265,0.0728971641935808,train,1.2478338624007073
L260V,0.444326524483774,0.718544852817283,train,0.27421832833350895
L260W,-1.1100184499754597,0.0524070655302954,test,1.1624255155057552
L260Y,-0.8893779553820185,0.185991224024034,train,1.0753691794060525
L261A,-1.0812664575096482,0.110022677523957,train,1.1912891350336052
L261C,-0.2080199339039827,0.459401438060701,train,0.6674213719646838
L261D,-0.9945611484992574,0.145816574527268,train,1.1403777230265253
L261E,-0.45780314973637365,1.0756015965182,test,1.5334047462545737
L261F,-0.4200018759152408,0.716414574694512,test,1.1364164506097527
L261G,-0.5699354573606081,0.0744062607698637,test,0.6443417181304718
L261H,-1.1548150722100496,0.0787152083051775,train,1.233530280515227
L261I,-0.3128536463002289,0.920379831794263,test,1.2332334780944918
L261K,-0.47112293109528997,0.531074611828553,test,1.002197542923843
L261M,0.2209688292804613,0.960143731461974,test,0.7391749021815126
L261N,-0.8575946775695309,0.131538894787325,test,0.989133572356856
L261P,-0.8576067089572428,0.0871429736368128,test,0.9447496825940556
L261Q,0.16900671781178117,0.611730790634886,train,0.44272407282310483
L261R,-0.8047985967035638,0.145679530374912,test,0.9504781270784758
L261S,-0.9747954550184508,0.152768070335574,train,1.1275635253540248
L261T,-0.2769483397809784,0.264405292114194,test,0.5413536318951724
L261V,0.5943363611707966,0.778564514422633,train,0.1842281532518364
L261W,-0.8577034779620911,0.119752657346027,test,0.9774561353081181
L261Y,-1.0038843956580532,0.14126568741065,train,1.1451500830687031
L284A,1.0059451465291165,0.941884465303594,train,0.06406068122552244
L284C,0.5895417171472701,0.955854346615475,test,0.36631262946820486
L284D,0.1770620640000669,0.103494787323172,test,0.07356727667689492
L284E,0.194150678422437,0.723576790700813,test,0.5294261122783761
L284F,0.9205761730998603,0.902883142628663,test,0.017693030471197302
L284G,0.1770620640000669,0.816874329839061,test,0.6398122658389942
L284H,0.4784718172230225,0.90840760475931,test,0.42993578753628753
L284I,1.5165572279127044,0.962760570104412,test,0.5537966578082925
L284K,0.4053273516617005,0.788693892743558,test,0.38336654108185747
L284M,0.8991359347969095,0.959966430519583,test,0.06083049572267352
L284N,0.1770620640000669,0.881464382719375,test,0.704402318719308
L284P,0.18511120635036887,0.16000997178884,test,0.02510123456152888
L284Q,0.1770620640000669,0.93620713258467,test,0.7591450685846031
L284R,0.1770620640000669,0.585348926468288,test,0.40828686246822105
L284S,0.4214860068847273,0.930373768284449,test,0.5088877613997216
L284T,0.8484111856486152,0.928538176241179,test,0.08012699059256378
L284V,1.4850287035557646,0.990239459229836,test,0.4947892443259285
L284W,0.7320660448565022,0.0903742596950496,test,0.6416917851614525
L284Y,0.6794533359690025,0.961576791644901,test,0.28212345567589847
L314A,0.8645231880433215,0.884298639616201,train,0.01977545157287952
L314C,0.31885476484413294,0.962412133659128,test,0.6435573688149951
L314D,-0.16223574295979398,0.0584786462508866,test,0.2207143892106806
L314E,-0.16223574295979398,0.104201946703613,test,0.266437689663407
L314F,0.5837245808466669,1.01269567398025,test,0.42897109313358306
L314G,-0.16223574295979398,0.0764820416645984,test,0.2387177846243924
L314H,0.4966238536019905,0.677441994934061,test,0.18081814133207047
L314I,0.8774230063786419,0.976474954151736,test,0.09905194777309412
L314K,0.04855301565787867,0.0522871489220272,test,0.00373413326414853
L314M,1.3998268012426678,0.995220155034004,test,0.4046066462086638
L314N,-0.16223574295979398,0.0949068085337125,test,0.2571425514935065
L314P,0.01907886066715575,0.0462971141482499,test,0.02721825348109415
L314Q,0.14434146262161823,0.68245109023661,test,0.5381096276149917
L314R,0.32062217772522145,0.0602315018716212,test,0.26039067585360026
L314S,0.31854331453643076,0.229686811655341,test,0.08885650288108976
L314T,0.4399466036158604,0.647249739351435,test,0.20730313573557463
L314V,1.0895704216956332,0.949664171886994,test,0.1399062498086392
L314W,0.41364728817187496,0.864291024569257,test,0.45064373639738203
L314Y,0.49231074378318423,0.97572519829572,test,0.4834144545125358
L343A,0.9775140010957335,0.929468760039073,train,0.048045241056660526
L343C,0.6565665783656671,0.924264997029926,test,0.2676984186642589
L343D,0.6565665783656671,0.31977117389975,test,0.3367954044659171
L343E,0.6565665783656671,0.6645937871987,test,0.008027208833032873
L343F,0.6565665783656671,0.810263122530009,test,0.15369654416434186
L343G,0.6565665783656671,0.860924774311327,test,0.20435819594565985
L343H,0.6565665783656671,0.439911872859756,test,0.2166547055059111
L343I,0.6565665783656671,0.950319076275849,test,0.2937524979101819
L343K,0.6565665783656671,0.125983861638321,test,0.5305827167273461
L343M,0.6565665783656671,0.959664133432657,test,0.3030975550669899
L343N,0.6565665783656671,0.905848237611706,test,0.24928165924603884
L343P,0.6565665783656671,0.0455976369842771,test,0.61096894138139
L343Q,0.6565665783656671,0.948625947406788,test,0.29205936904112084
L343R,0.6565665783656671,0.15607703815069,test,0.5004895402149772
L343S,0.6565665783656671,0.92904605600577,test,0.27247947764010283
L343T,0.6565665783656671,0.930588704019246,test,0.27402212565357886
L343V,0.6565665783656671,0.892853663842839,test,0.23628708547717192
L343W,0.6565665783656671,0.387928610303352,test,0.2686379680623151
L343Y,0.6565665783656671,0.896116383848379,test,0.23954980548271188
L374A,0.9428506828448144,0.914973181273368,train,0.027877501571446417
L374C,0.39840998140069056,0.966172426188109,test,0.5677624447874183
L374D,0.6871491320223226,0.0793598073114478,test,0.6077893247108749
L374E,0.6266794592715454,0.0690302295081079,test,0.5576492297634376
L374F,0.3350699161880338,0.872088662514158,test,0.5370187463261242
L374G,0.8529110020948911,0.634840461974682,test,0.2180705401202091
L374H,0.6158030832695784,0.775406392828739,test,0.15960330955916058
L374I,1.0405340678724526,0.719487264455436,test,0.32104680341701664
L374K,0.693179337943234,0.119767990286026,test,0.573411347657208
L374M,0.5877534537223736,0.987158678190904,test,0.39940522446853033
L374N,0.5632089714797983,0.205885096761565,test,0.35732387471823335
L374P,0.37052274131937774,0.866085572443667,test,0.4955628311242893
L374Q,0.5479857174262355,0.660168908020089,test,0.11218319059385351
L374R,0.691357948477445,0.0666827510048925,test,0.6246751974725525
L374S,0.7524400135609737,0.729452396090661,test,0.022987617470312638
L374T,0.9173517591056592,0.859751617772632,test,0.057600141333027266
L374V,1.0200407429304006,0.998465062288143,test,0.021575680642257566
L374W,0.6793230324272619,0.617795651892796,test,0.061527380534465936
L374Y,0.10995757949946944,0.750498924794404,test,0.6405413452949347
L383A,0.7308250577722495,0.831115876696862,train,0.10029081892461256
L383C,0.26424528609962034,0.865492151885349,test,0.6012468657857286
L383D,-0.40399053573997795,0.453334504349692,test,0.8573250400896699
L383E,-0.3146168764622698,0.60117976764535,test,0.9157966441076197
L383F,0.6544750543285263,0.71396864542549,test,0.05949359109696373
L383G,0.19077013130368764,0.634508789470726,test,0.44373865816703834
L383H,0.26295818365623896,0.803405526791985,test,0.5404473431357459
L383I,0.7201568244984964,0.965781208523832,test,0.2456243840253356
L383K,-0.40399053573997795,0.732492805849971,test,1.136483341589949
L383M,0.6714527174331133,1.00014595558687,test,0.3286932381537566
L383N,0.18745188668463714,0.907325862236201,test,0.719873975551564
L383P,-0.40399053573997795,0.484018589787524,test,0.888009125527502
L383Q,-0.05296439414199389,0.831192875152651,test,0.8841572692946449
L383R,-0.40399053573997795,0.70278654931591,test,1.106777085055888
L383S,0.15884267519135437,0.773731333767367,test,0.6148886585760127
L383T,0.45542043137866545,0.714099731539469,test,0.2586793001608036
L383V,0.7404957416745157,0.942600861818131,test,0.20210512014361526
L383W,-0.18043756358300106,0.672218702235709,test,0.85265626581871
L383Y,0.6212821899442149,0.796776746812574,test,0.17549455686835913
L390A,0.982857128603924,0.930587502637787,train,0.052269625966137045
L390C,0.9520477520375037,0.933840312832368,test,0.018207439205135678
L390D,0.21101550093221727,0.121071755683471,test,0.08994374524874627
L390E,0.21101550093221727,0.560255901687273,test,0.34924040075505575
L390F,1.0995140000527313,0.913318951091792,test,0.1861950489609393
L390G,0.4453258158550702,0.813266732874474,test,0.36794091701940385
L390H,0.830261447618251,0.875028609177194,test,0.044767161558943
L390I,1.284870896280288,0.94921767997787,test,0.33565321630241796
L390K,0.21101550093221727,0.355456625348132,test,0.14444112441591472
L390M,1.4865589728391564,0.978499459071839,test,0.5080595137673174
L390N,1.3591469873065263,0.667473246608876,test,0.6916737406976503
L390P,0.7543126225682029,0.174208339734878,test,0.5801042828333248
L390Q,1.6884348225832975,0.79635912430923,test,0.8920756982740675
L390R,0.2111078275652583,0.0879649988587356,test,0.12314282870652271
L390S,0.2945611121638488,0.82142906010303,test,0.5268679479391811
L390T,1.045811985477271,0.844720766750162,test,0.2010912187271089
L390V,1.174954328277205,0.92142852191812,test,0.25352580635908506
L390W,0.8744730087777759,0.41307382420443,test,0.4613991845733459
L390Y,0.9989771356623427,0.9657192164201,test,0.03325791924224275
L410A,0.6995637133789243,0.818242982003206,train,0.11867926862428169
L410C,0.9566442740981307,0.948940410722778,test,0.007703863375352671
L410D,-0.1421420497520342,0.0723022909506321,test,0.21444434070266633
L410E,-0.2972479612852767,0.777445522012336,test,1.0746934832976127
L410F,0.6168367597141104,0.783936308517636,test,0.1670995488035255
L410G,-0.2972479612852767,0.759939068249872,test,1.0571870295351486
L410H,-0.07837348532108107,0.81973087971407,test,0.898104365035151
L410I,0.9903547254455871,0.991046236791398,test,0.0006915113458109134
L410K,-0.2920319256039016,0.528363591560851,test,0.8203955171647526
L410M,1.0044861616684662,0.996043050783735,test,0.008443110884731153
L410N,0.5759020460530833,0.620735882777592,test,0.04483383672450869
L410P,-0.2972479612852767,0.0373155380085669,test,0.3345634992938436
L410Q,-0.2972479612852767,0.849492871261409,test,1.1467408325466857
L410R,-0.2972479612852767,0.0882267684045333,test,0.38547472968981
L410S,0.2986537983116025,0.795543518626946,test,0.49688972031534345
L410T,0.4352436183836757,0.844601818436156,test,0.4093582000524803
L410V,0.8463410671574563,0.952386037766871,test,0.10604497060941476
L410W,0.3119709321789986,0.0523389505485221,test,0.25963198163047646
L410Y,0.22007310827676912,0.205114607564644,test,0.014958500712125122
L424A,0.9587583203021701,0.920255495762326,train,0.038502824539844105
L424C,0.35777090333333034,0.941889788255486,test,0.5841188849221557
L424D,1.0875992444670874,0.865455654739245,test,0.22214358972784243
L424E,1.107172775809973,0.921447398599446,test,0.18572537721052695
L424F,0.9809275256092622,1.00609323794728,test,0.025165712338017787
L424G,0.9623088393256598,0.861520817466554,test,0.10078802185910585
L424H,0.8200821134572092,0.872202476320014,test,0.05212036286280486
L424I,1.5560375982716792,0.983034521015201,test,0.5730030772564783
L424K,1.056310543099416,0.865453332798513,test,0.19085721030090297
L424M,0.5139131267573038,0.97657385114189,test,0.46266072438458616
L424N,1.1449888907995902,0.900818918546846,test,0.24416997225274417
L424P,0.8993924912943516,0.916554874679788,test,0.01716238338543641
L424Q,1.014837567945845,0.948052324822437,test,0.06678524312340806
L424R,1.224362537520113,0.873282562292791,test,0.35107997522732204
L424S,1.0882772699767767,0.878233827046233,test,0.21004344293054367
L424T,0.9719071260799037,0.966891018595647,test,0.005016107484256738
L424V,1.7428941113715055,0.97770428458732,test,0.7651898267841856
L424W,0.38382345463598183,0.938431407238689,test,0.5546079526027072
L424Y,0.6921297984833874,0.921652592594344,test,0.22952279411095655
L433A,0.2526892067118363,0.640672229240947,train,0.3879830225291107
L433C,0.29415418117371944,0.664157430144671,test,0.37000324897095155
L433D,0.29415418117371944,0.0950755501895647,test,0.19907863098415474
L433E,0.29415418117371944,0.0734657180970823,test,0.22068846307663714
L433F,0.29415418117371944,0.92340844174641,test,0.6292542605726905
L433G,0.29415418117371944,0.154852931147033,test,0.13930125002668645
L433H,0.29415418117371944,0.617360517468133,test,0.3232063362944136
L433I,0.29415418117371944,0.916912815786659,test,0.6227586346129395
L433K,0.29415418117371944,0.0847968580462145,test,0.20935732312750494
L433M,0.29415418117371944,0.908218613533238,test,0.6140644323595186
L433N,0.29415418117371944,0.0619831729352508,test,0.23217100823846865
L433P,0.29415418117371944,0.0687663943942834,test,0.22538778677943605
L433Q,0.29415418117371944,0.113363600014944,test,0.18079058115877544
L433R,0.29415418117371944,0.06100217986093,test,0.23315200131278946
L433S,0.29415418117371944,0.406708885592381,test,0.11255470441866156
L433V,0.29415418117371944,0.738688227857216,test,0.44453404668349655
L433W,0.29415418117371944,0.65865874112629,test,0.36450455995257053
L433Y,0.29415418117371944,0.895112125126395,test,0.6009579439526755
L455A,0.817841875399667,0.865849584310693,train,0.048007708911026015
L455C,0.5767305155176352,0.865641268392968,test,0.28891075287533274
L455D,0.5767305155176352,0.805393891346143,test,0.22866337582850782
L455E,0.5767305155176352,0.806868696452034,test,0.23013818093439875
L455F,0.5767305155176352,0.960161166715368,test,0.3834306511977328
L455G,0.5767305155176352,0.839675836605422,test,0.2629453210877868
L455H,0.5767305155176352,0.845945711956277,test,0.2692151964386418
L455I,0.5767305155176352,0.958254069826973,test,0.3815235543093378
L455K,0.5767305155176352,0.868935121429512,test,0.2922046059118768
L455M,0.5767305155176352,0.946321921751474,test,0.3695914062338388
L455N,0.5767305155176352,0.865184045522566,test,0.2884535300049308
L455P,0.5767305155176352,0.829419006376537,test,0.25268849085890177
L455Q,0.5767305155176352,0.820069122273359,test,0.24333860675572383
L455R,0.5767305155176352,0.878270242565672,test,0.3015397270480368
L455S,0.5767305155176352,0.86274923954723,test,0.28601872402959483
L455T,0.5767305155176352,0.858057982797497,test,0.2813274672798618
L455V,0.5767305155176352,0.94487434787949,test,0.3681438323618548
L455W,0.5767305155176352,0.873150182967623,test,0.2964196674499878
L455Y,0.5767305155176352,0.821845885046234,test,0.2451153695285988
L464A,1.018601031278612,0.94583932554613,train,0.07276170573248197
L464C,0.6771100934571077,0.999207807396976,test,0.3220977139398683
L464D,0.6771100934571077,1.00834502570025,test,0.33123493224314227
L464E,0.6771100934571077,1.00563264276636,test,0.3285225493092523
L464F,0.6771100934571077,1.01950330428335,test,0.3423932108262422
L464G,0.6771100934571077,1.00413588651433,test,0.32702579305722224
L464H,0.6771100934571077,1.0159978128305,test,0.33888771937339235
L464I,0.6771100934571077,1.00756549147492,test,0.3304553980178122
L464K,0.6771100934571077,1.01363791415027,test,0.33652782069316234
L464M,0.6771100934571077,0.995413608692308,test,0.3183035152352003
L464N,0.6771100934571077,1.01857565206077,test,0.34146555860366234
L464P,0.6771100934571077,0.97480315528263,test,0.29769306182552224
L464Q,0.6771100934571077,1.0249719137911,test,0.34786182033399227
L464R,0.6771100934571077,1.00049993645949,test,0.32338984300238227
L464S,0.6771100934571077,1.01060566082168,test,0.3334955673645723
L464T,0.6771100934571077,1.05426325111166,test,0.3771531576545524
L464W,0.6771100934571077,1.02816245862016,test,0.3510523651630524
L464Y,0.6771100934571077,1.01059990421545,test,0.3334898107583424
L70A,0.8269808768744173,0.869316336721039,train,0.04233545984662168
L70C,0.39977230930905,0.95961231197449,test,0.55984000266544
L70D,0.6186601136817895,0.203634464784785,test,0.41502564889700455
L70E,0.7716187876050373,0.69466522002696,test,0.07695356757807736
L70F,0.4665058424699389,0.947834515688104,test,0.481328673218165
L70G,0.2554270214569759,0.430105756560447,test,0.1746787351034711
L70H,0.6780226136252114,0.773419928584628,test,0.09539731495941661
L70I,1.2979725370138748,1.02578100643051,test,0.27219153058336487
L70K,0.9969923871364603,0.921190049837431,test,0.0758023372990293
L70M,0.6980099538844069,0.988241119939654,test,0.2902311660552471
L70N,0.6637923158791548,0.713890961970258,test,0.05009864609110326
L70P,0.11028789930724697,0.194390915032836,test,0.08410301572558904
L70Q,0.8262045531266562,0.998352203777845,test,0.17214765065118875
L70R,1.0839694036370293,0.850295916781366,test,0.23367348685566336
L70S,0.7439497905690811,0.796321119599545,test,0.05237132903046393
L70T,0.8289853505012079,0.955543130116804,test,0.1265577796155961
L70V,1.0491995117025628,1.01885369010665,test,0.030345821595912703
L70W,0.609065961747218,0.768802142594187,test,0.15973618084696894
L70Y,0.5560884361145337,0.836046714864754,test,0.2799582787502203
L80A,0.5452513944016122,0.756472400743431,train,0.21122100634181884
L80C,0.8287952945068016,0.871577151568457,train,0.04278185706165549
L80D,0.9336920302116507,0.244491558546015,test,0.6892004716656357
L80E,0.7453539468223287,0.834133829720106,train,0.08877988289777727
L80F,0.8326397821555656,0.901340171264362,test,0.06870038910879639
L80G,0.3783399563768946,0.445353269077655,test,0.06701331270076039
L80H,0.7261696784842275,0.832005099825704,test,0.1058354213414765
L80I,1.2233411724205379,1.02216333344594,test,0.20117783897459796
L80K,0.7318299690188805,0.685122895715272,test,0.04670707330360857
L80M,0.8131316602761469,0.993863181377335,test,0.18073152110118806
L80N,0.639955727705571,0.693377469359459,test,0.05342174165388802
L80P,-0.18249506097542495,0.179371475657824,test,0.36186653663324897
L80Q,0.7381184486862775,0.861767377849089,test,0.12364892916281145
L80R,0.9062161254826488,0.802662240754681,test,0.1035538847279679
L80S,0.6440553413856289,0.82807050513457,test,0.1840151637489411
L80T,0.9738213900557771,,,
L80V,1.0463617809854409,1.00182759299632,test,0.04453418798912079
L80W,0.44329211482437364,0.892408521283583,test,0.4491164064592093
L80Y,0.8848269104595134,0.89210213915827,train,0.0072752286987565196
L89A,0.9203127721917941,0.90617884351183,train,0.014133928679964103
L89C,0.3087115739924933,0.915166121138953,test,0.6064545471464597
L89D,0.5342293587915545,0.700630395609823,test,0.16640103681826846
L89E,0.10227588972902352,0.664042282012782,test,0.5617663922837586
L89F,0.450970380544181,0.78413950905644,test,0.33316912851225905
L89G,0.5758225670009249,0.829446989833,test,0.2536244228320751
L89H,0.4990421668900034,0.784984912521584,test,0.28594274563158056
L89I,0.7900488105918857,0.980512276418028,test,0.19046346582614226
L89K,-0.2577952743195037,0.936851228966131,test,1.1946465032856348
L89M,0.6247357511098013,0.979382456755564,test,0.3546467056457627
L89N,0.7892260836356133,0.837289708805624,test,0.048063625170010726
L89P,-0.007551219828670186,0.800586066204003,test,0.8081372860326732
L89Q,-0.06492083453858116,0.892534997844185,test,0.9574558323827662
L89R,0.06403232188804081,0.158831786795321,test,0.0947994649072802
L89S,0.5455196611701805,0.886312078280374,test,0.3407924171101935
L89T,0.6114649787328492,0.817228216646401,test,0.20576323791355178
L89V,0.531436283685851,0.90484109167384,test,0.3734048079879889
L89W,0.1122038917668729,0.07574949647476,test,0.036454395292112904
L89Y,0.10095013593535468,0.685550467922931,test,0.5846003319875763
M100A,1.168473251621542,1.00555386295352,train,0.16291938866802202
M100C,0.7520462036285736,0.982832514012489,test,0.2307863103839154
M100D,0.7520462036285736,0.986703690014784,test,0.23465748638621042
M100E,0.7520462036285736,0.984520970530605,test,0.2324747669020315
M100F,0.7520462036285736,1.01667783193729,test,0.26463162830871645
M100G,0.7520462036285736,0.975342736365393,test,0.2232965327368195
M100H,0.7520462036285736,0.956539314913669,test,0.2044931112850954
M100I,0.7520462036285736,0.965479933735173,test,0.2134337301065995
M100K,0.7520462036285736,0.947050170507186,test,0.19500396687861243
M100L,0.7520462036285736,0.98897891569196,test,0.2369327120633864
M100N,0.7520462036285736,0.981180884654724,test,0.22913468102615042
M100P,0.7520462036285736,0.989594315607637,test,0.23754811197906345
M100Q,0.7520462036285736,0.968831507364794,test,0.2167853037362204
M100R,0.7520462036285736,0.222699189050074,test,0.5293470145784995
M100S,0.7520462036285736,1.0059470686658,test,0.25390086503722653
M100T,0.7520462036285736,0.974244006128121,test,0.22219780249954746
M100V,0.7520462036285736,0.941294628601243,test,0.18924842497266947
M100W,0.7520462036285736,0.983982055552175,test,0.23193585192360144
M100Y,0.7520462036285736,0.997886488869379,test,0.24584028524080548
M109A,1.148497007412903,0.994680651009397,train,0.1538163564035061
M109C,1.1671046513903,0.984744915526034,test,0.18235973586426601
M109D,0.2893882285204353,0.976679209096114,test,0.6872909805756788
M109E,0.698445337003669,0.964921980075738,test,0.2664766430720691
M109F,1.1467871236353595,1.53142401662556,test,0.38463689299020043
M109G,1.226056059091995,0.951712972952507,test,0.2743430861394881
M109H,0.8495588192536943,1.09404594025821,test,0.24448712100451564
M109I,2.0430027902734746,0.896017390483072,test,1.1469853997904025
M109K,0.531323531099396,1.13397235473116,test,0.602648823631764
M109L,1.4964998949928994,0.970848347192478,test,0.5256515478004213
M109N,0.7062309362717443,0.972512334695261,test,0.2662813984235167
M109P,0.2857548927540297,0.146260273225392,test,0.1394946195286377
M109Q,0.858341244554957,0.94137264190614,test,0.08303139735118303
M109R,0.5443624436519059,0.291472740775342,test,0.25288970287656387
M109S,1.1741148117283693,0.972680983367912,test,0.2014338283604573
M109T,1.1095128062334858,0.949729116111866,test,0.15978369012161986
M109V,1.8263815582642895,0.966732369930862,test,0.8596491883334275
M109W,0.8624599217257369,0.139514875619819,test,0.7229450461059179
M109Y,0.9849930450537023,0.112077094761371,test,0.8729159502923314
M115A,1.3923822496107618,1.09495792338978,train,0.2974243262209819
M115C,0.701716438449683,0.666558116378746,test,0.035158322070937054
M115D,0.02873101617456625,0.163404048047623,test,0.13467303187305676
M115E,0.02873101617456625,0.0757016327972394,test,0.046970616622673156
M115F,1.0178065086653483,0.457919328709172,test,0.5598871799561762
M115G,0.4580785654105953,0.97374168838841,test,0.5156631229778148
M115H,0.4965303839777065,1.31794768597306,test,0.8214173019953535
M115I,1.004724491399049,0.470193342303234,test,0.5345311490958149
M115K,0.02873101617456625,0.366636790521597,test,0.33790577434703073
M115L,1.2319138754903278,0.257239819778799,test,0.9746740557115288
M115N,0.4117367895546487,0.832884479839037,test,0.4211476902843883
M115P,0.32851857996110395,0.32894826448006,test,0.00042968451895603055
M115Q,0.02873101617456625,0.712735284305795,test,0.6840042681312288
M115R,0.7106986217708382,0.104698201083138,test,0.6060004206877002
M115S,0.8206908581592742,0.945118266716339,test,0.1244274085570648
M115T,0.7254352164934055,1.04962242803846,test,0.3241872115450546
M115V,1.010327311927469,0.657918946889666,test,0.35240836503780293
M115W,0.3221864653919387,0.104373955964896,test,0.21781250942704267
M115Y,0.5174315941707768,1.36123780263337,test,0.8438062084625932
M123A,0.12905446541211602,0.591314793567443,train,0.46226032815532697
M123C,0.8272387991227772,0.871708364213668,train,0.04446956509089084
M123D,-0.5488874068939733,0.104375288597956,test,0.6532626954919293
M123E,-1.073195935624815,0.113105429299968,train,1.186301364924783
M123F,0.7866859888966005,0.854757208423609,train,0.06807121952700856
M123G,0.10753688664177924,0.585049444163413,train,0.47751255752163374
M123H,-0.8576469288194186,0.19941526085015,train,1.0570621896695687
M123I,0.7183347819142334,0.927618109988015,test,0.20928332807378158
M123K,-1.132537898448478,0.0893438036210692,train,1.2218817020695472
M123L,1.0134055401936024,1.0025740156822,test,0.010831524511402346
M123N,-0.8184598125132334,0.215106511102013,train,1.0335663236152464
M123P,-1.081916857304352,0.109604378731187,train,1.191521236035539
M123Q,-0.0038792813410334914,0.541279707033303,train,0.5451589883743364
M123R,-1.1951609468274236,0.0642657778827291,train,1.2594267247101527
M123S,-0.5165098692486705,0.211824698563156,test,0.7283345678118265
M123T,0.0532509158468813,0.562771522069643,train,0.5095206062227617
M123V,0.732304098479923,0.832774858484759,train,0.10047076000483601
M123W,0.49295248547950626,0.73765554897842,train,0.24470306349891374
M123Y,-0.9695027138947472,0.1528390398183,train,1.1223417537130471
M215A,-1.0778307696575387,0.111096761235373,train,1.1889275308929117
M215C,-0.6422093797663155,0.7312054044318,test,1.3734147841981157
M215D,-1.4806019364837466,0.0578896948634946,test,1.5384916313472412
M215E,-0.8553124938314447,0.0385196432332624,test,0.8938321370647071
M215F,-1.2236712343856593,0.0828190979012499,test,1.3064903322869093
M215G,-0.941663691958532,0.0654615996531394,test,1.0071252916116713
M215H,-1.480482154949823,0.47057086714145,test,1.9510530220912732
M215I,-0.3545554685494707,0.694847186043218,test,1.0494026545926887
M215K,-0.5612089402414675,0.112704132710405,test,0.6739130729518725
M215L,-0.014604773453170183,0.915987209781879,test,0.9305919832350491
M215N,-0.9905748305332129,0.0737537758772569,test,1.0643286064104698
M215P,-1.4732451709265453,0.122255784500018,test,1.5955009554265633
M215Q,-0.6696197248119233,0.509652824908241,test,1.1792725497201644
M215R,-1.1182108549332441,0.0950094056689396,train,1.2132202606021838
M215S,-0.7570273017981997,0.0999866340605142,test,0.8570139358587139
M215T,-0.7902624904854587,0.0914895044355216,test,0.8817519949209803
M215V,-0.396422487168369,0.0719949886371711,test,0.46841747580554005
M215W,-1.1080790309356634,0.102831409185047,train,1.2109104401207105
M215Y,-1.1179813706473483,0.0863908420475666,test,1.2043722126949148
M30A,-0.5371566824653531,0.324661216369317,train,0.8618178988346701
M30C,-0.1975417211615546,0.611977599062237,test,0.8095193202237916
M30D,-0.8264989350740173,0.114810066373536,test,0.9413090014475533
M30E,-0.8264989350740173,0.0691905554651897,test,0.895689490539207
M30F,0.2173063118640482,0.999535765799534,test,0.7822294539354857
M30G,-0.268464855989297,0.601584158378977,test,0.870049014368274
M30H,-0.8264989350740173,0.231608326278727,test,1.0581072613527442
M30I,0.9928727028971673,0.936980566084126,train,0.05589213681304128
M30K,-0.8264989350740173,0.159859377915932,test,0.9863583129899492
M30L,0.7576470201936942,1.02742178089599,test,0.2697747607022958
M30N,-0.8264989350740173,0.351595323667573,test,1.1780942587415903
M30P,-0.9884786990421515,0.146986436349215,train,1.1354651353913665
M30Q,-0.8264989350740173,0.512863949547005,test,1.3393628846210222
M30R,-0.5778054000275059,0.242338603680182,test,0.8201440037076879
M30S,-0.40146025135115687,0.256309254272632,test,0.6577695056237889
M30T,-0.15997497448455528,0.477873709643239,test,0.6378486841277943
M30V,0.3686325704041025,0.741214908299661,test,0.37258233789555845
M30W,-0.8264989350740173,0.623701606952339,test,1.4502005420263564
M30Y,0.008142294481849943,0.617716262681044,test,0.6095739681991941
M311A,1.0959430217610002,0.976287512465145,train,0.11965550929585522
M311C,0.7064211445299637,0.962529379920511,test,0.2561082353905473
M311D,0.014107968601921483,0.218130114480467,test,0.20402214587854553
M311E,0.22262506052543257,0.747560525574659,test,0.5249354650492264
M311F,1.1279397156381403,0.961724185512286,test,0.16621553012585433
M311G,0.09625695132976203,0.880645342733375,test,0.7843883914036129
M311H,0.014107968601921483,0.919502895117005,test,0.9053949265150836
M311I,1.3019704166229413,0.958896293850016,test,0.34307412277292537
M311K,0.014107968601921483,0.854517697623731,test,0.8404097290218095
M311L,1.4026296279242914,0.97366378384565,test,0.42896584407864136
M311N,0.24618096503732906,0.846131484407312,test,0.599950519369983
M311P,0.20992028773987498,0.148413056816005,test,0.06150723092386998
M311Q,0.23960081344463197,0.930468344534988,test,0.690867531090356
M311R,0.04070478890108481,0.672054119683395,test,0.6313493307823101
M311S,0.6325388756263468,0.905527413533453,test,0.2729885379071062
M311T,0.6062470970415657,0.957959441441371,test,0.35171234439980537
M311V,0.9376265426486139,0.99124165917871,test,0.053615116530096096
M311W,1.0318547515637437,0.957034960878628,test,0.07481979068511568
M311Y,0.39099955838006656,0.95381156595317,test,0.5628120075731033
M325A,0.8921136821465758,0.894298200967186,train,0.002184518820610215
M325C,-0.04630098732539162,0.851987760050332,test,0.8982887473757237
M325D,0.1893671788852061,0.709660649193344,test,0.5202934703081379
M325E,0.2511270759382587,0.76807408221235,test,0.5169470062740913
M325F,0.826438284562002,0.869420104863029,train,0.04298182030102704
M325G,0.5626892690383585,0.812380979605187,test,0.24969171056682848
M325H,0.26891764739188956,0.875967764341122,test,0.6070501169492324
M325I,0.5412108707788583,0.712796524450876,test,0.17158565367201772
M325K,-0.010973669327109137,0.833187327050296,test,0.844160996377405
M325L,0.4557796992319219,0.80005711340029,test,0.34427741416836805
M325N,0.27541047055863294,0.879092712872516,test,0.603682242313883
M325P,0.5730623270305948,0.127938253360772,test,0.44512407366982276
M325Q,0.14979506966871453,0.834491073336922,test,0.6846960036682075
M325R,0.21658739765921636,0.630286174008031,test,0.41369877634881463
M325S,0.55357575664598,0.898103101209865,test,0.344527344563885
M325T,0.32675116171286517,0.845179165071095,test,0.5184280033582298
M325V,0.7726499975268162,0.551709345339042,test,0.22094065218777414
M325W,0.2989087867418548,0.821051427233413,test,0.5221426404915581
M325Y,0.5180587981662192,0.79855293997823,test,0.2804941418120107
M330A,-0.7461221351719871,0.24320582079442,train,0.9893279559664071
M330C,-0.5777237091444327,0.148719773844476,test,0.7264434829889087
M330D,-0.5124948684358674,0.136047692393316,test,0.6485425608291835
M330E,-0.7103414048397703,0.127461505402075,test,0.8378029102418453
M330F,-0.17172574284563952,0.0916779890423284,test,0.26340373188796795
M330G,-0.4739514624815548,0.118152707547944,test,0.5921041700294988
M330H,-0.5557515405693003,0.184205227276982,test,0.7399567678462823
M330I,-0.24093007721089416,0.0679142373246118,test,0.308844314535506
M330K,-0.5427307796272949,0.06354972121539,test,0.6062805008426849
M330L,0.09390640739180794,0.650051292813227,test,0.556144885421419
M330N,-0.6296399587913868,0.629608091385586,test,1.2592480501769727
M330P,-0.4367412924371283,0.0970987562518367,test,0.533840048688965
M330Q,-0.617379588277231,0.685897981367141,test,1.3032775696443721
M330R,-0.5164685344526934,0.105569882436687,test,0.6220384168893803
M330S,-0.39515123281157466,0.155614534211878,test,0.5507657670234527
M330T,-0.18908855303367206,0.474805671864909,test,0.6638942248985811
M330V,-0.31979840047487146,0.0487460032208875,test,0.36854440369575897
M330W,-0.6671099338772564,0.0407358460594956,test,0.707845779936752
M330Y,-0.23945557336039863,0.0671318801793277,test,0.30658745353972633
M342A,1.0646663553372413,0.964193424193586,train,0.1004729311436553
M342C,0.7001427554864232,0.989353307357263,test,0.28921055187083977
M342D,0.7001427554864232,0.128999659855954,test,0.5711430956304693
M342E,0.7001427554864232,0.594448059790242,test,0.10569469569618128
M342F,0.7001427554864232,0.678748486379024,test,0.021394269107399277
M342G,0.7001427554864232,0.934254096643134,test,0.23411134115671073
M342H,0.7001427554864232,0.859210716408732,test,0.1590679609223088
M342I,0.7001427554864232,0.932289022035086,test,0.23214626654866277
M342K,0.7001427554864232,0.140906067462441,test,0.5592366880239823
M342L,0.7001427554864232,0.955600184162941,test,0.2554574286765178
M342N,0.7001427554864232,0.946027774209079,test,0.24588501872265578
M342P,0.7001427554864232,0.108241271323042,test,0.5919014841633813
M342Q,0.7001427554864232,0.963362735932359,test,0.26321998044593575
M342R,0.7001427554864232,0.0471275680780466,test,0.6530151874083766
M342S,0.7001427554864232,0.965762235536808,test,0.2656194800503847
M342T,0.7001427554864232,0.954009970140155,test,0.25386721465373174
M342V,0.7001427554864232,0.957364228699904,test,0.25722147321348077
M342W,0.7001427554864232,0.667777610774001,test,0.032365144712422245
M342Y,0.7001427554864232,0.641815448784843,test,0.05832730670158026
M360A,1.1493576466078643,0.997639448856336,train,0.15171819775152828
M360C,0.4383152148551695,1.01655031347324,test,0.5782350986180707
M360D,0.7199139034683597,0.895123144465541,test,0.17520924099718127
M360E,0.5584663417411697,0.906426546655912,test,0.34796020491474233
M360F,0.8800541584951986,1.00261409150391,test,0.12255993300871126
M360G,0.5792310541767876,0.979220513849259,test,0.39998945967247146
M360H,0.7910834401423159,0.995144386810451,test,0.20406094666813512
M360I,1.2757724533797123,1.00852725787831,test,0.26724519550140236
M360K,0.73445748002408,0.980101873932596,test,0.245644393908516
M360L,1.1412730675257947,1.00602928990161,test,0.13524377762418482
M360N,0.4928141793370067,0.944761725153899,test,0.4519475458168923
M360P,0.6315122701422844,0.133519813863638,test,0.4979924562786464
M360Q,0.601063550547817,1.06643013152052,test,0.465366580972703
M360R,0.6596213693233928,0.955256959418018,test,0.29563559009462526
M360S,0.6632951392510478,0.992584140185876,test,0.32928900093482827
M360T,1.0229003807842822,0.985076977311989,test,0.03782340347229329
M360V,1.0326473425931546,0.973096823091599,test,0.059550519501555654
M360W,0.485304888612145,0.970955309194669,test,0.485650420582524
M360Y,0.6896696806104963,0.965065585995462,test,0.2753959053849657
M371A,0.5612227441280826,0.763851022743469,train,0.20262827861538646
M371C,0.009014729174655456,0.858585101965202,test,0.8495703727905466
M371D,0.5364684263942507,0.0791037395321322,test,0.4573646868621185
M371E,-0.21717130886442776,0.162712267700569,test,0.37988357656499677
M371F,-0.21397719094997386,0.195493242916828,test,0.4094704338668018
M371G,-0.21717130886442776,0.0814163249743258,test,0.29858763383875353
M371H,0.2602664923457639,0.59814332662028,test,0.33787683427451615
M371I,1.018659452284293,0.907335647824003,test,0.11132380446029011
M371K,0.5238314116324894,0.549244881207073,test,0.02541346957458368
M371L,1.0329892949787656,0.919097161950762,test,0.1138921330280036
M371N,0.34559656351069284,0.412442341177941,test,0.06684577766724814
M371P,-0.21717130886442776,0.142434654306358,test,0.35960596317078575
M371Q,0.7005087243712325,0.769124742764768,test,0.0686160183935356
M371R,-0.2170506676069887,0.0804207601707792,test,0.2974714277777679
M371S,0.43838588082777014,0.579266253097414,test,0.14088037226964384
M371T,0.6428310488927913,1.04736166067788,test,0.40453061178508865
M371V,0.8000560105705325,0.870252884447569,test,0.07019687387703644
M371W,-0.21717130886442776,0.0573599489727003,test,0.27453125783712806
M371Y,0.24964077607363327,0.0637106954186783,test,0.18593008065495498
M376A,1.0442032726656088,0.95449977812246,train,0.08970349454314874
M376C,0.5912637187283032,0.975861137947309,test,0.3845974192190058
M376D,0.07155371846898723,0.8260061800426,test,0.7544524615736128
M376E,0.07155371846898723,0.886309122111785,test,0.8147554036427977
M376F,0.806127067446532,0.91924222883127,test,0.1131151613847381
M376G,0.2683872565976611,0.905239853956934,test,0.6368525973592729
M376H,0.07155371846898723,0.800581794593347,test,0.7290280761243597
M376I,1.3276223377922385,0.974922630571001,test,0.35269970722123745
M376K,0.07485321921877036,0.679006159259567,test,0.6041529400407966
M376L,1.816870380352908,0.947509209406066,test,0.8693611709468421
M376N,0.07155371846898723,0.892672163763918,test,0.8211184452949307
M376P,0.7185084855584378,0.320432890651233,test,0.39807559490720484
M376Q,0.519627402832878,0.897023025111082,test,0.377395622278204
M376R,0.2820908931917519,0.115294898457216,test,0.1667959947345359
M376S,0.41688442108659635,0.950104672993342,test,0.5332202519067457
M376T,1.0197953588806392,0.946947592445282,test,0.07284776643535718
M376V,1.2592795218238635,0.965456660258137,test,0.29382286156572646
M376W,0.07155371846898723,0.673418761507987,test,0.6018650430389998
M376Y,0.43307278343179695,0.839970299978146,test,0.40689751654634904
N111A,-0.9441756411570035,0.164232816616893,train,1.1084084577738964
N111C,-0.8796745691656271,0.0474573857816966,test,0.9271319549473237
N111D,-0.5028934147418402,0.0493558194135615,test,0.5522492341554017
N111E,-0.2593175739118924,0.138480677740747,test,0.3977982516526394
N111F,-1.1319615685493316,0.0915807380734579,test,1.2235423066227895
N111G,-0.3224668285656191,0.13853297800544,test,0.4609998065710591
N111H,-0.9224954597548924,0.154271610444695,test,1.0767670701995875
N111I,-0.7465501407051223,0.232830301049027,test,0.9793804417541493
N111K,-0.41570594895921337,0.0999021618816156,test,0.515608110840829
N111L,-1.1319615685493316,0.177523151861243,test,1.3094847204105746
N111M,-0.6981499546315577,0.0920143333945079,test,0.7901642880260656
N111P,-0.549239031227784,0.268074060057826,test,0.8173130912856099
N111Q,-0.8387217334208268,0.108165321391565,test,0.9468870548123918
N111R,-0.5545140641154012,0.079284032023605,test,0.6337980961390062
N111S,-0.4542974296008219,0.0569726713527335,test,0.5112701009535554
N111T,-0.6276662568432387,0.102176275859687,test,0.7298425327029258
N111V,-1.1319615685493316,,,
N111W,-0.923024814735947,0.0959299243297765,test,1.0189547390657234
N111Y,-0.7383908871479141,0.164812149264349,test,0.9032030364122632
N112A,1.0645369859170613,0.963772469028748,train,0.10076451688831323
N112C,0.621026552399008,0.929092715861117,test,0.308066163462109
N112D,0.5819924669525607,0.0736489601783849,test,0.5083435067741757
N112E,0.18296185865761588,0.0822238590866661,test,0.10073799957094978
N112F,0.5628626850601899,0.0797687544860485,test,0.4830939305741414
N112G,0.2912107746826456,1.10703357269207,test,0.8158227980094244
N112H,0.10374612346979278,0.465600341863998,test,0.36185421839420523
N112I,0.9639041342882271,1.04965590840481,test,0.08575177411658297
N112K,-0.15205048326327825,0.0505680840858952,test,0.20261856734917344
N112L,0.7698402561381519,0.124087106761118,test,0.6457531493770339
N112M,0.548551767705832,0.144308617500604,test,0.40424315020522805
N112P,0.5442775351060094,0.0973549606300468,test,0.4469225744759626
N112Q,0.5526234331515569,0.969910637883431,test,0.4172872047318741
N112R,-0.15796014060188396,0.068252256241864,test,0.22621239684374794
N112S,0.517397115532348,0.844660033108443,test,0.32726291757609494
N112T,1.0280978245625745,0.675520901259757,test,0.35257692330281754
N112V,0.9403270213950519,0.840361909023949,test,0.09996511237110284
N112W,0.33435994775482586,0.0816995687855043,test,0.2526603789693216
N112Y,0.5970946381408924,0.0578119460748885,test,0.5392826920660039
N142A,1.0838839975396395,0.971406625757236,train,0.11247737178240347
N142C,0.5781786785127645,0.942162237014609,test,0.3639835585018445
N142D,1.250098227253381,0.963400366420732,test,0.2866978608326489
N142E,0.4227186395567922,1.02461010539175,test,0.6018914658349579
N142F,0.5194252951593734,0.770991647958536,test,0.2515663527991626
N142G,1.2354903634654155,0.994075764586591,test,0.24141459887882455
N142H,0.31531826784083267,0.926258330527038,test,0.6109400626862054
N142I,0.32775796689578046,0.745159113044966,test,0.4174011461491855
N142K,0.6705346311669755,0.670698991302669,test,0.000164360135693431
N142L,0.31521454884745653,0.641164526960829,test,0.3259499781133725
N142M,0.3274318489160662,0.914883454202573,test,0.5874516052865069
N142P,0.7784059738222977,0.946217583804218,test,0.16781160998192035
N142Q,0.31521454884745653,0.93526517576763,test,0.6200506269201735
N142R,0.4349360754052514,0.71268716952361,test,0.2777510941183586
N142S,0.9902493013322262,0.973876189165181,test,0.01637311216704518
N142T,1.3038830750797201,0.957601676315151,test,0.3462813987645691
N142V,0.31540032412924207,0.790384566839039,test,0.47498424270979694
N142W,0.31521454884745653,0.848966543344046,test,0.5337519944965894
N142Y,0.31521454884745653,0.905330053581778,test,0.5901155047343214
N192A,0.8817724438072361,0.890876648264842,train,0.009104204457605958
N192C,1.0437712128129308,0.95576812749691,train,0.08800308531602086
N192D,0.8066812013120792,0.859278972376324,train,0.05259777106424479
N192E,0.8705030118874291,0.889818768364351,test,0.019315756476921964
N192F,0.5796331838424429,0.769552710075118,train,0.18991952623267516
N192G,0.4497885143581622,0.717815142061903,train,0.2680266277037408
N192H,1.057743922672291,0.962190856736698,train,0.09555306593559287
N192I,0.2385299057672015,0.766366497620988,test,0.5278365918537864
N192K,0.2385299057672015,0.851701015216998,test,0.6131711094497965
N192L,0.763657581202668,0.845493995129617,train,0.08183641392694896
N192M,1.128893112629303,0.990332465128624,train,0.13856064750067887
N192P,-1.1337351669796059,0.0857426471310466,train,1.2194778141106524
N192Q,1.0272686863426812,0.951048784811087,train,0.07621990153159419
N192R,0.3257045714321177,0.670111125221323,train,0.3444065537892053
N192S,0.9187606544317966,0.905371191205317,train,0.013389463226479603
N192T,0.8408236829166515,0.873726086653421,train,0.03290240373676945
N192V,0.6517882052511257,0.800690803011457,train,0.14890259776033132
N192W,-0.47559316218103515,0.349274947335751,train,0.8248681095167861
N192Y,0.31011538892022555,0.576943281979827,test,0.2668278930596015
N198A,1.0746875243517593,0.969002878423264,train,0.10568464592849525
N198C,0.23651648545396858,1.03122722786549,test,0.7947107424115214
N198D,1.0056975535012747,0.938870485389854,test,0.0668270681114207
N198E,0.5640635536750569,0.905684202108746,test,0.3416206484336891
N198F,0.41773862192650674,0.908853356233914,test,0.4911147343074072
N198G,0.7626735980552386,1.00833764389618,test,0.24566404584094137
N198H,0.6368332162066253,0.972011742577527,test,0.33517852637090173
N198I,-0.1668018396728907,0.0627164069667874,test,0.2295182466396781
N198K,0.1866227296684287,0.249609954602339,test,0.06298722493391032
N198L,0.20079813269937935,0.387247495750371,test,0.18644936305099163
N198M,0.02812235877854269,0.936001574957547,test,0.9078792161790044
N198P,0.07508226226493525,0.0639677864204124,test,0.011114475844522853
N198Q,0.3107517360570285,0.878516246013953,test,0.5677645099569244
N198R,0.264153087788845,0.160291927388106,test,0.103861160400739
N198S,1.0075014084005396,1.00096163364844,test,0.0065397747520996585
N198T,0.6011971035820523,0.927458543671667,test,0.3262614400896148
N198V,0.32965973988646985,0.124255618513186,test,0.20540412137328384
N198W,0.15228881044753712,0.46421116951372,test,0.3119223590661829
N198Y,0.15029343914965315,0.980030766925008,test,0.8297373277753548
N231A,0.5856695392553339,0.775875335448625,train,0.19020579619329103
N231C,0.006493658339768393,0.847759938159879,test,0.8412662798201107
N231D,-0.012553538153830368,0.858933084454823,test,0.8714866226086533
N231E,-0.8044716108087782,0.861480530371909,test,1.665952141180687
N231F,-0.356220990000188,0.0686971236417472,test,0.42491811364193516
N231G,0.04579338994742438,0.6876508141935,test,0.6418574242460757
N231H,0.10137112166127432,0.57891038754756,test,0.47753926588628565
N231I,-0.47546725432883447,0.55756435818149,test,1.0330316125103245
N231K,-1.1417851498963958,0.0866540220910467,train,1.2284391719874426
N231L,-0.8044716108087782,0.615106584232854,test,1.4195781950416322
N231M,-0.26624858620420694,0.639212095286104,test,0.905460681490311
N231P,-0.7039306755118728,0.261263418967476,train,0.9651940944793489
N231Q,-0.46251454538477516,0.769654322263185,test,1.23216886764796
N231R,-0.8044716108087782,0.0928075291681317,test,0.8972791399769099
N231S,0.03865898544441132,0.79754525396629,test,0.7588862685218787
N231T,-0.12984321680606653,0.683461849064423,test,0.8133050658704895
N231V,-0.29007361542771276,0.433084852077766,test,0.7231584675054787
N231W,-1.0842703018790654,0.109684321019762,train,1.1939546228988274
N231Y,-1.0209932651188778,0.135021623495479,train,1.1560148886143569
N254A,0.4075338809077316,0.70236797291147,train,0.2948340920037384
N254C,0.37157651827166666,0.96419475581095,test,0.5926182375392834
N254D,0.37157651827166666,0.881035111991586,test,0.5094585937199194
N254E,0.37157651827166666,0.804039198371781,test,0.4324626801001143
N254F,0.37157651827166666,0.960386507240895,test,0.5888099889692284
N254G,0.37157651827166666,0.477567453031036,test,0.10599093475936933
N254H,0.37157651827166666,0.890515812512478,test,0.5189392942408113
N254I,0.37157651827166666,0.729179272385385,test,0.3576027541137184
N254K,0.37157651827166666,0.0862817458447967,test,0.28529477242686996
N254L,0.37157651827166666,0.903670757399088,test,0.5320942391274213
N254M,0.37157651827166666,0.899753912380822,test,0.5281773941091554
N254P,0.37157651827166666,0.213817221834716,test,0.15775929643695066
N254Q,0.37157651827166666,0.714020811805413,test,0.34244429353374634
N254R,0.37157651827166666,0.0526568734979133,test,0.31891964477375334
N254S,0.37157651827166666,0.765011246436395,test,0.3934347281647283
N254T,0.37157651827166666,0.626919786123759,test,0.2553432678520923
N254V,0.37157651827166666,0.608899830276391,test,0.2373233120047244
N254W,0.37157651827166666,0.864368076363435,test,0.4927915580917684
N254Y,0.37157651827166666,0.973133911161352,test,0.6015573928896853
N282A,0.7461511024800442,0.835180956484261,train,0.08902985400421681
N282C,0.9485877045899729,0.873346459772056,test,0.07524124481791683
N282D,0.430644477753309,0.302663544885129,test,0.12798093286818002
N282E,0.430644477753309,0.693650832183867,test,0.26300635443055803
N282F,1.2906139157940357,0.883299544403829,test,0.40731437139020676
N282G,0.9410896838080562,0.706118842385639,test,0.2349708414224172
N282H,1.3616806171212472,0.965068246459598,test,0.3966123706616492
N282I,1.196440766469542,0.866740853287558,test,0.329699913181984
N282K,1.0015976219064067,0.788105577101595,test,0.21349204480481165
N282L,1.3691300151394357,0.916626639677129,test,0.4525033754623067
N282M,1.2363781051588552,0.873547506635278,test,0.36283059852357713
N282P,0.795432324676093,0.1897487518533,test,0.6056835728227931
N282Q,2.0584834785263437,0.931751945441249,test,1.1267315330850947
N282R,0.9205765093608251,0.848407129833976,test,0.0721693795268491
N282S,0.6540849196668406,0.86700640919737,test,0.21292148953052947
N282T,1.7404418163153563,0.815460233125095,test,0.9249815831902614
N282V,1.5324068915650946,0.814368490148497,test,0.7180384014165976
N282W,0.430644477753309,0.790976563745078,test,0.36033208599176897
N282Y,1.1914161877022833,0.845888363813398,test,0.34552782388888525
N372A,0.8113327234342043,0.863823150811434,train,0.052490427377229754
N372C,0.17279343966643973,0.770011305880343,test,0.5972178662139034
N372D,0.6603096318125248,0.706698626631756,test,0.0463889948192312
N372E,0.39200321965589696,0.984548761565138,test,0.5925455419092411
N372F,0.3303484787073812,0.796916001651007,test,0.46656752294362575
N372G,0.5404605500012005,0.815485906859996,test,0.2750253568587955
N372H,0.8729353447926043,0.844208031980709,test,0.028727312811895223
N372I,0.31807131222597024,0.637816879132143,test,0.3197455669061728
N372K,0.45258251847002656,0.931487777082041,test,0.47890525861201444
N372L,-0.2930353575669437,0.659010597300824,test,0.9520459548677678
N372M,0.1692311432701717,0.673974080334519,test,0.5047429370643473
N372P,-0.0886518471311008,0.0687813070513152,test,0.157433154182416
N372Q,0.551634156496843,0.787960480581651,test,0.23632632408480803
N372R,0.5182728326408474,0.77647785786436,test,0.2582050252235125
N372S,0.8174170232281623,0.905751343689131,test,0.08833432046096867
N372T,0.7928563685280166,0.856326077123518,test,0.0634697085955015
N372V,0.2962430649021029,0.8417352427962,test,0.5454921778940971
N372W,0.6442639501649277,0.638411745233025,test,0.005852204931902638
N372Y,0.6806005822785552,0.608025348184133,test,0.07257523409442224
N382A,0.7810693168980585,0.85061833189439,train,0.06954901499633148
N382C,0.23516658601125334,0.915443837207014,test,0.6802772511957607
N382D,0.32189324429945293,0.555922543643266,test,0.23402929934381306
N382E,0.5630549077857356,0.780482876457934,test,0.21742796867219838
N382F,0.5405934604061482,0.80183887567921,test,0.2612454152730618
N382G,0.3928080825474077,0.757924257102232,test,0.3651161745548243
N382H,0.45766010658951656,0.856275140547063,test,0.39861503395754644
N382I,0.7305147604682158,0.822947196053847,test,0.09243243558563119
N382K,0.47458952905366486,0.749478555561338,test,0.27488902650767316
N382L,0.662799431887839,0.855848414917705,test,0.19304898302986606
N382M,0.3660156866787326,0.83913091515824,test,0.47311522847950743
N382P,-0.46198722147317456,0.657568960830798,test,1.1195561823039726
N382Q,0.41746161411226806,0.7430400374372,test,0.325578423324932
N382R,0.5602650215667584,0.755205080040728,test,0.19494005847396956
N382S,0.40203420126305295,0.811260548338418,test,0.40922634707536504
N382T,0.7350437294261827,0.923009789535354,test,0.18796606010917127
N382V,0.6285735895468836,0.850737306040563,test,0.2221637164936794
N382W,-0.24366576497791387,0.715771303115926,test,0.9594370680938398
N382Y,0.45438629474048936,0.651478780835079,test,0.19709248609458968
N385A,0.9362500238583094,0.911070587876078,train,0.02517943598223138
N385C,0.9366399701629922,0.928863277929006,test,0.007776692233986138
N385D,1.266961842479227,0.953914147404059,test,0.31304769507516805
N385E,1.1607140951205634,0.921302067972013,test,0.23941202714855048
N385F,0.8255173926145885,0.881245930087608,test,0.055728537473019535
N385G,0.9613189727342784,0.95988925422784,test,0.00142971850643836
N385H,2.222901511484509,0.974053054396376,test,1.2488484570881333
N385I,0.9633743567854642,0.827652151838504,test,0.1357222049469602
N385K,1.1616710650267121,0.893369454816065,test,0.26830161021064713
N385L,0.980443974313892,0.826883762977881,test,0.15356021133601094
N385M,0.8899006875934914,0.911410869263392,test,0.021510181669900597
N385P,1.3310764873294199,0.779841504176018,test,0.5512349831534018
N385Q,0.9840843839948787,0.941104118469131,test,0.04298026552574774
N385R,1.0629639961678725,0.855085095551239,test,0.2078789006166335
N385S,1.3522542097354746,0.953893754869819,test,0.39836045486565563
N385T,1.5423132627642646,0.972742871335412,test,0.5695703914288526
N385V,1.0153294043387353,0.876409955584443,test,0.1389194487542923
N385W,0.3348700206087499,0.856548172440201,test,0.521678151831451
N385Y,0.8991792218566337,0.855375870846647,test,0.04380335100998667
N387A,0.8949179004531089,0.896807165682329,train,0.0018892652292200607
N387C,0.05300523850706901,0.862196802267681,test,0.809191563760612
N387D,1.3401182593531473,0.946719886493035,test,0.39339837286011237
N387E,0.8917272988639624,0.663808553090549,test,0.22791874577341342
N387F,0.05300523850706901,0.605298833978651,test,0.552293595471582
N387G,0.7511588100419786,0.94133025248323,test,0.1901714424412514
N387H,0.6638998848337803,0.760144482233674,test,0.09624459739989377
N387I,0.2261021965607491,0.565507370519092,test,0.33940517395834285
N387K,0.46380828855135375,0.812189108671365,test,0.3483808201200112
N387L,0.23266572977761518,0.611542634948625,test,0.37887690517100986
N387M,0.05300523850706901,0.713609507250251,test,0.6606042687431819
N387P,0.6512178441811347,0.763046599913312,test,0.11182875573217732
N387Q,0.7452196026978797,0.738054197449448,test,0.007165405248431678
N387R,0.634732080863122,0.846151810235257,test,0.21141972937213493
N387S,0.8369577949738023,0.906137679238001,test,0.06917988426419874
N387T,0.42692678052684846,0.830550942074521,test,0.4036241615476725
N387V,0.05300523850706901,0.582800739677916,test,0.5297955011708471
N387W,0.05300523850706901,0.661539443469078,test,0.608534204962009
N387Y,0.29406184934013174,0.632817163977015,test,0.3387553146368833
N54A,0.476025774169127,0.730072820579917,train,0.25404704641078996
N54C,-0.34074372450584883,0.637735261903049,test,0.9784789864088979
N54D,-0.017456822092279667,0.818273786131209,test,0.8357306082234888
N54E,0.13221788688213293,0.617903137174781,test,0.48568525029264803
N54F,0.5729835685428668,0.693591975551174,test,0.12060840700830722
N54G,0.2637705355758602,0.693591339594057,test,0.42982080401819683
N54H,0.028342824054107096,0.759279509303979,test,0.730936685249872
N54I,0.16475471713516227,0.667336810359084,test,0.5025820932239218
N54K,0.25615559325777865,0.718765789531138,test,0.46261019627335936
N54L,0.3038001730956719,0.715604778329123,test,0.411804605233451
N54M,-0.14082076938147375,0.618419863893045,test,0.7592406332745187
N54P,0.4115154174180838,0.141438959781991,test,0.2700764576360928
N54Q,0.23668982865641836,0.71782729632387,test,0.48113746766745163
N54R,0.32866211207229773,0.709674668560857,test,0.3810125564885593
N54S,0.5126677371621895,0.699807094732918,test,0.18713935757072853
N54T,0.29419275590095323,0.621629261253364,test,0.3274365053524108
N54V,0.20629109889167735,0.586463628550697,test,0.38017252965901965
N54W,0.6467178583229227,0.796284594033107,train,0.1495667357101843
N54Y,0.17619121367661178,0.651563208091914,test,0.47537199441530226
N93A,1.1738515862388086,1.00764874680389,train,0.16620283943491865
N93C,0.5684317428476318,0.991983986457033,test,0.42355224360940125
N93D,0.9528557522624377,0.999617777426855,test,0.0467620251644173
N93E,0.8654583214792178,0.98099787098033,test,0.11553954950111223
N93F,0.2995911369903022,0.921594085848768,test,0.6220029488584657
N93G,1.1488817638811115,1.04114977787381,test,0.1077319860073016
N93H,0.5110733086383901,0.989372367669573,test,0.47829905903118297
N93I,0.3633276420748475,0.259233735506154,test,0.10409390656869355
N93K,0.8141976960377137,0.868763424306084,test,0.05456572826837025
N93L,0.47340305439663505,0.874415488842386,test,0.4010124344457509
N93M,0.15605043008761493,0.91480175705328,test,0.7587513269656652
N93P,0.4465554853563996,1.00080078931561,test,0.5542453039592103
N93Q,0.7181077438858336,1.01461547231214,test,0.29650772842630646
N93R,0.8257238005979106,0.880347778336174,test,0.05462397773826333
N93S,1.0952211677630403,0.997957644795161,test,0.09726352296787932
N93T,0.701065939889502,0.991366507125491,test,0.29030056723598896
N93V,0.5234967248877025,0.504258157245451,test,0.019238567642251514
N93W,0.2533459911265022,0.125221544481909,test,0.1281244466445932
N93Y,0.5038416790826572,0.954238846705416,test,0.45039716762275883
N9A,0.65578026177654,0.801278349782674,train,0.14549808800613395
N9C,0.49569970870607,0.773482986958229,test,0.27778327825215904
N9D,0.49569970870607,0.970337265286374,test,0.474637556580304
N9E,0.49569970870607,0.734008380185994,test,0.23830867147992402
N9F,0.49569970870607,0.739799717303281,test,0.24410000859721098
N9G,0.49569970870607,0.600145105058145,test,0.104445396352075
N9H,0.49569970870607,0.779106112236577,test,0.283406403530507
N9I,0.49569970870607,0.0988892349711395,test,0.3968104737349305
N9K,0.49569970870607,0.727914694337057,test,0.23221498563098703
N9L,0.49569970870607,0.396829681149641,test,0.09887002755642899
N9M,0.49569970870607,0.716624103860698,test,0.22092439515462797
N9P,0.49569970870607,0.397654160821333,test,0.09804554788473702
N9Q,0.49569970870607,0.826419152149361,test,0.330719443443291
N9R,0.49569970870607,0.757554815605999,test,0.261855106899929
N9S,0.49569970870607,0.743063492415726,test,0.247363783709656
N9T,0.49569970870607,0.478654737207138,test,0.01704497149893197
N9V,0.49569970870607,0.544942329373327,test,0.04924262066725699
N9W,0.49569970870607,0.125985889090758,test,0.369713819615312
N9Y,0.49569970870607,0.608420411032516,test,0.11272070232644599
P129A,-0.9987349538437127,0.142493492226424,train,1.1412284460701367
P129C,-0.7077276296222106,0.200465071564036,test,0.9081927011862466
P129D,-0.36109638300279906,0.216078782901852,test,0.5771751659046511
P129E,-0.6569372214341538,0.0532407734944331,test,0.7101779949285869
P129F,-1.0006819912832605,0.0851753834742654,test,1.085857374757526
P129G,-0.37925618124488375,0.26375894762458,test,0.6430151288694638
P129H,-0.7097503124977997,0.0828527207766473,test,0.792603033274447
P129I,-1.119726872328775,0.0739712991731456,test,1.1936981715019206
P129K,-0.8038364390087569,0.0865203633482188,test,0.8903568023569757
P129L,-0.7756206009180229,0.0547965805383881,test,0.830417181456411
P129M,-1.1967842549251064,0.0515001998248556,test,1.248284454749962
P129N,-0.5841388785346933,0.119398641909193,test,0.7035375204438863
P129Q,-0.856965484391651,0.0658128218537344,test,0.9227783062453854
P129R,-0.6355994283802868,0.0588855368847804,test,0.6944849652650672
P129S,-0.20031669260786517,0.361979353280086,test,0.5622960458879511
P129T,-0.29444448823011976,0.104364950042819,test,0.39880943827293874
P129V,-0.9403647538268154,0.123458054941011,test,1.0638228087678263
P129W,-1.1967842549251064,0.183306609071632,test,1.3800908639967384
P129Y,-1.0012945881478825,0.0455734920649053,test,1.0468680802127879
P139A,1.1381633954870836,0.993489967176014,train,0.14467342831106955
P139C,0.20535281997500304,0.99317533073864,test,0.787822510763637
P139D,-0.12957262866201796,0.638069501740984,test,0.7676421304030019
P139E,-0.12957262866201796,0.396187103864944,test,0.525759732526962
P139F,-0.12957262866201796,0.0400424016442295,test,0.16961503030624747
P139G,0.11530004722463089,0.523924080754896,test,0.40862403353026516
P139H,-0.12937921522494727,0.599905438601095,test,0.7292846538260422
P139I,-0.12957262866201796,0.931134127071456,test,1.060706755733474
P139K,-0.12957262866201796,0.592100995465234,test,0.7216736241272519
P139L,-0.1108247456973856,0.530922792757694,test,0.6417475384550797
P139M,-0.005700573351768712,0.069934654765026,test,0.07563522811679471
P139N,-0.12947012780785622,0.916879303691748,test,1.0463494314996042
P139Q,0.3407596475568298,0.530222591363403,test,0.1894629438065732
P139R,0.1002581635821525,0.288625377273746,test,0.18836721369159348
P139S,0.4952097551379567,0.980616873385138,test,0.48540711824718136
P139T,0.2147790240908432,0.982952911248776,test,0.7681738871579329
P139V,0.16685094993842325,0.977912058771607,test,0.8110611088331838
P139W,-0.12957262866201796,0.034157761152671,test,0.16373038981468896
P139Y,-0.12957262866201796,0.149875206918954,test,0.27944783558097197
P153A,1.0725793800073724,0.96734626070046,train,0.10523311930691237
P153C,0.704099267821487,0.972083444891864,test,0.267984177070377
P153D,0.704099267821487,0.980256316340586,test,0.27615704851909895
P153E,0.704099267821487,0.989649638392566,test,0.285550370571079
P153F,0.704099267821487,0.871574826253981,test,0.16747555843249395
P153G,0.704099267821487,0.995762918495315,test,0.29166365067382793
P153H,0.704099267821487,0.972407208068094,test,0.268307940246607
P153I,0.704099267821487,0.841487117769435,test,0.13738784994794795
P153K,0.704099267821487,0.984604456005573,test,0.280505188184086
P153L,0.704099267821487,0.887027173016241,test,0.182927905194754
P153M,0.704099267821487,0.928317597541554,test,0.22421832972006694
P153N,0.704099267821487,0.975340776923343,test,0.27124150910185596
P153Q,0.704099267821487,0.985015729091435,test,0.28091646126994796
P153R,0.704099267821487,0.977963477483634,test,0.273864209662147
P153S,0.704099267821487,0.977138901252463,test,0.27303963343097604
P153T,0.704099267821487,0.970257173762874,test,0.266157905941387
P153V,0.704099267821487,0.89609809572431,test,0.19199882790282297
P153W,0.704099267821487,0.885438643274648,test,0.18133937545316103
P153Y,0.704099267821487,0.925419605367932,test,0.22132033754644498
P167A,0.886737444715898,0.895401828085383,train,0.008664383369485051
P167C,-0.32521060934135443,0.378977867560786,test,0.7041884769021405
P167D,-0.41793188974713397,0.333446430762781,test,0.7513783205099149
P167E,-0.632317119040259,0.0969576668417062,test,0.7292747858819653
P167F,-0.632317119040259,0.0565399877408523,test,0.6888571067811113
P167G,0.0015277006525398762,0.405255069845633,test,0.4037273691930931
P167H,-0.6316517331257963,0.0793383210614916,test,0.7109900541872879
P167I,-0.632317119040259,0.0847806055327186,test,0.7170977245729776
P167K,-0.632317119040259,0.0753336714694105,test,0.7076507905096695
P167L,-1.157767387800324,0.0786325531513159,train,1.23639994095164
P167M,-0.632317119040259,0.0585854594767999,test,0.6909025785170589
P167N,-0.632317119040259,0.278439918289344,test,0.910757037329603
P167Q,-0.16988381869398234,0.186926018234662,test,0.3568098369286443
P167R,-0.4069547713477987,0.0552567393246423,test,0.46221151067244104
P167S,0.1728836562988026,0.90282527583526,test,0.7299416195364574
P167T,-0.12338033765947992,0.10680500150846,test,0.23018533916793993
P167V,-0.4233159969577684,0.0944336973041711,test,0.5177496942619395
P167W,-0.632317119040259,0.160483263440663,test,0.792800382480922
P167Y,-0.3415966822325451,0.123445865936229,test,0.4650425481687741
P173A,1.1981845138276874,1.01626746004445,train,0.18191705378323753
P173C,0.08008099238780281,0.95518155415296,test,0.8751005617651573
P173D,0.3302057200994409,0.9665155729174,test,0.6363098528179592
P173E,0.5014153902008793,0.905216465065936,test,0.4038010748650567
P173F,0.10583000051145502,0.904463885445415,test,0.79863388493396
P173G,0.46261212597080364,0.978259643479548,test,0.5156475175087443
P173H,0.286294978332057,0.939540231660818,test,0.6532452533287609
P173I,0.3532873865501927,0.88887028077406,test,0.5355828942238674
P173K,0.19235100470148409,0.955585012858448,test,0.763234008156964
P173L,0.5209221631182785,0.936214530177899,test,0.41529236705962047
P173M,0.18293015225138204,0.927205007864105,test,0.744274855612723
P173N,0.27825022231743374,0.948338922095159,test,0.6700886997777253
P173Q,-0.07136023396726182,0.957411302373725,test,1.0287715363409868
P173R,-0.02930476951403621,0.953181407711942,test,0.9824861772259783
P173S,0.8595619552879583,0.958997583179706,test,0.09943562789174765
P173T,0.7555802440702095,0.938926334297684,test,0.1833460902274745
P173V,0.5364874808783284,0.944254410438382,test,0.40776692956005356
P173W,0.034837892322503505,0.889242950208516,test,0.8544050578860125
P173Y,0.28690541629709015,0.952566726014502,test,0.6656613097174118
P175A,1.089847519892846,0.973673930618596,train,0.11617358927424992
P175C,-0.028470877197951994,0.981631721014809,test,1.010102598212761
P175D,0.6461077377570845,0.936199182527022,test,0.2900914447699374
P175E,0.8525934577568002,0.958847730737135,test,0.10625427298033485
P175F,0.24621565093712233,0.994650612207265,test,0.7484349612701426
P175G,0.5316167311421189,0.948292577582899,test,0.41667584644078004
P175H,0.463598075768406,0.983238043061911,test,0.519639967293505
P175I,0.4403265862877213,0.997759077313123,test,0.5574324910254016
P175K,0.5715039047810428,1.00937011938844,test,0.43786621460739705
P175L,0.39522122194725645,1.00730907074157,test,0.6120878487943135
P175M,0.4353280699235605,0.96746766906495,test,0.5321395991413895
P175N,0.5856666473109797,1.01488932569731,test,0.4292226783863302
P175Q,1.0164694590998344,0.996070763885274,test,0.02039869521456039
P175R,0.6472606709596498,0.987446298878005,test,0.34018562791835516
P175S,0.5364410745047827,1.00355703349533,test,0.46711595899054736
P175T,0.5181564282007152,0.965493264823765,test,0.4473368366230498
P175V,0.5249521244836863,1.00917306522511,test,0.48422094074142374
P175W,-0.13504901184270673,0.984250464452277,test,1.1192994762949837
P175Y,0.2648621623910952,0.993591741111716,test,0.7287295787206207
P195A,-0.8256384026614985,0.21192083867202,train,1.0375592413335184
P195C,-0.7065295121079096,0.149431537946191,test,0.8559610500541006
P195D,-0.8192921845753158,0.205035137236969,test,1.0243273218122848
P195E,-1.3256879228187897,0.046984454009329,test,1.3726723768281186
P195F,-0.88325132320232,0.191481405873124,train,1.074732729075444
P195G,-0.6307593759247023,0.0697781551201421,test,0.7005375310448444
P195H,-1.1137105456836296,0.0664160582873868,test,1.1801266039710163
P195I,-0.4644909004614028,0.0579351878569741,test,0.5224260883183769
P195K,-0.4635670992014695,0.159985533729518,test,0.6235526329309875
P195L,-0.3642534666292753,0.0597432166898685,test,0.4239966833191438
P195M,-0.5052248123218863,0.122905119544249,test,0.6281299318661353
P195N,-1.1370263537654388,0.0863151334075057,train,1.2233414871729444
P195Q,-0.6970834095630387,0.0669552931030386,test,0.7640387026660773
P195R,-0.7474330545951577,0.108154074312582,test,0.8555871289077397
P195S,-0.3486121776732602,0.056941804534496,test,0.4055539822077562
P195T,-0.3586395796121628,0.0339113845993976,test,0.3925509642115604
P195V,-0.3611524232146514,0.100886471250174,test,0.4620388944648254
P195W,-1.0909029197114894,0.109094880700159,train,1.1999978004116485
P195Y,-0.7666454686549198,0.075580145733735,test,0.8422256143886548
P200A,1.070376082702115,0.964455127030217,train,0.10592095567189797
P200C,0.6104083031180529,1.00145942149749,test,0.39105111837943696
P200D,1.3998429791557374,0.953874001639063,test,0.4459689775166744
P200E,1.0431628435441702,0.948225173807947,test,0.0949376697362232
P200F,0.5925128100495343,0.926499824024027,test,0.3339870139744927
P200G,0.9805304284178504,0.993523435293356,test,0.01299300687550553
P200H,0.6983321599170296,0.971307776953775,test,0.27297561703674544
P200I,0.8824880601085248,0.943550448568278,test,0.0610623884597532
P200K,0.8161364614367628,0.993481031374538,test,0.17734456993777525
P200L,0.9285831304455492,0.958274876409897,test,0.02969174596434776
P200M,0.4786992394872947,0.971476589539826,test,0.49277735005253126
P200N,0.9776520120134968,0.992407963969854,test,0.01475595195635715
P200Q,0.7987373644075149,0.98853193013966,test,0.18979456573214515
P200R,0.9770007187541623,0.982128598393795,test,0.005127879639632682
P200S,1.2174290342013627,1.00995955620673,test,0.20746947799463267
P200T,1.4769921060404325,0.969016987766541,test,0.5079751182738915
P200V,1.761107787731385,0.965753400715595,test,0.79535438701579
P200W,0.6638047768265487,0.900847254825346,test,0.2370424779987973
P200Y,0.7644351616350278,0.94904473504455,test,0.18460957340952222
P203A,1.1036754879060169,0.979646200536224,train,0.1240292873697929
P203C,0.24684981458226757,1.04144173611465,test,0.7945919215323825
P203D,0.8260534095821086,0.993970730249321,test,0.16791732066721243
P203E,0.731928018125263,0.991422645284509,test,0.259494627159246
P203F,0.27993819335586606,0.976509424975367,test,0.696571231619501
P203G,0.626754852530901,1.00768707798932,test,0.38093222545841887
P203H,0.7849412570909422,1.00664464133368,test,0.22170338424273783
P203I,0.45577064292809416,0.920562942502886,test,0.4647922995747918
P203K,0.8481713675668026,1.00541276952467,test,0.1572414019578674
P203L,0.6028256032217207,0.976264990996801,test,0.37343938777508023
P203M,0.3020986012937517,0.986119947349593,test,0.6840213460558413
P203N,0.7919751381685352,0.998355016714744,test,0.20637987854620887
P203Q,1.1944074288770246,0.995577025055422,test,0.19883040382160255
P203R,1.101935743083608,1.03464585983074,test,0.06728988325286811
P203S,0.9013592502374514,0.998834828844529,test,0.09747557860707756
P203T,0.9652493104767963,0.991004212213994,test,0.025754901737197744
P203V,0.5271756830679486,1.00008759535806,test,0.4729119122901113
P203W,-0.0861210788258901,0.938438499046051,test,1.0245595778719412
P203Y,-0.0861210788258901,1.01317515561312,test,1.0992962344390103
P237A,0.8902412080411288,0.895146642732518,train,0.0049054346913891544
P237C,0.8675188169275714,0.874630629664206,test,0.007111812736634637
P237D,0.021424194213491232,0.698138177884429,test,0.6767139836709377
P237E,0.021424194213491232,0.91861694825507,test,0.8971927540415787
P237F,1.158802940327739,0.575802737822153,test,0.5830002025055859
P237G,0.26611727948269076,0.856034910805223,test,0.5899176313225323
P237H,1.5025417112938246,0.828868910473132,test,0.6736728008206926
P237I,1.0552954531621062,0.777074779699731,test,0.2782206734623751
P237K,0.021424194213491232,0.788216350697346,test,0.7667921564838547
P237L,1.0206523653815331,0.648100764791001,test,0.37255160059053216
P237M,0.9096240153840469,0.788758409383866,test,0.12086560600018093
P237N,0.11243831458474501,0.71240679835951,test,0.599968483774765
P237Q,0.5390234825041418,0.891463080569372,test,0.3524395980652302
P237R,0.027536852124086464,0.665415482281225,test,0.6378786301571386
P237S,0.2459009807773374,0.886988173383424,test,0.6410871926060866
P237T,0.8718037530743956,0.873195126259754,test,0.0013913731853584244
P237V,1.1259780186424564,0.879989105982486,test,0.24598891265997036
P237W,0.777967510408434,0.748665302703289,test,0.029302207705145022
P237Y,1.262506339064128,0.686255143653112,test,0.576251195411016
P280A,0.8885385730397886,0.893730743904008,train,0.005192170864219414
P280C,-0.4984870400209526,0.932205798473166,test,1.4306928384941187
P280D,0.3706196121856085,0.896872342320805,test,0.5262527301351965
P280E,0.4826351243549692,0.972184529045008,test,0.48954940469003877
P280F,0.640355651444148,0.717891669940014,test,0.077536018495866
P280G,0.47082644123989154,0.989456790365864,test,0.5186303491259725
P280H,0.48184806073022385,0.82586016718269,test,0.3440121064524661
P280I,0.38361531334015636,0.737965291129042,test,0.3543499777888856
P280K,0.3389118355832164,0.906643518281589,test,0.5677316826983725
P280L,0.6070871285885691,0.820911452999545,test,0.21382432441097599
P280M,0.1728076627885234,0.820892160419855,test,0.6480844976313316
P280N,0.43391118416420055,0.888411120112264,test,0.4544999359480634
P280Q,0.3602653564695278,0.938718655637299,test,0.5784532991677711
P280R,0.5074847209433653,0.886625192959768,test,0.3791404720164028
P280S,0.7127605549908456,0.928756514553907,test,0.2159959595630614
P280T,0.5507463593863964,0.95793754536511,test,0.4071911859787136
P280V,0.42092256338993833,0.876833655253272,test,0.4559110918633336
P280W,0.06461040474564334,0.820314398977252,test,0.7557039942316086
P280Y,0.23912310328664438,0.724432824853504,test,0.48530972156685964
P297A,1.192879262933591,1.01527810452495,train,0.177601158408641
P297C,0.764249209284598,0.998316771013254,test,0.23406756172865595
P297D,0.764249209284598,0.956268606323327,test,0.19201939703872895
P297E,0.764249209284598,0.939034420506128,test,0.1747852112215299
P297F,0.764249209284598,0.981427774312154,test,0.21717856502755595
P297G,0.764249209284598,0.983549943119629,test,0.2193007338350309
P297H,0.764249209284598,0.989286862886052,test,0.225037653601454
P297I,0.764249209284598,0.981938146412805,test,0.21768893712820692
P297K,0.764249209284598,1.00161917819027,test,0.23736996890567186
P297L,0.764249209284598,0.978335954607364,test,0.21408674532276595
P297M,0.764249209284598,0.992801238690743,test,0.22855202940614494
P297N,0.764249209284598,0.987408669478808,test,0.22315946019420996
P297Q,0.764249209284598,1.02922084013248,test,0.264971630847882
P297R,0.764249209284598,1.02264367588285,test,0.25839446659825205
P297S,0.764249209284598,0.985695526037828,test,0.2214463167532299
P297T,0.764249209284598,0.993057666835327,test,0.22880845755072898
P297V,0.764249209284598,1.0000032282175,test,0.23575401893290193
P297W,0.764249209284598,0.991059408643606,test,0.22681019935900792
P297Y,0.764249209284598,0.980328312856802,test,0.21607910357220395
P32A,0.7862914109474453,0.852410340295027,train,0.06611892934758179
P32C,0.37149806897316046,0.774231628117669,test,0.40273355914450853
P32D,0.22403854550880636,0.196622789157846,test,0.027415756350960357
P32E,0.21407462021800866,0.66906256693541,test,0.45498794671740134
P32F,0.1548991014107433,0.0787731314470383,test,0.076125969963705
P32G,0.6978385504768099,0.587710300380111,test,0.11012825009669891
P32H,0.18613755108754942,0.638158272182523,test,0.45202072109497354
P32I,0.3081682878986403,0.693008814284631,test,0.3848405263859907
P32K,0.22030274229439156,0.781539920243916,test,0.5612371779495244
P32L,0.4198911313461942,0.0704610133184942,test,0.3494301180277
P32M,0.12491406698139157,0.480323461646047,test,0.35540939466465543
P32N,0.19847518852536977,0.663958777992992,test,0.4654835894676222
P32Q,0.429312216777273,0.781052941005176,test,0.351740724227903
P32R,0.20279020486566607,0.977898693266322,test,0.7751084884006558
P32S,0.6979884147904869,0.685285722047659,test,0.01270269274282787
P32T,0.5764392671184346,0.714269087777227,test,0.13782982065879235
P32V,0.5148638297913024,0.786482434794234,test,0.27161860500293156
P32W,0.007577984380569502,0.0645987367621655,test,0.057020752381596
P32Y,0.0793821444278962,0.0447682243420223,test,0.034613920085873905
P351A,1.0777002444599617,0.968719211277229,train,0.10898103318273267
P351C,0.5972294880543068,0.943816787520748,test,0.3465872994664413
P351D,1.0449851852806447,0.935176662120864,test,0.10980852315978062
P351E,0.9672598078570473,0.995081002255942,test,0.027821194398894633
P351F,0.6217642501839222,0.922661530420095,test,0.3008972802361728
P351G,0.6251225242109584,0.908578437184588,test,0.2834559129736296
P351H,0.9090035123735838,0.954566453565931,test,0.04556294119234716
P351I,0.7828540930036247,0.971763742039902,test,0.18890964903627727
P351K,0.8194997038006697,0.93251662532355,test,0.11301692152288023
P351L,0.9936504009808651,0.949713807548313,test,0.043936593432552074
P351M,0.6022019103333989,0.96883210910193,test,0.3666301987685311
P351N,0.7626475536365191,0.915028192471504,test,0.15238063883498487
P351Q,0.6719006156784744,0.971021447819112,test,0.29912083214063767
P351R,0.870781329427686,0.967018586641651,test,0.09623725721396492
P351S,0.8061285584337483,0.96681672420394,test,0.16068816577019174
P351T,0.9850796961196693,0.946630152622609,test,0.03844954349706031
P351V,0.7042959838041583,0.938352511635194,test,0.2340565278310357
P351W,0.020383525419049475,0.797759766134336,test,0.7773762407152864
P351Y,0.6324760217842851,0.939502356372262,test,0.3070263345879769
P365A,1.0185225330337246,0.944824818219969,train,0.07369771481375564
P365C,-0.003772162806862711,0.92438264671757,test,0.9281548095244327
P365D,0.02208677936332043,0.331091670661364,test,0.3090048912980436
P365E,-0.1709016417812314,0.840769398480809,test,1.0116710402620404
P365F,0.18228837261341196,0.38820839492231,test,0.20592002230889805
P365G,0.7156111451611906,0.913746517495154,test,0.1981353723339634
P365H,0.23315514231062023,0.704565396351142,test,0.4714102540405218
P365I,0.41473009603811667,0.655447279577013,test,0.24071718353889632
P365K,-0.1709016417812314,0.707879035004756,test,0.8787806767859874
P365L,0.4418152401567959,0.650059829398803,test,0.20824458924200712
P365M,0.41816379555544364,0.607700980861925,test,0.1895371853064814
P365N,0.191954967838651,0.858353406185788,test,0.6663984383471371
P365Q,-0.1709016417812314,0.863035566588236,test,1.0339372083694673
P365R,0.0024440343504502082,0.84988339102932,test,0.8474393566788698
P365S,0.9180680253259474,0.893801032959614,test,0.02426699236633345
P365T,0.5439398298252094,0.870076965669266,test,0.32613713584405657
P365V,0.4173433613389009,0.63675428048785,test,0.2194109191489491
P365W,-0.05912003324631948,0.0950049193194415,test,0.15412495256576098
P365Y,0.26784303916536883,0.743947347408953,test,0.47610430824358413
P377A,1.0872370719546396,0.971833684135505,train,0.11540338781913462
P377C,-0.0008332431325097089,0.943507951294399,test,0.9443411944269087
P377D,0.7798591296870363,0.950907628890986,test,0.1710484992039497
P377E,0.7411127113069362,0.936254608262517,test,0.19514189695558082
P377F,0.273230194726418,0.942399568759307,test,0.669169374032889
P377G,0.9188346299299148,0.976901501151702,test,0.05806687122178722
P377H,0.7260862692816019,0.976989774741949,test,0.2509035054603471
P377I,0.4799674746979186,0.957331905705317,test,0.4773644310073984
P377K,0.6822143122735973,0.966267414717843,test,0.28405310244424575
P377L,0.3154156653671994,0.948183030445666,test,0.6327673650784666
P377M,0.06993871527406276,0.937054939764439,test,0.8671162244903763
P377N,0.2950822565425622,0.975393551606383,test,0.6803112950638208
P377Q,0.607054697031991,0.985636725039598,test,0.378582028007607
P377R,0.4635499444176539,0.98345557257224,test,0.5199056281545862
P377S,0.4648145470625274,0.967079060087844,test,0.5022645130253165
P377T,0.36922903579818117,0.960783320021718,test,0.5915542842235368
P377V,0.666918364059935,0.943196390864171,test,0.27627802680423597
P377W,0.3378307544891986,0.958996636796962,test,0.6211658823077635
P377Y,0.310776522053919,0.947999087582143,test,0.637222565528224
P403A,1.1576146755123347,0.99895985707702,train,0.1586548184353147
P403C,0.008749121195508691,0.91494761917144,test,0.9061984979759312
P403D,-0.07119263379900426,0.167205725860582,test,0.23839835965958625
P403E,0.2448692914093123,0.800550041260003,test,0.5556807498506906
P403F,0.013168095544818625,0.32969159306228,test,0.3165234975174614
P403G,0.9045279092744938,0.861027489729834,test,0.043500419544659774
P403H,-0.29311687322401164,0.50771878963444,test,0.8008356628584516
P403I,0.9098490721802417,0.960047497985972,test,0.05019842580573031
P403K,-0.16787075257239253,0.715956315655402,test,0.8838270682277944
P403L,0.48990054889143947,0.839232088878514,test,0.3493315399870745
P403M,0.39521276075070416,0.886684280293824,test,0.4914715195431198
P403N,0.44621366197210405,0.464780710966524,test,0.018567048994419966
P403Q,0.232058128431266,0.84525463129664,test,0.6131965028653741
P403R,0.1104313360227352,0.721705124116009,test,0.6112737880932737
P403S,0.7364115314980442,0.799816258437915,test,0.06340472693987087
P403T,0.8757441167935962,0.95523107449712,test,0.07948695770352376
P403V,0.7663831722152015,0.938643657032572,test,0.17226048481737055
P403W,-0.29311687322401164,0.216110772862076,test,0.5092276460860876
P403Y,0.3177673187009376,0.522352503522667,test,0.20458518482172944
P422A,1.0852961776022774,0.970328303138073,train,0.11496787446420442
P422C,0.44498970506616514,0.997645341134696,test,0.5526556360685309
P422D,1.8167858231256773,1.03942365608865,test,0.7773621670370272
P422E,1.389381133947575,0.996252142953086,test,0.39312899099448906
P422F,0.20456949287410714,0.911876591151472,test,0.7073070982773648
P422G,1.3721601384834425,0.999420801082044,test,0.37273933740139853
P422H,0.8634654264940966,0.989057414894028,test,0.12559198839993135
P422I,0.9336425336001479,0.825307721135707,test,0.10833481246444088
P422K,1.0049569396135443,0.953924896185542,test,0.05103204342800227
P422L,0.8165028074107337,0.869119941127125,test,0.05261713371639132
P422M,0.4597238296731075,0.930138912434635,test,0.4704150827615275
P422N,1.387107077959131,0.997614718591897,test,0.38949235936723403
P422Q,1.1044903842426788,0.952768281528883,test,0.15172210271379571
P422R,1.0170043219780052,0.961354387309318,test,0.05564993466868717
P422S,1.548594521460668,1.00705115313331,test,0.541543368327358
P422T,1.211649188521596,0.966036604156836,test,0.24561258436476008
P422V,0.6786754311774974,0.904283381663162,test,0.22560795048566462
P422W,0.20456949287410714,0.915854562456848,test,0.7112850695827408
P422Y,0.640499382344677,0.986820133425628,test,0.34632075108095106
P441A,1.0776338135117456,0.969360130635015,train,0.10827368287673056
P441C,0.7066264845736754,0.968736764771291,test,0.2621102801976156
P441D,0.7066264845736754,0.886602370800286,test,0.17997588622661065
P441E,0.7066264845736754,0.969635575294417,test,0.26300909072074163
P441F,0.7066264845736754,0.930719802434107,test,0.22409331786043163
P441G,0.7066264845736754,0.906044870953516,test,0.19941838637984066
P441H,0.7066264845736754,0.962796380755116,test,0.2561698961814406
P441I,0.7066264845736754,0.962979757619087,test,0.25635327304541167
P441K,0.7066264845736754,0.964259291752177,test,0.25763280717850157
P441L,0.7066264845736754,0.930855015623078,test,0.22422853104940266
P441M,0.7066264845736754,0.969924237539416,test,0.26329775296574065
P441N,0.7066264845736754,0.914757949396575,test,0.20813146482289957
P441Q,0.7066264845736754,0.951384016462951,test,0.24475753188927563
P441R,0.7066264845736754,0.980931991806352,test,0.27430550723267666
P441S,0.7066264845736754,0.967116580683873,test,0.2604900961101976
P441T,0.7066264845736754,0.976205559148956,test,0.26957907457528063
P441V,0.7066264845736754,0.975500674119286,test,0.2688741895456106
P441W,0.7066264845736754,0.956048922897928,test,0.2494224383242526
P441Y,0.7066264845736754,0.944828887190764,test,0.23820240261708858
P449A,1.085014174825897,0.97230073470938,train,0.11271344011651696
P449C,0.7103166652307493,0.929120060571886,test,0.21880339534113669
P449D,0.7103166652307493,0.961071633354246,test,0.2507549681234966
P449E,0.7103166652307493,0.931500881612351,test,0.22118421638160168
P449F,0.7103166652307493,0.903708925178289,test,0.19339225994753972
P449G,0.7103166652307493,0.927396888263023,test,0.2170802230322737
P449H,0.7103166652307493,0.967850023789087,test,0.2575333585583377
P449I,0.7103166652307493,0.901166871337509,test,0.19085020610675962
P449K,0.7103166652307493,0.966086688631583,test,0.25577002340083366
P449L,0.7103166652307493,0.916929754432928,test,0.2066130892021787
P449M,0.7103166652307493,0.928581902815584,test,0.21826523758483463
P449N,0.7103166652307493,0.921024514883248,test,0.21070784965249867
P449Q,0.7103166652307493,0.948342629109133,test,0.2380259638783837
P449R,0.7103166652307493,0.963357689056737,test,0.2530410238259877
P449S,0.7103166652307493,0.91352345636455,test,0.2032067911338007
P449T,0.7103166652307493,0.958843419717266,test,0.24852675448651673
P449V,0.7103166652307493,0.943054145271634,test,0.23273748004088468
P449W,0.7103166652307493,0.890858545647828,test,0.18054188041707864
P449Y,0.7103166652307493,0.910027263882421,test,0.19971059865167162
P86A,0.6790484956344542,0.811088341704982,train,0.13203984607052777
P86C,-0.08561574090210294,0.687056386476099,test,0.772672127378202
P86D,0.37343416980906957,0.78000298164556,test,0.40656881183649046
P86E,0.2587890039267418,0.551608916545811,test,0.2928199126190692
P86F,-0.377444383736897,0.391072894605958,train,0.768517278342855
P86G,0.25344018439005295,0.69678596802408,test,0.44334578363402705
P86H,0.41574113798243323,0.944747965285933,test,0.5290068273034998
P86I,-0.1578199374786315,0.108954919744564,test,0.2667748572231955
P86K,0.40826110328891835,0.846082719013814,test,0.4378216157248957
P86L,0.09671829524070402,0.238752683637307,test,0.14203438839660298
P86M,-0.39148587637110305,0.382353774272409,test,0.7738396506435121
P86N,0.5703012634487656,0.929912971111667,test,0.3596117076629014
P86Q,0.04116864387712843,0.685883071709527,test,0.6447144278323986
P86R,0.26341747429736456,0.836419957677578,test,0.5730024833802134
P86S,0.5334651401618871,0.93994829941128,test,0.40648315924939293
P86T,0.22125827835039585,0.744791071558108,test,0.5235327932077121
P86V,-0.39148587637110305,0.367860664308612,test,0.7593465406797151
P86W,-0.39148587637110305,0.333089566194283,test,0.7245754425653861
P86Y,-0.39148587637110305,0.475069766971859,test,0.866555643342962
Q113A,-0.6373415624641003,0.285738701053876,train,0.9230802635179763
Q113C,-0.8831360787403311,1.09720933284319,test,1.980345411583521
Q113D,-0.5851316815301546,0.119305920729878,test,0.7044376022600326
Q113E,-1.0194563906843674,0.199250942014786,test,1.2187073326991533
Q113F,0.22224473828738406,1.26444741698066,test,1.042202678693276
Q113G,-0.3165678059956613,0.326836526574108,test,0.6434043325697694
Q113H,-0.4460520400832246,0.235490050746675,test,0.6815420908298996
Q113I,-0.7256619832396138,0.570321867411674,test,1.2959838506512877
Q113K,-1.0187994390692543,0.149143793233754,test,1.1679432323030083
Q113L,-0.018668232983720168,0.91749150885463,test,0.9361597418383503
Q113M,-0.11891585935646537,0.863847727249819,test,0.9827635866062843
Q113N,-0.647534565133145,1.02992138085353,test,1.677455945986675
Q113P,-0.4235873798937932,0.0624011170187858,test,0.485988496912579
Q113R,-1.0194563906843674,0.0612582879170949,test,1.0807146786014623
Q113S,-0.21115991626861946,0.554727179011138,test,0.7658870952797574
Q113T,-0.24263446016143403,0.54307796493336,test,0.785712425094794
Q113V,-0.5851300797589873,0.984426140577211,test,1.5695562203361983
Q113W,-0.5598874567609888,0.0634850786389405,test,0.6233725353999293
Q113Y,-0.06223290834089473,0.988884797714703,test,1.0511177060555976
Q196A,0.2877364234754563,0.655265164070212,train,0.36752874059475565
Q196C,0.293057331049651,0.840336360788173,test,0.5472790297385219
Q196D,-0.5497938837252772,0.469184791537697,test,1.0189786752629741
Q196E,-0.5496958355880484,0.811994739445045,test,1.3616905750330934
Q196F,0.24954052347714578,0.800708654485492,test,0.5511681310083463
Q196G,-0.5497938837252772,0.878570583698831,test,1.428364467424108
Q196H,-0.02849090544751215,0.502371378122401,test,0.530862283569913
Q196I,0.5528603388123408,0.799106217205287,test,0.2462458783929462
Q196K,-0.5497938837252772,0.140519116602296,test,0.6903130003275731
Q196L,0.4399829539253535,0.875477342557686,test,0.4354943886323324
Q196M,0.5364925494320794,0.623785735133175,test,0.08729318570109568
Q196N,0.36898886205747955,1.12560235649289,test,0.7566134944354106
Q196P,-0.5497938837252772,0.0693226858652862,test,0.6191165695905634
Q196R,-0.16104889572616082,0.0471269493906433,test,0.20817584511680412
Q196S,0.23068436319564795,0.851021109811969,test,0.620336746616321
Q196T,0.2771431075718969,0.719091998787458,test,0.4419488912155611
Q196V,0.3169105298501958,0.938879998404477,test,0.6219694685542811
Q196W,-0.10012902678387897,1.14823692504291,test,1.248365951826789
Q196Y,-0.03461664283693361,0.927169893432525,test,0.9617865362694586
Q199A,1.2038800009510453,1.02018044574721,train,0.1836995552038354
Q199C,0.1412416894541338,0.903170658739826,test,0.7619289692856923
Q199D,0.46243728477909235,0.170980382487645,test,0.2914569022914474
Q199E,0.49101915387479883,0.917727543019359,test,0.42670838914456016
Q199F,0.17073419994065026,0.191185118751362,test,0.020450918810711732
Q199G,0.5467240628138388,0.905344344001514,test,0.3586202811876752
Q199H,0.6054123259363919,0.870529619605669,test,0.26511729366927705
Q199I,0.39949322149443495,0.840242207668328,test,0.4407489861738931
Q199K,0.15015273060041073,0.0769069230980553,test,0.07324580750235543
Q199L,0.7453286076791112,0.904795961670767,test,0.1594673539916558
Q199M,0.6022674230444345,0.952831778291003,test,0.3505643552465685
Q199N,0.38520782428587635,0.972406453825816,test,0.5871986295399396
Q199P,0.657107745824117,1.0224692258086,test,0.3653614799844829
Q199R,0.42124474695374664,0.087129792701556,test,0.3341149542521906
Q199S,0.6143281211015541,0.937759642163586,test,0.3234315210620319
Q199T,0.548036337763504,0.924813580970961,test,0.376777243207457
Q199V,0.563760604371188,0.92786842069655,test,0.36410781632536193
Q199W,-0.3219140142133416,0.151692577663594,test,0.4736065918769356
Q199Y,0.10589767915542941,0.201598910114219,test,0.09570123095878957
Q219A,-1.040669907045766,0.124989579464008,train,1.1656594865097738
Q219C,-0.853300656718007,0.537116402695518,test,1.390417059413525
Q219D,-0.6972778424032313,0.0439499235908071,test,0.7412277659940384
Q219E,-0.1917703237715908,0.700193490933704,test,0.8919638147052948
Q219F,-0.5976036550644288,0.0458198493658765,test,0.6434235044303053
Q219G,-0.5124393025579597,0.0391087786570724,test,0.5515480812150321
Q219H,-0.7373002331585603,0.613449694375434,test,1.3507499275339943
Q219I,-0.22816744537665729,0.119711500353854,test,0.34787894573051126
Q219K,-0.4043819184492445,0.102203038546074,test,0.5065849569953185
Q219L,-0.8561523359149685,0.0714758433420258,test,0.9276281792569944
Q219M,0.07519542423981745,0.684100751125948,test,0.6089053268861306
Q219N,-0.6891224038287191,0.232455308624207,test,0.9215777124529261
Q219P,-0.9442079868850293,0.0834301347421934,test,1.0276381216272226
Q219R,-0.2803449337278376,0.0965121590799803,test,0.3768570928078179
Q219S,-0.49592460757157214,0.572820378104369,test,1.0687449856759412
Q219T,-0.5662187263026386,0.273841238403471,test,0.8400599647061096
Q219V,-0.1586671447789864,0.108751938013562,test,0.26741908279254845
Q219W,-1.1424201175288236,0.0871975648794595,train,1.229617682408283
Q219Y,-0.6720169945167136,0.0419349050283893,test,0.7139518995451029
Q298A,1.1247427780256762,0.987873832221766,train,0.1368689458039103
Q298C,0.7257595860809483,0.971179678239793,test,0.24542009215884475
Q298D,0.9366416577830359,0.952394563699981,test,0.015752905916945115
Q298E,1.0883563973406227,0.956354249967381,test,0.13200214737324167
Q298F,0.6312832597519948,0.952159743653878,test,0.32087648390188317
Q298G,0.8457887404204252,0.96586693761147,test,0.12007819719104484
Q298H,0.9706231058798211,0.973729632280923,test,0.0031065264011018723
Q298I,0.9016522484123479,0.916450758973869,test,0.014798510561521039
Q298K,1.0497851399220623,0.915648582632346,test,0.1341365572897163
Q298L,0.884772628703467,0.966102493784528,test,0.08132986508106099
Q298M,0.7661965523699275,0.9732392227651,test,0.20704267039517255
Q298N,0.9700032327239905,0.999581127815936,test,0.029577895091945527
Q298P,0.805284204906294,0.331852683068714,test,0.47343152183758
Q298R,0.8196106106464116,1.02031978743089,test,0.20070917678447842
Q298S,1.2561248980933621,0.984440555411864,test,0.2716843426814981
Q298T,0.7987431579099509,0.973831115077259,test,0.17508795716730807
Q298V,1.104695435661264,0.935457814880091,test,0.16923762078117288
Q298W,0.12627871493895798,0.991165558742265,test,0.864886843803307
Q298Y,0.7527106799278238,0.995066553422609,test,0.24235587349478516
Q315A,1.1811723542446018,1.00886160082877,train,0.17231075341583169
Q315C,0.7754538688183068,0.961696596645397,test,0.18624272782709017
Q315D,0.3449437757527321,0.919394348044323,test,0.5744505722915909
Q315E,0.18401300139624338,0.975162599833993,test,0.7911495984377497
Q315F,0.45468228098494384,0.987628661112583,test,0.5329463801276391
Q315G,0.46924582278199983,1.0077660084963,test,0.5385201857143003
Q315H,-0.016950915539863887,0.960656335370558,test,0.9776072509104219
Q315I,0.9201857861249287,1.00099068154337,test,0.08080489541844127
Q315K,-0.20858055713666163,0.821797773834227,test,1.0303783309708887
Q315L,1.0307966419685997,0.985112506920494,test,0.045684135048105645
Q315M,1.0813400461375906,1.03979220253167,test,0.041547843605920676
Q315N,-0.22033272264415332,0.995068430943262,test,1.2154011535874154
Q315P,-0.22021767142152088,0.224269411416806,test,0.4444870828383269
Q315R,-0.21658609324982153,0.85827983992863,test,1.0748659331784516
Q315S,0.9661856590549718,0.977896834663766,test,0.0117111756087942
Q315T,0.5474815207916137,0.992839528810279,test,0.4453580080186653
Q315V,0.6294714555309717,0.981492485287593,test,0.3520210297566213
Q315W,-0.02669244098222906,1.08735052025235,test,1.114042961234579
Q315Y,0.34087820509801153,0.987784569468152,test,0.6469063643701405
Q345A,1.132796173393344,0.991338818847519,train,0.1414573545458251
Q345C,0.7342076645144724,0.981731153846592,test,0.24752348933211965
Q345D,0.7342076645144724,0.995453406391753,test,0.26124574187728056
Q345E,0.7342076645144724,0.98913031926993,test,0.2549226547554576
Q345F,0.7342076645144724,0.939657327210476,test,0.20544966269600362
Q345G,0.7342076645144724,0.994797732817279,test,0.2605900683028066
Q345H,0.7342076645144724,0.980319545942415,test,0.2461118814279426
Q345I,0.7342076645144724,0.960333965864721,test,0.22612630135024858
Q345K,0.7342076645144724,1.02167190960292,test,0.2874642450884477
Q345L,0.7342076645144724,0.978584202174861,test,0.24437653766038858
Q345M,0.7342076645144724,0.987253944807033,test,0.2530462802925606
Q345N,0.7342076645144724,1.00475876824967,test,0.27055110373519753
Q345P,0.7342076645144724,0.476520849041707,test,0.2576868154727654
Q345R,0.7342076645144724,0.996897458337925,test,0.2626897938234526
Q345S,0.7342076645144724,0.984583846765109,test,0.2503761822506366
Q345T,0.7342076645144724,0.964108047541633,test,0.22990038302716065
Q345V,0.7342076645144724,0.922154884783683,test,0.18794722026921062
Q345W,0.7342076645144724,0.941530464241269,test,0.20732279972679657
Q345Y,0.7342076645144724,0.970158995002418,test,0.2359513304879456
Q349A,1.1385839070802026,0.992067869943695,train,0.14651603713650763
Q349C,0.8105446590562311,0.998335826752494,test,0.18779116769626292
Q349D,1.698237131064217,0.99856245097039,test,0.699674680093827
Q349E,1.3044624578979205,0.989238350604318,test,0.3152241072936025
Q349F,0.701199476794053,1.00335930323723,test,0.30215982644317707
Q349G,0.9312696510662741,0.985517274981924,test,0.054247623915649856
Q349H,0.9812387832027278,1.01410951644243,test,0.03287073323970224
Q349I,1.009663219012535,1.00160400515132,test,0.008059213861214998
Q349K,0.8949173512512738,0.998722471768243,test,0.10380512051696922
Q349L,0.9983634506232351,0.994536818122863,test,0.0038266325003720736
Q349M,0.9142838732837868,0.978093555502884,test,0.06380968221909722
Q349N,0.9943560168046739,0.985155304278681,test,0.00920071252599286
Q349P,0.7934403036544788,1.00552249180957,test,0.21208218815509117
Q349R,0.934841263468809,0.997947610368369,test,0.06310634689955996
Q349S,0.9951396430440171,0.993121152838666,test,0.0020184902053511644
Q349T,0.96345994851609,0.979261575462591,test,0.015801626946501002
Q349V,1.028923472838902,0.967397807831575,test,0.061525665007327035
Q349W,0.035458292850026274,0.979756588140727,test,0.9442982952907006
Q349Y,0.692171001381042,0.993242798681278,test,0.3010717973002359
Q355A,0.8894085943608196,0.893961602837757,train,0.0045530084769374035
Q355C,0.2723360649646303,0.913245504409745,test,0.6409094394451147
Q355D,0.6677029874641871,0.881213368526827,test,0.21351038106263986
Q355E,0.6710203551178378,0.860175134488176,test,0.1891547793703382
Q355F,0.22884309386780016,0.700658818265709,test,0.4718157243979088
Q355G,0.727841591012302,0.88603563413511,test,0.15819404312280805
Q355H,0.09958410497082865,0.9376921434938,test,0.8381080385229713
Q355I,0.2833674487502514,0.752563293068758,test,0.46919584431850664
Q355K,0.625448508762906,0.11910596485186,test,0.506342543911046
Q355L,0.40402849621052545,0.159967209697356,test,0.24406128651316944
Q355M,0.6907088413443194,0.940927022737428,test,0.2502181813931086
Q355N,0.5369720891894421,0.907846556696424,test,0.37087446750698194
Q355P,0.27151638745133516,0.0386785888297675,test,0.23283779862156767
Q355R,0.7235010657334282,0.106587092119323,test,0.6169139736141052
Q355S,0.7628691152951124,0.918584170384417,test,0.1557150550893046
Q355T,0.5957604393021878,0.918390357729849,test,0.3226299184276612
Q355V,0.30611675285692647,0.835195537075942,test,0.5290787842190154
Q355W,0.006620422836279671,0.067596436087034,test,0.06097601325075433
Q355Y,0.2682317095505305,0.574756301856423,test,0.3065245923058925
Q3A,0.5811996576183542,0.771562727590067,train,0.19036306997171282
Q3C,0.4584094066269771,0.838694848012241,test,0.38028544138526393
Q3D,0.4584094066269771,0.745960658678343,test,0.28755125205136595
Q3E,0.4584094066269771,0.709652827551465,test,0.25124342092448787
Q3F,0.4584094066269771,0.823840131880837,test,0.36543072525385994
Q3G,0.4584094066269771,0.359753290004342,test,0.09865611662263513
Q3H,0.4584094066269771,0.942524733471013,test,0.48411532684403585
Q3I,0.4584094066269771,0.871337421721947,test,0.41292801509496985
Q3K,0.4584094066269771,0.898350032142509,test,0.43994062551553187
Q3L,0.4584094066269771,0.859894948121619,test,0.40148554149464194
Q3M,0.4584094066269771,0.885609830992595,test,0.42720042436561795
Q3N,0.4584094066269771,0.840381140216962,test,0.3819717335899849
Q3P,0.4584094066269771,0.687057494958587,test,0.22864808833160993
Q3R,0.4584094066269771,0.754892034291805,test,0.29648262766482786
Q3S,0.4584094066269771,0.820729877917027,test,0.3623204712900499
Q3T,0.4584094066269771,0.91944061934477,test,0.46103121271779285
Q3V,0.4584094066269771,0.515916820689631,test,0.05750741406265386
Q3W,0.4584094066269771,0.750151349157282,test,0.2917419425303049
Q3Y,0.4584094066269771,1.05215971750873,test,0.593750310881753
Q412A,1.0200989722205351,0.9457464686603,train,0.07435250356023515
Q412C,-0.07876444015343059,0.83391982974983,test,0.9126842699032607
Q412D,0.6558616793389236,0.796227823497931,test,0.1403661441590074
Q412E,0.954216257950816,0.849614642274412,test,0.10460161567640403
Q412F,-0.1370236464982168,0.927850443834709,test,1.064874090332926
Q412G,0.2971319010085259,0.726099598570322,test,0.42896769756179615
Q412H,0.3895162762644438,0.933085859515252,test,0.5435695832508083
Q412I,0.14987819220740223,0.813496776254338,test,0.6636185840469357
Q412K,0.3003297282991247,0.825242259760628,test,0.5249125314615033
Q412L,0.5374590680119562,0.982223625811376,test,0.4447645577994198
Q412M,-0.05955277697778433,0.963006495034335,test,1.0225592720121193
Q412N,0.40052294596241383,0.785674292384355,test,0.3851513464219412
Q412P,-0.3510101166703245,0.0554412154792028,test,0.4064513321495273
Q412R,0.45103897820710076,0.849057741480494,test,0.3980187632733932
Q412S,0.48484035700858913,0.800957517466114,test,0.31611716045752486
Q412T,0.4438141484199703,0.764590580579953,test,0.3207764321599827
Q412V,0.5522929968421666,0.72106865564472,test,0.1687756588025534
Q412W,-0.35111004654383476,0.793337027225199,test,1.1444470737690338
Q412Y,0.14393992993415156,0.920381914664727,test,0.7764419847305755
Q415A,1.1577486644521349,0.999616671340763,train,0.15813199311137183
Q415C,0.3000374074795174,1.00355216206181,test,0.7035147545822926
Q415D,1.4008368997017966,0.971808251873778,test,0.42902864782801864
Q415E,1.6250178870639926,1.01537328302268,test,0.6096446040413126
Q415F,0.4280660119776139,0.958794005705049,test,0.5307279937274352
Q415G,0.6301708147798246,0.910555643883426,test,0.2803848291036014
Q415H,0.7546449086705822,0.935515337506379,test,0.18087042883579685
Q415I,0.6065482490435707,0.965322984722563,test,0.3587747356789922
Q415K,1.2058388012358963,1.00614345058915,test,0.19969535064674626
Q415L,0.6927575781348141,0.98002675551421,test,0.28726917737939595
Q415M,0.843698797999779,1.00264896878151,test,0.15895017078173113
Q415N,1.008898894898139,0.974311213750863,test,0.03458768114727595
Q415P,0.09979979225493013,0.095149725682829,test,0.004650066572101125
Q415R,0.8253281295581063,0.961030904244602,test,0.13570277468649572
Q415S,0.9212891604680751,0.960351985202399,test,0.039062824734323875
Q415T,0.8118141491787094,0.985242554009344,test,0.1734284048306346
Q415V,0.6912985988780393,0.945717898123385,test,0.2544192992453457
Q415W,0.30375335321438174,0.960426679977174,test,0.6566733267627922
Q415Y,0.6607150253243761,0.969644261691537,test,0.30892923636716085
Q446A,1.1295901179085757,0.990061409867127,train,0.13952870804144868
Q446C,0.7326046367720895,1.01097475830897,test,0.27837012153688057
Q446D,0.7326046367720895,0.981857244820339,test,0.24925260804824945
Q446E,0.7326046367720895,0.982345088172201,test,0.24974045140011147
Q446F,0.7326046367720895,0.990292367152396,test,0.25768773038030646
Q446G,0.7326046367720895,0.987577701396593,test,0.2549730646245034
Q446H,0.7326046367720895,1.00202208443007,test,0.2694174476579805
Q446I,0.7326046367720895,1.03252978697621,test,0.29992515020412047
Q446K,0.7326046367720895,1.01438579032556,test,0.28178115355347044
Q446L,0.7326046367720895,1.00957111891134,test,0.27696648213925057
Q446M,0.7326046367720895,1.02062005429052,test,0.2880154175184304
Q446N,0.7326046367720895,1.00560228383435,test,0.2729976470622604
Q446P,0.7326046367720895,0.892542665905444,test,0.15993802913335442
Q446R,0.7326046367720895,1.02574696940079,test,0.2931423326287004
Q446S,0.7326046367720895,0.972378369507277,test,0.23977373273518743
Q446T,0.7326046367720895,0.989746883524964,test,0.25714224675287445
Q446V,0.7326046367720895,1.00828512690107,test,0.27568049012898044
Q446W,0.7326046367720895,0.989343760767221,test,0.25673912399513144
Q446Y,0.7326046367720895,0.987444752363646,test,0.2548401155915565
R133A,1.1179776091528097,0.983131235812902,train,0.1348463733399078
R133C,0.9902797395573764,0.946599020343975,test,0.04368071921340133
R133D,0.8101810651635333,0.739698667721679,test,0.07048239744185425
R133E,1.092731002394217,0.932611024465293,test,0.16011997792892396
R133F,1.0039084793404918,0.905297582812539,test,0.09861089652795274
R133G,1.134726942039503,0.927825009692343,test,0.20690193234715992
R133H,0.7988961551846039,0.95631904978813,test,0.1574228946035261
R133I,1.7271284943474736,0.945349704280746,test,0.7817787900667276
R133K,1.0777996696267245,0.991269966453981,test,0.08652970317274344
R133L,2.190668186874733,0.964105155433189,test,1.226563031441544
R133M,1.5741235009608783,0.967656108465318,test,0.6064673924955603
R133N,0.8106259633546706,0.941020144882019,test,0.13039418152734839
R133P,0.7150046329352548,0.781921979694817,test,0.06691734675956218
R133Q,1.165927833286041,0.950935482972132,test,0.21499235031390895
R133S,1.1310090050823831,0.953290242174873,test,0.1777187629075101
R133T,1.2925969752421906,0.964141935625958,test,0.3284550396162327
R133V,1.689141908404702,0.913022121786324,test,0.7761197866183779
R133W,0.5715743661284414,0.950331328199358,test,0.3787569620709166
R133Y,0.9651146438355092,0.939381322999487,test,0.0257333208360222
R152A,0.9598824261327579,0.922443700022807,train,0.037438726109950915
R152C,0.6477507908841815,0.8255945660982,test,0.1778437752140185
R152D,0.6477507908841815,0.841125587560359,test,0.19337479667617752
R152E,0.6477507908841815,0.903036223036625,test,0.2552854321524435
R152F,0.6477507908841815,0.856648563645633,test,0.2088977727614515
R152G,0.6477507908841815,0.905051991104666,test,0.2573012002204845
R152H,0.6477507908841815,0.935255046692324,test,0.28750425580814243
R152I,0.6477507908841815,0.854545142564487,test,0.20679435168030547
R152K,0.6477507908841815,0.945883553819904,test,0.29813276293572244
R152L,0.6477507908841815,0.872533973488152,test,0.22478318260397046
R152M,0.6477507908841815,0.857995945677325,test,0.21024515479314343
R152N,0.6477507908841815,0.873311232189719,test,0.22556044130553743
R152P,0.6477507908841815,0.632860478165977,test,0.014890312718204513
R152Q,0.6477507908841815,0.919426491682879,test,0.2716757007986975
R152S,0.6477507908841815,0.921889775245791,test,0.27413898436160944
R152T,0.6477507908841815,0.896280125505376,test,0.24852933462119442
R152V,0.6477507908841815,0.895455140262362,test,0.24770434937818042
R152W,0.6477507908841815,0.86689600135571,test,0.21914521047152846
R152Y,0.6477507908841815,0.896797363658354,test,0.24904657277417253
R172A,0.9548491915789263,0.920561982296743,train,0.03428720928218332
R172C,-0.0076286540864013985,0.943907094225068,test,0.9515357483114695
R172D,0.7405368715318303,0.723293301206641,test,0.017243570325189306
R172E,0.5205597224613605,0.843178147040822,test,0.32261842457946144
R172F,0.10147690001981685,0.882575857267844,test,0.7810989572480271
R172G,0.5799029276572689,0.917667802367768,test,0.3377648747104991
R172H,0.35747876816711616,0.980183861855997,test,0.6227050936888809
R172I,0.32016941223654,0.936910219095661,test,0.6167408068591209
R172K,0.8212920613994683,0.97293258750436,test,0.15164052610489165
R172L,0.48856313134514556,0.927194996364794,test,0.4386318650196484
R172M,-0.0196697606200526,0.948567425600355,test,0.9682371862204076
R172N,0.7129456612623848,0.911483056439258,test,0.1985373951768732
R172P,0.9142983900447028,0.416453898125936,test,0.49784449191876684
R172Q,1.1166059798350467,0.984777008981721,test,0.13182897085332568
R172S,0.8380284107382607,0.930123390503856,test,0.09209497976559522
R172T,0.8690023731240899,0.94878457293523,test,0.0797821998111401
R172V,0.43016199281611384,0.960042060323029,test,0.5298800675069151
R172W,0.16638915578717045,0.934235923114781,test,0.7678467673276106
R172Y,0.4385710670699084,0.849707905280847,test,0.41113683821093866
R205A,1.1291086833943105,0.988409799634686,train,0.14069888375962447
R205C,0.13070011663960385,0.982081211606989,test,0.8513810949673852
R205D,0.7800819023980026,0.964877368189705,test,0.18479546579170247
R205E,1.0605754967131382,0.988049828411026,test,0.07252566830211227
R205F,0.5687088328754761,0.945984362281712,test,0.3772755294062359
R205G,0.720631798158454,1.00001486189127,test,0.2793830637328161
R205H,0.5802035746614358,0.984241936750792,test,0.4040383620893562
R205I,0.6076022051389778,0.932760655642333,test,0.32515845050335523
R205K,1.6203908966303704,0.99839821877571,test,0.6219926778546604
R205L,0.6784501886224099,0.937699864563601,test,0.2592496759411911
R205M,0.5767247755441609,0.983027375265887,test,0.4063025997217261
R205N,1.205662132408122,0.962440215430101,test,0.24322191697802098
R205P,0.7157029015106815,0.937583367828522,test,0.22188046631784053
R205Q,1.1256637919161,0.999030001644134,test,0.12663379027196608
R205S,0.8616248934120314,0.970354295308158,test,0.10872940189612657
R205T,0.8566341188699944,0.939859741766308,test,0.08322562289631363
R205V,0.8101089141373556,0.95824114773571,test,0.14813223359835437
R205W,0.2930719710204653,0.959033193712895,test,0.6659612226924296
R205Y,0.8705426330308335,0.931591674618742,test,0.06104904158790858
R216A,1.1044891961058596,0.978464518567186,train,0.12602467753867364
R216C,0.9546458224428598,0.921622744230378,train,0.03302307821248174
R216D,1.495477439504791,0.815980968252164,test,0.6794964712526269
R216E,1.4972138387598246,0.855153787981539,test,0.6420600507782857
R216F,0.5430651421635275,0.612492901923741,test,0.06942775976021343
R216G,0.8626600161392481,0.757934077444085,test,0.10472593869516311
R216H,1.1551098545827578,0.814138275028,test,0.3409715795547579
R216I,0.7838446883966945,0.758845915380167,test,0.02499877301652753
R216K,1.7657103129620229,1.00474056780437,test,0.7609697451576529
R216L,0.9403419187950846,0.791805405133403,test,0.14853651366168152
R216M,0.7620161425726835,0.903152468273281,test,0.14113632570059753
R216N,1.2039105705189783,0.929267502617239,test,0.2746430679017393
R216P,0.5152694248123453,0.0158843330644226,test,0.49938509174792267
R216Q,1.0476535329482992,0.933461675678544,test,0.11419185726975523
R216S,0.9443942422936402,0.931236939123621,test,0.013157303170019174
R216T,0.9089856848412659,0.81299667648083,test,0.09598900836043589
R216V,0.8055479495079716,0.839750715573061,test,0.03420276606508943
R216W,-0.1452245381112824,0.481923005065817,train,0.6271475431770994
R216Y,0.7960333363309999,0.372401571950987,test,0.42363176438001293
R217A,1.0420375761021354,0.952177960185724,train,0.08985961591641145
R217C,0.7489470094065052,0.839854357251561,train,0.09090734784505583
R217D,0.8531582473039911,0.572409857687244,test,0.2807483896167472
R217E,1.2021378505846307,0.787975429728194,test,0.41416242085643673
R217F,0.2631647653425642,0.645781593567204,train,0.38261682822463977
R217G,0.6578232339896708,0.727039345951372,test,0.06921611196170119
R217H,0.6766919155294744,0.80887073013578,train,0.13217881460630565
R217I,0.7616885461003875,0.682963218698318,test,0.0787253274020695
R217K,1.2661458662266938,0.982441473375686,test,0.2837043928510078
R217L,0.754572541922073,0.848031608328077,test,0.09345906640600399
R217M,0.838903268876436,0.94602263201957,test,0.10711936314313408
R217N,0.9498502054923108,0.676478514967878,test,0.2733716905244328
R217P,0.4410628881979513,0.121924588967637,test,0.31913829923031434
R217Q,1.3422764569580536,0.933017426092711,test,0.40925903086534265
R217S,1.0966177054066968,0.881208231150231,test,0.21540947425646584
R217T,0.8834547880771737,0.718073040813713,test,0.16538174726346067
R217V,0.562000569857549,0.693907592910832,test,0.13190702305328306
R217W,0.6029602409572199,0.780290097507355,train,0.1773298565501351
R217Y,0.4184119840591816,0.706596797704948,train,0.28818481364576637
R243A,-0.9652766694656045,0.155073413814046,train,1.1203500832796505
R243C,-0.665998684291937,0.205083869995204,test,0.871082554287141
R243D,-0.36782768197486065,0.271514626403625,test,0.6393423083784857
R243E,-0.6769973602207351,0.273986200289057,test,0.950983560509792
R243F,-0.34578133061833677,0.0764389388816207,test,0.4222202694999575
R243G,-0.29990935842610783,0.0550739358817926,test,0.35498329430790043
R243H,-0.1314102278175397,0.0600350571473296,test,0.1914452849648693
R243I,-0.2034950875098404,0.460909687397388,train,0.6644047749072284
R243K,-0.10481502825561856,0.911279259248749,test,1.0160942875043675
R243L,-0.1650436006089286,0.0664848128600436,test,0.23152841346897218
R243M,-0.4049932675206715,0.146937721152895,test,0.5519309886735665
R243N,0.11859343642598402,0.112365409618039,test,0.006228026807945028
R243P,-0.773266867859725,0.0713055115862691,test,0.8445723794459941
R243Q,-0.16289565026249514,0.198530515188648,test,0.36142616545114314
R243S,-0.4166337282399883,0.0664808691695355,test,0.4831145974095238
R243T,-0.2870510470810678,0.189383766561859,test,0.47643481364292684
R243V,-0.3035746212074492,0.12278980967838,test,0.4263644308858292
R243W,-0.6800238829130159,0.108991263990613,test,0.7890151469036288
R243Y,-0.2260940298498681,0.0800962939241145,test,0.3061903237739826
R276A,1.078298645391385,0.969411848549068,train,0.10888679684231695
R276C,0.7787323993438342,0.988265214455978,test,0.20953281511214383
R276D,-0.17988341805842184,0.209544543505417,test,0.38942796156383885
R276E,-0.1826061676080481,0.82505476676074,test,1.0076609343687881
R276F,0.24013732804043292,0.926184898425194,test,0.686047570384761
R276G,0.5295545188273607,0.95845145627298,test,0.4288969374456193
R276H,0.1811515296738851,0.957515189891099,test,0.7763636602172139
R276I,0.6025075828641278,0.940160187332442,test,0.33765260446831424
R276K,0.4520615439165568,0.970248121092357,test,0.5181865771758003
R276L,0.49185478031480306,0.965049304732244,test,0.473194524417441
R276M,0.3459014413724422,0.994311516751926,test,0.6484100753794837
R276N,0.4940677707173116,0.937403377261576,test,0.44333560654426435
R276P,0.13943120027545147,0.0982364071862385,test,0.04119479308921298
R276Q,0.5360083126154791,0.965813688190995,test,0.4298053755755159
R276S,0.8120389886187311,0.965883620974189,test,0.15384463235545787
R276T,0.8200398032570675,0.955520555599603,test,0.13548075234253554
R276V,0.7109126955008165,0.94196572940264,test,0.23105303390182352
R276W,-0.1826061676080481,0.881934996432874,test,1.0645411640409221
R276Y,0.22635510336320414,0.933429772909046,test,0.7070746695458419
R277A,1.094060848469315,0.975907674867128,train,0.11815317360218702
R277C,-0.005536584618324569,0.937501394060632,test,0.9430379786789567
R277D,0.684180683199564,0.963631702947464,test,0.2794510197479
R277E,0.6239144810776835,0.956615911188458,test,0.33270143011077447
R277F,-0.026134919755454733,0.870391930465661,test,0.8965268502211157
R277G,0.5519260940698913,0.925293653922457,test,0.37336755985256564
R277H,0.6948922722514652,0.966828439841525,test,0.2719361675900598
R277I,0.27560005659335124,0.93259296280299,test,0.6569929062096387
R277K,0.7457057479271079,1.00624197770321,test,0.26053622977610225
R277L,0.4065888572674759,0.959375180800989,test,0.5527863235335131
R277M,0.13693157096760272,0.967467142896889,test,0.8305355719292862
R277N,0.5431209842664231,0.990774194655191,test,0.44765321038876793
R277P,-0.3900908258738695,0.618485477373206,test,1.0085763032470756
R277Q,0.6155160082127225,0.986883365005543,test,0.3713673567928205
R277S,0.4712433918907771,0.985787314773683,test,0.5145439228829058
R277T,0.4318536054840206,0.970650124560299,test,0.5387965190762785
R277V,0.17261044282168753,0.923051195976144,test,0.7504407531544566
R277W,-0.39014823704217066,0.864710005864447,test,1.2548582429066177
R277Y,0.03100238511679626,0.880519224933255,test,0.8495168398164588
R278A,1.0985220222640653,0.97601382776341,train,0.12250819450065531
R278C,0.38199925728629053,0.992799009555152,test,0.6107997522688615
R278D,0.7723843059361624,1.00991581407701,test,0.23753150814084756
R278E,1.150434549990008,0.998450090458395,test,0.151984459531613
R278F,0.856956234799588,0.988282891688135,test,0.13132665688854694
R278G,0.7277165098302536,0.926181701180545,test,0.1984651913502914
R278H,1.185849123567282,1.007706541901,test,0.17814258166628183
R278I,0.7993504321209226,0.98002081706424,test,0.18067038494331744
R278K,1.0044459712199316,0.883683070527857,test,0.12076290069207463
R278L,0.9618373017319808,0.961676675730103,test,0.00016062600187782827
R278M,0.93212761913672,0.99767525682549,test,0.06554763768876992
R278N,1.5309856030257691,0.996080271946308,test,0.5349053310794611
R278P,0.19344006316274692,0.181563647618404,test,0.011876415544342933
R278Q,1.3199270397196319,1.01471250727411,test,0.30521453244552177
R278S,0.9920823612523417,0.972453691815516,test,0.01962866943682573
R278T,1.100856506275223,1.00131681416558,test,0.09953969210964297
R278V,0.7806574850363983,1.02602752176195,test,0.24537003672555158
R278W,0.9178216215388719,0.953006850726125,test,0.035185229187253086
R278Y,1.4051228185797804,0.967246953991152,test,0.43787586458862837
R288A,-1.1966208866713992,0.0644709638272601,train,1.2610918504986592
R288C,-0.7013931062018521,0.0486338614237304,test,0.7500269676255825
R288D,-1.2124580492059036,0.0609966443588564,train,1.27345469356476
R288E,-1.2067829995530834,0.0632690397961302,train,1.2700520393492136
R288F,-0.6193742167330996,0.152854410609444,test,0.7722286273425436
R288G,-0.7432002459075839,0.0933355904696929,test,0.8365358363772768
R288H,-1.1299415567189297,0.0939623274364183,train,1.223903884155348
R288I,-0.9144400302552236,0.144355308487941,test,1.0587953387431646
R288K,-0.18610846546852317,0.469277554725843,train,0.6553860201943662
R288L,-1.1070531260459378,0.100687441381018,train,1.2077405674269557
R288M,-0.7593378315465067,0.104758307883897,test,0.8640961394304036
R288N,-1.0102026733114444,0.138960734742552,train,1.1491634080539965
R288P,-1.1680656945552301,0.0756529838733293,train,1.2437186784285594
R288Q,-1.0441087091295302,0.126876815275816,train,1.1709855244053462
R288S,-0.6554805076013519,0.0642942342595382,test,0.7197747418608901
R288T,-0.6917439948950985,0.102107819103038,test,0.7938518139981365
R288V,-1.2319750726269936,0.0503075142614398,train,1.2822825868884333
R288W,-1.2483905013453396,0.0553450375077767,test,1.3037355388531162
R288Y,-0.9995453672823684,0.143373376353711,train,1.1429187436360795
R301A,0.07721819187909068,0.571099784253047,train,0.4938815923739563
R301C,-0.005385267869938148,0.6673676756396,test,0.6727529435095381
R301D,-0.018640698201634665,0.0798595180740767,test,0.09850021627571136
R301E,0.050068618397570985,0.052072184352176,test,0.002003565954605012
R301F,0.5380518052887009,0.0826595895910589,test,0.455392215697642
R301G,0.14026020880110052,0.561634751896348,test,0.4213745430952475
R301H,0.49175740172873544,0.297950853610291,test,0.19380654811844444
R301I,0.45976838346416044,0.123309201940585,test,0.33645918152357546
R301K,-0.4436850989026854,0.926488012060775,test,1.3701731109634605
R301L,0.23456447878552217,0.443776434262838,test,0.20921195547731586
R301M,0.5310922097972384,0.653872543186205,test,0.12278033338896666
R301N,0.23346698837450225,0.115918938178016,test,0.11754805019648625
R301P,-0.19618635949468016,0.0538765248724585,test,0.25006288436713864
R301Q,0.30441300146013367,0.884118741039544,test,0.5797057395794103
R301S,0.23043133416412692,0.866532272705959,test,0.6361009385418321
R301T,0.23562355319798917,0.848735070570817,test,0.6131115173728279
R301V,0.18927354520380396,0.144620049426532,test,0.044653495777271957
R301W,0.23502277478379702,0.0756528837541545,test,0.1593698910296425
R301Y,0.37487853039606917,0.170443463804328,test,0.20443506659174115
R313A,-1.1077295779699008,0.0986335738669434,train,1.2063631518368443
R313C,-0.7521948564779741,0.0532133053229173,test,0.8054081618008915
R313D,-1.0158399561359652,0.0768835172590247,test,1.09272347339499
R313E,-0.6937023549217756,0.127105324976356,test,0.8208076798981315
R313F,-1.015749681502824,0.0536186018114256,test,1.0693682833142495
R313G,-0.4449229408453074,0.0492227496544297,test,0.4941456904997371
R313H,-0.8042779237380682,0.0939591935219043,test,0.8982371172599725
R313I,-1.0158399561359652,0.0737339229092424,test,1.0895738790452076
R313K,-0.34241277196869463,0.896240921005721,test,1.2386536929744156
R313L,-0.6366840250942527,0.0774591630031509,test,0.7141431880974036
R313M,-1.0158399561359652,0.0780040330974032,test,1.0938439892333685
R313N,-1.0151196744287767,0.0972541514463555,test,1.1123738258751321
R313P,-0.6185917275408279,0.115424463716145,test,0.7340161912569729
R313Q,-0.19350617864894376,0.0848337479460916,test,0.27833992659503537
R313S,-0.530309483926823,0.0509200093589383,test,0.5812294932857612
R313T,-0.7691682366982011,0.141909593487662,test,0.9110778301858631
R313V,-0.7396588651563132,0.0877779366225542,test,0.8274368017788674
R313W,-0.8383474188163884,0.131398543846348,test,0.9697459626627364
R313Y,-1.0158399561359652,0.125321920701131,test,1.1411618768370961
R337A,1.0261526073878464,0.947991309638674,train,0.07816129774917246
R337C,0.6749520810354337,0.963360580288428,test,0.2884084992529943
R337D,0.941098371152064,0.895896050618565,test,0.04520232053349893
R337E,0.7766917637136554,0.759359587772839,test,0.017332175940816485
R337F,0.766350125178354,0.750101711143931,test,0.01624841403442301
R337G,0.748347019036613,0.830034268773214,test,0.08168724973660091
R337H,0.5617188798830224,0.923299259342743,test,0.36158037945972066
R337I,0.9160444155466205,0.913216500549979,test,0.0028279149966414785
R337K,1.5891055536222716,1.00733402877651,test,0.5817715248457616
R337L,0.859890581789605,0.833196580511423,test,0.026694001278182
R337M,0.5667235498761247,0.862510563699575,test,0.2957870138234503
R337N,0.6127128218483815,0.979864541523411,test,0.36715171967502946
R337P,0.5175563733964612,0.698804231270481,test,0.18124785787401976
R337Q,0.6113756442279392,0.894769840100126,test,0.2833941958721867
R337S,0.761601641370449,0.974032095230467,test,0.21243045386001802
R337T,1.1011945550574271,0.942097457661875,test,0.1590970973955521
R337V,0.9780660049810113,0.938202387343539,test,0.03986361763747226
R337W,0.13405930110951486,0.878772529112652,test,0.7447132280031372
R337Y,0.723822659152054,0.900558262072748,test,0.176735602920694
R354A,1.1112358898894286,0.981340200554561,train,0.12989568933486761
R354C,0.6520275089836058,0.99550828228531,test,0.3434807733017041
R354D,1.122631683486878,0.992624743841937,test,0.13000693964494092
R354E,1.2674293913026364,0.985189403373608,test,0.2822399879290284
R354F,1.065742274039172,0.933099977680528,test,0.132642296358644
R354G,1.0717913602557712,0.997428628817906,test,0.0743627314378652
R354H,1.7208184060734482,1.00258757847393,test,0.7182308275995182
R354I,0.9366897618938292,0.930630784570824,test,0.006058977323005199
R354K,1.3334629883967697,0.969349456507533,test,0.3641135318892367
R354L,1.1667664803237,0.958795503221279,test,0.20797097710242085
R354M,0.9105257799489781,0.991259606286208,test,0.08073382633722992
R354N,1.1287455946670253,0.98691819823342,test,0.1418273964336053
R354P,1.010819815442881,0.995131257624713,test,0.015688557818167914
R354Q,1.2108333577095731,1.0128168302328,test,0.19801652747677312
R354S,1.0168710765078135,0.986746264357222,test,0.030124812150591485
R354T,1.328186642108525,1.01484180523748,test,0.3133448368710452
R354V,1.116818003966097,0.988311654825301,test,0.12850634914079606
R354W,0.5990407901930883,0.951416272176731,test,0.35237548198364266
R354Y,1.4553359339373166,0.99986323797744,test,0.4554726959598766
R375A,0.7150245593440694,0.82510539280903,train,0.11008083346496056
R375C,0.1921643968865699,0.805347758853601,test,0.613183361967031
R375D,0.4639572482554684,0.240277469389215,test,0.22367977886625343
R375E,0.37051253561896763,0.262932195913443,test,0.10758033970552461
R375F,0.13297926939202936,0.727582360029103,test,0.5946030906370736
R375G,0.36892237945060563,0.735598161739874,test,0.3666757822892684
R375H,0.7255814469867374,0.678856892985151,test,0.04672455400158648
R375I,0.580433546777563,0.839874934719147,test,0.259441387941584
R375K,0.5070104689416048,0.908663005028284,test,0.40165253608667917
R375L,0.8069748094698745,0.815582564378439,test,0.008607754908564469
R375M,0.6618929474064181,0.687397645678842,test,0.025504698272423854
R375N,0.6806719985275045,0.857791802013271,test,0.1771198034857665
R375P,-0.3556619428526346,0.810853362263089,test,1.1665153051157235
R375Q,0.5426299431466504,0.807098627258383,test,0.26446868411173263
R375S,0.6186540365703053,0.813401709179181,test,0.1947476726088757
R375T,0.6827161596198827,0.810103858914636,test,0.12738769929475324
R375V,0.706204184768211,0.829707669331518,test,0.12350348456330695
R375W,-0.36779262227469006,0.71849959157319,test,1.08629221384788
R375Y,0.13709018383490174,0.705940138052572,test,0.5688499542176704
R408A,1.3893669139297664,,,
R408C,0.8236636284338168,0.978036435938933,test,0.15437280750511617
R408D,0.9265550645385865,0.914710955408322,test,0.011844109130264457
R408E,1.1667925237358645,0.969742155520928,test,0.1970503682149365
R408F,0.5477142586969528,0.967360037281019,test,0.41964577858406626
R408G,0.8224798372132192,0.847337310765819,test,0.024857473552599818
R408H,1.0909713308812634,0.953957924246362,test,0.13701340663490136
R408I,1.529345583064467,1.0039539027429,test,0.525391680321567
R408K,1.6564992345040128,0.968589334984952,test,0.6879098995190608
R408L,1.4701412976798789,1.01286066886914,test,0.45728062881073894
R408M,1.2298505955401282,1.00721963973424,test,0.22263095580588832
R408N,0.9032714171578533,1.00048727250179,test,0.09721585534393662
R408P,0.250633445929994,,,
R408Q,1.1331340353364112,0.999420901370379,test,0.13371313396603224
R408S,0.9700517885473197,0.942260276889731,test,0.02779151165758864
R408T,1.534215386382483,0.982528677391892,test,0.551686708990591
R408V,1.2349731095102676,1.00184166538721,test,0.23313144412305764
R408W,0.6608526449967158,,,
R408Y,0.5975458305447532,0.957020012504134,test,0.35947418195938086
R411A,1.062056940409473,0.963150895088216,train,0.09890604532125702
R411C,0.6340007239012468,0.896153271133324,test,0.26215254723207715
R411D,0.39071309778303315,0.749727095995046,test,0.3590139982120128
R411E,0.5053877181939139,0.787056946240729,test,0.28166922804681505
R411F,0.7064826697960473,0.920898229702196,test,0.2144155599061487
R411G,0.33517405298085917,0.917118754615735,test,0.5819447016348758
R411H,0.7540467328303837,0.909830803468227,test,0.15578407063784327
R411I,0.6733196108126602,0.927877568584642,test,0.25455795777198176
R411K,0.8868228536510845,0.977450894839885,test,0.09062804118880052
R411L,0.8942074038602268,0.96887640587391,test,0.0746690020136832
R411M,0.8320613573236084,0.891477488518537,test,0.05941613119492861
R411N,0.512807663192218,0.880917149643056,test,0.36810948645083796
R411P,-0.1162634874705048,0.107426488386332,test,0.2236899758568368
R411Q,0.8109340256211173,0.912736544740715,test,0.1018025191195977
R411S,0.7133559287010183,0.912432045285382,test,0.19907611658436375
R411T,0.6566553413917955,0.925125299497127,test,0.2684699581053315
R411V,0.969417639769043,0.930158819830514,test,0.03925881993852909
R411W,-0.06161703913280542,0.806122352621506,test,0.8677393917543115
R411Y,0.6593656244116222,0.902353847317709,test,0.2429882229060868
R418A,0.9966414872328784,0.935410320934917,train,0.061231166297961326
R418C,0.7337696940410918,0.993911114976922,test,0.26014142093583015
R418D,0.684866539321499,0.937790207006833,test,0.25292366768533403
R418E,1.298587710442865,0.921631976145442,test,0.3769557342974229
R418F,0.8234582785130069,0.95801450879968,test,0.13455623028667307
R418G,0.755056874617642,0.928489532133508,test,0.173432657515866
R418H,0.7941193503372563,0.970629374895543,test,0.17651002455828668
R418I,0.9521465534560409,0.904544560214218,test,0.047601993241822904
R418K,1.4941466682630349,0.980269482515523,test,0.5138771857475118
R418L,1.1307910491650812,0.923863241119565,test,0.20692780804551625
R418M,1.1583917506614565,0.966992313572605,test,0.19139943708885154
R418N,0.6755270504670587,0.969712782491213,test,0.2941857320241542
R418P,0.23251485069533478,0.247656990658669,test,0.015142139963334217
R418Q,1.409404334396669,0.968536495241748,test,0.4408678391549209
R418S,1.045004759002511,1.0274329678207,test,0.01757179118181118
R418T,0.9489278421471301,0.939863336247349,test,0.009064505899781139
R418V,1.3362392412900856,0.970722997640321,test,0.36551624364976465
R418W,0.027989729636409832,0.856558508370855,test,0.8285687787344451
R418Y,0.7440441254308379,0.918381502685625,test,0.17433737725478715
R428A,1.1182948193791873,0.983517346537094,train,0.1347774728420933
R428C,0.10205770051878998,0.97829689834831,test,0.8762391978295201
R428D,0.94739904357413,0.858995161138835,test,0.08840388243529496
R428E,1.0880688329995216,0.938357873330076,test,0.1497109596694456
R428F,0.14817149446586525,0.914290826539167,test,0.7661193320733017
R428G,1.1278556905466992,0.938698592469342,test,0.18915709807735726
R428H,0.7864321649248893,0.955094518000248,test,0.1686623530753587
R428I,0.8513282337946002,0.983606519087065,test,0.13227828529246477
R428K,1.6839518659690125,1.02175076373565,test,0.6622011022333625
R428L,0.9516218380258401,0.985407487684949,test,0.03378564965910891
R428M,0.8887445980392599,0.98686028075784,test,0.09811568271858018
R428N,0.954245226899701,0.977930097069087,test,0.02368487016938592
R428P,0.5505460683936292,0.791229933666393,test,0.24068386527276386
R428Q,1.3297300186944447,0.991059904343097,test,0.33867011435134775
R428S,1.1403098607161617,0.958265965023861,test,0.18204389569230073
R428T,1.0005216458799282,0.978841067703131,test,0.02168057817679725
R428V,1.0195922825013675,0.977421113159658,test,0.0421711693417095
R428W,0.3805423347750186,0.876942563175454,test,0.49640022840043546
R428Y,0.4630221651472866,0.952848461292746,test,0.4898262961454594
R435A,0.8414812909813598,0.875268386292894,train,0.03378709531153423
R435C,0.5885502233084825,0.780215410618497,test,0.19166518731001447
R435D,0.5885502233084825,0.699957845737143,test,0.11140762242866054
R435E,0.5885502233084825,0.704219537340668,test,0.1156693140321855
R435F,0.5885502233084825,0.698197438845449,test,0.10964721553696655
R435G,0.5885502233084825,0.857359578186046,test,0.2688093548775635
R435H,0.5885502233084825,0.876387569559874,test,0.28783734625139146
R435I,0.5885502233084825,0.745217869264441,test,0.1566676459559585
R435K,0.5885502233084825,0.941491957512906,test,0.35294173420442354
R435L,0.5885502233084825,0.79826989170169,test,0.20971966839320755
R435M,0.5885502233084825,0.863685402077555,test,0.27513517876907245
R435N,0.5885502233084825,0.798991180517207,test,0.21044095720872447
R435P,0.5885502233084825,0.0325528341025509,test,0.5559973892059316
R435Q,0.5885502233084825,0.91776874364518,test,0.3292185203366975
R435S,0.5885502233084825,0.857533119446574,test,0.26898289613809145
R435T,0.5885502233084825,0.799783352497046,test,0.21123312918856352
R435V,0.5885502233084825,0.827558606097536,test,0.23900838278905345
R435W,0.5885502233084825,0.737473758616967,test,0.14892353530848446
R435Y,0.5885502233084825,0.755998659369723,test,0.1674484360612405
R452A,1.065675970438928,0.964595691529153,train,0.101080278909775
R452C,0.7006475630372648,0.936833934606937,test,0.23618637156967215
R452D,0.7006475630372648,0.903580545979038,test,0.2029329829417732
R452E,0.7006475630372648,0.927973983579622,test,0.2273264205423572
R452F,0.7006475630372648,0.881203785154493,test,0.18055622211722822
R452G,0.7006475630372648,0.92758297422611,test,0.2269354111888452
R452H,0.7006475630372648,0.955880928951753,test,0.2552333659144882
R452I,0.7006475630372648,0.894431706292243,test,0.19378414325497817
R452K,0.7006475630372648,0.962298496235786,test,0.2616509331985212
R452L,0.7006475630372648,0.874627877899697,test,0.17398031486243215
R452M,0.7006475630372648,0.916917326945827,test,0.21626976390856212
R452N,0.7006475630372648,0.907648284150873,test,0.20700072111360812
R452P,0.7006475630372648,0.920487429539181,test,0.21983986650191611
R452Q,0.7006475630372648,0.974863857491204,test,0.27421629445393914
R452S,0.7006475630372648,0.919833945355644,test,0.21918638231837917
R452T,0.7006475630372648,0.944643131936016,test,0.24399556889875118
R452V,0.7006475630372648,0.93048134980506,test,0.2298337867677952
R452W,0.7006475630372648,0.911391781845832,test,0.2107442188085672
R452Y,0.7006475630372648,0.901542930409417,test,0.2008953673721522
R461A,1.1574121985106096,1.00114673754866,train,0.1562654609619496
R461C,0.7465156770731065,0.985717816811391,test,0.23920213973828452
R461D,0.7465156770731065,0.990324736963754,test,0.2438090598906475
R461E,0.7465156770731065,0.962682045279383,test,0.21616636820627644
R461F,0.7465156770731065,0.989891725950223,test,0.2433760488771165
R461G,0.7465156770731065,1.00748660853641,test,0.2609709314633035
R461H,0.7465156770731065,1.00114517690892,test,0.2546294998358134
R461I,0.7465156770731065,0.984242174824376,test,0.23772649775126953
R461K,0.7465156770731065,1.00609245474575,test,0.2595767776726434
R461L,0.7465156770731065,0.98861410595335,test,0.24209842888024347
R461M,0.7465156770731065,0.985921617116657,test,0.23940594004355054
R461N,0.7465156770731065,1.01308672180605,test,0.26657104473294346
R461P,0.7465156770731065,1.01784950544676,test,0.2713338283736535
R461Q,0.7465156770731065,0.980853868439764,test,0.23433819136665746
R461S,0.7465156770731065,1.00207111180627,test,0.25555543473316344
R461T,0.7465156770731065,1.0039463206525,test,0.2574306435793934
R461V,0.7465156770731065,1.02710903348567,test,0.28059335641256355
R461W,0.7465156770731065,0.986541762829276,test,0.24002608575616946
R461Y,0.7465156770731065,1.00201071361573,test,0.2554950365426234
R65A,0.5699625359349518,0.765931259436125,train,0.19596872350117311
R65C,0.06078306471538758,0.880608745143345,test,0.8198256804279573
R65D,0.8179109284600692,0.221754892917216,test,0.5961560355428532
R65E,0.7394330832550189,0.782418646643375,test,0.04298556338835613
R65F,0.02274043876526305,0.919216936851936,test,0.8964764980866728
R65G,0.6085655641588588,0.700355589572172,test,0.09179002541331327
R65H,0.42128422888834655,0.92628017526619,test,0.5049959463778435
R65I,0.3789574788842032,0.955481097566644,test,0.5765236186824407
R65K,1.158978368627519,1.01600141643621,test,0.14297695219130913
R65L,0.8053111402222832,0.942520788719771,test,0.13720964849748774
R65M,0.5204024277055304,0.9487161323534,test,0.42831370464786966
R65N,0.5977879927818428,0.791326450072612,test,0.19353845729076924
R65P,0.49208069275575644,0.758594346323383,test,0.2665136535676265
R65Q,0.6482784046622712,0.89134415195443,test,0.2430657472921588
R65S,0.6102376727332697,0.765944884915579,test,0.15570721218230932
R65T,0.6192193362115788,0.90746660388624,test,0.28824726767466124
R65V,0.3997860140987726,0.922386903685928,test,0.5226008895871554
R65W,0.16929705490207964,0.798397918637295,test,0.6291008637352153
R65Y,0.28047611837610203,0.95690547406183,test,0.6764293556857279
R6A,-0.9807240566108768,0.149235575517198,train,1.1299596321280747
R6C,-0.32255245048763465,0.262973856889931,test,0.5855263073775656
R6D,-0.32255245048763465,0.106003520400865,test,0.4285559708884996
R6E,-0.32255245048763465,0.207775295092515,test,0.5303277455801496
R6F,-0.32255245048763465,0.2327843295805,test,0.5553367800681346
R6G,-0.32255245048763465,0.221248038758699,test,0.5438004892463336
R6H,-0.32255245048763465,0.231266809827231,test,0.5538192603148656
R6I,-0.32255245048763465,0.393497995208829,test,0.7160504456964636
R6K,-0.32255245048763465,0.429888024575464,test,0.7524404750630986
R6L,-0.32255245048763465,0.0796098504488943,test,0.40216230093652894
R6M,-0.32255245048763465,0.0581398038211802,test,0.3806922543088148
R6N,-0.32255245048763465,0.114844066677306,test,0.43739651716494066
R6P,-0.32255245048763465,0.136169109843057,test,0.45872156033069167
R6Q,-0.32255245048763465,0.315010344237776,test,0.6375627947254107
R6S,-0.32255245048763465,0.145682302903976,test,0.46823475339161064
R6T,-0.32255245048763465,0.261561929915762,test,0.5841143804033966
R6V,-0.32255245048763465,0.210021175152871,test,0.5325736256405056
R6W,-0.32255245048763465,0.162190378915797,test,0.4847428294034316
R6Y,-0.32255245048763465,0.235323956908248,test,0.5578764073958826
R78A,1.147866557665342,0.994986980505857,train,0.15287957715948497
R78C,0.8312043258618189,0.952824063115142,test,0.12161973725332309
R78D,1.4054655632583408,0.740063496336457,test,0.6654020669218839
R78E,1.37842336350392,0.913903702906985,test,0.46451966059693506
R78F,0.8941647331608102,0.84910388833411,test,0.04506084482670025
R78G,1.5093782743899649,0.834729518050064,test,0.6746487563399008
R78H,0.9291453817139406,0.961999776080556,test,0.032854394366615414
R78I,1.0164876365237951,0.927107050583454,test,0.08938058594034115
R78K,1.5437515508008328,1.01908250676069,test,0.5246690440401429
R78L,1.0570620148212093,0.911802516024014,test,0.14525949879719535
R78M,0.6963498890666742,0.987218628861926,test,0.29086873979525185
R78N,1.5972657876650285,0.974132484917597,test,0.6231333027474315
R78P,0.8346534016926519,0.0893688191475113,test,0.7452845825451406
R78Q,1.2952228861120147,0.995747688825569,test,0.2994751972864458
R78S,1.4221430744472858,0.955923810843845,test,0.4662192636034408
R78T,1.5409453826383146,0.95146968310578,test,0.5894756995325346
R78V,1.0812471082796833,0.961864493504929,test,0.11938261477475431
R78W,0.8406856371990088,0.774583005125083,test,0.06610263207392575
R78Y,0.8766735970069597,0.875475559222912,test,0.0011980377840477008
R92A,1.0748885320938477,0.967651161075077,train,0.10723737101877073
R92C,0.6124359296154083,0.954489232575588,test,0.3420533029601798
R92D,0.8558723016955021,0.824733480090597,test,0.03113882160490511
R92E,0.9835303414348289,0.926662684619887,test,0.05686765681494188
R92F,0.8935153650527461,0.920087909465738,test,0.02657254441299195
R92G,0.9682649484285832,0.941347659637904,test,0.026917288790679228
R92H,1.0811916377803499,0.957577038044863,test,0.12361459973548683
R92I,0.866138903545032,0.923901546217886,test,0.057762642672854025
R92K,0.8678317918243472,0.974577095316403,test,0.1067453034920558
R92L,0.8682679962257573,0.950456416833558,test,0.08218842060780063
R92M,0.5719754212559458,0.962521010937552,test,0.39054558968160624
R92N,0.6568904155794044,0.96498560939534,test,0.30809519381593553
R92P,1.2543853551403146,0.622026312802433,test,0.6323590423378815
R92Q,0.8063598579670206,0.981184834706283,test,0.17482497673926245
R92S,1.0194331295611754,0.995382818802293,test,0.02405031075888242
R92T,0.9559887345613483,0.983095992816938,test,0.027107258255589795
R92V,0.7369468508804893,0.935275663803279,test,0.1983288129227897
R92W,0.5668564586831764,0.957769877542798,test,0.3909134188596216
R92Y,0.6893649174939078,0.877726704857728,test,0.18836178736382014
S103A,1.0420028271506672,0.954657927855714,train,0.08734489929495315
S103C,0.5817288067408688,0.870826213081443,test,0.28909740634057424
S103D,0.5884439506588945,1.02845335381097,test,0.4400094031520754
S103E,0.7107999327947665,0.76390886682069,test,0.05310893402592354
S103F,0.11530824234923559,0.962425791405641,test,0.8471175490564054
S103G,0.8289320523441246,0.918265687163758,test,0.08933363481963341
S103H,1.044826347709356,0.942630298743671,test,0.10219604896568502
S103I,0.5123040178429159,0.626407390417371,test,0.11410337257445513
S103K,0.13403037024737957,0.375771071091442,test,0.2417407008440624
S103L,0.5797731674284483,0.603374707810294,test,0.023601540381845698
S103M,0.6461376966522527,0.699344564938077,test,0.053206868285824216
S103N,1.2272987385606902,0.988245394836899,test,0.23905334372379117
S103P,0.12199526647616837,0.891794498535405,test,0.7697992320592366
S103Q,1.1802591708819774,0.861081581324707,test,0.3191775895572704
S103R,0.5498466903217372,0.0969213408759021,test,0.45292534944583507
S103T,0.8328783865240288,0.963455426158427,test,0.13057703963439826
S103V,0.5272228513210253,0.7939680168519,test,0.2667451655308747
S103W,0.2744174688301078,0.211251114791082,test,0.06316635403902582
S103Y,0.13911921189272208,1.07115993271151,test,0.932040720818788
S140A,1.0961661069005642,0.974190348169638,train,0.12197575873092614
S140C,-0.08543576849991913,0.972005754314718,test,1.0574415228146372
S140D,-0.33755878375884846,0.979826719296196,test,1.3173855030550445
S140E,0.5028112051522049,1.01147767782422,test,0.5086664726720151
S140F,0.19756775812533706,0.980669500464419,test,0.783101742339082
S140G,0.5387998886882981,0.991813552845969,test,0.45301366415767086
S140H,0.41332892479754607,0.990149774149039,test,0.576820849351493
S140I,0.29280625726205317,0.928147914622128,test,0.6353416573600748
S140K,0.6335841913005451,0.989759320920513,test,0.3561751296199679
S140L,0.5711360197300079,0.957346240762386,test,0.386210221032378
S140M,0.23745892670913366,0.9773136197505,test,0.7398546930413663
S140N,0.6615181495638103,1.01485099783315,test,0.35333284826933964
S140P,0.4988014059624702,0.955375369923142,test,0.4565739639606718
S140Q,0.585056095652706,0.999148544960796,test,0.41409244930808997
S140R,0.7080615587102228,0.966878038849752,test,0.2588164801395292
S140T,0.7365728365092918,0.965567170455086,test,0.22899433394579416
S140V,0.619130092802858,0.937929682484564,test,0.31879958968170596
S140W,-0.33755878375884846,0.970261328683452,test,1.3078201124423006
S140Y,0.4242995846020881,0.974151662973135,test,0.549852078371047
S144A,1.0855141010570684,0.970197084466899,train,0.11531701659016935
S144C,0.18205820643897758,0.936450377242956,test,0.7543921708039785
S144D,0.9342277896990616,0.965061813288386,test,0.03083402358932441
S144E,1.1650438854398573,0.995962206912378,test,0.16908167852747924
S144F,-0.15452240889575103,0.8240008779899,test,0.978523286885651
S144G,0.8145922495019633,0.98380630150837,test,0.1692140520064067
S144H,0.7490547508090515,0.999526942606137,test,0.25047219179708546
S144I,0.6992639702450525,0.820553087419214,test,0.12128911717416146
S144K,0.8583528743620441,0.991923739928612,test,0.13357086556656794
S144L,0.5392279758223175,0.847288381038533,test,0.30806040521621547
S144M,0.14913595668070917,0.900679266022725,test,0.7515433093420159
S144N,0.6321269672645045,1.00745065588996,test,0.3753236886254556
S144P,0.8057619038282802,0.975639237770558,test,0.16987733394227789
S144Q,0.7761512693996089,0.996351667237136,test,0.2202003978375271
S144R,1.0156161315606589,0.980056734556971,test,0.03555939700368793
S144T,0.87650145136951,0.994572409997824,test,0.11807095862831407
S144V,1.1808391058548189,0.830904669881837,test,0.3499344359729819
S144W,0.029517113525544814,0.863170295454843,test,0.8336531819292983
S144Y,0.4860677366356683,0.838453727510311,test,0.3523859908746427
S229A,1.1114487104077604,0.983637861000948,train,0.12781084940681242
S229C,0.14439682824934513,0.720689612265408,test,0.5762927840160628
S229D,-0.7202399388459622,0.1795490122662,test,0.8997889511121622
S229E,-1.1912801828182475,0.0665372098579176,train,1.257817392676165
S229F,0.2025677815720624,0.144410079382742,test,0.0581577021893204
S229G,-0.40857568671501804,0.851971098557477,test,1.260546785272495
S229H,-0.5852793730728933,0.261271941323688,test,0.8465513143965813
S229I,0.1562278708570855,0.208752001227011,test,0.05252413036992551
S229K,-0.7293377576741467,0.0771175440940914,test,0.8064553017682381
S229L,0.5023540039399066,0.129253449778445,test,0.3731005541614616
S229M,0.20539709394855704,0.0528791907474473,test,0.15251790320110975
S229N,-0.7292110987831375,0.0643643725259967,test,0.7935754713091342
S229P,-0.7293377576741467,0.0624756883120673,test,0.791813445986214
S229Q,-0.49596802122792377,0.142325416589974,test,0.6382934378178977
S229R,-0.8050078316808769,0.221208337176109,train,1.026216168856986
S229T,0.08152147668027437,0.263649823305303,test,0.18212834662502864
S229V,0.29992359545750885,0.679025243914506,test,0.3791016484569972
S229W,0.05495153842034922,0.0883427153028206,test,0.03339117688247138
S229Y,0.11281651853582281,0.0386991722124104,test,0.07411734632341241
S256A,1.104885961472859,0.980218376446918,train,0.124667585025941
S256C,0.7202525585542299,0.942772040358499,test,0.22251948180426917
S256D,0.7202525585542299,0.969552812852836,test,0.24930025429860614
S256E,0.7202525585542299,0.966672226436555,test,0.24641966788232517
S256F,0.7202525585542299,0.682396197167613,test,0.037856361386616855
S256G,0.7202525585542299,0.996764181810363,test,0.2765116232561331
S256H,0.7202525585542299,0.999492507107779,test,0.27923994855354917
S256I,0.7202525585542299,0.707664319945984,test,0.012588238608245872
S256K,0.7202525585542299,1.02147431197267,test,0.30122175341844004
S256L,0.7202525585542299,0.835451437213985,test,0.11519887865975509
S256M,0.7202525585542299,0.910864317616263,test,0.1906117590620331
S256N,0.7202525585542299,1.00410871833626,test,0.28385615978203016
S256P,0.7202525585542299,0.995197816861357,test,0.2749452583071271
S256Q,0.7202525585542299,0.966973735208446,test,0.2467211766542161
S256R,0.7202525585542299,0.988002873220903,test,0.2677503146666731
S256T,0.7202525585542299,1.02802465617014,test,0.3077720976159102
S256V,0.7202525585542299,0.780467715371666,test,0.060215156817436166
S256W,0.7202525585542299,0.573853950213653,test,0.14639860834057683
S256Y,0.7202525585542299,0.696295539407444,test,0.02395701914678583
S296A,0.8675386501119737,0.885893843737087,train,0.018355193625113286
S296C,0.2104585197321312,0.899030268354546,test,0.6885717486224148
S296D,0.5038020072572289,0.459863487982148,test,0.04393851927508091
S296E,0.666697455243102,0.0653416179841169,test,0.6013558372589851
S296F,-0.08292586145047037,0.10547467157482,test,0.18840053302529036
S296G,0.9019743795792534,0.976353406916349,test,0.07437902733709556
S296H,0.5873680977539104,0.889868019302341,test,0.30249992154843064
S296I,0.5486655481186533,1.21335837657094,test,0.6646928284522866
S296K,0.7043583415374064,0.392831283651398,test,0.3115270578860084
S296L,0.5285710344543171,0.783648404631842,test,0.25507737017752496
S296M,0.5463632966903491,0.645191840875782,test,0.09882854418543285
S296N,0.496789649009803,0.81709440496106,test,0.320304755951257
S296P,0.42400429765555453,0.812159213085127,test,0.3881549154295724
S296Q,0.5642314514562417,0.967708164152135,test,0.40347671269589336
S296R,1.1306278913543215,1.19463222590688,test,0.0640043345525585
S296T,0.5260295510023676,0.894562966759235,test,0.3685334157568674
S296V,0.49207472998043494,0.872060376064809,test,0.3799856460843741
S296W,0.19873764867790117,0.0535705424731231,test,0.14516710620477807
S296Y,0.31628874427234616,0.146905718498755,test,0.16938302577359116
S299A,1.1756280129589163,1.00684205039272,train,0.16878596256619627
S299C,0.04726844474673714,0.973059416344142,test,0.9257909715974049
S299D,0.592156966122082,0.16717224733113,test,0.424984718790952
S299E,0.7943662159562832,0.787763084537799,test,0.006603131418484232
S299F,0.1761952596672361,1.17888894989046,test,1.002693690223224
S299G,0.6524385579199281,1.00494222133995,test,0.3525036634200218
S299H,0.45257626405927726,0.981557151368902,test,0.5289808873096247
S299I,0.2804542275163771,0.887605023589683,test,0.6071507960733058
S299K,0.6482392941159558,0.156050205541877,test,0.49218908857407884
S299L,0.5308816339419833,0.53777933254006,test,0.0068976985980767624
S299M,0.01749922053269609,0.937303836043783,test,0.9198046155110868
S299N,0.9590573140746761,0.920267473777338,test,0.03878984029733812
S299P,0.9532465199834368,0.101356288714957,test,0.8518902312684797
S299Q,0.5497990960232455,0.992975559233323,test,0.44317646321007753
S299R,0.6345092804543553,0.136048225284649,test,0.4984610551697063
S299T,1.0447798523655463,1.04283808882568,test,0.0019417635398661925
S299V,0.39213132802613077,0.941126041803994,test,0.5489947137778632
S299W,0.06136771774084965,0.72602305915587,test,0.6646553414150203
S299Y,0.25165039436089837,1.11171726323812,test,0.8600668688772217
S318A,1.1479853052186177,0.997736266514432,train,0.1502490387041857
S318C,0.1646436570255228,0.959728078379653,test,0.7950844213541302
S318D,0.9858484673153294,0.837799791308448,test,0.14804867600688143
S318E,0.6878792256631518,0.0644393937121904,test,0.6234398319509614
S318F,0.1646436570255228,0.0668569893685579,test,0.0977866676569649
S318G,0.4452275063611611,0.967283639967207,test,0.5220561336060459
S318H,0.6283254222583983,0.400095381787515,test,0.22823004047088324
S318I,0.5685863453107283,0.1547763340955,test,0.41381001121522826
S318K,0.16527322141415818,0.075304842474327,test,0.08996837893983117
S318L,0.1646436570255228,0.0612379517729002,test,0.1034057052526226
S318M,0.1646436570255228,0.119513451645321,test,0.04513020538020181
S318N,0.5530970097383454,0.823378578710568,test,0.27028156897222255
S318P,0.21385879590469964,0.145463581261161,test,0.06839521464353865
S318Q,0.1646436570255228,0.250057110438348,test,0.08541345341282519
S318R,0.17214303819221138,0.068270566543237,test,0.10387247164897438
S318T,1.011768400715817,0.728430826375891,test,0.283337574339926
S318V,0.1646436570255228,0.0903011981318658,test,0.07434245889365701
S318W,0.1646436570255228,0.0885758998155525,test,0.0760677572099703
S318Y,0.1668274920461928,0.0396071358406385,test,0.1272203562055543
S334A,1.1483659555063257,0.994285395267463,train,0.15408056023886274
S334C,0.10555600722908937,0.991329341714849,test,0.8857733344857597
S334D,0.9255094499608694,0.971544434583371,test,0.04603498462250166
S334E,1.0400823100565697,0.992523937349804,test,0.04755837270676566
S334F,0.5175888720434605,0.989072206262043,test,0.47148333421858246
S334G,1.0238998194354823,0.966858092360943,test,0.05704172707453925
S334H,0.7408629954964381,0.995878359137195,test,0.25501536364075694
S334I,0.7281576177362217,0.96566773670084,test,0.23751011896461838
S334K,1.2119494082957347,0.972155637925168,test,0.2397937703705667
S334L,0.7024877199093202,0.961501106896012,test,0.25901338698669174
S334M,0.632553252039016,0.97194617355609,test,0.339392921517074
S334N,0.9770468501230658,0.988447230256719,test,0.011400380133653187
S334P,1.4623693384242573,0.996740733201376,test,0.4656286052228813
S334Q,0.8886572044334171,1.00989889444654,test,0.1212416900131228
S334R,1.0893978152444825,1.01115823431152,test,0.07823958093296257
S334T,0.7813669462951287,0.944730579934288,test,0.1633636336391593
S334V,0.9211428066738163,1.01970063115808,test,0.09855782448426376
S334W,0.5830359833843977,1.00269144146276,test,0.41965545807836224
S334Y,0.6331217129095661,0.962395072586072,test,0.32927335967650595
S335A,1.1844100426666406,1.00947215338818,train,0.17493788927846055
S335C,0.5730909521040166,1.00505947588145,test,0.43196852377743333
S335D,1.2606476136004519,0.953568084825761,test,0.3070795287746908
S335E,1.3148701632859572,0.989616832598546,test,0.32525333068741114
S335F,0.3522090486690202,0.970693738438576,test,0.6184846897695557
S335G,1.0260438361824837,1.00225730078434,test,0.023786535398143682
S335H,0.7932144985760372,0.974614270060389,test,0.18139977148435182
S335I,0.6148982269430254,0.97689082956951,test,0.3619926026264846
S335K,1.031013553640789,0.975993747260007,test,0.055019806380781966
S335L,0.9284152599786308,1.01756058123368,test,0.08914532125504926
S335M,0.5385888706184394,1.00221959809302,test,0.46363072747458056
S335N,0.7485272883225624,1.03740520330414,test,0.28887791498157767
S335P,0.8996321989847251,0.931614034893525,test,0.03198183590879988
S335Q,0.7828273138759547,1.00212982541794,test,0.21930251154198532
S335R,0.7877384791841839,1.02800836374956,test,0.24026988456537612
S335T,0.9464445582686585,1.01246051333548,test,0.06601595506682156
S335V,0.6656479335050873,1.01379632604995,test,0.34814839254486274
S335W,0.42735508463263644,0.977913206824127,test,0.5505581221914906
S335Y,0.6579723286301435,0.973756397183174,test,0.31578406855303043
S356A,1.2064269148008675,1.01909878400464,train,0.18732813079622757
S356C,0.7686861737501127,0.992959255059617,test,0.2242730813095043
S356D,1.6214084544085337,1.00061401019912,test,0.6207944442094135
S356E,1.962404177168696,0.995200725889571,test,0.967203451279125
S356F,0.901546138627233,1.00028168057668,test,0.09873554194944711
S356G,1.17922038249628,0.980937394867607,test,0.1982829876286729
S356H,1.0430314629873978,0.993891585890567,test,0.049139877096830764
S356I,0.8990065179454882,0.972508229188042,test,0.07350171124255378
S356K,1.5087759674442927,1.00659500721543,test,0.5021809602288627
S356L,0.9087807568482953,0.991263827596704,test,0.08248307074840866
S356M,0.809185066857208,0.966897451206022,test,0.15771238434881396
S356N,1.1485966405219274,1.01195409064328,test,0.13664254987864743
S356P,1.715816326357035,1.01002851839701,test,0.705787807960025
S356Q,1.1587054612305225,1.02738229973082,test,0.13132316149970258
S356R,1.2689721569699488,0.983553905538898,test,0.2854182514310508
S356T,1.115443234408148,1.01472227784141,test,0.10072095656673796
S356V,0.8223274432231849,0.979496752376603,test,0.1571693091534182
S356W,0.30570257535101947,0.964170586227429,test,0.6584680108764096
S356Y,0.9476813528152563,1.02121569108263,test,0.07353433826737366
S368A,-0.5052354995469965,0.339630656139236,train,0.8448661556862325
S368C,-0.46109194901567635,0.145135387115859,test,0.6062273361315353
S368D,-1.0724272404434814,0.115336759866,train,1.1877640003094814
S368E,-1.0385943051141204,0.127870520016135,train,1.1664648251302554
S368F,-1.1086542867012366,0.100650182261715,train,1.2093044689629515
S368G,-0.136620421305297,,,
S368H,-1.2929170704708035,0.0278794255878448,train,1.3207964960586482
S368I,-1.0317690152357795,0.0550516492646485,test,1.086820664500428
S368K,-1.1841309204097108,0.0714394235016483,train,1.255570343911359
S368L,-1.0121607466661402,0.0606070412068873,test,1.0727677878730275
S368M,-1.0954757177690322,0.106938615631344,train,1.2024143334003763
S368N,-1.1046419835539556,0.103268272318002,train,1.2079102558719577
S368P,-0.9611513518662189,0.159945650112128,train,1.1210970019783468
S368Q,-0.9767268512671157,0.152249461066092,train,1.1289763123332077
S368R,-1.0259666819082724,0.133569137848096,train,1.1595358197563685
S368T,-0.6863210257695584,0.417966327084482,test,1.1042873528540404
S368V,-0.9202761675493196,0.0994254324386988,test,1.0197015999880183
S368W,-1.2435600817286083,0.0549626838809772,test,1.2985227656095855
S368Y,-1.0308471332311022,0.131165203961268,train,1.1620123371923703
S409A,1.0800779157886424,0.969136285264425,train,0.11094163052421746
S409C,0.026314532205962193,0.937325804812721,test,0.9110112726067587
S409D,0.28660928263854585,0.0519628576921375,test,0.23464642494640836
S409E,0.42283307924897434,0.088733220081402,test,0.33409985916757234
S409F,0.030607350696271907,0.0541315122836897,test,0.023524161587417797
S409G,0.4670716030535474,0.8503386668725,test,0.38326706381895265
S409H,0.32112983449398597,0.135195955293717,test,0.18593387920026896
S409I,0.18499461957906688,0.126882303403789,test,0.05811231617527787
S409K,0.26431443174491603,0.0881353485768696,test,0.17617908316804642
S409L,0.26953605207300596,0.0757554570570583,test,0.19378059501594766
S409M,-0.0353185488394025,0.570687671320844,test,0.6060062201602465
S409N,0.05546495851125327,0.067591213565597,test,0.012126255054343726
S409P,-0.4403272994577509,0.0830245729344266,test,0.5233518723921775
S409Q,0.2423484073156868,0.207630764642222,test,0.034717642673464805
S409R,0.2223264964294583,0.0645415583033564,test,0.1577849381261019
S409T,0.2441911476238357,0.836383667613073,test,0.5921925199892373
S409V,0.24257610408687041,0.568186163493949,test,0.3256100594070786
S409W,-0.44519813987517937,0.0721839815190525,test,0.5173821213942319
S409Y,0.14226863134501505,0.0879815675124237,test,0.054287063832591353
S439A,0.982938895383513,0.931630235008482,train,0.05130866037503101
S439C,0.6592790255095577,0.903896510503565,test,0.24461748499400726
S439D,0.6592790255095577,0.309055723949266,test,0.35022330156029174
S439E,0.6592790255095577,0.186130289445254,test,0.47314873606430374
S439F,0.6592790255095577,0.95497063585045,test,0.2956916103408922
S439G,0.6592790255095577,0.891527985307733,test,0.23224895979817528
S439H,0.6592790255095577,0.861605027850133,test,0.2023260023405753
S439I,0.6592790255095577,0.743758966693932,test,0.0844799411843743
S439K,0.6592790255095577,0.812960541493176,test,0.15368151598361823
S439L,0.6592790255095577,0.770081218606532,test,0.11080219309697426
S439M,0.6592790255095577,0.766034982443328,test,0.10675595693377027
S439N,0.6592790255095577,0.681111567355442,test,0.021832541845884235
S439P,0.6592790255095577,0.146748121820003,test,0.5125309036895548
S439Q,0.6592790255095577,0.648446054466668,test,0.010832971042889716
S439R,0.6592790255095577,0.725927492106679,test,0.0666484665971212
S439T,0.6592790255095577,0.958281443375781,test,0.2990024178662233
S439V,0.6592790255095577,0.773552856300542,test,0.1142738307909843
S439W,0.6592790255095577,0.835527566749746,test,0.1762485412401883
S439Y,0.6592790255095577,1.0147312640243,test,0.3554522385147423
S462A,1.16872562100734,1.00565441608538,train,0.16307120492196003
S462C,0.7521723883214717,0.980705386457748,test,0.22853299813627626
S462D,0.7521723883214717,0.978948774528967,test,0.2267763862074953
S462E,0.7521723883214717,0.978965186321063,test,0.2267927979995913
S462F,0.7521723883214717,1.02062271258837,test,0.2684503242668983
S462G,0.7521723883214717,1.02672002574711,test,0.27454763742563837
S462H,0.7521723883214717,1.0012164405726,test,0.24904405225112836
S462I,0.7521723883214717,1.00180422194341,test,0.2496318336219383
S462K,0.7521723883214717,1.00554365432979,test,0.2533712660083183
S462L,0.7521723883214717,0.99992420148346,test,0.24775181316198824
S462M,0.7521723883214717,1.01107941254231,test,0.2589070242208382
S462N,0.7521723883214717,0.991316935071698,test,0.23914454675022634
S462P,0.7521723883214717,1.03380635974264,test,0.2816339714211682
S462Q,0.7521723883214717,0.988462839847522,test,0.23629045152605033
S462R,0.7521723883214717,0.998652534512771,test,0.24648014619129932
S462T,0.7521723883214717,0.991890706387714,test,0.23971831806624233
S462V,0.7521723883214717,0.990789148295854,test,0.23861675997438225
S462W,0.7521723883214717,1.00079428638549,test,0.24862189806401824
S462Y,0.7521723883214717,0.967198498421017,test,0.2150261100995453
S49A,1.1342770739249666,0.995178209027059,train,0.13909886489790757
S49C,0.7432292791129185,0.840097717915771,train,0.09686843880285256
S49D,-0.8766090861978739,0.190721912432092,train,1.067330998629966
S49E,0.1250374789754805,0.076188054733103,test,0.04884942424237751
S49F,-0.9126679796483188,0.177512163154087,train,1.0901801428024058
S49G,0.8054805829994613,0.863815283330393,train,0.05833470033093169
S49H,-1.1330588325665776,0.0889603404982882,train,1.2220191730648657
S49I,-1.090626496062372,0.107316507241066,train,1.197943003303438
S49K,-1.205650062041105,0.060368755972702,train,1.266018818013807
S49L,-0.8349400398275666,0.206769521599421,train,1.0417095614269876
S49M,-1.16821229262181,0.0730666602021174,train,1.2412789528239274
S49N,0.7632344668527917,0.847162281136405,train,0.08392781428361329
S49P,-0.9295023564120335,0.170716240678956,train,1.1002185970909895
S49Q,-1.15717296051311,0.0764372229198507,train,1.2336101834329607
S49R,-1.0561419026025494,0.120152365805779,train,1.1762942684083284
S49T,-0.03476608006244669,0.527705373853959,train,0.5624714539164057
S49V,1.1565575865554183,1.00622002551884,train,0.15033756103657825
S49W,-0.9996967678411544,0.143727313708973,train,1.1434240815501273
S49Y,-0.9742788365870085,0.153878448922991,train,1.1281572855099995
S4A,0.5973362939566567,0.777992149747474,train,0.18065585579081733
S4C,0.4664777247961283,0.65532526261976,test,0.18884753782363167
S4D,0.4664777247961283,0.753998589874636,test,0.28752086507850766
S4E,0.4664777247961283,0.254683392407426,test,0.21179433238870232
S4F,0.4664777247961283,0.743352039542101,test,0.27687431474597274
S4G,0.4664777247961283,0.659929900275245,test,0.1934521754791167
S4H,0.4664777247961283,0.864137662332716,test,0.39765993753658774
S4I,0.4664777247961283,0.830137675178562,test,0.36365995038243365
S4K,0.4664777247961283,0.852851312725578,test,0.3863735879294497
S4L,0.4664777247961283,0.781332779542894,test,0.31485505474676573
S4M,0.4664777247961283,0.628412537173176,test,0.1619348123770477
S4N,0.4664777247961283,0.795716462333401,test,0.3292387375372727
S4Q,0.4664777247961283,0.917576609405434,test,0.45109888460930564
S4R,0.4664777247961283,0.92524571828662,test,0.45876799349049163
S4T,0.4664777247961283,0.715209176409713,test,0.24873145161358473
S4V,0.4664777247961283,0.260883404425041,test,0.20559432037108732
S4W,0.4664777247961283,0.709167887570928,test,0.24269016277479966
S4Y,0.4664777247961283,0.89059340830021,test,0.42411568350408174
S50A,0.8726323927364179,0.890991943597115,train,0.01835955086069707
S50C,0.5141435925187929,0.748879748703199,train,0.23473615618440602
S50D,-0.9044947809693218,0.182329248592929,train,1.0868240295622509
S50E,-0.9708124891677601,0.0655787206068332,test,1.0363912097745933
S50F,-1.1725939612016534,0.0738685162273245,train,1.2464624774289779
S50G,0.7200069964312972,0.830038817699555,train,0.11003182126825783
S50H,-1.1318809722568668,0.0912795882037014,train,1.2231605604605682
S50I,-0.9627653392728721,0.158996633212079,train,1.121761972484951
S50K,-1.1551010754514381,0.0819818269891908,train,1.237082902440629
S50L,-1.16522448949888,0.07754186269623,train,1.24276635219511
S50M,-1.1573779493489775,0.0810701243306198,train,1.2384480736795973
S50N,-1.2468981100154668,0.0452039269718211,train,1.292102036987288
S50P,-1.2580345282667862,0.0398314694653436,train,1.2978659977321299
S50Q,-1.2780705387855829,0.0327425666303208,train,1.3108131054159036
S50R,-1.0609054194665726,0.119699519690751,train,1.1806049391573237
S50T,-0.7816625933596706,0.227620855222095,train,1.0092834485817657
S50V,-1.2501336496684354,0.0439290166607455,train,1.294062666329181
S50W,-1.1518117189815316,0.0832985620968775,train,1.2351102810784091
S50Y,-1.1845175709058617,0.0702024706515412,train,1.254720041557403
S5A,0.5429715297910302,0.756331252644743,train,0.21335972285371274
S5C,0.4392953427133151,0.961604313961982,test,0.5223089712486668
S5D,0.4392953427133151,0.897106695640371,test,0.45781135292705594
S5E,0.4392953427133151,0.862760025914479,test,0.42346468320116387
S5F,0.4392953427133151,0.962607830962808,test,0.5233124882494928
S5G,0.4392953427133151,0.939893750535272,test,0.500598407821957
S5H,0.4392953427133151,0.99548841275428,test,0.556193070040965
S5I,0.4392953427133151,0.911738505096994,test,0.47244316238367884
S5K,0.4392953427133151,0.995798082524754,test,0.5565027398114388
S5L,0.4392953427133151,0.8096541576652,test,0.3703588149518849
S5M,0.4392953427133151,0.940845526037772,test,0.5015501833244569
S5N,0.4392953427133151,1.01878305994157,test,0.5794877172282549
S5P,0.4392953427133151,0.928234663316745,test,0.48893932060342987
S5Q,0.4392953427133151,0.962563043038282,test,0.5232677003249668
S5R,0.4392953427133151,0.948658636057042,test,0.5093632933437269
S5T,0.4392953427133151,0.559693109970074,test,0.12039776725675894
S5V,0.4392953427133151,0.675613501310323,test,0.23631815859700794
S5W,0.4392953427133151,0.889043627453299,test,0.4497482847399839
S5Y,0.4392953427133151,0.983096916896084,test,0.5438015741827689
T106A,1.1550851938291338,0.999452083291853,train,0.1556331105372808
T106C,0.31337512580299715,0.900286674498064,test,0.5869115486950669
T106D,0.1479767929121874,0.613376074980297,test,0.4653992820681096
T106E,-0.006501788349735749,1.22830269563696,test,1.2348044839866958
T106F,-0.24649503671339795,0.0881732069648555,test,0.33466824367825343
T106G,0.3211257833124553,0.972971900439468,test,0.6518461171270127
T106H,0.4138286073574094,0.553450603119284,test,0.13962199576187456
T106I,0.39204369945250056,0.716726682285313,test,0.32468298283281244
T106K,-0.06462438098538209,0.159814306745403,test,0.2244386877307851
T106L,0.39592440002442336,0.564369281688661,test,0.1684448816642376
T106M,0.38226736501403386,0.718770196414829,test,0.3365028314007951
T106N,0.791929170345469,1.07530328507658,test,0.28337411473111107
T106P,0.2552094079788159,0.3387078823978,test,0.08349847441898406
T106Q,0.2145991855256018,0.481498449353889,test,0.2668992638282872
T106R,-0.24649503671339795,0.0516622588959999,test,0.29815729560939785
T106S,0.9769530563650974,0.821306936105257,test,0.15564612025984048
T106V,0.5295438878470229,0.731703195125916,test,0.20215930727889309
T106W,-0.24649503671339795,0.098811595305902,test,0.34530663201929995
T106Y,0.3376958174235494,0.156927636161636,test,0.18076818126191344
T108A,1.1648563038155686,1.00192398946618,train,0.1629323143493886
T108C,0.8034252460342017,0.963432161456914,test,0.16000691542271228
T108D,0.027008341195569996,0.359062906311694,test,0.332054565116124
T108E,0.027008341195569996,0.443480228172995,test,0.416471886977425
T108F,0.7464977042169636,1.45234669562794,test,0.7058489914109765
T108G,0.2485535457855495,1.00412878939795,test,0.7555752436124006
T108H,0.02710108917719195,0.801259023780335,test,0.7741579346031431
T108I,1.129073477688138,0.9917013294527,test,0.13737214823543797
T108K,0.027008341195569996,0.206506977315446,test,0.17949863611987601
T108L,1.0533197029766654,0.964216896125171,test,0.08910280685149441
T108M,0.962733556161723,0.987196735115606,test,0.024463178953883058
T108N,0.028410796594579735,0.973762384026351,test,0.9453515874317713
T108P,0.6599805361309379,0.882547455274446,test,0.22256691914350812
T108Q,0.027008341195569996,1.04178636374924,test,1.01477802255367
T108R,0.027008341195569996,0.0430871435351749,test,0.016078802339604903
T108S,0.9886521552557959,1.01169710912926,test,0.023044953873464058
T108V,1.161256497984649,0.999797752944183,test,0.16145874504046587
T108W,0.16302457632424533,0.0899747966619049,test,0.07304977966234043
T108Y,0.12241529290722225,0.0533191779456292,test,0.06909611496159304
T163A,0.49420188447123087,0.736929659510988,train,0.24272777503975712
T163C,-0.005883895982245535,0.822488342618866,test,0.8283722386011116
T163D,-1.2483019160214472,0.0443213975255158,train,1.2926233135469631
T163E,-0.9665334986532099,0.157146712750325,train,1.123680211403535
T163F,-0.6709500271331699,0.0626940519109943,test,0.7336440790441642
T163G,0.16794962593768942,0.68908251351015,test,0.5211328875724606
T163H,-0.31702338529281343,0.106399732802105,test,0.42342311809491845
T163I,-0.4915389595647958,0.0822538776752329,test,0.5737928372400287
T163K,-0.8847799843050219,0.0717087499169454,test,0.9564887342219673
T163L,-0.2832645480420339,0.0518049387173792,test,0.33506948675941306
T163M,-0.26384529493552117,0.086504173708328,test,0.3503494686438492
T163N,-0.08838694729487878,0.767672750999166,test,0.8560596982940447
T163P,-0.18325133178411862,0.127955546351311,test,0.31120687813542963
T163Q,-0.4347729158079651,0.0863837029416322,test,0.5211566187495973
T163R,-0.25157428143647914,0.0616774995719622,test,0.3132517810084413
T163S,0.2644097350777433,0.896546905779773,test,0.6321371707020298
T163V,-0.03201267754019271,0.3688760237291,test,0.4008887012692927
T163W,-0.8824191619760904,0.0756985076450379,test,0.9581176696211283
T163Y,-0.6988929675566915,0.173814059187778,test,0.8727070267444695
T207A,1.047638072975996,0.957038196113093,train,0.09059987686290294
T207C,1.1496995066467015,0.975381374914259,test,0.17431813173244248
T207D,0.42337491622484796,0.929773019209797,test,0.5063981029849491
T207E,0.421477853847712,0.914884177829197,test,0.49340632398148493
T207F,0.6309891197868893,0.896497645207261,test,0.26550852542037173
T207G,0.9620438211614513,1.0192318671707,test,0.05718804600924865
T207H,0.8749657749706046,0.964149244051008,test,0.08918346908040342
T207I,0.9263202854960788,0.899925305942295,test,0.02639497955378378
T207K,0.9634879784313419,0.959564562452601,test,0.003923415978740907
T207L,0.42305289814998664,0.789035703372031,test,0.36598280522204435
T207M,1.026559900857766,0.940414888745944,test,0.0861450121118219
T207N,0.7874509211278742,0.990413818945814,test,0.20296289781793986
T207P,0.43231109323840405,0.404846627193116,test,0.027464466045288072
T207Q,0.421477853847712,0.956745432789893,test,0.535267578942181
T207R,1.0220345649806006,0.880158950019849,test,0.14187561496075163
T207S,0.7385541239225155,0.97688034551817,test,0.23832622159565453
T207V,1.5273296532375387,0.941619212355183,test,0.5857104408823557
T207W,0.421477853847712,0.984628342311137,test,0.5631504884634251
T207Y,0.8970596988445045,0.951102573451728,test,0.05404287460722346
T222A,0.5958660338928432,0.777608482720418,train,0.18174244882757484
T222C,0.16199065017528907,0.920927922091326,test,0.758937271916037
T222D,0.20590892793978283,0.41237137794037,test,0.20646245000058716
T222E,0.29602425209557565,0.588168705850275,test,0.2921444537546994
T222F,0.0322556546307578,0.247899157427648,test,0.2156435027968902
T222G,0.3121416300291476,0.256316465536171,test,0.05582516449297659
T222H,0.18299338834913398,0.328013199665747,test,0.145019811316613
T222I,0.2747761021907938,0.811904268780942,test,0.5371281665901482
T222K,0.3440342887836572,0.673225971938687,test,0.32919168315502984
T222L,0.2811824743280323,0.730690309528313,test,0.44950783520028076
T222M,0.278796043919682,0.78236493951499,test,0.5035688955953079
T222N,0.35602747171203936,0.358724909315255,test,0.002697437603215669
T222P,-0.39854542348650485,0.0653657525032754,test,0.46391117598978027
T222Q,0.4450316095805747,0.659535633611716,test,0.21450402403114127
T222R,0.3921170924788023,0.692345154074828,test,0.3002280615960257
T222S,0.7221696148612935,0.916512180989206,test,0.19434256612791245
T222V,0.19546632631097977,0.795094620072663,test,0.5996282937616833
T222W,-0.2771550427601958,0.0667354932163961,test,0.3438905359765919
T222Y,-0.054912623519562886,0.290323542820103,test,0.34523616633966586
T233A,0.5260473583852843,0.749523479700722,train,0.2234761213154377
T233C,0.17274063354290276,1.06003214473526,test,0.8872915111923574
T233D,0.17676265054823942,0.182142810191022,test,0.005380159642782573
T233E,-0.38987982609913446,0.0885160884514586,test,0.47839591455059305
T233F,0.08157086549852016,0.0846476237868081,test,0.003076758288287934
T233G,0.22980073270018592,0.815336852970795,test,0.5855361202706091
T233H,-0.2066133377958596,0.166008853271705,test,0.3726221910675646
T233I,0.37120759354983696,0.135694118097819,test,0.23551347545201795
T233K,-0.38987982609913446,0.0588047505077801,test,0.4486845766069146
T233L,0.12421525521621929,0.167939613515361,test,0.0437243582991417
T233M,0.09707534483447772,0.0729877230570377,test,0.02408762177744002
T233N,0.4207129032326585,0.562225979030045,test,0.14151307579738653
T233P,0.05125493773373796,0.101240891937845,test,0.049985954204107036
T233Q,0.06872871583486889,0.224658725445789,test,0.1559300096109201
T233R,-0.02455850446227531,0.0498137187650038,test,0.07437222322727911
T233S,0.95673092193638,0.965750255116644,test,0.009019333180264044
T233V,0.33495112219482875,0.150931076349324,test,0.18402004584550474
T233W,-0.19389216776165158,0.116635941258904,test,0.3105281090205556
T233Y,0.2259066254846563,0.0886266933294884,test,0.13727993215516787
T250A,1.1457547841790046,0.994190978921267,train,0.1515638052577376
T250C,0.6675669588116868,1.01423990735001,test,0.3466729485383231
T250D,0.128388538700639,0.369483241374464,test,0.241094702673825
T250E,1.049746584587389,0.956181312425985,train,0.09356527216140398
T250F,0.47019732994385427,0.674949987512994,test,0.20475265756913968
T250G,1.046474363666337,0.957211330287466,train,0.08926303337887098
T250H,0.9037746031453793,0.94312390081573,test,0.03934929767035078
T250I,0.8951814515044738,0.905551855321003,test,0.010370403816529206
T250K,0.7261514359130317,1.0034222401702,test,0.2772708042571683
T250L,0.8408274270538136,0.896938169098232,test,0.05611074204441835
T250M,0.619890856712118,0.964182687264197,test,0.344291830552079
T250N,0.8850308580177426,0.937238962137812,test,0.052208104120069376
T250P,0.05094188045137221,0.130637224278587,test,0.0796953438272148
T250Q,1.2749162419978965,0.966063366382814,test,0.30885287561508257
T250R,0.8061591174120579,0.99058476423795,test,0.18442564682589213
T250S,0.8233592639882232,0.982274396768458,test,0.15891513278023472
T250V,0.9772258397821965,0.941396682034036,test,0.03582915774816042
T250W,0.5740048274261476,0.741796722580027,test,0.1677918951538795
T250Y,0.5862232379825993,0.772935580757649,train,0.18671234277504967
T273A,1.1306262403255403,0.989016978167889,train,0.14160926215765124
T273C,0.41370542526002835,0.97592749269082,test,0.5622220674307916
T273D,0.532013566572056,0.986493956106667,test,0.454480389534611
T273E,0.6669528698674316,0.971578756539281,test,0.3046258866718494
T273F,0.20066195217004085,0.912616707974951,test,0.7119547558049102
T273G,0.6617940209943232,0.983879447624202,test,0.3220854266298788
T273H,0.7238260667701848,0.98338646942533,test,0.25956040265514524
T273I,0.3593284234106325,0.913059805799161,test,0.5537313823885286
T273K,0.5730145839038396,0.963009367719343,test,0.38999478381550334
T273L,0.5145099209992186,0.940509824486076,test,0.42599990348685746
T273M,0.4736479068863791,0.97028416138362,test,0.49663625449724086
T273N,0.5392021418465109,0.989549211813434,test,0.4503470699669231
T273P,0.1845448539860613,0.85335409058373,test,0.6688092365976688
T273Q,0.9086367342454214,1.00049201211714,test,0.09185527787171854
T273R,0.6962042368517718,0.979696360886383,test,0.2834921240346112
T273S,1.1091643112157943,1.01669928618117,test,0.09246502503462439
T273V,0.3522024443704997,0.934655621065502,test,0.5824531766950023
T273W,0.19120714484374451,0.917341900363518,test,0.7261347555197735
T273Y,0.29916507430842293,0.94414097770727,test,0.6449759033988471
T274A,1.195021686757947,1.01537426586361,train,0.17964742089433705
T274C,0.7096319777476232,1.00559734574151,test,0.29596536799388673
T274D,0.7558864256086615,0.800392212223353,test,0.04450578661469151
T274E,0.8523362204372766,0.870602146755169,test,0.018265926317892367
T274F,0.8168693828255726,0.910529206560474,test,0.09365982373490134
T274G,0.7618273261059159,0.965522487250148,test,0.20369516114423214
T274H,0.7719794564912199,1.01232685656177,test,0.2403474000705501
T274I,0.5935978764752932,0.997662168763893,test,0.40406429228859986
T274K,0.6864134764605581,0.981363654679763,test,0.294950178219205
T274L,1.313613199119434,0.98631478542566,test,0.327298413693774
T274M,0.7752645430247078,1.00781016997378,test,0.23254562694907221
T274N,0.572848905019061,0.948197753152847,test,0.375348848133786
T274P,0.1083207770066768,0.857080702266838,test,0.7487599252601611
T274Q,0.8427185897961458,0.999962331856458,test,0.15724374206031222
T274R,0.7625577113424953,0.973567682825051,test,0.21100997148255574
T274S,0.9733201364284128,1.01041543806485,test,0.03709530163643726
T274V,1.0293212557880729,0.964930254619523,test,0.0643910011685499
T274W,0.6417520939050156,0.931854180381962,test,0.29010208647694635
T274Y,0.7917464749802363,0.939589636647315,test,0.14784316166707867
T295A,3.4264303819882596,1.90479885223978,train,1.5216315297484795
T295C,1.7741351772062721,0.852055876297441,test,0.9220793009088312
T295D,2.0554131331271677,0.261486970330879,test,1.7939261627962888
T295E,1.3875888845779052,0.0752793218612079,test,1.3123095627166972
T295F,1.6825184216852804,0.064025156392312,test,1.6184932652929684
T295G,1.9019785626889139,0.258938275442347,test,1.6430402872465668
T295H,1.6980700008954273,0.0598729112540996,test,1.6381970896413276
T295I,1.6588515757696882,0.0857163113076487,test,1.5731352644620396
T295K,1.3368401310610682,0.0910303440986412,test,1.245809786962427
T295L,1.7542798647457118,0.0703019071470573,test,1.6839779575986547
T295M,1.6179292782059456,0.0934157300069203,test,1.5245135481990253
T295N,1.7065234639524363,0.163271258859226,test,1.5432522050932103
T295P,1.4860941677711104,0.0897272479067217,test,1.3963669198643887
T295Q,1.5095097767847427,0.0740112087398636,test,1.435498568044879
T295R,1.592278717369176,0.109559370701062,test,1.482719346668114
T295S,2.3866833044053273,0.992961126914763,test,1.3937221774905644
T295V,1.6805976896477084,0.122698417248293,test,1.5578992723994154
T295W,1.3426272412673121,0.115541530935782,test,1.2270857103315302
T295Y,1.768551568233267,0.124624543857064,test,1.6439270243762032
T304A,1.1578294769596766,1.00042425899139,train,0.15740521796828655
T304C,0.209077767697659,0.965636313640392,test,0.7565585459427331
T304D,1.2707615615170678,0.988384665869631,test,0.28237689564743673
T304E,0.7494799896867423,1.21780004677332,test,0.46832005708657776
T304F,0.2390640870785284,0.452164101474273,test,0.2131000143957446
T304G,0.8881918048173656,1.01584365900708,test,0.12765185418971448
T304H,1.0026125276878286,0.989114629899008,test,0.013497897788820601
T304I,0.009499148329235096,0.820866480013903,test,0.8113673316846679
T304K,0.7187382623518896,0.90687800090188,test,0.18813973854999033
T304L,0.40415217573153056,0.906995281705349,test,0.5028431059738185
T304M,0.28936323967995753,0.979571957970548,test,0.6902087182905905
T304N,1.1372356857100723,0.9479153501188,test,0.18932033559127226
T304P,1.0974759183978957,1.32069050553235,test,0.2232145871344542
T304Q,0.48072003684386827,0.950528754258754,test,0.4698087174148858
T304R,0.8097602301518112,0.91333882078189,test,0.10357859063007879
T304S,1.551534446143993,1.02587898174792,test,0.5256554643960731
T304V,0.49628542529564795,0.860216364888589,test,0.36393093959294104
T304W,0.4954650690986338,0.3200878979932,test,0.17537717110543383
T304Y,0.5293294144039375,0.413869432067976,test,0.11545998233596155
T322A,1.0001116456388601,0.93766483797462,train,0.062446807664240156
T322C,0.4133165320733206,0.951349586195103,test,0.5380330541217824
T322D,-0.3902503627533224,0.400398226682897,test,0.7906485894362194
T322E,-0.3902503627533224,0.14584915346514,test,0.5360995162184624
T322F,0.39436748371988634,0.847801821738326,test,0.45343433801843963
T322G,0.29425669606287924,0.941262691703502,test,0.6470059956406227
T322H,0.19162877394464678,0.900740199060489,test,0.7091114251158421
T322I,0.5931737358002067,0.898880329537227,test,0.30570659373702025
T322K,-0.3902503627533224,0.72377894476707,test,1.1140293075203924
T322L,0.536805147246799,0.871258459449354,test,0.33445331220255503
T322M,0.3750043331225648,0.849073989632131,test,0.4740696565095662
T322N,0.36018994322806824,0.922107821721429,test,0.5619178784933607
T322P,-0.3894111560028736,0.705458197314063,test,1.0948693533169367
T322Q,-0.14214137374788288,0.916862981936688,test,1.059004355684571
T322R,0.08084710575849036,0.156281591788838,test,0.07543448603034764
T322S,0.5357116218228768,0.991027741755244,test,0.4553161199323672
T322V,1.326517131641534,0.925899163006518,test,0.4006179686350161
T322W,-0.3902503627533224,0.11333553676726,test,0.5035858995205824
T322Y,0.4427614530161002,0.542710636967218,test,0.09994918395111779
T324A,0.43703532944320683,0.715178031635919,train,0.27814270219271214
T324C,-0.3481584131898962,0.829454834170035,test,1.1776132473599312
T324D,-0.4659688562692494,0.0827841728006618,test,0.5487530290699112
T324E,-0.6786201424139318,0.0469027232372468,test,0.7255228656511785
T324F,-1.1354374105461873,0.0873749672813938,train,1.222812377827581
T324G,0.7816279537191138,0.851916723427411,train,0.07028876970829723
T324H,-0.17203009846580913,0.0462743402541259,test,0.21830443871993505
T324I,-0.2726186292437695,0.108416683536733,test,0.3810353127805025
T324K,-0.8766775016022379,0.0786535966113615,test,0.9553310982135994
T324L,-0.21392383554155175,0.121600197207018,test,0.33552403274856973
T324M,-0.17420791499081462,0.604539189914234,test,0.7787471049050487
T324N,-0.03484634048209573,0.730621869333453,test,0.7654682098155488
T324P,-0.22774857353590144,0.136710237651074,test,0.36445881118697543
T324Q,-0.8766775016022379,0.754583991521141,test,1.6312614931233789
T324R,-0.5392459390861681,0.0855841275264583,test,0.6248300666126264
T324S,0.10860561122860984,0.817966829951939,test,0.7093612187233291
T324V,-0.14792815981937574,0.595105600593793,test,0.7430337604131687
T324W,-0.8766775016022379,0.062471887033934,test,0.9391493886361719
T324Y,-0.4018602950028373,0.234249298697829,test,0.6361095937006663
T344A,1.2130355476974302,1.023309100648,train,0.1897264470494302
T344C,0.7743273516665177,0.994155174281208,test,0.21982782261469036
T344D,0.7743273516665177,0.942084509122355,test,0.1677571574558373
T344E,0.7743273516665177,0.950353312877755,test,0.17602596121123737
T344F,0.7743273516665177,0.919346170895454,test,0.14501881922893634
T344G,0.7743273516665177,1.01796619932613,test,0.2436388476596123
T344H,0.7743273516665177,0.971431140526128,test,0.19710378885961033
T344I,0.7743273516665177,0.916369228197592,test,0.14204187653107436
T344K,0.7743273516665177,0.953669871088947,test,0.1793425194224293
T344L,0.7743273516665177,0.930212570981732,test,0.15588521931521437
T344M,0.7743273516665177,0.980756817172896,test,0.2064294655063783
T344N,0.7743273516665177,0.980878852515472,test,0.20655150084895435
T344P,0.7743273516665177,0.532712622425568,test,0.24161472924094962
T344Q,0.7743273516665177,0.976830161808224,test,0.20250281014170635
T344R,0.7743273516665177,0.962408540740344,test,0.18808118907382632
T344S,0.7743273516665177,1.00627324053282,test,0.2319458888663024
T344V,0.7743273516665177,0.920033307268425,test,0.14570595560190736
T344W,0.7743273516665177,0.911550178278986,test,0.13722282661246832
T344Y,0.7743273516665177,0.946201837515064,test,0.17187448584854637
T364A,1.1360105234326419,0.991533259355045,train,0.14447726407759687
T364C,0.8160231475332935,0.984229712566544,test,0.1682065650332505
T364D,-0.18761546368177479,0.907686381550107,test,1.0953018452318817
T364E,-0.18761546368177479,0.796492606582982,test,0.9841080702647569
T364F,0.6378162804054064,0.948786894886591,test,0.31097061448118457
T364G,-0.009160566427110994,0.943330084306307,test,0.9524906507334181
T364H,-0.18761546368177479,0.984818833519808,test,1.1724342972015829
T364I,0.7279169295613883,0.928850321348023,test,0.20093339178663472
T364K,-0.17961321667379865,0.0247494625039632,test,0.20436267917776185
T364L,0.8309923536109878,0.685967415224008,test,0.14502493838697983
T364M,0.8203191279698849,0.944703177795915,test,0.12438404982603002
T364N,-0.18761546368177479,0.986092871270241,test,1.1737083349520159
T364P,-0.18313667399875116,0.210230619352092,test,0.3933672933508432
T364Q,0.030188558009980382,0.978295670900948,test,0.9481071128909677
T364R,0.2897760053491805,0.0949438838284783,test,0.19483212152070223
T364S,0.5805632221347388,0.998557255651655,test,0.4179940335169162
T364V,0.8609507695864309,0.962800692457024,test,0.10184992287059313
T364W,0.6420087659931362,0.768366392914606,test,0.1263576269214698
T364Y,0.19618622703126226,0.956632640638211,test,0.7604464136069486
T391A,0.32270226872991087,0.668378296588928,train,0.34567602785901713
T391C,0.20847439331891598,0.814887512677912,test,0.6064131193589961
T391D,-0.07941324307886782,0.0739306747821974,test,0.15334391786106522
T391E,0.04056070403632189,0.113228580684138,test,0.07266787664781611
T391F,0.09605790515310636,0.105465063612488,test,0.009407158459381643
T391G,0.2394322188085632,0.687053326927027,test,0.44762110811846384
T391H,-0.29422084188446357,0.825162562000303,test,1.1193834038847665
T391I,0.33413480070259644,0.21738194098679,test,0.11675285971580643
T391K,-0.30285838125096726,0.200903080849287,test,0.5037614621002543
T391L,0.4752546554966895,0.104801680737295,test,0.3704529747593945
T391M,0.33771953935257676,0.695798610879917,test,0.35807907152734025
T391N,0.34482819396166603,0.648909433686761,test,0.304081239725095
T391P,0.039711490957612894,0.629465269562123,test,0.5897537786045102
T391Q,0.47553118926203025,0.599559012728303,test,0.12402782346627278
T391R,-0.5784557626365157,0.159805943865464,test,0.7382617065019796
T391S,0.15787273291370602,0.89128814342332,test,0.733415410509614
T391V,0.29278695185193376,0.738264256102737,test,0.4454773042508033
T391W,-0.5897018766488475,0.101772100289272,test,0.6914739769381195
T391Y,-0.36264674326629626,0.132648046953118,test,0.49529479021941425
T41A,1.0095785688586503,0.940576017044738,train,0.06900255181391224
T41C,0.4552808155193056,0.891059503997906,test,0.4357786884786004
T41D,-0.1677409415902033,0.346535758451455,test,0.5142767000416584
T41E,0.21792562305494384,0.863039318003327,test,0.6451136949483831
T41F,0.4552219823264992,0.401624757882113,test,0.05359722444438619
T41G,0.4440143095289742,0.715780429551159,test,0.27176612002218475
T41H,0.16217729797055297,0.595266999566755,test,0.433089701596202
T41I,0.7077770757881083,0.64713642196551,test,0.06064065382259831
T41K,0.3244215294234803,0.674159704882677,test,0.34973817545919667
T41L,0.6906056988065927,0.811233284219406,test,0.12062758541281327
T41M,0.3894055407457913,0.863514734423349,test,0.4741091936775577
T41N,0.03505056197639084,0.67533642569043,test,0.6402858637140392
T41P,-0.3747552788338026,0.355843935692484,test,0.7305992145262866
T41Q,0.31083743340796316,0.839262542582469,test,0.5284251091745058
T41R,0.477573056206996,0.733561941875048,test,0.25598888566805195
T41S,0.528182011869486,0.927638974805149,test,0.399456962935663
T41V,0.899311159622517,0.850138976860631,test,0.04917218276188595
T41W,0.16913860838305267,0.348166297475282,test,0.17902768909222933
T41Y,0.2980230828363322,0.365450992943512,test,0.0674279101071798
T460A,1.1530010834262452,0.999389189044273,train,0.1536118943819722
T460C,0.7443101195309243,1.00190485257762,test,0.25759473304669567
T460D,0.7443101195309243,1.02383220388321,test,0.27952208435228565
T460E,0.7443101195309243,1.01019700260642,test,0.2658868830754957
T460F,0.7443101195309243,1.01988928125806,test,0.2755791617271357
T460G,0.7443101195309243,1.02977028113323,test,0.2854601616023058
T460H,0.7443101195309243,1.01116165660128,test,0.2668515370703557
T460I,0.7443101195309243,1.00671718886634,test,0.2624070693354157
T460K,0.7443101195309243,0.978303687814346,test,0.23399356828342166
T460L,0.7443101195309243,1.0074974541272,test,0.26318733459627563
T460M,0.7443101195309243,0.988334021107667,test,0.2440239015767427
T460N,0.7443101195309243,1.00741267560373,test,0.26310255607280575
T460P,0.7443101195309243,1.01963223664012,test,0.27532211710919574
T460Q,0.7443101195309243,1.00350743482133,test,0.2591973152904057
T460R,0.7443101195309243,1.00194062623944,test,0.2576305067085156
T460S,0.7443101195309243,1.02175085595106,test,0.27744073642013567
T460V,0.7443101195309243,1.02200034164691,test,0.2776902221159856
T460W,0.7443101195309243,1.00860703161107,test,0.2642969120801457
T460Y,0.7443101195309243,1.0202793947094,test,0.2759692751784757
T51A,-1.2365391074845893,0.0470112842120053,train,1.2835503916965947
T51C,-0.8968336474517056,0.183157387440006,train,1.0799910348917117
T51D,-0.7844365201254693,0.232146575264326,train,1.0165830953897952
T51E,-1.2566109794760605,0.0430791392652306,train,1.299690118741291
T51F,-1.058734049361409,0.120082438287682,train,1.178816487649091
T51G,-1.1854658337273336,0.0706285429421792,train,1.2560943766695127
T51H,-1.2047529536225885,0.0616701721486765,train,1.266423125771265
T51I,-1.1163716066086673,0.0950637014163112,train,1.2114353080249785
T51K,-1.0999010719732003,0.105052071121685,train,1.2049531430948852
T51L,-1.2143199238772961,0.056294482827876,train,1.2706144067051721
T51M,-1.1373915602289704,0.0893711203779774,train,1.2267626806069478
T51N,0.4177372079107556,0.709697633613338,train,0.29196042570258246
T51P,-1.4039742582599333,0.0773583580637303,test,1.4813326163236635
T51Q,-1.0546394729115272,0.122223756889425,train,1.176863229800952
T51R,-1.187908888211974,0.070198377890751,train,1.2581072661027248
T51S,0.7404759961657432,0.838954813637259,train,0.09847881747151577
T51V,-1.139987462272125,0.0852690042814099,train,1.225256466553535
T51W,-1.190426685100482,0.0695805617653117,train,1.260007246865794
T51Y,-1.1032036011573219,0.104505465537737,train,1.207709066695059
T53A,-1.2005380296245467,0.0612631821357009,train,1.2618012117602475
T53C,-0.6920897980246199,0.316048143633744,test,1.0081379416583638
T53D,-0.9075963039874524,0.095979962737584,test,1.0035762667250363
T53E,-0.7563056572687934,0.0672159456144163,test,0.8235216028832097
T53F,-0.47799554516224413,0.142445965486397,test,0.6204415106486412
T53G,-0.5982130459796835,0.181661011836358,test,0.7798740578160415
T53H,-1.0316289551764588,0.0811261008743164,test,1.1127550560507753
T53I,-0.4389945932316727,0.103563867431663,test,0.5425584606633357
T53K,-0.6686057081211398,0.0971704525984059,test,0.7657761607195457
T53L,-0.40135514032525416,0.0620431886941599,test,0.4633983290194141
T53M,-0.4902194146047591,0.219467087052411,test,0.7096865016571701
T53N,-1.0900319930826408,0.106133762443072,train,1.1961657555257128
T53P,-0.6005927352418414,0.097151639891575,test,0.6977443751334165
T53Q,-0.47978246098660543,0.077464516429556,test,0.5572469774161615
T53R,-0.6986509839742965,0.11420082140619,test,0.8128518053804865
T53S,0.49445238337799596,0.738265643654647,train,0.243813260276651
T53V,-0.47389430406371597,0.0647843249959498,test,0.5386786290596658
T53W,-0.9219887651477277,0.176516203057486,train,1.0985049682052137
T53Y,-0.7442872113142283,0.133091425372643,test,0.8773786366868712
T59A,0.15902454774078306,0.603036652445735,train,0.44401210470495195
T59C,-0.40094641417347526,0.806556087925709,test,1.2075025020991843
T59D,0.3229288942102802,0.215754207905768,test,0.10717468630451221
T59E,0.1597449560735545,0.191990657312457,test,0.032245701238902524
T59F,-0.03681060212663029,0.893791298871457,test,0.9306019009980873
T59G,0.37153170024121,0.801788055372412,test,0.43025635513120203
T59H,0.005163440970617883,0.675791296780057,test,0.6706278558094392
T59I,-0.011901425987302205,0.790617474227344,test,0.8025189002146462
T59K,0.09704966841169776,0.664837384552736,test,0.5677877161410383
T59L,0.06938817719954932,0.74966300851453,test,0.6802748313149807
T59M,-0.13685683961263345,0.829024167468678,test,0.9658810070813115
T59N,0.20407701796914962,0.856522934579378,test,0.6524459166102283
T59P,0.13322065406726408,0.54425186140142,test,0.41103120733415593
T59Q,0.03572185020789581,0.573575735392748,test,0.5378538851848522
T59R,0.21649988894383482,0.425662452680824,test,0.20916256373698916
T59S,0.43401874816864355,0.842006809506162,test,0.40798806133751847
T59V,0.20977136144322556,0.721250016145724,test,0.5114786547024985
T59W,-0.4577922721270297,0.625044698197122,test,1.0828369703241518
T59Y,0.07032788884039226,0.899447620882349,test,0.8291197320419568
T60A,0.4674441018363283,0.725939404126724,train,0.2584953022903957
T60C,0.6277701952590036,0.790136954008724,train,0.1623667587497204
T60D,0.4769444842436457,0.858432137106427,test,0.38148765286278125
T60E,0.4769444842436457,0.781172422560169,test,0.30422793831652334
T60F,0.4769444842436457,0.693322340336541,test,0.21637785609289534
T60G,0.4769444842436457,0.689174728738699,test,0.2122302444950533
T60H,0.4769444842436457,0.747686696153347,test,0.2707422119097013
T60I,0.4769444842436457,0.79591213109353,test,0.31896764684988427
T60K,0.4769444842436457,0.720232495048041,test,0.24328801080439527
T60L,0.4769444842436457,0.833841476126113,test,0.3568969918824673
T60M,0.4769444842436457,0.77770703168776,test,0.3007625474441143
T60N,0.4769444842436457,0.853321544296806,test,0.37637706005316024
T60P,0.4769444842436457,0.147721978753624,test,0.32922250549002174
T60Q,0.4769444842436457,0.736337428643695,test,0.2593929444000493
T60R,0.4769444842436457,0.711519542729235,test,0.2345750584855893
T60S,0.4769444842436457,0.798620365851131,test,0.32167588160748534
T60V,0.4769444842436457,0.76376165950082,test,0.28681717525717426
T60W,0.4769444842436457,0.563224154869443,test,0.08627967062579728
T60Y,0.4769444842436457,0.657688609966693,test,0.18074412572304727
T64A,0.9937301041728404,0.935667009533696,train,0.058063094639144386
T64C,-0.018032034431106625,0.929501184011385,test,0.9475332184424916
T64D,0.33113399781430713,0.409609120896335,test,0.07847512308202786
T64E,0.39501785377666826,0.233534083583327,test,0.16148377019334126
T64F,0.5551943915497723,0.0816853574654605,test,0.47350903408431183
T64G,0.3753778112138307,0.763975172271424,test,0.3885973610575933
T64H,0.4164550163427663,0.650262902995448,test,0.23380788665268165
T64I,0.8174171041891007,0.734939222954715,test,0.08247788123438571
T64K,0.528947659330619,0.150710229483142,test,0.37823742984747705
T64L,0.689094233724024,0.463812138502007,test,0.22528209522201703
T64M,0.5260627481235147,0.339956731705068,test,0.1861060164184467
T64N,0.13742093470523825,0.456471037686502,test,0.31905010298126374
T64P,0.37750326952060936,0.295294508997519,test,0.08220876052309034
T64Q,0.5603896977432363,0.339424637052861,test,0.2209650606903753
T64R,0.9680525032219798,0.199278797185709,test,0.7687737060362707
T64S,0.8685423767343465,0.945791859122137,test,0.0772494823877905
T64V,0.6827535770937239,0.952403791178894,test,0.2696502140851701
T64W,0.48723746234173154,0.123475985238615,test,0.36376147710311657
T64Y,0.6014807675033644,0.127691064417947,test,0.47378970308541746
T81A,1.1124993716614746,0.982767455372562,train,0.12973191628891256
T81C,1.1851039459193453,1.01320163028988,train,0.17190231562946523
T81D,-0.3698928877141902,0.0969456260243885,test,0.4668385137385787
T81E,-0.9898754207144389,0.145758524810445,train,1.1356339455248838
T81F,1.055806364054284,0.961477504490201,train,0.0943288595640831
T81G,-0.4939449361334009,0.341887298051559,train,0.8358322341849599
T81H,-0.3698928877141902,0.268140295141792,test,0.6380331828559822
T81I,0.8170620285684542,1.00622225734927,test,0.18916022878081584
T81K,-0.3698928877141902,0.078811792103836,test,0.4487046798180262
T81L,1.0830358333680996,0.97178699238672,train,0.11124884098137966
T81M,1.3932742510459253,1.0234178960185,test,0.3698563550274252
T81N,-0.3698928877141902,0.272957271512447,test,0.6428501592266371
T81P,-1.0790674557363773,0.109950711140441,train,1.1890181668768183
T81Q,-0.3698928877141902,0.388182458408015,test,0.7580753461222052
T81R,-1.2863259162001914,0.0270530961114947,train,1.3133790123116862
T81S,0.4383977050088222,0.715557238115832,train,0.27715953310700986
T81V,0.9794759389254217,1.03803686250117,test,0.05856092357574827
T81W,-0.7632846299160025,0.236490049438368,train,0.9997746793543705
T81Y,0.2897327165582802,0.656146569395664,train,0.36641385283738376
T95A,1.1413339992437308,0.994740598843518,train,0.14659340040021285
T95C,0.7384765774396698,1.00487696251507,test,0.2664003850754002
T95D,0.7384765774396698,0.994503212269028,test,0.2560266348293583
T95E,0.7384765774396698,0.98235648136256,test,0.24387990392289027
T95F,0.7384765774396698,0.981622100484063,test,0.24314552304439319
T95G,0.7384765774396698,0.987264889046541,test,0.2487883116068712
T95H,0.7384765774396698,0.987774342965438,test,0.2492977655257682
T95I,0.7384765774396698,0.960019848881841,test,0.22154327144217123
T95K,0.7384765774396698,1.02465705591936,test,0.2861804784796902
T95L,0.7384765774396698,1.0168816611799,test,0.2784050837402303
T95M,0.7384765774396698,0.975140419517248,test,0.23666384207757818
T95N,0.7384765774396698,1.00933998860973,test,0.2708634111700603
T95P,0.7384765774396698,0.821199674540843,test,0.0827230971011732
T95Q,0.7384765774396698,1.00529304902274,test,0.2668164715830703
T95R,0.7384765774396698,1.0166524811486,test,0.2781759037089302
T95S,0.7384765774396698,1.00964862332807,test,0.27117204588840016
T95V,0.7384765774396698,0.978132518284169,test,0.23965594084449926
T95W,0.7384765774396698,0.976787392114171,test,0.23831081467450121
T95Y,0.7384765774396698,0.946242757762076,test,0.20776618032240624
V118A,0.8640348342278781,0.883559830151951,train,0.019524995924072974
V118C,0.2404167860921796,0.904066608570374,test,0.6636498224781944
V118D,0.35333475061882785,0.073457888343042,test,0.27987686227578584
V118E,0.08403310277742909,0.057848786456131,test,0.02618431632129809
V118F,0.6296001270471638,1.08818001101393,test,0.4585798839667661
V118G,0.3542134766329746,0.324361949080462,test,0.02985152755251258
V118H,0.781055321700256,1.02168572407174,test,0.24063040237148403
V118I,1.367803100044208,0.980261123008627,test,0.3875419770355809
V118K,0.29797755382796615,0.486950064588895,test,0.18897251076092886
V118L,0.9425706173126098,0.95049011642184,test,0.007919499109230177
V118M,0.5220920776009184,0.910694617978082,test,0.3886025403771637
V118N,0.2779624062868536,0.930692200574902,test,0.6527297942880483
V118P,0.16187058650960934,0.371208281324004,test,0.20933769481439468
V118Q,0.3086292725876448,0.652714127830443,test,0.34408485524279825
V118R,0.23731331394245464,0.10481823309599,test,0.13249508084646464
V118S,0.5259003603139565,0.736379920912387,test,0.21047956059843054
V118T,0.5139652879278582,0.797753251351764,test,0.2837879634239058
V118W,0.2368678950463768,0.321552062372146,test,0.08468416732576922
V118Y,0.5436009080038797,1.11057748341255,test,0.5669765754086702
V128A,1.0216010581507842,0.946248032024791,train,0.07535302612599315
V128C,0.13141412437410344,0.954537294365792,test,0.8231231699916886
V128D,0.2321320714516109,0.0936871170363467,test,0.13844495441526422
V128E,0.239569936372579,0.114927806684967,test,0.12464212968761201
V128F,1.2285112404409464,0.952829780393492,test,0.2756814600474544
V128G,0.5016784935052296,0.475422745045766,test,0.026255748459463657
V128H,0.04830816505889329,0.66714630136976,test,0.6188381363108668
V128I,1.3333242299436119,0.979439896937916,test,0.3538843330056959
V128K,0.2267022997537556,0.0995944738454805,test,0.12710782590827513
V128L,1.568697274989713,0.98879876201408,test,0.579898512975633
V128M,1.185426408481904,0.917582576070234,test,0.26784383241167
V128N,0.05293415367561677,0.179160756913497,test,0.12622660323788024
V128P,0.8287001471626727,0.455494015782236,test,0.37320613138043673
V128Q,0.09201337299025708,0.437500892128619,test,0.3454875191383619
V128R,0.04830816505889329,0.109711917320492,test,0.06140375226159871
V128S,0.33891873269266887,0.649373908820623,test,0.3104551761279541
V128T,0.4738941732558964,0.784911989962132,test,0.3110178167062356
V128W,0.9053771797991583,0.887140659068166,test,0.018236520730992356
V128Y,0.7712873007955938,0.781159786443057,test,0.009872485647463125
V141A,1.2513225814659492,1.03661717827177,train,0.2147054031941793
V141C,1.4003708323233877,1.0151700671943,test,0.38520076512908763
V141D,0.5106486248620676,1.00806665364596,test,0.4974180287838923
V141E,0.6210802461332179,1.01675811795033,test,0.3956778718171121
V141F,1.0481746272785344,0.978367483588185,test,0.06980714369034935
V141G,0.7320365157817257,1.00274963391147,test,0.2707131181297444
V141H,1.057817962769164,0.995843759743319,test,0.061974203025845
V141I,1.1273017413300366,1.00592687397816,test,0.12137486735187664
V141K,1.4739219223228464,0.998433365809152,test,0.47548855651369437
V141L,1.3006986737079416,0.979862565690028,test,0.3208361080179135
V141M,1.3564764330616725,0.997343156527894,test,0.3591332765337786
V141N,0.9074606173738324,0.995569592987276,test,0.08810897561344355
V141P,0.3701525038975007,0.898205106023236,test,0.5280526021257352
V141Q,0.9882093512329568,1.02037600845447,test,0.03216665722151313
V141R,1.100462599907921,1.018615965678,test,0.08184663422992089
V141S,0.7165738256036995,1.02552660355593,test,0.30895277795223053
V141T,1.4898053091194026,1.0289527521613,test,0.46085255695810257
V141W,0.969875357359399,0.983230271357941,test,0.01335491399854205
V141Y,1.2306616144635747,0.982750399163953,test,0.24791121529962168
V149A,1.1562692937030867,0.999529237845794,train,0.15674005585729278
V149C,0.21670571128403365,1.00907984725859,test,0.7923741359745564
V149D,0.23841112138081583,0.978803009106029,test,0.7403918877252131
V149E,0.3997711066144252,0.994020349652683,test,0.5942492430382578
V149F,0.6407707756895178,0.978833782656655,test,0.3380630069671372
V149G,0.29194590238265233,0.987006245685971,test,0.6950603433033187
V149H,0.7166213545361764,1.00079677670149,test,0.28417542216531366
V149I,1.4622000841652252,0.98069328326574,test,0.48150680089948517
V149K,0.9097307212574535,0.99936565953642,test,0.08963493827896651
V149L,1.0280623423536568,0.994567159029853,test,0.033495183323803746
V149M,0.7592194737143778,1.01018334604647,test,0.25096387233209216
V149N,0.12112053300359632,1.00651211782563,test,0.8853915848220337
V149P,-0.1203700675106773,0.969429352864409,test,1.0897994203750863
V149Q,0.5600121589971394,1.02871582494244,test,0.46870366594530055
V149R,1.0430598891340992,0.994125916421993,test,0.0489339727121062
V149S,0.6510418459892051,1.00429125402434,test,0.35324940803513494
V149T,0.8884262408195447,1.01988810938341,test,0.13146186856386533
V149W,0.5711807496127612,0.957262089807914,test,0.38608134019515283
V149Y,0.9447865019732973,0.965220740303754,test,0.020434238330456767
V155A,1.1256242310424875,0.988481256459935,train,0.13714297458255253
V155C,0.730621693339045,1.00252637218984,test,0.27190467885079506
V155D,0.730621693339045,1.0056697435122,test,0.2750480501731549
V155E,0.730621693339045,0.998784463607431,test,0.268162770268386
V155F,0.730621693339045,0.947778464707088,test,0.217156771368043
V155G,0.730621693339045,1.00409427173261,test,0.273472578393565
V155H,0.730621693339045,0.995012763264266,test,0.264391069925221
V155I,0.730621693339045,0.998755951131729,test,0.26813425779268396
V155K,0.730621693339045,1.02625933901653,test,0.29563764567748496
V155L,0.730621693339045,0.993700342006306,test,0.26307864866726094
V155M,0.730621693339045,0.983025425900937,test,0.25240373256189197
V155N,0.730621693339045,1.00175009772222,test,0.271128404383175
V155P,0.730621693339045,0.993014584551593,test,0.26239289121254794
V155Q,0.730621693339045,0.995089362705882,test,0.26446766936683697
V155R,0.730621693339045,0.994832700277787,test,0.264211006938742
V155S,0.730621693339045,1.02266953102442,test,0.292047837685375
V155T,0.730621693339045,0.986785985377497,test,0.2561642920384519
V155W,0.730621693339045,0.940529256478827,test,0.20990756313978198
V155Y,0.730621693339045,0.987867072374778,test,0.25724537903573297
V160A,0.9860358467902293,0.932521934530202,train,0.05351391226002722
V160C,0.26476689285812954,0.986303853242422,test,0.7215369603842925
V160D,0.09582637342870642,0.043416187518552,test,0.05241018591015442
V160E,0.09582637342870642,0.0771338142718465,test,0.018692559156859925
V160F,1.0236908955427841,0.766351968852881,test,0.2573389266899031
V160G,0.2915319015003269,0.059022362609608,test,0.23250953889071888
V160H,0.9335100701104855,0.108382798308759,test,0.8251272718017265
V160I,1.8762342444393036,0.992958584239117,test,0.8832756602001867
V160K,0.09582637342870642,0.0521850962201488,test,0.04364127720855762
V160L,1.193951370966352,0.98468964943874,test,0.20926172152761202
V160M,1.0232393376733695,0.980761765380842,test,0.042477572292527466
V160N,0.09582637342870642,0.0918912091671057,test,0.003935164261600718
V160P,0.7370601925992011,0.143577041608994,test,0.5934831509902071
V160Q,0.3003316335596998,0.112037458361001,test,0.1882941751986988
V160R,0.09626352785800579,0.0589128698959394,test,0.037350657962066394
V160S,0.6683535297417,0.119756376671293,test,0.548597153070407
V160T,0.4473170351301095,0.931495876408086,test,0.48417884127797645
V160W,0.09582637342870642,0.109259002171221,test,0.01343262874251458
V160Y,0.6360404463594085,0.0631246836957759,test,0.5729157626636325
V161A,0.9555259517555239,0.919271867655183,train,0.03625408410034092
V161C,0.35670728657601286,0.935654681113234,test,0.5789473945372212
V161D,-0.3608067044415559,0.10216650687622,test,0.4629732113177759
V161E,-0.01893603422645279,0.54196973851394,test,0.5609057727403928
V161F,0.6151436936561492,0.859024173035817,test,0.24388047937966784
V161G,-0.08915721008322203,0.607206989297363,test,0.6963641993805851
V161H,-0.3658299991193931,0.807935283289841,test,1.1737652824092342
V161I,0.5641047930432581,0.962099513804143,test,0.39799472076088493
V161K,-0.3658299991193931,0.0677825692042075,test,0.4336125683236006
V161L,0.7398836425504545,0.992052145472063,test,0.25216850292160853
V161M,0.40689909658629914,0.909722768657424,test,0.5028236720711248
V161N,-0.3658299991193931,0.90858238700845,test,1.2744123861278431
V161P,-0.3658299991193931,0.458266287026702,test,0.8240962861460952
V161Q,0.15676288362367435,0.823520536977922,test,0.6667576533542476
V161R,-0.3658299991193931,0.708047967988251,test,1.0738779671076442
V161S,0.5576491192430506,0.920508634890251,test,0.3628595156472004
V161T,0.669001787382923,0.980032304294395,test,0.311030516911472
V161W,-0.3632750909198545,0.643719257302549,test,1.0069943482224035
V161Y,0.19789951528180444,0.78931195791328,test,0.5914124426314755
V211A,1.0286025680287008,0.949275969580267,train,0.0793265984484337
V211C,0.8113152190885646,0.98191191439652,test,0.1705966953079554
V211D,-0.3526294175374591,0.0531524731442527,test,0.4057818906817118
V211E,-0.3470366337261232,0.0713483559877865,test,0.4183849897139097
V211F,0.42061433702816947,0.758766993416419,test,0.3381526563882495
V211G,0.3505289651584889,0.102383025903825,test,0.2481459392546639
V211H,0.004901079677917919,0.107080732462133,test,0.10217965278421508
V211I,1.040363155805677,0.968718812940404,test,0.07164434286527299
V211K,0.1103633643209126,0.0627395728606336,test,0.047623791460278994
V211L,0.6461119083027445,0.93935809095673,test,0.2932461826539855
V211M,0.7514760241153109,0.967000227646663,test,0.21552420353135215
V211N,0.2407696261249584,0.0321026304358202,test,0.20866699568913818
V211P,-0.3077980338701422,0.061344888889459,test,0.3691429227596012
V211Q,-0.3526294175374591,0.594429884216942,test,0.9470593017544011
V211R,-0.3525359292323795,0.0686360823345375,test,0.42117201156691697
V211S,0.6330856372851752,0.679214343410849,test,0.04612870612567377
V211T,0.6608580686078707,0.936091649916389,test,0.2752335813085184
V211W,-0.34937143611009697,0.0887789378760071,test,0.43815037398610407
V211Y,0.5158108351472883,0.844962893039261,test,0.32915205789197266
V247A,0.6979749461883511,0.81695491770205,train,0.11897997151369888
V247C,0.9961678776510468,0.937277318224149,train,0.058890559426897804
V247D,-0.4112519425617282,0.0873853859617105,test,0.49863732852343867
V247E,-1.1855748691337338,0.06756115268185,train,1.2531360218155838
V247F,-0.04516739356028049,0.861150376688952,test,0.9063177702492324
V247G,-0.8722709516815481,0.190148504203315,train,1.0624194558848632
V247H,-0.4112519425617282,0.512099148706763,test,0.9233510912684912
V247I,1.470295185956033,1.0069959671268,test,0.46329921882923286
V247K,-0.4112519425617282,0.105062484286003,test,0.5163144268477312
V247L,0.5283904419349756,0.975703661316855,test,0.4473132193818794
V247M,0.27579550570878736,0.977351044764693,test,0.7015555390559056
V247N,-0.4112519425617282,0.108291973567099,test,0.5195439161288272
V247P,-1.259056110395639,0.0381189770330643,train,1.2971750874287034
V247Q,-0.3994778983946556,0.093651827885682,test,0.4931297262803376
V247R,-0.4112519425617282,0.0237265000250516,test,0.4349784425867798
V247S,0.1518244196893495,0.395851444948632,test,0.2440270252592825
V247T,0.8655534651384063,0.887645370135919,train,0.02209190499751279
V247W,0.7604859063681584,0.846800084047604,train,0.0863141776794456
V247Y,-0.4112519425617282,0.917691125434762,test,1.3289430679964902
V24A,0.5620864322690995,0.764259890128619,train,0.20217345785951946
V24C,0.4269069135692903,0.794690410589472,test,0.3677834970201817
V24D,-0.27359170030540086,0.0894719469892359,test,0.36306364729463675
V24E,-0.27359170030540086,0.0857786620116971,test,0.35937036231709796
V24F,0.850722080120752,0.930584856263791,test,0.07986277614303894
V24G,-0.2734654168564478,0.095063198548756,test,0.3685286154052038
V24H,-0.27359170030540086,0.0615897994931366,test,0.33518149979853745
V24I,1.1305285057698367,1.03818176736195,test,0.09234673840788665
V24K,-0.27359170030540086,0.115656162437922,test,0.38924786274332285
V24L,1.043223461104164,0.915144029421364,test,0.1280794316828
V24M,0.8185452854380539,0.811205707756391,test,0.007339577681662934
V24N,-0.27334960354247956,0.141210769363211,test,0.4145603729056906
V24P,-0.27359170030540086,0.170821808865347,test,0.44441350917074784
V24Q,-0.27359170030540086,,,
V24R,-0.27359170030540086,0.0640058293511178,test,0.3375975296565187
V24S,0.004738160872346298,0.191961558418752,test,0.1872233975464057
V24T,0.4231389660921821,0.575186545597436,test,0.15204757950525388
V24W,-0.05897371288559755,0.578238909718384,test,0.6372126226039816
V24Y,0.3408152987098952,0.600044605096025,test,0.2592293063861298
V258A,0.3048696174433135,0.665179944927047,train,0.36031032748373354
V258C,-0.6173533652694845,0.929299435703868,test,1.5466528009733524
V258D,-1.1492772128202526,0.0829125068655296,train,1.2321897196857823
V258E,-0.6173533652694845,0.0818037125242618,test,0.6991570777937463
V258F,-0.6173533652694845,0.0891214446914561,test,0.7064748099609406
V258G,-0.6173533652694845,0.143356632734975,test,0.7607099980044595
V258H,-1.141449182883588,0.0860469956540263,train,1.2274961785376144
V258I,-0.6173533652694845,0.940298584140411,test,1.5576519494098955
V258K,-0.6173533652694845,0.0956157550045716,test,0.7129691202740561
V258L,-0.6173533652694845,0.692305999295922,test,1.3096593645654064
V258M,-0.6173533652694845,0.0893973180405489,test,0.7067506833100334
V258N,-1.0833678005227512,0.10930386146873,train,1.1926716619914812
V258P,-0.6173533652694845,0.0821334912630196,test,0.6994868565325041
V258Q,-1.2520093306820534,0.0417766560497085,train,1.293785986731762
V258R,-0.8693979096930766,0.194981385610577,train,1.0643792953036537
V258S,-1.1487283991904533,0.0831322620508709,train,1.2318606612413243
V258T,0.44756077528789634,0.722316138592672,train,0.2747553633047756
V258W,-0.6173533652694845,0.0449931665003722,test,0.6623465317698567
V258Y,-0.6173533652694845,0.0527313509499059,test,0.6700847162193904
V262A,0.9500599972582595,0.919968497771214,train,0.03009149948704548
V262C,1.1368963813101716,0.99534005097114,train,0.1415563303390316
V262D,-0.9513523650705995,0.162080412740699,train,1.1134327778112985
V262E,-0.9751976830586448,0.152532303893848,train,1.1277299869524928
V262F,0.25901013219844954,0.710205976724623,test,0.4511958445261735
V262G,-1.2382630604944334,0.046341553467189,train,1.2846046139616223
V262H,-1.0508325854459764,0.119260711811568,train,1.1700932972575444
V262I,1.1371015211819735,0.991912429315711,train,0.1451890918662625
V262K,-0.5900109908747879,0.0952201514647937,test,0.6852311423395816
V262L,0.46425775097790206,0.91478190315674,test,0.45052415217883796
V262M,0.7376844814389152,0.834699344599909,train,0.09701486316099384
V262N,-0.5723848572230477,0.317562214282548,test,0.8899470715055957
V262P,-0.5958519408082736,0.16944202681667,test,0.7652939676249436
V262Q,-0.8107192762058375,0.216749322166357,train,1.0274685983721945
V262R,-0.5636278425816119,0.0526640490486841,test,0.616291891630296
V262S,0.018331954052722976,0.548912250879939,train,0.530580296827216
V262T,0.6005482700304388,0.781715840668557,train,0.18116757063811828
V262W,-0.8350769174430077,0.208639264701532,train,1.0437161821445398
V262Y,0.39992207443728583,0.700805798132378,train,0.30088372369509214
V266A,1.0447359198791277,0.955834902228833,train,0.08890101765029468
V266C,0.5119017811349726,0.991326722236745,test,0.47942494110177236
V266D,-0.35806265056558834,0.827267145363993,test,1.1853297959295814
V266E,-0.11123203249718022,0.929912265505139,test,1.0411442980023191
V266F,0.38454773501890843,0.795294398181402,test,0.4107466631624936
V266G,0.22829294406591233,1.11458668850443,test,0.8862937444385177
V266H,0.2352241682502792,0.890479699790647,test,0.6552555315403679
V266I,0.7970963669154054,0.994734780558364,test,0.19763841364295853
V266K,-0.35806265056558834,1.04133096087706,test,1.3993936114426484
V266L,0.83617450451725,0.983938439318731,test,0.1477639348014811
V266M,0.24458090868879895,0.971912267897224,test,0.727331359208425
V266N,0.12840961351788588,0.973889045259866,test,0.84547943174198
V266P,0.55658885323784,0.925810155516037,test,0.36922130227819694
V266Q,0.19437146303143132,0.953899900833736,test,0.7595284378023046
V266R,-0.35806265056558834,0.579221208228591,test,0.9372838587941794
V266S,0.5879340668250075,0.899999938275188,test,0.3120658714501805
V266T,0.9300706758823241,0.934779122890303,test,0.0047084470079789
V266W,0.5073279998699745,0.953714064864592,test,0.4463860649946175
V266Y,0.42595160146247496,0.777729763863822,test,0.351778162401347
V294A,1.1789840504166342,1.00950045282045,train,0.16948359759618414
V294C,0.5477628168026882,0.994930494874604,test,0.4471676780719158
V294D,-0.060460942272891616,0.0911335241158065,test,0.1515944663886981
V294E,0.39728310208193746,0.33450535017075,test,0.06277775191118745
V294F,1.1740303375239574,1.26873454020438,test,0.09470420268042257
V294G,0.46040782562752375,0.101939847821378,test,0.35846797780614575
V294H,0.5464208261099053,1.28035457145135,test,0.7339337453414447
V294I,1.6935484431407968,1.01207900035031,test,0.6814694427904868
V294K,0.40129878678929215,1.25210484665869,test,0.8508060598693978
V294L,1.0110660489393997,0.932025293142977,test,0.07904075579642267
V294M,1.0606728473777043,0.96771004430261,test,0.0929628030750943
V294N,0.550334590799114,1.09362712677977,test,0.543292535980656
V294P,0.3731696342177067,0.092599968301496,test,0.2805696659162107
V294Q,0.7315960532107102,0.965693636405544,test,0.23409758319483376
V294R,0.6576135623991419,0.0866027554405903,test,0.5710108069585517
V294S,0.6847037133458542,1.2208625908438,test,0.5361588774979458
V294T,0.8795261424301142,0.993976130523834,test,0.11444998809371987
V294W,0.6732902801970404,0.200101165897519,test,0.4731891142995214
V294Y,1.127019801085508,0.905430436062687,test,0.2215893650228209
V307A,1.1825316316652197,1.01040906507661,train,0.1721225665886097
V307C,1.1347512006717428,1.03331473253589,test,0.10143646813585283
V307D,-0.2734594841170787,0.136836243089935,test,0.4102957272070137
V307E,-0.2732052708346328,0.207770113058998,test,0.4809753838936308
V307F,0.7109756531713947,0.904889384545285,test,0.19391373137389034
V307G,0.11416663030012503,0.956146391660558,test,0.841979761360433
V307H,0.10646111096933725,0.678857240954128,test,0.5723961299847908
V307I,0.654831665393103,0.966129769227793,test,0.31129810383469003
V307K,-0.2739773499677218,0.13174793915811,test,0.4057252891258318
V307L,0.8167661153373222,0.970441730479501,test,0.15367561514217876
V307M,0.3902998560813958,0.979244139795552,test,0.5889442837141563
V307N,0.05122324332842704,0.695357178045109,test,0.6441339347166819
V307P,0.6345718695055345,0.953834178589602,test,0.3192623090840675
V307Q,-0.031810197909448,0.714512104934979,test,0.746322302844427
V307R,-0.2739773499677218,0.0799843513789287,test,0.3539617013466505
V307S,0.4799401473251175,1.03124176193224,test,0.5513016146071226
V307T,0.7754895481052904,0.973143980419678,test,0.19765443231438762
V307W,0.20277409122084672,0.055982058932917,test,0.14679203228792972
V307Y,0.45536530513947776,0.105020532522182,test,0.35034477261729574
V388A,1.1127885510677995,0.98273878089891,train,0.13004977016888952
V388C,0.9567103309684946,0.999658933933342,test,0.04294860296484748
V388D,0.0009322324395420467,0.169346210597544,test,0.16841397815800196
V388E,0.22778384864010986,0.539193648675114,test,0.3114098000350041
V388F,1.3497429726511179,0.866694107609489,test,0.4830488650416289
V388G,0.004833341369256117,0.803563384456277,test,0.7987300430870208
V388H,0.5870738160464875,0.892203200642008,test,0.3051293845955205
V388I,1.3275893784908668,0.990638293356189,test,0.33695108513467775
V388K,0.4548673397517771,0.299606839587883,test,0.15526050016389414
V388L,1.463460893422404,0.997167549616466,test,0.466293343805938
V388M,0.8829192615096524,0.946688205738389,test,0.06376894422873658
V388N,0.3513087646638358,0.73349326632839,test,0.38218450166455414
V388P,0.14913872244624932,0.655312934691196,test,0.5061742122449466
V388Q,0.6947491268688992,0.909771687094247,test,0.21502256022534783
V388R,0.33949074592984557,0.0989270519108037,test,0.24056369401904187
V388S,0.8363052030907632,0.859609903383127,test,0.023304700292363867
V388T,0.9865248248305782,0.955454132839376,test,0.03107069199120227
V388W,0.4980066429221193,0.786193758944158,test,0.28818711602203867
V388Y,0.7882810325825531,0.856632893771564,test,0.06835186118901093
V39A,0.8554559383530478,0.879111184671507,train,0.023655246318459167
V39C,0.1146312422557792,0.925197469993762,test,0.8105662277379828
V39D,1.1659927526339953,0.775944522543607,test,0.39004823009038825
V39E,1.0429850901584583,0.918512632953028,test,0.12447245720543032
V39F,0.6352988053265829,0.83668852768741,test,0.20138972236082708
V39G,0.7739640330980659,0.68650689850643,test,0.08745713459163595
V39H,0.7028221112434796,0.914731489786775,test,0.2119093785432954
V39I,1.2018757074194344,1.01940883820304,test,0.18246686921639443
V39K,0.8006146823482876,0.927457174785388,test,0.12684249243710044
V39L,1.76311109988848,1.0297055064076,test,0.7334055934808801
V39M,0.7892736312814446,0.887425327986809,test,0.09815169670536439
V39N,0.7244720052707034,0.849347981278709,test,0.1248759760080056
V39P,0.7191044328127578,0.650758664560618,test,0.06834576825213978
V39Q,0.8295446041194143,0.905184526931987,test,0.0756399228125727
V39R,0.8150473634068316,0.903547795666662,test,0.0885004322598304
V39S,0.7878806703422203,0.82109191007601,test,0.0332112397337897
V39T,0.946248139269878,0.977695616222364,test,0.03144747695248595
V39W,0.4884585368964683,0.701231163626192,test,0.2127726267297237
V39Y,0.5787811490346062,0.903472105246746,test,0.32469095621213984
V404A,1.128082120470105,0.985979966577439,train,0.142102153892666
V404C,0.17147782815633678,1.01220145005886,test,0.8407236219025234
V404D,0.3074556067680297,0.976463313427226,test,0.6690077066591964
V404E,0.9546131020076745,0.978027224549261,test,0.02341412254158659
V404F,0.6043221716500282,0.870834017953474,test,0.2665118463034458
V404G,0.7379881907956465,0.991406815529303,test,0.2534186247336565
V404H,0.49844243919078496,0.977443534563294,test,0.47900109537250907
V404I,0.7769020526693273,0.984903704314796,test,0.2080016516454687
V404K,1.001088766277225,0.94379413377546,test,0.05729463250176503
V404L,0.8519647603244307,0.926129377527439,test,0.07416461720300827
V404M,0.4654608810102437,0.969725198557256,test,0.5042643175470123
V404N,0.15737996210008293,0.962810753900684,test,0.8054307918006012
V404P,0.41565401333600877,0.844720231449591,test,0.4290662181135822
V404Q,0.8036016927975345,0.985404630037032,test,0.1818029372394976
V404R,0.8999154704862518,0.949522491687006,test,0.04960702120075422
V404S,0.7205971679258623,0.979552929678443,test,0.2589557617525807
V404T,1.310131083456306,0.985982949407105,test,0.32414813404920106
V404W,-0.2180033463272641,0.968146824432971,test,1.186150170760235
V404Y,0.5486175579782779,0.900267932631227,test,0.351650374652949
V421A,1.0282997068058002,0.947492620178177,train,0.08080708662762315
V421C,0.020762732019928676,0.991577566371599,test,0.9708148343516703
V421D,0.29181358897520054,0.881907317189609,test,0.5900937282144085
V421E,0.7195789887434518,0.928241676219398,test,0.20866268747594618
V421F,0.24687624659358148,0.917632952637568,test,0.6707567060439865
V421G,0.4957538191553415,0.842091166121932,test,0.3463373469665905
V421H,0.3763882782644981,0.969670923085182,test,0.5932826448206838
V421I,1.2204879264595832,1.03265206777487,test,0.1878358586847131
V421K,0.8363096087408319,0.90535053511854,test,0.06904092637770809
V421L,0.5422301830143983,0.875334070382652,test,0.3331038873682537
V421M,0.5699110441917785,0.904110009712651,test,0.33419896552087247
V421N,0.5479051110477631,0.971980976653627,test,0.42407586560586397
V421P,0.08802348669406262,0.492144006916974,test,0.4041205202229114
V421Q,0.9424980403494185,0.924320338698019,test,0.018177701651399536
V421R,0.7804954125414856,0.876186625364733,test,0.09569121282324744
V421S,0.4779298385311908,0.960093831940163,test,0.48216399340897215
V421T,0.8826201181615776,0.942748457318058,test,0.060128339156480415
V421W,0.0918018612014358,0.909461227878816,test,0.8176593666773802
V421Y,0.44099318944813787,0.953843550366918,test,0.5128503609187802
V423A,1.0826151398889428,0.969618068257724,train,0.11299707163121875
V423C,0.2144109930445533,0.977490739829199,test,0.7630797467846457
V423D,0.36371424197528684,0.706285870586381,test,0.3425716286110942
V423E,0.6322254006603307,0.815668209168916,test,0.1834428085085853
V423F,0.9961146020186282,0.965147858396264,test,0.03096674362236418
V423G,1.0534495573057923,0.870161318126363,test,0.18328823917942927
V423H,0.5460142156956378,0.882889898356011,test,0.33687568266037315
V423I,1.3576736170767498,0.997034235751468,test,0.36063938132528184
V423K,0.34555033326769463,0.69194225441893,test,0.34639192115123535
V423L,1.7982664740514318,1.01455534267936,test,0.7837111313720717
V423M,0.9913892637178412,1.00282632617779,test,0.01143706245994891
V423N,0.3225303360844008,0.861225068653739,test,0.5386947325693383
V423P,1.711585922935865,0.951750347947394,test,0.759835574988471
V423Q,0.732527599540453,0.95077455639532,test,0.21824695685486706
V423R,0.7621062218223811,0.754220630962698,test,0.0078855908596831
V423S,0.675844152389625,0.892487230167984,test,0.216643077778359
V423T,0.9090859465019845,0.965519250515432,test,0.05643330401344748
V423W,0.5899614831043456,0.833457349804978,test,0.2434958667006324
V423Y,0.6585495739461917,0.925806525072976,test,0.26725695112678427
V457A,1.1727347594982014,1.00725180251119,train,0.16548295698701132
V457C,0.7541769575669033,0.973153427544829,test,0.21897646997792575
V457D,0.7541769575669033,0.96131972315388,test,0.20714276558697675
V457E,0.7541769575669033,0.928307318083044,test,0.17413036051614073
V457F,0.7541769575669033,0.996192788677767,test,0.24201583111086367
V457G,0.7541769575669033,0.98629981914727,test,0.23212286158036677
V457H,0.7541769575669033,0.988365089653266,test,0.2341881320863627
V457I,0.7541769575669033,0.995635697878206,test,0.24145874031130277
V457K,0.7541769575669033,0.985974731115014,test,0.2317977735481107
V457L,0.7541769575669033,0.985371214869707,test,0.23119425730280374
V457M,0.7541769575669033,0.969570454057804,test,0.21539349649090067
V457N,0.7541769575669033,0.995868128447828,test,0.24169117088092473
V457P,0.7541769575669033,0.944640228715534,test,0.1904632711486307
V457Q,0.7541769575669033,0.969563921770638,test,0.2153869642037347
V457R,0.7541769575669033,0.957394643749699,test,0.20321768618279568
V457S,0.7541769575669033,0.981965265614752,test,0.22778830804784866
V457T,0.7541769575669033,0.983883451407938,test,0.2297064938410347
V457W,0.7541769575669033,0.97564154810874,test,0.22146459054183676
V457Y,0.7541769575669033,0.994596287555325,test,0.24041932998842175
V55A,0.8596974585425512,0.882495157850333,train,0.02279769930778175
V55C,0.05790552014315248,0.968679941920576,test,0.9107744217774236
V55D,0.6867885764904811,0.129625224624887,test,0.5571633518655941
V55E,0.44552655423878657,0.530106557854765,test,0.08458000361597845
V55F,0.46856668261656603,0.709736618644927,test,0.24116993602836095
V55G,0.4298361808675582,0.336434794794165,test,0.09340138607339321
V55H,0.30174363095759477,0.792128018295144,test,0.49038438733754924
V55I,0.6873724156142478,0.879411267597036,test,0.19203885198278825
V55K,0.44675288507037886,0.766842138142756,test,0.3200892530723772
V55L,0.7455883249982156,0.825925379371039,test,0.08033705437282346
V55M,0.42642767454677705,0.832729013030465,test,0.40630133848368793
V55N,0.3716835612727581,0.740752908402363,test,0.3690693471296049
V55P,0.38637224532146514,0.0920619206969861,test,0.29431032462447904
V55Q,0.3664648688323498,0.881437007448476,test,0.5149721386161261
V55R,0.520500012506365,0.877771963389175,test,0.35727195088280994
V55S,0.6541251201060261,0.682142886693304,test,0.028017766587277948
V55T,0.9964789456699412,0.886883545346642,test,0.10959540032329917
V55W,-0.08189371958572961,0.704654973205343,test,0.7865486927910725
V55Y,0.30745872417879655,0.706705429411291,test,0.39924670523249445
V57A,0.042520407957417794,0.557043634076199,train,0.5145232261187811
V57C,0.050768780910238454,0.967819648009467,test,0.9170508670992286
V57D,-0.045006324713539436,0.070726023072899,test,0.11573234778643844
V57E,-0.010001060567025044,0.076332730465642,test,0.08633379103266704
V57F,0.030867820773294474,0.0730751697743663,test,0.04220734900107183
V57G,0.00399192913428964,0.134764635936821,test,0.13077270680253136
V57H,-0.0878833288036977,0.170025568552872,test,0.2579088973565697
V57I,0.5822286724723442,0.893326952506349,test,0.31109828003400475
V57K,-0.02391731978284012,0.0855016292697434,test,0.10941894905258352
V57L,0.639631933644222,0.822407474064099,test,0.18277554041987698
V57M,0.06911542493967732,0.175025026995474,test,0.10590960205579669
V57N,-0.02161557677463305,0.0807291760427739,test,0.10234475281740694
V57P,0.2122276630128886,0.253183305906535,test,0.04095564289364639
V57Q,0.06356189163415055,0.145813226299003,test,0.08225133466485246
V57R,0.12144265712685881,0.0578640834918031,test,0.0635785736350557
V57S,0.19488183543551602,0.204138398980707,test,0.009256563545190971
V57T,0.3774807323716454,0.94661860318683,test,0.5691378708151846
V57W,-0.27886458864905256,0.0486524238462096,test,0.32751701249526216
V57Y,-0.20184716002745778,0.111587314050272,test,0.3134344740777298
V67A,1.0005704478811968,0.937856220442802,train,0.06271422743839472
V67C,0.7093106080750946,0.979010639669889,test,0.2697000315947944
V67D,0.12637521342665187,0.743269462617305,test,0.616894249190653
V67E,0.3346374345053072,0.792740098134248,test,0.45810266362894075
V67F,0.839979163355709,0.907799394390856,test,0.067820231035147
V67G,0.060457050756058506,0.874796267624098,test,0.8143392168680395
V67H,0.84312252891805,0.958424604962439,test,0.11530207604438902
V67I,1.1881440524153266,0.991164280717692,test,0.1969797716976346
V67K,0.6091776665349098,0.986710081519533,test,0.3775324149846232
V67L,1.1584479465117692,0.927340564691258,test,0.23110738182051116
V67M,1.1418561522790558,0.943784255117503,test,0.19807189716155282
V67N,0.767779554629394,0.935274796293114,test,0.1674952416637201
V67P,-0.07943674950765706,0.278952141071373,test,0.35838889057903006
V67Q,0.3101369632531324,0.947850923214346,test,0.6377139599612136
V67R,0.6737706698258403,0.988792843522569,test,0.3150221736967287
V67S,0.819445510936573,0.942792687148646,test,0.12334717621207292
V67T,0.6817452125721655,0.963069889757615,test,0.2813246771854495
V67W,0.5188911722675034,0.899661134479947,test,0.38076996221244364
V67Y,1.0728999859756616,0.949453475699509,test,0.12344651027615261
V71A,0.10437973585932975,0.581116115054269,train,0.4767363791949392
V71C,0.25768537429208666,0.709091394102553,test,0.4514060198104663
V71D,-0.7839804872061693,0.0657531996004495,test,0.8497336868066188
V71E,-0.587447110045134,0.126299753403927,test,0.7137468634490609
V71F,-0.2388614060445517,0.106330389957271,test,0.3451917960018227
V71G,-0.2615165472573748,0.11163996920559,test,0.37315651646296477
V71H,-0.7839804872061693,0.0321564690942403,test,0.8161369563004096
V71I,0.23039233656983443,0.695801964838443,test,0.4654096282686086
V71K,-0.7839804872061693,0.157122508847049,test,0.9411029960532183
V71L,0.02338009852579953,0.59301973210283,test,0.5696396335770304
V71M,-0.23058681979093526,0.12554039460679,test,0.35612721439772527
V71N,-0.7839804872061693,0.249117915554538,test,1.0330984027607073
V71P,-0.22270946847565026,0.15559496757946,test,0.37830443605511027
V71Q,-0.5043233297325722,0.0831519394851475,test,0.5874752692177198
V71R,-0.7838924132841898,0.0383544964740784,test,0.8222469097582682
V71S,-0.21461866520394762,0.0486323478528736,test,0.2632510130568212
V71T,0.023871223074100334,0.426243054140121,test,0.40237183106602065
V71W,-0.7838932400326,0.17313744615816,test,0.95703068619076
V71Y,-0.3996424572552976,0.0448388355565918,test,0.4444812928118894
V74A,0.9599153097681832,0.920287633946883,train,0.03962767582130022
V74C,0.4989917787128935,0.945821345988693,test,0.44682956727579953
V74D,0.40325070124332824,0.0880801988443397,test,0.31517050239898853
V74E,0.10703907477078373,0.153606975642246,test,0.04656790087146229
V74F,0.7273560985923684,0.781308516408204,test,0.053952417815835596
V74G,0.2648627628628209,0.166947310459795,test,0.0979154524030259
V74H,0.39340787455098264,0.601253925095033,test,0.2078460505440503
V74I,1.5100758664948124,0.981219754486493,test,0.5288561120083194
V74K,0.5035434526478024,0.188061031437951,test,0.3154824212098514
V74L,1.2172049402574956,0.90141484850661,test,0.31579009175088557
V74M,0.8988091357526518,0.825874741899703,test,0.07293439385294875
V74N,0.14701480639762293,0.105560086324065,test,0.04145472007355794
V74P,0.2532361228078895,0.0460337908104196,test,0.2072023319974699
V74Q,0.33322247480138684,0.410443189463508,test,0.07722071466212116
V74R,0.28033692665356297,0.145596595874621,test,0.13474033077894196
V74S,0.4014567955585751,0.415741655082862,test,0.014284859524286875
V74T,0.8995502284156611,0.784311104482834,test,0.11523912393282709
V74W,0.572113055662383,0.518850708401843,test,0.05326234726054002
V74Y,0.7326633572105887,0.86537051400451,test,0.1327071567939213
V87A,0.9500512514988912,0.917278323848218,train,0.0327729276506733
V87C,0.7116779894147491,0.940029746136792,test,0.2283517567220429
V87D,0.6915782656836562,0.293606445124881,test,0.3979718205587752
V87E,0.7306760816649671,0.421732844478701,test,0.3089432371862661
V87F,0.6850310053583399,0.761106109113759,test,0.07607510375541904
V87G,0.7082654221988811,0.717296747237442,test,0.009031325038560856
V87H,0.7650417401797682,0.569858733312076,test,0.1951830068676922
V87I,1.3323939710700792,0.996263979950037,test,0.33612999112004216
V87K,0.7267522569821274,0.821020901322917,test,0.09426864434078963
V87L,1.473962959740005,1.00675473823752,test,0.4672082215024851
V87M,1.0872346102579833,0.971662049279286,test,0.11557256097869728
V87N,0.9560818349421218,0.671966813093525,test,0.2841150218485968
V87P,0.6842602036334462,0.234183535762915,test,0.4500766678705312
V87Q,0.6442729792122925,0.627357689022694,test,0.016915290189598586
V87R,0.7061025065423863,0.788407040030097,test,0.08230453348771072
V87S,0.7538499736682063,0.779779120648723,test,0.025929146980516737
V87T,1.2414695216504512,0.948268434439713,test,0.29320108721073823
V87W,0.9660409374620187,0.753140319689321,test,0.21290061777269764
V87Y,0.9689268152923276,0.577634700295863,test,0.39129211499646466
V8A,0.6406375891159506,0.79524495886489,train,0.1546073697489394
V8C,0.4881283723757744,0.917093706223476,test,0.4289653338477016
V8D,0.4881283723757744,0.112354493231058,test,0.3757738791447164
V8E,0.4881283723757744,0.450590566562491,test,0.037537805813283365
V8F,0.4881283723757744,0.66064106280785,test,0.17251269043207557
V8G,0.4881283723757744,0.323801936777344,test,0.1643264355984304
V8H,0.4881283723757744,0.7099953441611,test,0.2218669717853256
V8I,0.4881283723757744,0.890487400480689,test,0.4023590281049146
V8K,0.4881283723757744,0.60976301509902,test,0.12163464272324559
V8L,0.4881283723757744,0.904387419063041,test,0.4162590466872666
V8M,0.4881283723757744,0.885553922643835,test,0.39742555026806065
V8N,0.4881283723757744,0.526981839806641,test,0.03885346743086665
V8P,0.4881283723757744,0.064839047489282,test,0.4232893248864924
V8Q,0.4881283723757744,0.676602847808465,test,0.18847447543269064
V8R,0.4881283723757744,0.438937090410359,test,0.04919128196541539
V8S,0.4881283723757744,0.63332418977833,test,0.14519581740255566
V8T,0.4881283723757744,0.745853406274142,test,0.2577250338983676
V8W,0.4881283723757744,0.337227963337195,test,0.15090040903857938
V8Y,0.4881283723757744,0.544787710408472,test,0.05665933803269757
W147A,0.6797853182906088,0.811293673373106,train,0.13150835508249714
W147C,0.16183971962198213,0.877415615291854,test,0.7155758956698719
W147D,0.18903258220490754,0.641327588229665,test,0.4522950060247574
W147E,0.33419286769149364,0.664103808532586,test,0.32991094084109235
W147F,0.4356004001008352,0.933497676165826,test,0.49789727606499085
W147G,0.07986596682322405,0.752383631167643,test,0.6725176643444188
W147H,0.25649137976237496,0.988403605809854,test,0.7319122260474791
W147I,0.18783673545795493,0.652614433267659,test,0.46477769780970407
W147K,0.9161249971090761,0.478292663631142,test,0.43783233347793415
W147L,0.49485771764584646,0.901807714295283,test,0.4069499966494365
W147M,0.2369945920519268,0.856559263298454,test,0.6195646712465273
W147N,0.18513617405975152,0.914366891435411,test,0.7292307173756596
W147P,-0.09990500182876966,0.0616236469087151,test,0.16152864873748476
W147Q,0.5894326229465747,0.931315452829267,test,0.34188282988269225
W147R,0.9771696925609845,0.76681828837552,test,0.2103514041854645
W147S,0.4723397278734645,0.888884558086059,test,0.41654483021259453
W147T,0.3680131117020196,0.89848970276478,test,0.5304765910627605
W147V,0.09442373539043741,0.756684645666341,test,0.6622609102759036
W147Y,0.5929825301860063,0.962093648273742,test,0.36911111808773567
W184A,-1.2228122893964017,0.0525261584499689,train,1.2753384478463707
W184C,-0.610993572754376,0.0740170760163762,test,0.6850106487707522
W184D,-1.5152638937580667,0.15147829854892,test,1.6667421923069867
W184E,-1.5152638937580667,0.0580715319311308,test,1.5733354256891976
W184F,-0.5076250084173939,0.803726426171322,test,1.3113514345887158
W184G,-0.5740245371601382,0.0735036684684243,test,0.6475282056285625
W184H,-1.5152638937580667,0.0378591501700466,test,1.5531230439281134
W184I,-0.7907615137312725,0.134812176652823,test,0.9255736903840954
W184K,-1.5152638937580667,0.0840408705837037,test,1.5993047643417704
W184L,-0.530959613113156,0.163028079160093,test,0.693987692273249
W184M,-0.7216260581123759,0.109859606175689,test,0.8314856642880649
W184N,-1.5152638937580667,0.0783501883023104,test,1.593614082060377
W184P,-1.512695844224436,0.113466379773227,test,1.626162223997663
W184Q,-1.5151583669529947,0.0644284387726873,test,1.5795868057256819
W184R,-1.1845049489114872,0.0996645156382147,test,1.284169464549702
W184S,-0.7094908227375942,0.0881433103601965,test,0.7976341330977907
W184T,-0.7604536793075525,0.0479299142255402,test,0.8083835935330926
W184V,-0.7358201364760983,0.121395479614617,test,0.8572156160907154
W184Y,-0.5609890331128717,0.929485173127127,test,1.4904742062399987
W357A,-1.017011011364247,0.135163244058281,train,1.152174255422528
W357C,-0.6632583917395998,0.0766843939673377,test,0.7399427857069375
W357D,-0.4480301256266798,0.0941837457120594,test,0.5422138713387392
W357E,-0.4430055158240264,0.0693741875633777,test,0.5123797033874041
W357F,-0.10067515646629838,0.949371528874384,test,1.0500466853406825
W357G,-0.4728291765500678,0.102475881782579,test,0.5753050583326468
W357H,-0.689266344103558,0.524295756028523,test,1.2135621001320809
W357I,-0.3414948523696068,0.0862355426388517,test,0.4277303950084585
W357K,-0.8660010121899937,0.11284599022172,test,0.9788470024117137
W357L,-0.21594121493094315,0.782863173521518,test,0.9988043884524611
W357M,-0.23467943166351185,0.922840057879269,test,1.157519489542781
W357N,-0.611932234201717,0.115281239609584,test,0.7272134738113011
W357P,-0.6593384451878617,0.0301614301519388,test,0.6894998753398005
W357Q,-0.5975660038010009,0.0734154926613776,test,0.6709814964623785
W357R,-0.3678130836706685,0.0562210140143333,test,0.4240340976850018
W357S,-0.32751787650051506,0.123476169197249,test,0.4509940456977641
W357T,-0.44538595769448713,0.07262620123115,test,0.5180121589256371
W357V,-0.5059830678074029,0.138629073068257,test,0.6446121408756599
W357Y,-0.5524612034857199,0.975382062951006,test,1.5278432664367259
W414A,1.0141617118265884,0.942205775433365,train,0.0719559363932234
W414C,1.202798029326333,0.919253666729793,test,0.2835443625965399
W414D,0.25835965359246066,0.683128002546769,test,0.4247683489543083
W414E,1.3340397337616938,0.970110518932864,test,0.3639292148288298
W414F,1.1507838250793743,1.00306875242505,test,0.14771507265432438
W414G,0.6149132863520865,0.750070699660795,test,0.13515741330870845
W414H,1.2154842785077076,0.932648856249228,test,0.2828354222584796
W414I,1.1561787037269387,0.851314010276545,test,0.3048646934503937
W414K,0.7388894423479595,0.511569080933695,test,0.22732036141426448
W414L,1.1813612148307993,0.85052358646094,test,0.3308376283698593
W414M,0.9518034066787866,0.866901253331046,test,0.08490215334774065
W414N,0.49842686533452435,0.883339549061864,test,0.3849126837273396
W414P,0.2599058479097956,0.194085970067199,test,0.0658198778425966
W414Q,0.5605202342469848,0.9263129815924,test,0.3657927473454152
W414R,0.9913173846627341,0.149598961539974,test,0.8417184231227601
W414S,0.6981307627344489,0.807962166747528,test,0.10983140401307911
W414T,0.9027650600590409,0.925214262170335,test,0.022449202111294086
W414V,1.2616342821385604,0.920329376755345,test,0.34130490538321545
W414Y,1.3891938030371858,0.999333982270209,test,0.3898598207669768
W417A,0.7754555264793055,0.848600451176299,train,0.07314492469699352
W417C,0.5449961411955453,0.88286259907299,test,0.33786645787744474
W417D,-0.4439295988382898,0.709643590124009,test,1.1535731889622989
W417E,0.13105720705856966,0.704137903273102,test,0.5730806962145323
W417F,0.4998660364735575,0.940518484497896,test,0.4406524480243385
W417G,0.25740559110616706,0.743888095907296,test,0.4864825048011289
W417H,0.3939990205514566,0.916999691241555,test,0.5230006706900985
W417I,0.6816996042592525,0.826277235354539,test,0.14457763109528654
W417K,0.27309853071653484,0.821162126164633,test,0.5480635954480981
W417L,0.3706807365934797,0.808212876952521,test,0.43753214035904126
W417M,0.41883724115931115,0.852296485362667,test,0.43345924420335585
W417N,0.013276852362583524,0.828106269165555,test,0.8148294168029715
W417P,-0.4439295988382898,0.0585232835077666,test,0.5024528823460565
W417Q,0.1994694774367592,0.799924110113521,test,0.6004546326767619
W417R,0.2386968439888016,0.891249235557915,test,0.6525523915691134
W417S,0.5382714120823149,0.868755197867179,test,0.33048378578486415
W417T,0.5026266677388076,0.864966890693817,test,0.36234022295500945
W417V,0.8084073865739878,0.884311664947264,test,0.07590427837327618
W417Y,0.6812889995318425,1.01139308305235,test,0.3301040835205076
W451A,0.6302426097916847,0.791103221454947,train,0.16086061166326238
W451C,0.4829308827136441,0.66303372131266,test,0.18010283859901594
W451D,0.4829308827136441,0.510280140021844,test,0.02734925730819987
W451E,0.4829308827136441,0.49295726346779,test,0.010026380754145914
W451F,0.4829308827136441,0.801222514962755,test,0.3182916322491109
W451G,0.4829308827136441,0.7717124457531,test,0.28878156303945596
W451H,0.4829308827136441,0.735192456381664,test,0.2522615736680199
W451I,0.4829308827136441,0.75078669735102,test,0.2678558146373759
W451K,0.4829308827136441,0.505126294081065,test,0.022195411367420925
W451L,0.4829308827136441,0.659074861892247,test,0.17614397917860286
W451M,0.4829308827136441,0.76818154482334,test,0.2852506621096959
W451N,0.4829308827136441,0.616420934156192,test,0.13349005144254794
W451P,0.4829308827136441,0.359379562791769,test,0.12355131992187507
W451Q,0.4829308827136441,0.358900717847375,test,0.12403016486626911
W451R,0.4829308827136441,0.499263454994471,test,0.016332572280826907
W451S,0.4829308827136441,0.785563093887228,test,0.3026322111735839
W451T,0.4829308827136441,0.686570222591047,test,0.20363933987740296
W451V,0.4829308827136441,0.785039466858366,test,0.3021085841447219
W451Y,0.4829308827136441,0.797696856275964,test,0.3147659735623199
Y120A,0.6358393949143517,0.792143694610023,train,0.15630429969567128
Y120C,0.27311612238995325,0.823899505326311,test,0.5507833829363578
Y120D,0.4158534522579123,0.944270738120994,test,0.5284172858630818
Y120E,0.5275339358411264,0.848548052151589,test,0.3210141163104626
Y120F,0.3837392829052169,0.938611310721264,test,0.554872027816047
Y120G,0.8208329709835551,0.666411570219352,test,0.15442140076420308
Y120H,0.8170582090822434,0.859923436405677,test,0.042865227323433674
Y120I,0.22094329883089886,0.518352293409063,test,0.2974089945781641
Y120K,0.4425096139544556,0.92202771783511,test,0.47951810388065436
Y120L,0.2724947978984061,0.321669454063001,test,0.04917465616459493
Y120M,0.20079490686060725,1.16489205378625,test,0.9640971469256427
Y120N,0.534614081423558,0.732419101567315,test,0.197805020143757
Y120P,0.24133160560350136,0.214600857312912,test,0.026730748290589357
Y120Q,0.3877260096503213,0.820046838743959,test,0.4323208290936377
Y120R,0.55933873080913,0.826016509978507,test,0.26667777916937696
Y120S,0.6757551474007348,0.840122701766892,test,0.16436755436615713
Y120T,0.45739544172216556,0.753994062677614,test,0.2965986209554485
Y120V,0.3215330087383022,0.998990455925863,test,0.6774574471875607
Y120W,0.15711423844280242,0.826802785760232,test,0.6696885473174297
Y127A,0.25961982127847977,0.642793311565851,train,0.3831734902873712
Y127C,0.09117641876770316,0.769730082022474,test,0.6785536632547708
Y127D,0.4864529489582515,0.11779761284172,test,0.36865533611653145
Y127E,0.4768184270884524,0.109204097808279,test,0.3676143292801734
Y127F,0.6409040151882186,0.988545536281799,test,0.3476415210935804
Y127G,0.18234029094933307,0.0873268553181055,test,0.09501343563122758
Y127H,0.6993993877338793,0.903952450635799,test,0.20455306290191966
Y127I,0.2754852046977901,0.698250255782363,test,0.4227650510845729
Y127K,0.5376739245287743,0.53251330484413,test,0.005160619684644319
Y127L,0.34044764275742084,0.765586638816174,test,0.4251389960587531
Y127M,0.2815143623120618,0.723451139346943,test,0.44193677703488127
Y127N,0.1655519387906806,0.478892669082682,test,0.31334073029200143
Y127P,-0.3414433967978327,0.137088286753616,test,0.4785316835514487
Y127Q,0.429068355360303,0.549167249268833,test,0.12009889390852996
Y127R,0.6638898762399981,0.525296525635696,test,0.1385933506043021
Y127S,0.4399570739660233,0.69973634762871,test,0.25977927366268666
Y127T,0.5503968381486564,0.476740638449224,test,0.07365619969943238
Y127V,0.29241652226067943,0.709678646244338,test,0.41726212398365853
Y127W,0.7967369297466673,1.02583147998068,test,0.2290945502340127
Y132A,1.0992328117648373,0.976267130055265,train,0.12296568170957234
Y132C,0.2401996292431932,0.950315501483091,test,0.7101158722398977
Y132D,0.12748414501464117,0.646054374047155,test,0.5185702290325138
Y132E,0.21095115178334117,0.729940591437957,test,0.5189894396546157
Y132F,1.2984226318016052,0.989757526394682,test,0.30866510540692327
Y132G,0.19262192033408715,0.907540997743924,test,0.7149190774098368
Y132H,0.32287358665106863,0.966114067921096,test,0.6432404812700274
Y132I,0.700732095334347,0.983783494613155,test,0.28305139927880796
Y132K,0.27186000941096117,0.901453033699342,test,0.6295930242883809
Y132L,0.9828334112042416,1.02022585770782,test,0.037392446503578425
Y132M,1.0979305257002157,0.975334430314992,test,0.12259609538522365
Y132N,0.04626992507545685,0.834245928648577,test,0.7879760035731203
Y132P,0.34940796373763844,0.753470477744755,test,0.4040625140071165
Y132Q,0.14884709915204303,0.908456538832778,test,0.7596094396807349
Y132R,0.13936595484561926,0.812185613957834,test,0.6728196591122146
Y132S,0.12520786180563453,0.929271020110133,test,0.8040631583044984
Y132T,0.4879153933418206,0.891091167039529,test,0.40317577369770835
Y132V,0.8546809127670034,0.963181747902454,test,0.10850083513545061
Y132W,0.6069582601040633,0.927888669238338,test,0.32093040913427473
Y246A,1.074921741827298,0.966908115040207,train,0.10801362678709103
Y246C,0.4662460292306801,0.9674329644721,test,0.50118693524142
Y246D,0.3803280356324468,0.851385990052925,test,0.4710579544204782
Y246E,0.6403896559446736,0.976234623142154,test,0.33584496719748047
Y246F,1.538104702163615,0.981462917231255,test,0.5566417849323599
Y246G,0.6877859744347297,0.816001423788377,train,0.12821544935364737
Y246H,0.6519037735150093,0.978175221391974,test,0.3262714478769647
Y246I,0.8274515981360651,0.952438187954746,test,0.12498658981868094
Y246K,0.6639266349009318,0.931394452722811,test,0.2674678178218791
Y246L,1.177866016386453,0.979534738370815,test,0.198331278015638
Y246M,0.8919882260649707,0.988208638606504,test,0.09622041254153324
Y246N,0.37264784678671786,0.871911686603563,test,0.49926383981684513
Y246P,-1.1551155337870815,0.0790090601757026,train,1.234124593962784
Y246Q,0.6395886955757248,0.992112623678172,test,0.35252392810244715
Y246R,0.6678454988777816,0.946585452919758,test,0.2787399540419765
Y246S,0.4689470443059936,0.958788879427296,test,0.48984183512130236
Y246T,1.0734820859622793,0.967793534741677,train,0.10568855122060239
Y246V,0.7719098265296971,0.973901087045618,test,0.20199126051592087
Y246W,0.39839198774160606,0.948219479775649,test,0.5498274920340429
Y265A,1.7401499658509616,1.23313137029433,train,0.5070185955566315
Y265C,0.8336046640455814,0.85424164089756,test,0.020636976851978628
Y265D,0.6210029858228596,0.0960862552946282,test,0.5249167305282314
Y265E,0.48745432615730083,0.0745921902150172,test,0.4128621359422836
Y265F,1.9221020504766697,1.01530244433448,test,0.9067996061421897
Y265G,0.9853758160352522,0.227727822404014,test,0.7576479936312381
Y265H,1.1573124367896765,0.980436441910867,test,0.17687599487880956
Y265I,1.4297281275652827,0.758257163958146,test,0.6714709636071367
Y265K,0.5021524231978836,0.393139638979223,test,0.10901278421866056
Y265L,1.6140281442723987,0.848673695707959,test,0.7653544485644397
Y265M,1.1860837827844675,0.959664162758845,test,0.22641962002562244
Y265N,1.086905445348214,0.934680054831314,test,0.1522253905169001
Y265P,1.122231058555072,0.272648915900096,test,0.8495821426549761
Y265Q,1.0689150923826203,0.706663191715168,test,0.3622519006674523
Y265R,0.613653046543658,0.0767421038297809,test,0.5369109427138772
Y265S,1.0026826812618266,0.607312832057444,test,0.39536984920438256
Y265T,0.9575883021576752,0.835142462036494,test,0.1224458401211812
Y265V,1.179527887722883,0.913896234181486,test,0.26563165354139695
Y265W,1.1286523919074183,0.909348574635673,test,0.2193038172717453
Y286A,0.6792110689294337,0.805561928511461,train,0.1263508595820273
Y286C,1.6807452805615175,1.05650950839098,test,0.6242357721705376
Y286D,2.253647568870362,1.44034852756815,train,0.8132990413022119
Y286E,0.9771031618584067,0.927364311554954,train,0.04973885030345271
Y286F,1.9636788863839638,0.981667760487887,test,0.9820111258960769
Y286G,1.7729716550579835,0.241066203905752,test,1.5319054511522314
Y286H,0.8343944287355325,0.87067946104012,train,0.03628503230458746
Y286I,1.5276943787150263,1.06499489000247,test,0.4626994887125564
Y286K,1.3484710122124217,1.07789899794048,train,0.27057201427194166
Y286L,1.9042934504185323,1.29721917307266,train,0.6070742773458722
Y286M,1.3935454828925686,1.01269778427331,test,0.3808476986192586
Y286N,1.047691407797132,0.91418392177013,test,0.13350748602700202
Y286P,0.6837700263992308,0.0653515260201174,test,0.6184185003791134
Y286Q,0.9352523038811396,0.982276601825666,test,0.04702429794452645
Y286R,0.6837700263992308,0.109505188767388,test,0.5742648376318428
Y286S,1.417278003365619,1.1184877851482,test,0.2987902182174189
Y286T,1.4637697444002726,0.4942952147129,test,0.9694745296873726
Y286V,1.620329130071767,0.886747319837418,test,0.7335818102343491
Y286W,1.1252459534811199,0.541965936629157,test,0.5832800168519628
Y28A,-1.1333246674678517,0.0884136485728608,train,1.2217383160407125
Y28C,-0.6450451784760531,0.601449600895174,test,1.246494779371227
Y28D,-1.2140434380024918,0.057089022193608,train,1.2711324601960998
Y28E,-0.6451287264030867,0.0991326352004982,test,0.7442613616035849
Y28F,0.5136401744316323,0.906620498160556,test,0.39298032372892366
Y28G,-0.6451287264030867,0.182702903276882,test,0.8278316296799687
Y28H,-0.14642513533056162,0.451543435630235,test,0.5979685709607967
Y28I,0.7713851251646435,0.85007714732494,train,0.07869202216029647
Y28K,-1.1927279965782849,0.0656241214084331,train,1.258352117986718
Y28L,-0.0020210703218150328,0.826750749023921,test,0.8287718193457361
Y28M,-0.15799952708429105,0.802737092114794,test,0.9607366191990852
Y28N,-1.1008776191703866,0.101471960888188,train,1.2023495800585746
Y28P,-0.6451287264030867,0.128539093569142,test,0.7736678199722287
Y28Q,-0.6451287264030867,0.115262704708418,test,0.7603914311115048
Y28R,-0.6451287264030867,0.0280929931088758,test,0.6732217195119625
Y28S,-0.40618166909950654,0.0609250010214763,test,0.46710667012098284
Y28T,-0.42094070413607193,0.246575759599354,test,0.667516463735426
Y28V,-0.16612498870111908,0.735223083557318,test,0.901348072258437
Y28W,1.072292143350527,0.971071242304358,train,0.10122090104616899
Y303A,1.6619412129817075,1.20237534297676,train,0.4595658700049474
Y303C,0.5907110760887253,0.943750883932761,test,0.35303980784403566
Y303D,0.5146198546166652,0.0787637287049342,test,0.43585612591173095
Y303E,0.5463904776762423,1.10137817881882,test,0.5549877011425777
Y303F,1.1482213540192365,0.973074010504068,test,0.17514734351516847
Y303G,0.5175976547578038,1.41671403163292,test,0.8991163768751163
Y303H,0.3348559958716831,0.966564270278332,test,0.6317082744066489
Y303I,1.396370916845198,0.99073628952649,test,0.40563462731870814
Y303K,0.12576368361192897,0.9316054567103,test,0.8058417730983711
Y303L,1.2665060752471238,0.952681957503171,test,0.3138241177439528
Y303M,1.3813743043594275,0.942089046776986,test,0.4392852575824415
Y303N,0.12640278427191914,1.03187212560018,test,0.9054693413282608
Y303P,0.32049938687413443,1.20600552121891,test,0.8855061343447757
Y303Q,0.12576368361192897,0.927069265221794,test,0.8013055816098651
Y303R,0.32575134322217464,1.23156746424343,test,0.9058161210212554
Y303S,0.12576368361192897,0.952158334501284,test,0.8263946508893549
Y303T,0.7287034166479245,0.992753714417339,test,0.26405029776941447
Y303V,1.3108306649405836,0.987731983439074,test,0.32309868150150967
Y303W,0.6370116916845188,0.965319733777005,test,0.3283080420924862
Y341A,1.0716470048393205,0.966974768560573,train,0.10467223627874755
Y341C,0.7036330802374611,0.94018050183934,test,0.23654742160187892
Y341D,0.7036330802374611,0.952452001562058,test,0.24881892132459693
Y341E,0.7036330802374611,0.960130230954983,test,0.2564971507175219
Y341F,0.7036330802374611,0.972033513997739,test,0.2684004337602779
Y341G,0.7036330802374611,0.871962919012171,test,0.16832983877470997
Y341H,0.7036330802374611,0.984137381679638,test,0.280504301442177
Y341I,0.7036330802374611,0.940939972721805,test,0.2373068924843439
Y341K,0.7036330802374611,0.953509799605846,test,0.24987671936838496
Y341L,0.7036330802374611,0.956285605977311,test,0.25265252573985
Y341M,0.7036330802374611,0.975089063418959,test,0.2714559831814979
Y341N,0.7036330802374611,0.945755241045577,test,0.24212216080811588
Y341P,0.7036330802374611,0.868042673473592,test,0.1644095932361309
Y341Q,0.7036330802374611,0.965991900988439,test,0.26235882075097794
Y341R,0.7036330802374611,0.955224631168516,test,0.2515915509310549
Y341S,0.7036330802374611,0.951515892161286,test,0.2478828119238249
Y341T,0.7036330802374611,1.00825576048109,test,0.30462268024362893
Y341V,0.7036330802374611,0.947014800638893,test,0.2433817204014319
Y341W,0.7036330802374611,0.969695495614383,test,0.2660624153769219
Y353A,-1.0278659419287424,0.129568715483523,train,1.1574346574122654
Y353C,-0.08883678692917568,0.164384404263055,test,0.2532211911922307
Y353D,-0.632449907066742,0.0806801311754085,test,0.7131300382421505
Y353E,-0.5657964398341067,0.0498853473283766,test,0.6156817871624832
Y353F,0.7760566249854834,1.00152608019754,test,0.22546945521205664
Y353G,-0.4372610846823876,0.0739503165155635,test,0.5112114011979512
Y353H,-0.35607298684633276,0.62356271696078,test,0.9796357038071128
Y353I,-0.08954353914432372,0.606716830966409,test,0.6962603701107328
Y353K,-0.39873795195259104,0.0378678537258293,test,0.43660580567842033
Y353L,0.0398609020833503,0.794366677709379,test,0.7545057756260287
Y353M,-0.16049696365444616,0.740435326137095,test,0.900932289791541
Y353N,-0.4503941952590908,0.120026740107317,test,0.5704209353664078
Y353P,-0.3897936022853025,0.109873623791312,test,0.4996672260766145
Y353Q,-0.34838553140795,0.176593549468438,test,0.524979080876388
Y353R,-0.8086729842712499,0.0998235488715857,test,0.9084965331428356
Y353S,-0.2318663016685329,0.0722653340200941,test,0.304131635688627
Y353T,-0.3586862146460143,0.0995754349485734,test,0.4582616495945877
Y353V,-0.06297915708200547,0.0730607794936896,test,0.13603993657569508
Y353W,-1.0326152042786143,0.995656538877972,test,2.028271743156586
Y36A,1.113893856281475,0.982558048814203,train,0.13133580746727214
Y36C,0.8588152197432564,0.997836084134012,test,0.13902086439075567
Y36D,0.9319120026546557,0.824955894397662,test,0.10695610825699364
Y36E,1.0541334931264537,0.907388194038011,test,0.1467452990884427
Y36F,1.4050181258284802,1.00556659384616,test,0.3994515319823202
Y36G,1.0916852757865385,0.834268608380538,test,0.25741666740600055
Y36H,1.4305581903177256,0.942466347511222,test,0.48809184280650353
Y36I,1.0961859945616546,0.881325510805795,test,0.21486048375585953
Y36K,0.9096603773835383,1.03591469530637,test,0.1262543179228317
Y36L,1.0297632039290683,0.988547871669192,test,0.04121533225987628
Y36M,1.0215157689036225,0.923370837074306,test,0.0981449318293165
Y36N,0.853381532628724,1.00454407519958,test,0.15116254257085604
Y36P,0.6394059157924978,0.608012841199709,test,0.03139307459278884
Y36Q,0.8346251571733738,0.986660609258527,test,0.15203545208515323
Y36R,1.0308022040452762,1.03875393653647,test,0.007951732491193741
Y36S,0.882854770351134,0.971020904850495,test,0.08816613449936095
Y36T,0.942218134544067,0.86844309697653,test,0.073775037567537
Y36V,1.1995357083451985,0.934195665297383,test,0.26534004304781555
Y36W,0.6736391686958463,0.898672690148255,test,0.22503352145240874
Y38A,0.7610606280138139,0.842232123474512,train,0.08117149546069813
Y38C,0.2966070377253232,0.650499931706417,test,0.35389289398109375
Y38D,0.1525918414610104,0.451030462920188,test,0.2984386214591776
Y38E,0.09260868126968097,0.549419336216625,test,0.456810654946944
Y38F,1.1874366781309522,0.991689298026496,test,0.19574738010445625
Y38G,0.5376073081111752,0.631727631863767,test,0.09412032375259183
Y38H,0.44498418769935993,0.705168185710734,test,0.2601839980113741
Y38I,0.8829685042964623,0.821527926425667,test,0.061440577870795376
Y38K,0.4221356102039682,0.710579578517321,test,0.2884439683133528
Y38L,0.7735426147078908,0.864010914241378,test,0.09046829953348723
Y38M,0.7356933998240773,0.889659668927977,test,0.15396626910389966
Y38N,0.3919448583125185,0.615728919951288,test,0.22378406163876946
Y38P,0.9473095626905117,0.722683520423738,test,0.22462604226677374
Y38Q,0.18948081242013975,0.798586615640173,test,0.6091058032200332
Y38R,0.4965673430842,0.768501946241586,test,0.271934603157386
Y38S,0.6197703632349221,0.682638458745875,test,0.06286809551095296
Y38T,0.6676018485602011,0.646225045716882,test,0.02137680284331911
Y38V,0.8454157013478056,0.718853887363478,test,0.12656181398432764
Y38W,0.3962721997991548,0.660980049205027,test,0.26470784940587216
Y426A,1.0545068848053711,0.958742410258416,train,0.09576447454695514
Y426C,0.5727309578881838,0.911019138965635,test,0.3382881810774512
Y426D,0.5113604571812624,0.655002465617946,test,0.1436420084366835
Y426E,0.5249997535243098,0.627052539437641,test,0.10205278591333122
Y426F,1.4965063058528427,0.983293611110323,test,0.5132126947425197
Y426G,0.5232467481782885,0.811128874445843,test,0.2878821262675545
Y426H,1.055072668159089,0.856728482432645,test,0.19834418572644397
Y426I,0.7539821131006166,0.870319072005728,test,0.11633695890511142
Y426K,0.7593586558650296,0.871663903011458,test,0.11230524714642842
Y426L,0.6318508851926419,0.911704359189228,test,0.2798534739965861
Y426M,0.5562546633826502,0.966385570952452,test,0.41013090756980186
Y426N,0.35454913566487983,0.668244991617125,test,0.3136958559522452
Y426P,0.4459064070590211,0.238313036304052,test,0.20759337075496911
Y426Q,0.6294616172009855,0.862218704029118,test,0.23275708682813256
Y426R,0.7825540107828823,0.804484687424528,test,0.02193067664164572
Y426S,0.6554319632884438,0.829583984653171,test,0.17415202136472718
Y426T,0.6798825285495598,0.719761296962981,test,0.039878768413421195
Y426V,0.729418360680218,0.908152664257019,test,0.17873430357680098
Y426W,1.0575912938278842,0.944144408090415,test,0.1134468857374692
Y448A,1.1250881019259706,0.988267643142454,train,0.13682045878351667
Y448C,0.7303536287807875,0.988931472218228,test,0.2585778434374405
Y448D,0.7303536287807875,0.950325736353962,test,0.21997210757317454
Y448E,0.7303536287807875,0.94063512199222,test,0.21028149321143252
Y448F,0.7303536287807875,0.984025868089359,test,0.2536722393085715
Y448G,0.7303536287807875,0.878692273359417,test,0.14833864457862955
Y448H,0.7303536287807875,0.958699741767666,test,0.22834611298687857
Y448I,0.7303536287807875,0.95172769119241,test,0.2213740624116225
Y448K,0.7303536287807875,0.879838789433787,test,0.14948516065299955
Y448L,0.7303536287807875,0.916793375443847,test,0.1864397466630595
Y448M,0.7303536287807875,0.945548933679026,test,0.21519530489823857
Y448N,0.7303536287807875,0.926551555323542,test,0.19619792654275459
Y448P,0.7303536287807875,0.148293783329975,test,0.5820598454508125
Y448Q,0.7303536287807875,0.90552481457129,test,0.1751711857905025
Y448R,0.7303536287807875,0.84756520020299,test,0.11721157142220251
Y448S,0.7303536287807875,0.929487923483175,test,0.19913429470238753
Y448T,0.7303536287807875,0.882234264657594,test,0.15188063587680656
Y448V,0.7303536287807875,0.952090398170863,test,0.22173676939007558
Y448W,0.7303536287807875,0.994831475303442,test,0.2644778465226545
Y72A,-1.2759509167789957,0.0317369911017114,train,1.307687907880707
Y72C,-0.5489885077462162,0.0684674052888945,test,0.6174559130351107
Y72D,-0.47376721116784276,0.0455780828807118,test,0.5193452940485546
Y72E,-0.5455593669834222,0.0678941937636976,test,0.6134535607471199
Y72F,-0.2030838124146132,0.7354117541779,test,0.9384955665925132
Y72G,-0.6774900515604365,0.0393006262005912,test,0.7167906777610277
Y72H,-0.6898786756244899,0.14992895866169,test,0.8398076342861799
Y72I,-0.2932462513157236,0.427804574970055,test,0.7210508262857787
Y72K,-0.6144583288056182,0.0577183813112607,test,0.672176710116879
Y72L,-0.26968258881743695,0.0815010171972774,test,0.3511836060147143
Y72M,-0.6458815977016599,0.0878118892983417,test,0.7336934870000016
Y72N,-1.1515779313595065,0.125061024408826,test,1.2766389557683324
Y72P,-1.3588846668428314,0.0599036359076358,test,1.418788302750467
Y72Q,-0.6413411857353211,0.176385934800183,test,0.8177271205355041
Y72R,-0.5211296103073622,0.166967778581781,test,0.6880973888891432
Y72S,-0.5613890123314853,0.0686117260006715,test,0.6300007383321569
Y72T,-0.40686080784542783,0.0711061244786141,test,0.4779669323240419
Y72V,-0.1351250273331192,0.0892077833292412,test,0.2243328106623604
Y72W,-1.1711691188242082,0.113308116866888,test,1.284477235691096
Y7A,-1.0829969785738047,0.108486327855841,train,1.1914833064296457
Y7C,-0.3736889114691024,0.110075697949894,test,0.48376460941899635
Y7D,-0.3736889114691024,0.195092044656551,test,0.5687809561256534
Y7E,-0.3736889114691024,0.105022632435835,test,0.47871154390493736
Y7F,-0.3736889114691024,0.775798821422489,test,1.1494877328915913
Y7G,-0.3736889114691024,0.105307065454801,test,0.4789959769239034
Y7H,-0.3736889114691024,0.737592330767414,test,1.1112812422365164
Y7I,-0.3736889114691024,0.100700678492188,test,0.4743895899612904
Y7K,-0.3736889114691024,0.0237764245278994,test,0.3974653359970018
Y7L,-0.3736889114691024,0.0672569153664526,test,0.440945826835555
Y7M,-0.3736889114691024,0.530851540403636,test,0.9045404518727385
Y7N,-0.3736889114691024,0.0942926970837607,test,0.4679816085528631
Y7P,-0.3736889114691024,0.0682595530057228,test,0.44194846447482516
Y7Q,-0.3736889114691024,0.0577976073382739,test,0.43148651880737626
Y7R,-0.3736889114691024,0.259597412488539,test,0.6332863239576414
Y7S,-0.3736889114691024,0.143130733097939,test,0.5168196445670414
Y7T,-0.3736889114691024,0.0282410053245007,test,0.40192991679360307
Y7V,-0.3736889114691024,0.051867655241362,test,0.4255565667104644
Y7W,-0.3736889114691024,0.695729644817246,test,1.0694185562863483
Y85A,-1.078515636067821,0.111616261878852,train,1.190131897946673
Y85C,-0.898955700585927,0.182160641382144,train,1.081116341968071
Y85D,-0.4905267418576455,0.120387146771503,test,0.6109138886291485
Y85E,-0.7105554659336972,0.199713154001768,test,0.9102686199354653
Y85F,1.0696277069385394,0.96545583676307,train,0.10417187017546936
Y85G,-1.1060230650197909,0.100601775686608,train,1.2066248407063989
Y85H,-0.004568454933063515,0.658929867766026,test,0.6634983226990896
Y85I,0.1307542650070213,0.624077393417766,test,0.4933231284107447
Y85K,-0.7105554659336972,0.105477956837739,test,0.8160334227714362
Y85L,0.08247886009402011,0.573103200155869,train,0.4906243400618489
Y85M,0.33574867059389485,0.676847140558728,train,0.3410984699648331
Y85N,-0.7104545021936266,0.111695836599719,test,0.8221503387933456
Y85P,-0.7057568688010596,0.0614395733438266,test,0.7671964421448862
Y85Q,-1.0967006118467406,0.102513727181506,train,1.1992143390282466
Y85R,-0.7105554659336972,0.0833440087138597,test,0.793899474647557
Y85S,-0.2247312631181168,0.136754747050043,test,0.36148601016815984
Y85T,-0.12482155959752633,0.259618469447257,test,0.38444002904478336
Y85V,0.23216411014773725,0.633232488130905,train,0.4010683779831678
Y85W,0.7550201297926931,0.842784629161863,train,0.08776449936916997
