Mutation,Prediction
A114C,0.14109387880803
A114D,-0.44177139645216146
A114E,-0.24666144941314763
A114F,0.32771491283252585
A114G,0.40634788901002095
A114H,-0.4750613085821591
A114I,0.5505599590729076
A114K,-0.5695599833243485
A114L,0.49445103846265814
A114M,0.46844715462674946
A114N,-0.5157939559407176
A114P,-0.7044294378502802
A114Q,-0.21736882520670922
A114R,-0.32831206794679035
A114S,0.31124187439446116
A114T,0.06966465519511142
A114V,0.3490584194955697
A114W,-0.10412796620591938
A114Y,-0.4897465574842581
A126C,-0.3368598312340274
A126D,-0.5557105351304861
A126E,-0.5594333141137122
A126F,-0.28912819639678533
A126G,-0.2622908990973838
A126H,-0.40227020712660044
A126I,-0.19151702933464113
A126K,-0.5046308874697449
A126L,0.23448414280507232
A126M,-0.26961823065890744
A126N,-0.5331623085841346
A126P,-0.7557019698436025
A126Q,-0.5510786592595136
A126R,-0.4086690307875984
A126S,0.09038557992632465
A126T,0.34264315057248806
A126V,0.5279903021891346
A126W,-0.7522505065204776
A126Y,-0.601617864765005
A203C,-0.23866084504184884
A203D,0.47449065763330855
A203E,0.8750543659948683
A203F,0.08244897610404986
A203G,0.2810163579062741
A203H,0.3255813221713537
A203I,0.32827839638761924
A203K,0.9133850072269084
A203L,0.6027187184115497
A203M,0.31468943623149803
A203N,0.4202045953557749
A203P,0.5792098819271714
A203Q,0.8268545179311935
A203R,0.5861498246841337
A203S,0.5853445861548106
A203T,0.49431484650298474
A203V,0.46887678041703085
A203W,0.031713564899525676
A203Y,0.1747406431809195
A226C,-0.768275769653465
A226D,0.037790414497880204
A226E,-0.1537576845136868
A226F,-0.6702340259373538
A226G,0.01801403628074147
A226H,-0.08207951050663856
A226I,-1.1435741570736697
A226K,-0.09037931016791537
A226L,-0.38281409650057663
A226M,-0.7615050485606454
A226N,-0.023490309574896645
A226P,-0.6896471982299612
A226Q,-0.12876508253295563
A226R,-0.30298955439028274
A226S,0.01033012458390245
A226T,-0.4211106903982591
A226V,-0.7466143844594466
A226W,-0.7637134341109548
A226Y,-0.5481261567137596
A32C,0.19884125696209362
A32D,0.6205127205245344
A32E,0.6158827605006745
A32F,0.22745261759402832
A32G,0.6574659279938095
A32H,0.38627451132430624
A32I,0.3971416885246435
A32K,1.3269061245499958
A32L,0.5127551377942772
A32M,0.2788731476674209
A32N,0.5355803827623187
A32P,0.14805266012313775
A32Q,0.6304116477968207
A32R,0.6147408153711811
A32S,0.9183055523228202
A32T,0.8208397485971157
A32V,0.28613975143412196
A32W,-0.3361137848768614
A32Y,0.272583541411604
A50C,-0.222890065829402
A50D,-0.05817137319924773
A50E,0.18894382799601447
A50F,0.05585561689251281
A50G,0.33509329976301805
A50H,-0.06776060069954906
A50I,0.3797028152393316
A50K,0.38170981939877136
A50L,-0.08702061717249213
A50M,0.015851615529428348
A50N,0.17163186455449916
A50P,-0.006208294910413886
A50Q,0.37408709216951364
A50R,0.30257220489613834
A50S,0.3025683602924345
A50T,0.6323440575674399
A50V,0.5235750677197335
A50W,-0.5051867814624598
A50Y,-0.13394898378938128
A61C,-0.20318394824921662
A61D,0.5071055489296232
A61E,0.26604549650140497
A61F,-0.08324032082007496
A61G,0.28653064334637035
A61H,-0.2443183260347546
A61I,-0.13582878038020366
A61K,0.2389052516917682
A61L,0.03263770072317437
A61M,0.022860283905810935
A61N,0.29549101732940963
A61P,0.616964648119612
A61Q,0.14594152993533302
A61R,0.1825045718521667
A61S,0.6062929780945612
A61T,0.3953877165746831
A61V,0.1824292815618391
A61W,-0.3768063495187204
A61Y,0.11990308722702767
A63C,0.1698031858629254
A63D,0.43199574095997795
A63E,0.34181307219176693
A63F,0.2835787394776257
A63G,0.8474354682258904
A63H,0.3882728756143634
A63I,0.4421145077551212
A63K,0.4631246586341917
A63L,0.3943664980527877
A63M,0.2630816243369547
A63N,0.18238643662042217
A63P,0.7682399466492202
A63Q,0.3144749259022315
A63R,0.31113418494694356
A63S,0.8043519409101978
A63T,0.5779285531714566
A63V,0.6136414299643405
A63W,-0.17980904718822502
A63Y,0.06247522125794666
A99C,-0.3088306359862085
A99D,0.007514489123141982
A99E,0.3314617651669356
A99F,-0.02953868066465451
A99G,0.03033792716778591
A99H,0.29845130711391255
A99I,0.07788875832094663
A99K,-0.02397182500911524
A99L,0.16692628787258765
A99M,0.14393566100305175
A99N,0.2336027678095269
A99P,-0.35443763086766866
A99Q,-0.12309266527483367
A99R,0.006390811307423999
A99S,0.8566041755550269
A99T,0.8643266984898648
A99V,0.14756942853528296
A99W,0.23929694782411057
A99Y,-0.01583751778673162
C186A,-1.9327164180455831
C186D,-1.5539129604291015
C186E,-1.4072934836405615
C186F,-0.9381499413757273
C186G,-1.3556770893641525
C186H,-1.18645772028407
C186I,-1.2726551991243293
C186K,-1.6408532596691812
C186L,-0.9701147725143944
C186M,-1.479220842832858
C186N,-1.3027005941136247
C186P,-1.4970684029380088
C186Q,-1.3123083709190966
C186R,-1.4137236016898873
C186S,-1.4009570962630202
C186T,-1.0154785254112109
C186V,-1.1879388998507547
C186W,-1.3829337391321563
C186Y,-1.1362937172382948
C31A,-1.3022593852603928
C31D,-1.2221119691394082
C31E,-1.3127607091693752
C31F,-0.7871440931368654
C31G,-0.953304690669599
C31H,-1.2231770853302497
C31I,-0.8049429714014731
C31K,-1.2476988310707848
C31L,-0.8821494138296209
C31M,-1.3084779212975501
C31N,-1.0505948210181768
C31P,-1.2016729389815075
C31Q,-1.1438009430209966
C31R,-1.273016352492086
C31S,-1.02558951268272
C31T,-0.8264638183778965
C31V,-1.0159808354412077
C31W,-1.3220629872291645
C31Y,-1.0847939004329152
C51A,0.8602115684544684
C51D,1.3218569092992491
C51E,1.2155919731805844
C51F,0.4053781357502131
C51G,0.961354434249493
C51H,0.7425462402531724
C51I,0.8323445204600257
C51K,0.918723254614363
C51L,0.6017255433257396
C51M,0.5907954118491703
C51N,0.8801176612838383
C51P,0.7470386506034283
C51Q,0.893616132660657
C51R,0.786337840295182
C51S,0.7583117790246843
C51T,0.7037785831602359
C51V,0.7697449476477884
C51W,0.31902070102312985
C51Y,0.5542378403233346
D120A,0.39194704873264685
D120C,-0.5582296305531664
D120E,-0.057717555990879826
D120F,-0.48208772621333074
D120G,-0.15693402240272739
D120H,-0.4182162124576001
D120I,-0.47121650653120906
D120K,-0.4824371319066465
D120L,-0.38081232323546343
D120M,-0.5306866737928568
D120N,0.36054030592991193
D120P,-0.6224111274842508
D120Q,-0.21450726623141006
D120R,-0.3316904754632084
D120S,0.46388994804543326
D120T,0.2285373264033845
D120V,-0.4135989868262371
D120W,-0.996264405829272
D120Y,-0.4757715292582594
D121A,0.9095825640381913
D121C,0.15728140841111846
D121E,0.9778279989218063
D121F,0.2637407552063431
D121G,0.5292022999805255
D121H,0.682304788375899
D121I,0.12558982874901312
D121K,1.2509484281522978
D121L,0.3316863073588694
D121M,0.25865434289327727
D121N,0.7103313131773161
D121P,0.6764171469347584
D121Q,0.7689058370419408
D121R,0.691444576660527
D121S,0.7580274759983547
D121T,0.5137331148003037
D121V,0.33245436760217206
D121W,0.020888059076989735
D121Y,0.24784659346305735
D146A,0.6326756511603242
D146C,-0.3744461058774986
D146E,0.5573262065038525
D146F,-0.25381173326621154
D146G,0.010596764871546566
D146H,0.026323904402881543
D146I,-0.010822376401790318
D146K,0.682548227923784
D146L,-0.27295317336636504
D146M,-0.13832645715375283
D146N,0.4350413479432924
D146P,0.505036424846057
D146Q,0.5252569996191174
D146R,0.6583348313011723
D146S,0.0538724511685644
D146T,0.3053542864837593
D146V,0.19440748536729166
D146W,-0.2849845530470052
D146Y,-0.13907767173946398
D173A,0.33634980173386575
D173C,-0.44290626932839317
D173E,0.5684718100671384
D173F,-0.5015142416486573
D173G,0.01493904082634498
D173H,0.03818688378626242
D173I,-0.10071087892687561
D173K,0.33193615848072344
D173L,-0.2003503221430725
D173M,-0.22107564477011724
D173N,0.17076281435578441
D173P,-0.2754478521912693
D173Q,0.14716430460798954
D173R,0.24026715139768037
D173S,0.49723485859518224
D173T,0.5180612945013339
D173V,-0.27367618175137487
D173W,-0.4727656756630818
D173Y,-0.30261419774515375
D41A,-0.38106789740983116
D41C,-0.9397358871040997
D41E,-0.3005024800239062
D41F,-0.873628454303542
D41G,-0.5914252260793069
D41H,-0.5108709400628388
D41I,-0.652605836954046
D41K,-0.6849861321864155
D41L,-0.6418507545603491
D41M,-0.6891628025412921
D41N,0.37743018772147385
D41P,-0.5254714354226295
D41Q,-0.4722911396662144
D41R,-0.626167559494816
D41S,-0.5384081648135246
D41T,-0.7786264616336882
D41V,-0.5754089880829141
D41W,-1.0274464008565025
D41Y,-0.9009048029253264
D62A,0.26455230801386476
D62C,-0.17778580415728976
D62E,0.14142241871118297
D62F,0.12126053828856118
D62G,0.4456252820172746
D62H,0.2431199837843567
D62I,0.19841910289454787
D62K,0.2472670629950637
D62L,0.19920575318855824
D62M,0.14075181816320412
D62N,0.5030224986684693
D62P,-0.06374653251329002
D62Q,0.20673611875575523
D62R,0.07246108433867213
D62S,0.4948144075303875
D62T,0.267795445696556
D62V,0.33333530747877427
D62W,-0.278272516336894
D62Y,0.07661815366940103
D86A,-0.2694002580525141
D86C,-0.6657005262762481
D86E,0.03907046366000297
D86F,-0.5848485818027305
D86G,0.19901146202367
D86H,-0.2650221276979834
D86I,-0.6347769505801923
D86K,-0.0403340306853113
D86L,-0.34239661440560365
D86M,-0.24058449123615547
D86N,0.45581878994383684
D86P,-0.4924049366942884
D86Q,-0.23600618142577193
D86R,-0.20541547861855539
D86S,-0.14174340882354966
D86T,-0.4403786304079613
D86V,-0.42640596226198957
D86W,-0.7971930880660252
D86Y,-0.5199056590911151
E102A,-1.5485055487305162
E102C,-1.577489743297201
E102D,-0.9510666005359414
E102F,-1.3006507342943903
E102G,-1.0302956774748586
E102H,-1.2670329815511665
E102I,-1.2539395791131787
E102K,-1.1118130098914798
E102L,-0.9691382891360667
E102M,-1.368589091833858
E102N,-1.024516732823885
E102P,-1.2247209177397247
E102Q,-1.0219786172373229
E102R,-1.577489743297201
E102S,-1.2256486397758208
E102T,-1.3107581873446699
E102V,-1.2901419266039462
E102W,-1.577489743297201
E102Y,-1.577489743297201
E108A,0.6950946639478137
E108C,0.018826921832713922
E108D,0.3561887923452094
E108F,0.41607557667825024
E108G,0.3933138937404257
E108H,0.7278535731982281
E108I,0.5827957798801284
E108K,1.1315231696735584
E108L,0.6526009382010072
E108M,0.45396769527134584
E108N,0.6330664799573551
E108P,-0.1271899421699572
E108Q,0.699323252011645
E108R,0.8085577785880638
E108S,0.5834509146726106
E108T,0.4897907748256056
E108V,0.7405929471397705
E108W,-0.03483108469291277
E108Y,0.2699853281468343
E113A,0.1698823295837841
E113C,-0.5291749819602032
E113D,-0.3336678802987749
E113F,-0.9963311939072668
E113G,-0.4389318675902758
E113H,-0.7946264569386838
E113I,-0.6475977892555576
E113K,-0.5660962937419032
E113L,-0.7254254581204211
E113M,-0.7071871846168873
E113N,-0.32945608688700245
E113P,-0.6552734390886461
E113Q,-0.4909738114895137
E113R,-0.7131010682013956
E113S,-0.2563642276912934
E113T,-0.4359356741289222
E113V,-0.009836792576183778
E113W,-0.9963311939072668
E113Y,-0.9492811173436881
E122A,-1.0582571103240377
E122C,-1.007949204986399
E122D,0.054672267493411
E122F,-0.988870886783972
E122G,-0.7459360873876535
E122H,-0.2919536676141443
E122I,-0.8912735504113409
E122K,-0.42987155339783234
E122L,-0.4707707884837462
E122M,-0.7138301713957129
E122N,-0.1456542298786281
E122P,-0.8827471851878319
E122Q,-0.2461813019252719
E122R,-0.6785619615478296
E122S,-0.42909769478212345
E122T,-0.4438117975762128
E122V,-0.63972176872428
E122W,-1.062893826496976
E122Y,-0.7908700549411178
E140A,0.029196523665182078
E140C,-0.4777232738442816
E140D,-0.10899903994907903
E140F,-0.285472819189438
E140G,0.14382469599437228
E140H,-0.3851421343309349
E140I,0.06132043746857316
E140K,-0.348705855816013
E140L,0.08736226266163657
E140M,-0.29133359923572266
E140N,-0.011954385328135447
E140P,-0.24188627852906078
E140Q,-0.12774898159326267
E140R,-0.40075602829675594
E140S,0.2001200494259314
E140T,0.2304558154723497
E140V,-0.06870084228938336
E140W,-0.17580625496930094
E140Y,-0.31707401254121637
E155A,0.040578568357541894
E155C,-0.26658786739797247
E155D,0.2760341880354793
E155F,0.13766634867413294
E155G,-0.02535368730082202
E155H,0.16935267054819333
E155I,0.27972339249395217
E155K,0.9854874826986008
E155L,0.3113674182810908
E155M,0.2921609840055841
E155N,0.2886264334712725
E155P,0.32233174454245495
E155Q,0.28691231509478987
E155R,0.16819832505892804
E155S,0.29809554332822374
E155T,0.6450029980291192
E155V,0.3911736670569437
E155W,-0.332171974799893
E155Y,-0.12009967434550053
E188A,-1.019115258719483
E188C,-1.0453598661372268
E188D,-0.41187504828244004
E188F,-1.0092794514833416
E188G,-0.5236132455395048
E188H,-0.6766358865990685
E188I,-1.1186947204238264
E188K,-0.6568367925429666
E188L,-0.8102578319723972
E188M,-0.9836876508700616
E188N,-0.7696947003720114
E188P,-0.6519589897177855
E188Q,-0.2165243209347323
E188R,-0.6453604366755883
E188S,-0.5721032478214263
E188T,-0.6108600793091075
E188V,-0.8487186451117754
E188W,-1.3394721297156313
E188Y,-0.8354638828813097
E197A,0.05132606383260582
E197C,-0.4043880314458552
E197D,0.3429632285933084
E197F,-0.4246337413746062
E197G,-0.30099370539353654
E197H,0.22154114206810813
E197I,-0.29798931925516303
E197K,0.5114617346807449
E197L,-0.38826240620397146
E197M,-0.20969619776733553
E197N,0.37848143329271755
E197P,-0.4652665865728456
E197Q,0.36747767220904626
E197R,-0.09139517585842818
E197S,-0.033278820840065976
E197T,0.209214422593566
E197V,-0.20748844457970297
E197W,-0.7062131620735119
E197Y,-0.2219570236390376
E200A,-0.062319213711844706
E200C,-0.4000187154427457
E200D,0.007526632278846063
E200F,-0.0665913276416972
E200G,-0.1086715384514059
E200H,-0.04714213548694393
E200I,0.054529020224789865
E200K,-0.34679876096527584
E200L,-0.15270935712112668
E200M,-0.14017569287613577
E200N,0.18942771471676642
E200P,0.19657757485303093
E200Q,0.0955446663203898
E200R,-0.11264551871715292
E200S,0.5363567108976128
E200T,0.5788100931431832
E200V,-0.05793771995364108
E200W,-0.478533793801851
E200Y,-0.09711792158130764
E204A,0.1318997293206787
E204C,-0.3948701656568834
E204D,0.5385399291429613
E204F,-0.22841359274020115
E204G,0.17256286469062007
E204H,-0.12001399749940814
E204I,-0.270356152214172
E204K,0.28942688306239317
E204L,-0.0952034592887672
E204M,-0.18805446537339113
E204N,-0.11526617596506353
E204P,-0.15875143310260367
E204Q,0.5908263079432294
E204R,-0.033239456351058766
E204S,0.29758236727370635
E204T,0.10745715125165264
E204V,-0.24004558304688264
E204W,-0.5363433460929019
E204Y,-0.16659285756768985
E211A,0.23813815861117446
E211C,-0.23107597800100402
E211D,0.41896081994714096
E211F,-0.07941397930676311
E211G,0.39193122388098034
E211H,0.23989994858051608
E211I,-0.14238503523728654
E211K,0.780662191293977
E211L,-0.09143441739856387
E211M,-0.08665099051732086
E211N,0.4695133264501562
E211P,-0.3166731229815568
E211Q,0.5154789129248604
E211R,0.3110033819682799
E211S,0.4589208217774349
E211T,0.49099479831060433
E211V,-0.040495463675987026
E211W,-0.6565274038831374
E211Y,0.15070498069183133
E27A,0.16306325914651995
E3A,0.21279879327197146
E44A,0.32878380814561536
E44C,-0.05634568341784399
E44D,0.4784328503655959
E44F,0.2162185817294637
E44G,0.6280180578798915
E44H,0.3530363628063742
E44I,0.06120194220369199
E44K,0.5224814385650283
E44L,0.046784414479113384
E44M,-0.005127460788605848
E44N,0.6769530167632101
E44P,0.22791740298806348
E44Q,0.2649630636960043
E44R,0.5198492370943462
E44S,0.49187147199375714
E44T,0.756122867844303
E44V,0.09322673322499361
E44W,0.02971663218671458
E44Y,0.09754436801192631
E6A,-0.118276533160977
F112A,0.7639663387020881
F112C,-0.07675491023124395
F112D,-0.41129334553817287
F112E,-0.2794042729861608
F112G,-0.029671632912621454
F112H,-0.4986437141224247
F112I,0.5168704722349653
F112K,-0.25450628113535423
F112L,1.1939200066736508
F112M,1.1279719510522566
F112N,0.008889158682125559
F112P,-0.09731076349354997
F112Q,-0.20843837636252352
F112R,-0.3127826941060934
F112S,0.11505714361784622
F112T,0.13092942601595456
F112V,0.6532610992830716
F112W,-0.39823427545159706
F112Y,-0.3769278774844236
F116A,-0.6456003872281464
F116C,-0.8146281114234846
F116D,-1.0796603987309088
F116E,-0.8756318796048506
F116G,-0.8809354862081951
F116H,-0.8782058290764003
F116I,-0.2676084673641026
F116K,-0.9258065989287441
F116L,0.2993118663204899
F116M,-0.20114506762840148
F116N,-0.9088112910469417
F116P,-0.8796263123151138
F116Q,-0.749725868693603
F116R,-1.0178049897109696
F116S,-0.8012561446539013
F116T,-0.8840275028869162
F116V,-0.6491239234941153
F116W,-0.7709840215236441
F116Y,-0.4004626052374891
F132A,0.22502446009110996
F132C,-0.2719886578857178
F132D,-0.7301299706553324
F132E,-0.6702136677939325
F132G,-0.31666696998357713
F132H,-0.25796745333253224
F132I,0.0843806047490405
F132K,-0.8239363502712598
F132L,0.10551320181842613
F132M,0.3114793392857669
F132N,-0.5649273793804266
F132P,-0.44978951303506864
F132Q,-0.5067152451176042
F132R,-0.7388580341570372
F132S,-0.26872268398350707
F132T,-0.3058753430785095
F132V,0.10879555784730852
F132W,-0.498824216994612
F132Y,0.6476595403917758
F195A,0.6390170539258744
F195C,0.04122890914598806
F195D,0.060461623083030575
F195E,0.02778571050299658
F195G,0.11391486432105322
F195H,0.13131537790146194
F195I,0.8114593126328229
F195K,0.22448180568216444
F195L,1.021679405057899
F195M,1.157172664285211
F195N,0.33269130302036487
F195P,0.19036715505569732
F195Q,0.14911533915018713
F195R,0.1707168796383147
F195S,0.2858282587619465
F195T,0.25944998697365307
F195V,0.5696865868633196
F195W,0.0952352898170101
F195Y,0.47711931475081215
F209A,0.3494391650163913
F209C,0.0029375905071421238
F209D,-0.37600245717867675
F209E,-0.34978374269709567
F209G,-0.15506130609412497
F209H,-0.08628737779648424
F209I,0.4570936673587941
F209K,-0.372438621898571
F209L,0.7034331810284954
F209M,0.7558972486980299
F209N,-0.10124261913726154
F209P,-0.23276065515821867
F209Q,-0.373304331243434
F209R,-0.24278959296937677
F209S,-0.07367020436176822
F209T,-0.0736517781000531
F209V,0.2469394279927318
F209W,0.22241619947770416
F209Y,0.6397095221383214
F215A,-0.04288023605442229
F90A,-0.5368565260218658
F90C,-0.6365347908262686
F90D,-0.806388177617948
F90E,-0.8798174524265248
F90G,-0.6914954513538167
F90H,-0.2778044400652151
F90I,-0.5837797951766928
F90K,-1.181538841082765
F90L,-0.3565254731992291
F90M,-0.593542258986862
F90N,-0.7856148857938479
F90P,-0.8318333449249602
F90Q,-1.00315561077029
F90R,-0.9088482732405141
F90S,-0.5878465713873848
F90T,-0.7068785753020226
F90V,-0.583026804932723
F90W,-0.3578831609079387
F90Y,0.2662279217029293
F95A,-0.1984964112648027
F95C,-0.23615779619155844
F95D,-1.103380590683979
F95E,-1.103380590683979
F95G,-0.5248244737269108
F95H,-1.103380590683979
F95I,0.49842118929636703
F95K,-1.103380590683979
F95L,0.025055344296699172
F95M,0.05968148374310853
F95N,-0.8121367855251376
F95P,-1.103380590683979
F95Q,-1.085936454971279
F95R,-0.9454946907373669
F95S,-0.45628737846357525
F95T,-0.25326701306498034
F95V,0.18905352833970077
F95W,-0.485926274184298
F95Y,0.5092791110066233
F97A,0.15841184733139577
F97C,-0.19987593203394785
F97D,-1.0612160461570062
F97E,-0.7523927026193018
F97G,-0.4528600829575087
F97H,-0.6413781568019763
F97I,-0.2916356600651744
F97K,-1.0064000778747904
F97L,0.10148802748713368
F97M,-0.03982824006790911
F97N,-0.9386035232782697
F97P,-0.42431828665759497
F97Q,-0.8639900042276185
F97R,-1.0612160461570062
F97S,-0.31923225852754156
F97T,-0.26760475504079917
F97V,-0.04617364249651648
F97W,-0.1050139741120755
F97Y,-0.20413024422112483
G107A,0.034687299079205286
G107C,-0.37518911284517165
G107D,0.028964356254246287
G107E,0.09646332480781569
G107F,-0.15936230977910484
G107H,0.08361716346848211
G107I,-0.4789580061705827
G107K,-0.10250484301244003
G107L,-0.21884853985957256
G107M,-0.38488312717770823
G107N,0.2161938792973017
G107P,-0.6034008577334582
G107Q,0.03308756705172075
G107R,0.058666434587580224
G107S,0.20125709911416886
G107T,0.036670295150118964
G107V,-0.45766374391889686
G107W,-0.46411729972936167
G107Y,-0.3398782765084336
G123A,-0.5618710392750299
G123C,-0.9333329932167209
G123D,-0.6144824532353188
G123E,-0.867906757022753
G123F,-0.7205320885209452
G123H,-0.3583673199895441
G123I,-0.7377901377494056
G123K,0.19548399746135778
G123L,-0.5510543634839786
G123M,-0.7320416985966718
G123N,-0.07577547272790455
G123P,-0.4953468935281311
G123Q,-0.38630375560032215
G123R,-0.32582382254023523
G123S,-0.19764444259398542
G123T,-0.6852576383527702
G123V,-0.7460801598936144
G123W,-1.238191698310887
G123Y,-0.7946463184093959
G129A,0.563383119912034
G129C,-0.33436627414408626
G129D,-0.393421452340454
G129E,-0.2570966380092452
G129F,-0.5452598011508254
G129H,-0.6539952979648542
G129I,-0.4971933793930261
G129K,-0.48794342404979485
G129L,-0.6539762078736118
G129M,-0.6695701859450658
G129N,-0.3563068907265974
G129P,-0.4817218577991276
G129Q,-0.6320648399307016
G129R,-0.46596031047662256
G129S,0.464410122634753
G129T,0.1948599430808908
G129V,0.11647737727872351
G129W,-0.7036945912953048
G129Y,-0.6460319390492
G135A,0.23485652460384807
G135C,-0.2564950187959769
G135D,-0.015287127840759612
G135E,-0.18674476266658593
G135F,-0.48208946217089244
G135H,-0.42747306855785894
G135I,-0.31597681608468253
G135K,-0.09077282771689313
G135L,-0.5060485614552519
G135M,-0.5482431544696071
G135N,0.1645310854739432
G135P,-0.43629622226067477
G135Q,-0.1871152077822136
G135R,-0.4054820624530131
G135S,0.23102335886927203
G135T,-0.1748904935509721
G135V,-0.08079271294368742
G135W,-0.7105809681396602
G135Y,-0.5421095368568762
G14A,-0.6199882901364928
G14C,-0.8076287653253167
G14D,-0.09712274535072798
G14E,-0.020139138251009686
G14F,-0.7117559235232451
G14H,-0.6746716951467908
G14I,-0.9803721504028262
G14K,-0.3515482938747523
G14L,-0.5744248624364205
G14M,-0.7962007840932639
G14N,-0.369655833505266
G14P,-0.6287689247765695
G14Q,-0.4760273042783649
G14R,-0.4861222079047516
G14S,-0.43616984545178594
G14T,-0.48567995442687106
G14V,-0.7939138391292144
G14W,-1.1102608151348705
G14Y,-0.6947603796400617
G153A,-0.0736331164894071
G153C,-0.597533322602275
G153D,0.3387127070045155
G153E,0.347131360995764
G153F,-0.5648926956578659
G153H,-0.11838615962491963
G153I,-0.2018546102669814
G153K,0.14377158183927016
G153L,-0.2610543151042918
G153M,-0.40405852565865363
G153N,0.3693153851673072
G153P,-0.3585927066019403
G153Q,0.020701056525500555
G153R,0.06613920230226442
G153S,-0.15782519728065617
G153T,0.21645454726008226
G153V,-0.22804183510438983
G153W,-0.3251011113220401
G153Y,-0.1303454190987461
G179A,-1.039648110466358
G179C,-1.102754177019483
G179D,-0.7168092821625578
G179E,-1.0893235879101386
G179F,-1.2533706268613636
G179H,-1.2533706268613636
G179I,-1.2533706268613636
G179K,-1.2533706268613636
G179L,-1.2533706268613636
G179M,-1.2533706268613636
G179N,-0.9763870851662912
G179P,-1.1043168599658602
G179Q,-1.2533706268613636
G179R,-0.8603269530560955
G179S,-0.8374883205566901
G179T,-1.0742203944793034
G179V,-1.1209374200435986
G179W,-1.2533706268613636
G179Y,-1.2533706268613636
G17A,0.41215008212580484
G17C,-0.734066690885919
G17D,-0.13981211199445778
G17E,-0.39285093818510086
G17F,-1.0139631254213621
G17H,-0.4923767580318623
G17I,-0.6897318138481321
G17K,-0.3191982717303077
G17L,-0.6267590205843612
G17M,-0.6350158651702431
G17N,0.009641592322656461
G17P,-0.5632113432850816
G17Q,-0.3977812666476863
G17R,-0.3296403465001765
G17S,0.07276698206264728
G17T,-0.3485237443034026
G17V,-0.47506319119292684
G17W,-0.8814700567523057
G17Y,-0.6272668584427592
G189A,-0.20018245918024127
G189C,-0.400107727829369
G189D,-0.3681177123176296
G189E,-0.3472808199365902
G189F,-0.7162297013280963
G189H,-0.4948431591575524
G189I,-0.32508273250323283
G189K,-0.17025755787267197
G189L,-0.6661483247865374
G189M,-0.745768796300474
G189N,0.021936347623777913
G189P,-0.17470736714960558
G189Q,-0.23364830272505002
G189R,-0.2744204559080412
G189S,-0.18887144108958867
G189T,-0.33415777895244636
G189V,-0.5006881549473325
G189W,-1.1809944872721192
G189Y,-0.7979654925586379
G214A,-0.201968136331835
G214C,-0.4009656291237168
G214D,0.2765462122538339
G214E,-0.004018004731038
G214F,-0.19513134643510358
G214H,0.3666702036152937
G214I,-0.18728824797389257
G214K,0.21406252015415914
G214L,-0.06288677733702555
G214M,-0.333899750941394
G214N,0.028178988026552693
G214P,0.3310837257333016
G214Q,-0.04649027313845169
G214R,-0.08693849223706965
G214S,0.23193437650068835
G214T,-0.05613157202392563
G214V,-0.07857375729992891
G214W,-0.8162036139368166
G214Y,-0.09002024124200761
G22A,0.21255989029670583
G22C,-0.504344138277129
G22D,-0.05138176891953042
G22E,-0.14195440415183616
G22F,-0.400520239282701
G22H,0.17160980735130013
G22I,-0.4003315747355072
G22K,-0.017615757687875738
G22L,-0.4107681791143776
G22M,-0.47655551739150015
G22N,-0.1840472412371699
G22P,-0.23616547550780534
G22Q,-0.33084937341293985
G22R,-0.516232939841053
G22S,0.45276286714741465
G22T,-0.0370816337283322
G22V,-0.29292902481868577
G22W,-0.3301058932178047
G22Y,-0.3531079621201356
G2A,0.29324700518744207
G34A,-0.25518881301446905
G34C,-1.1309879625071448
G34D,-0.15932242599582527
G34E,-0.3847781550202325
G34F,-0.44692680644743765
G34H,-0.6176803014998842
G34I,-0.6438871531803954
G34K,-0.49909436056918866
G34L,-0.34138611620959747
G34M,-0.37544370351739564
G34N,-0.47134626898748877
G34P,-0.7043242568307808
G34Q,-0.5049708766631493
G34R,-0.3156542407079299
G34S,-0.0660180671068065
G34T,-0.3947172815979343
G34V,-0.4341514001376945
G34W,-0.7374592596710197
G34Y,-0.48149458053336813
G70A,-0.27890561546490744
G70C,-0.6163152623156054
G70D,-0.06692502794780578
G70E,-0.1863093869678978
G70F,-0.4811425700179117
G70H,-0.3582773578376872
G70I,-0.33887373533089926
G70K,-0.05126050402063556
G70L,-0.2393029096172508
G70M,-0.6927071296366956
G70N,-0.17173842163397038
G70P,-0.36498263816792376
G70Q,-0.2965216997435789
G70R,-0.38076531326197527
G70S,-0.14626840116266185
G70T,-0.23015460309472105
G70V,-0.3734769160788045
G70W,-0.6877420720579823
G70Y,-0.3266040428671202
G79A,0.09758123170929475
G79C,-0.31378343878164117
G79D,0.28574403204105137
G79E,0.1645919060842593
G79F,-0.3010124878552447
G79H,-0.26752527614972443
G79I,-0.24951633930840658
G79K,0.17303730447822604
G79L,-0.011194701882054875
G79M,-0.3293731879907318
G79N,0.39331347870584166
G79P,0.14856970169054537
G79Q,0.24678272028282008
G79R,0.05550671956841444
G79S,0.16382047687080845
G79T,0.16402971710768496
G79V,-0.13605201301993167
G79W,-0.4964513133084312
G79Y,-0.12626062653446415
G87A,-0.09587899032777394
G87C,-0.5575273783417307
G87D,0.09653591017956173
G87E,0.3690758217996861
G87F,-0.4733470900453276
G87H,-0.09737163180678945
G87I,-0.4327343969445471
G87K,0.07041552658131187
G87L,-0.6033527846351241
G87M,-0.6164803879092244
G87N,0.39955027617594707
G87P,-0.2805587674656884
G87Q,0.06218211330182785
G87R,-0.0010267083727346915
G87S,0.022772339413986015
G87T,-0.08798039716128295
G87V,-0.4669702871286261
G87W,-0.5955606566227258
G87Y,-0.40424232653915304
H103A,-0.6313370784531069
H103C,-0.8205231861588547
H103D,-0.502785964339362
H103E,-0.3601099851116243
H103F,-0.46290771217738147
H103G,-0.49464651833817763
H103I,-0.5456558914439356
H103K,-0.7301602674021117
H103L,-0.5803300041216124
H103M,-0.49264918357893395
H103N,0.31570647861795686
H103P,-0.6329681786838885
H103Q,-0.7842402786887899
H103R,-0.6728375132210145
H103S,-0.5343977313598778
H103T,-0.2327945307835564
H103V,-0.5352162561618519
H103W,-0.9326640911306714
H103Y,-0.3479057003298931
H115A,-0.48830609942513314
H115C,-0.8980252246205329
H115D,-0.40554363502840074
H115E,-0.3516342057420343
H115F,-0.6101219528567907
H115G,-0.5070710995844232
H115I,-0.6341143944970233
H115K,-0.42027862777726055
H115L,-0.41411700930659245
H115M,-0.8121165832318371
H115N,-0.41484268914795
H115P,-0.5299365948906583
H115Q,-0.18942490511148738
H115R,-0.3727118403084684
H115S,-0.548805463077203
H115T,-0.6581606039084273
H115V,-0.5814639486697479
H115W,-1.002906416259148
H115Y,-0.4072986334835158
H118A,-2.1531347747801877
H118C,-1.5442893477015782
H118D,-1.9313915338291179
H118E,-1.7438888438262339
H118F,-1.4630687694734648
H118G,-1.516122788555602
H118I,-1.6927040256797294
H118K,-1.7218502043724526
H118L,-1.3529201367286912
H118M,-1.418726502365065
H118N,-0.4943768142637732
H118P,-1.672418571504637
H118Q,-1.5110662838706088
H118R,-1.610396906974671
H118S,-1.371977317275753
H118T,-1.209734406215969
H118V,-1.7331846358671128
H118W,-1.5237390211075228
H118Y,-1.2009456498153726
H71A,-0.29639426585838136
H71C,-0.45807807097387476
H71D,-0.21913305667428776
H71E,-0.19749471812458766
H71F,0.045767174143826556
H71G,-0.39980567748991414
H71I,-0.4212000533430582
H71K,0.08728834346889111
H71L,-0.22147198749822253
H71M,-0.5511792564752072
H71N,0.10740118946086993
H71P,-0.5453813601064508
H71Q,-0.2061088966382321
H71R,0.13271438015596312
H71S,0.04562021245273004
H71T,-0.08845368141591739
H71V,-0.25844081785553685
H71W,-0.5268808485241623
H71Y,0.3728952195226598
H7A,0.0890323142179876
H96A,-0.7943321734466706
H96C,-0.822573108545011
H96D,-0.387382226768596
H96E,-0.5408124531065086
H96F,-0.928497465422033
H96G,-0.9137038701010485
H96I,-0.7553542342978052
H96K,-0.8634697312771711
H96L,-0.6319481474948421
H96M,-0.8847763561687505
H96N,-0.578976709935461
H96P,-0.9567453944152962
H96Q,-0.35607432443633336
H96R,-0.6327772923589872
H96S,-0.5781943550683057
H96T,-0.6458099171796388
H96V,-0.6616565379574362
H96W,-1.2241489277922426
H96Y,-0.5885741412068648
H98A,-2.2351527813896754
H98C,-1.4016484372126379
H98D,-1.5913231645188568
H98E,-1.7400755096429723
H98F,-1.3183109784314313
H98G,-1.316885970622641
H98I,-1.3276087656068114
H98K,-1.1665774168567165
H98L,-1.2492213395881566
H98M,-1.664941527668562
H98N,-1.202209604575529
H98P,-1.4736959628622452
H98Q,-1.0413780616549442
H98R,-1.0780891139561937
H98S,-1.3884104516547429
H98T,-1.3002031475308367
H98V,-1.3706533783117885
H98W,-1.4097154860583787
H98Y,-1.0848213042935364
I125A,-0.26493178484591207
I125C,-0.6903200889151058
I125D,-0.9276502942195757
I125E,-0.7203551250574343
I125F,-0.3801921206630885
I125G,-0.6679705739183541
I125H,-0.4710447178796162
I125K,-0.4132555525544306
I125L,0.4881789274572941
I125M,-0.21446418224437694
I125N,-0.462268869544328
I125P,-0.26714859936112134
I125Q,-0.434447824287687
I125R,-0.37655685381609816
I125S,-0.43542181711773376
I125T,-0.2839553391133878
I125V,0.054297684516853434
I125W,-0.6663178518055637
I125Y,-0.11484129825674352
I128A,0.3774799534407287
I128C,-0.01465614977831245
I128D,-0.2698677997418524
I128E,-0.469029356977988
I128F,0.1167384837424574
I128G,-0.24775687669568572
I128H,-0.24884305308502921
I128K,-0.3259026153131561
I128L,1.0359277115758303
I128M,0.22699487673516214
I128N,-0.1426724368347592
I128P,-0.34502277373658785
I128Q,-0.26266373573613633
I128R,-0.177059805816719
I128S,-0.0677459291210756
I128T,0.20760624394689484
I128V,1.1661910496807337
I128W,-0.19685563700243727
I128Y,-0.18163098051866647
I144A,0.6160794550905937
I144C,-0.20317581429775847
I144D,-0.21540448104786505
I144E,-0.14045786803357665
I144F,0.3475448131095641
I144G,-0.09180133611694621
I144H,-0.14896058168273021
I144K,-0.22819966346654177
I144L,0.7540882105109468
I144M,0.6219946631345703
I144N,-0.31054471868770106
I144P,-0.039602011771602746
I144Q,-0.17784203540692636
I144R,-0.21352326199401397
I144S,0.08524416635409168
I144T,0.033497622156799495
I144V,0.4396610222362085
I144W,-0.05353936281509866
I144Y,0.28310032067648727
I193A,0.38293284646796044
I193C,-0.2608340275045853
I193D,-0.39967994414327146
I193E,-0.5295676013309554
I193F,0.6201941297201983
I193G,-0.7385478588842509
I193H,0.13483301849574533
I193K,-0.28541506970164976
I193L,0.6015361261458518
I193M,0.3081628355396151
I193N,0.3470366779242542
I193P,-0.43910892471107266
I193Q,0.11668984790109024
I193R,0.025157890652827558
I193S,0.16465783731513592
I193T,0.3837395310937448
I193V,0.7601025316385974
I193W,-0.007254391642011387
I193Y,0.6739771417400102
I194A,0.15496059588263297
I194C,-0.3701902474369567
I194D,-0.10077440834133092
I194E,-0.06228473303982887
I194F,0.13859291550399797
I194G,-0.6112361573311023
I194H,-0.6641467077443006
I194K,-0.4228404576662719
I194L,0.4479164310911221
I194M,0.349901330922437
I194N,-0.07235963585169317
I194P,-0.4339076282869607
I194Q,-0.21516934919565592
I194R,-0.42369592737512285
I194S,-0.22384779411287206
I194T,0.005025253070669117
I194V,1.1560753743616106
I194W,-0.3269519151158766
I194Y,-0.3700518366608758
I201A,0.4033144331869445
I201C,-0.2536492652332676
I201D,-0.3953733383346152
I201E,-0.7349958071817109
I201F,0.3425263409006414
I201G,-0.3202098626422467
I201H,-0.5136192002659103
I201K,-0.4005358064296711
I201L,0.6356180253796984
I201M,0.5130191173601517
I201N,-0.8020528431789375
I201P,-0.6119491198228753
I201Q,-0.44988579976315135
I201R,-0.4058782756024013
I201S,-0.12056442652899604
I201T,-0.1139407933980974
I201V,0.9155207345262318
I201W,-0.30250838840084215
I201Y,-0.27924229910504916
I221A,0.026136488232603478
I221C,-0.3530015929863203
I221D,-0.45828968933177794
I221E,-0.12668961625534472
I221F,-0.2923045882759888
I221G,-0.36947899281060115
I221H,-0.44600036558726364
I221K,-0.22499734341230795
I221L,0.582621460747872
I221M,-0.22417136500088777
I221N,-0.3426564230059629
I221P,-0.015591755293875492
I221Q,-0.2738703144147955
I221R,-0.1472876661612558
I221S,-0.030291349650893556
I221T,0.629624614790608
I221V,0.7246450472367864
I221W,-0.7703229933566055
I221Y,-0.47833014966581666
I224A,0.5790726633288356
I224C,-0.1919040117591321
I224D,0.08024729696043473
I224E,0.07782477222833059
I224F,0.21683849633826555
I224G,-0.01646055020504647
I224H,0.47278989263234716
I224K,0.48601504677495366
I224L,1.0131751796177084
I224M,0.2949025760571845
I224N,0.07910997181012366
I224P,0.12836514321756795
I224Q,0.19327997228437863
I224R,0.5761248909629967
I224S,0.1415391578778936
I224T,0.6008937194593783
I224V,0.6657761356526811
I224W,0.03286051440181778
I224Y,0.011558895966897381
I229A,-0.3042659667436163
I229C,-0.7218049277657739
I229D,-0.7218049277657739
I229E,-0.7218049277657739
I229F,-0.7218049277657739
I229G,-0.7218049277657739
I229H,-0.7218049277657739
I229K,-0.7218049277657739
I229L,0.7572526593240017
I229M,-0.0754646767430163
I229N,-0.7218049277657739
I229P,-0.7218049277657739
I229Q,-0.7218049277657739
I229R,-0.7218049277657739
I229S,-0.7218049277657739
I229T,-0.7218049277657739
I229V,1.149570796502425
I229W,-0.7218049277657739
I229Y,-0.7218049277657739
I29A,0.22117647338371202
I33A,0.15983475271147138
I40A,-0.4576588628495015
I40C,-0.8168284636011509
I40D,-0.8617065202085037
I40E,-0.641739804708727
I40F,-0.2805992666416399
I40G,-0.7101904149461133
I40H,-0.7666524539346611
I40K,-0.7617567537329122
I40L,0.008390920579020883
I40M,-0.21317744774654826
I40N,-0.8617065202085037
I40P,-0.7182521218904978
I40Q,-0.8617065202085037
I40R,-0.38223770570372695
I40S,-0.47750723478420776
I40T,-0.3479171136152499
I40V,0.7484482172314872
I40W,-0.8617065202085037
I40Y,-0.8617065202085037
I57A,-0.0016751401972006363
I57C,-0.3014106102249543
I57D,-0.25086283464194237
I57E,-0.33737513327390367
I57F,0.7734164708631392
I57G,-0.08658952744988338
I57H,-0.1461863253878817
I57K,-0.2177824302170537
I57L,0.8594254765795486
I57M,0.17044651182969292
I57N,-0.052761570494908955
I57P,0.2821278946789465
I57Q,-0.20518134784063904
I57R,-0.15802766344318056
I57S,0.024931619538258926
I57T,0.320139704700932
I57V,0.6431909234375879
I57W,0.20677025338837704
I57Y,0.08937264073391968
I5A,0.23445792733814527
I73A,-0.3353991184725703
I73C,-0.6519085591207899
I73D,-0.8287122688977209
I73E,-0.31673910755573287
I73F,-0.20329130075883708
I73G,-0.5553338905605902
I73H,-0.7951966964825843
I73K,-0.8848429974476013
I73L,0.30837586643627857
I73M,-0.15721069043812233
I73N,-0.6356282361835492
I73P,-0.5377988547807107
I73Q,-0.8109355806125875
I73R,-0.7529686243525813
I73S,-0.34630584716515855
I73T,-0.2858675528172041
I73V,0.29098971868355905
I73W,-0.5117940769635005
I73Y,-0.4281473278827921
I76A,0.3573914076547049
I76C,-0.27324094432677937
I76D,0.6474558887732766
I76E,0.6363662187490795
I76F,0.1172832836183155
I76G,0.5871305469053598
I76H,0.12007420085915974
I76K,0.566497328759382
I76L,0.20217586825892428
I76M,-0.05079848901072251
I76N,0.8421226915804776
I76P,0.13015840454598535
I76Q,0.2274135512196804
I76R,0.09086441555818012
I76S,0.44649997894395055
I76T,0.4593212062330454
I76V,0.6496391494551355
I76W,-0.29144763539927254
I76Y,0.03389733603359299
I85A,0.09163814377968779
I85C,-0.03720751820945847
I85D,-0.2026255258975689
I85E,-0.09097512902116248
I85F,0.17580119377121536
I85G,0.18796157584123516
I85H,0.07285383255085295
I85K,-0.238777304948715
I85L,0.7725849084975249
I85M,0.28292844908498394
I85N,-0.10764047610980623
I85P,-0.2670367554487423
I85Q,-0.1920584067033713
I85R,0.08702088938693062
I85S,0.08475021560873272
I85T,0.26829425797237993
I85V,0.9802992292245284
I85W,0.10538410383726446
I85Y,0.16237004188934498
K133A,0.19368323178128974
K133C,-0.27885066066225983
K133D,0.31527218851103544
K133E,0.7080895024988658
K133F,-0.44498890725047335
K133G,-0.18460276663602707
K133H,0.04022993427274188
K133I,0.12351808530546735
K133L,0.014582021607900203
K133M,-0.14841534068560328
K133N,0.5141441484518428
K133P,-0.37819176343792726
K133Q,0.5283947041904051
K133R,0.45241278034608445
K133S,0.10014344384599469
K133T,0.32024316528679364
K133V,0.33577333322401426
K133W,-0.4465650549833673
K133Y,-0.02277933673619706
K136A,0.242891016051999
K136C,-0.49111035200058417
K136D,0.2648418029018105
K136E,0.6009050128784983
K136F,-0.45902957197117633
K136G,-0.13264089047962016
K136H,-0.2843360096480936
K136I,-0.07812924376012645
K136L,-0.10908216491686232
K136M,-0.2741624935580833
K136N,0.20016211814830773
K136P,-0.1595335085199681
K136Q,0.09298364065091833
K136R,0.20640935065862906
K136S,0.1130728374890699
K136T,-0.03298718572010631
K136V,0.03611035251300174
K136W,-0.5083857231253206
K136Y,-0.5189756469111382
K139A,0.6435802350510187
K139C,-0.1461889425902059
K139D,0.37235165571780593
K139E,0.7119775286326928
K139F,-0.11299802174398502
K139G,0.004598990293157773
K139H,0.03904012644115837
K139I,0.19651129934453634
K139L,0.1690824678095901
K139M,0.21391905635196326
K139N,0.3299701332706877
K139P,0.7732321069797607
K139Q,0.4631855602129389
K139R,0.44300439888086496
K139S,0.30833307881055605
K139T,0.32442821549788947
K139V,0.17941750969988798
K139W,-0.2625141393495496
K139Y,0.01858025534415872
K143A,0.23722277733297445
K143C,-0.46859643112765736
K143D,0.27154638032285705
K143E,0.3674709808586978
K143F,-0.4498871115742702
K143G,0.20724823375846887
K143H,-0.05184357886177218
K143I,-0.3046409490132693
K143L,-0.0641047058873743
K143M,-0.3048787389625778
K143N,0.29970126889794857
K143P,0.21640593293427332
K143Q,0.4090250505917479
K143R,0.5101391982632193
K143S,0.13822572560903754
K143T,0.36688248498965814
K143V,0.2780896071779222
K143W,-0.3263853631241158
K143Y,-0.4091723749051783
K151A,0.5137797586343167
K151C,0.0390146464838432
K151D,0.4201407033599187
K151E,0.904740231671295
K151F,0.14939441414067553
K151G,0.10332545704373516
K151H,0.5448772304026805
K151I,0.29701715700755393
K151L,0.40645728980299545
K151M,0.1448406026856732
K151N,0.5079374060271364
K151P,-0.1403426722694934
K151Q,0.313212384503049
K151R,0.25796127021703885
K151S,0.5755276687903637
K151T,0.5702601524461581
K151V,0.2757727303809441
K151W,-0.20782771613641862
K151Y,0.18966671962486445
K15A,0.4634258959014894
K161A,0.8478007946092299
K161C,-0.13358170871868594
K161D,0.3149583303946386
K161E,0.36793827691323333
K161F,0.24323134565398427
K161G,0.47516710601136847
K161H,0.2677982148586766
K161I,0.5367259805056239
K161L,0.5036662933712472
K161M,0.6012253438650488
K161N,0.3469853152202358
K161P,0.8224952602041355
K161Q,0.2641810269277789
K161R,0.47636234650584885
K161S,0.41717383257165697
K161T,0.4025382185926043
K161V,0.46920278610766974
K161W,0.01191278962430073
K161Y,0.27331009046244414
K170A,0.3067623030783655
K170C,-0.5163485400479746
K170D,-0.11102349513961898
K170E,0.6213947238254796
K170F,-0.3739112445491366
K170G,0.039469132644061905
K170H,-0.17818527318933122
K170I,-0.20225790507336464
K170L,-0.18295445486581444
K170M,-0.11212990995855202
K170N,0.33723934764328023
K170P,-0.0754059163097476
K170Q,0.2645590764707202
K170R,0.3057513621371357
K170S,0.28886349539712475
K170T,0.15864963689811915
K170V,0.21540043285570795
K170W,-0.3106356344835892
K170Y,-0.15528892665291807
K171A,0.33505889886188234
K171C,0.16051750597777878
K171D,0.8112334223083804
K171E,0.4456121908553574
K171F,0.12071404547756656
K171G,0.11849835860930155
K171H,0.09710862633547765
K171I,0.36162467635413575
K171L,0.43495483522179557
K171M,0.035998725105449186
K171N,1.171845626503068
K171P,-0.07039609830692276
K171Q,0.39278434984942345
K171R,0.24575917801240307
K171S,0.6232884419145805
K171T,0.5240012628323645
K171V,0.11115671225286625
K171W,-0.3539758094302381
K171Y,0.03309515976583596
K172A,0.27802986314511813
K172C,-0.06757318965678619
K172D,0.24056860549107337
K172E,0.4045938233914792
K172F,-0.063878259643428
K172G,0.06645054000024816
K172H,0.4494781273789932
K172I,0.18093078889927258
K172L,0.5968878196960907
K172M,0.3395270400949424
K172N,0.2710184213230975
K172P,0.28929019350820573
K172Q,0.43978888249318215
K172R,0.8799868774962164
K172S,0.5115895795422776
K172T,0.465936847189647
K172V,-0.022352106251580156
K172W,-0.003682528322297013
K172Y,-0.054371109389425715
K196A,0.04723673790024649
K196C,-0.7232489731838347
K196D,-0.30082822621279925
K196E,-0.08298555158837398
K196F,-0.7038984991967299
K196G,-0.3984295334599577
K196H,-0.20744092937842543
K196I,-0.4758061238072435
K196L,-0.4005073791828275
K196M,-0.43318959057922246
K196N,-0.3026821215511388
K196P,-0.24766032113404848
K196Q,0.06893088705350034
K196R,-0.0022575479805886645
K196S,-0.12492591221528485
K196T,0.27978274993257335
K196V,-0.13164172224135087
K196W,-0.7720212682157594
K196Y,-0.5227984336873512
K19A,0.5303873463394733
K19C,-0.17539187392548297
K19D,1.0505768377370663
K19E,0.9843211837645353
K19F,0.14333088361214272
K19G,0.34994905961452494
K19H,0.3886944920337654
K19I,0.09260471478651008
K19L,0.19071556737214787
K19M,0.044861984051832476
K19N,0.543836139474251
K19P,0.14341886613745689
K19Q,0.931019172816956
K19R,0.40129103087930806
K19S,0.5588587350041982
K19T,0.31900359771513065
K19V,0.09490335472842434
K19W,-0.2436767946527372
K19Y,0.05005860457246089
K210A,0.5708481711581221
K210C,0.0956182792701081
K210D,0.20612792292485313
K210E,0.595564203663401
K210F,0.08467800336492168
K210G,0.15749664335776156
K210H,0.5130148269179198
K210I,0.20571212378987333
K210L,0.37573266168656594
K210M,0.2679329845799685
K210N,0.4349766496617462
K210P,-0.11414823382958808
K210Q,0.49468893739720055
K210R,0.8330979488636847
K210S,0.5127125833776176
K210T,0.48971292511845976
K210V,0.37050359561531443
K210W,-0.01038060341413452
K210Y,0.14590175630076516
K228A,0.50570878084304
K228C,0.23935191559100719
K228D,0.6336315308503903
K228E,0.6250085022849371
K228F,0.465175173802861
K228G,0.24282085774124126
K228H,0.2265691696382973
K228I,0.8024743339072181
K228L,0.7888781508985577
K228M,0.5793783699893954
K228N,0.3724627352234414
K228P,0.6462132520365401
K228Q,0.26933744933414216
K228R,0.3390977403633034
K228S,0.5704006367936231
K228T,0.6817222171810059
K228V,0.7830305411413395
K228W,-0.129547458560252
K228Y,0.438592486291404
K231A,-0.4569514426301303
K35A,0.12113027774953752
K35C,-0.5652593879987218
K35D,0.085623813776142
K35E,0.1806492345250272
K35F,-0.20589191641047003
K35G,-0.09419128351348197
K35H,-0.20498679140580348
K35I,0.045667962342795104
K35L,-0.06803255896941221
K35M,0.20792271401548443
K35N,-0.26169281306025427
K35P,-0.3584988769408759
K35Q,-0.00131012109163689
K35R,0.33058642377848857
K35S,0.2549470904320308
K35T,0.07078125825400991
K35V,0.27890664497717443
K35W,-0.5266225981095016
K35Y,-0.16956907629637866
K45A,0.2191138272145667
K45C,-0.024220872356469886
K45D,0.31217065527897025
K45E,0.39383978600303626
K45F,0.35230803635278596
K45G,-0.23157519536575902
K45H,-0.049945375336345715
K45I,0.1672762830337908
K45L,0.11854520856796166
K45M,0.3488419449782145
K45N,0.1851170497282326
K45P,0.23429837892562008
K45Q,0.0628127884250271
K45R,0.2373807498042839
K45S,0.4604121871118845
K45T,0.6117024981533095
K45V,0.29130628043619167
K45W,-0.21110012598149644
K45Y,0.060105390056015534
K49A,0.5339700580618874
K49C,-0.23374519502499205
K49D,0.4458519811859367
K49E,0.866058166632047
K49F,0.07703009859259377
K49G,0.2848861070858031
K49H,0.36141296840741655
K49I,0.2836268208591277
K49L,0.2049622844387566
K49M,-0.12171042088302245
K49N,0.21491683925378477
K49P,0.49487833109999313
K49Q,0.2980824577640653
K49R,0.42226958307092266
K49S,0.31751354578890423
K49T,0.407107437301812
K49V,0.02338431008037342
K49W,-0.23002590099550083
K49Y,-0.06908207123980106
K4A,-0.23585467980193678
K65A,0.6729193742703283
K65C,-0.10588892229998462
K65D,0.3998277899717446
K65E,0.8463472322546042
K65F,0.06921869375640763
K65G,0.27195831715595853
K65H,0.45541011061376
K65I,0.36961171757303246
K65L,0.2096596991551087
K65M,0.06897144075683001
K65N,0.3095452920139965
K65P,-0.039945425337754276
K65Q,0.5552315645501653
K65R,0.43895357028595194
K65S,0.7060845866145669
K65T,0.6739534961333731
K65V,0.28049454481669
K65W,-0.1579177931346574
K65Y,0.6724612529429463
K74A,-0.7662523510053023
K74C,-0.7997204099317687
K74D,-0.7747524700954123
K74E,0.008507777631693497
K74F,-0.6925540070315619
K74G,-0.6340624509654584
K74H,-0.508081363173678
K74I,-0.2975170465967314
K74L,-0.6293545653025086
K74M,-0.38822576486499516
K74N,-0.6242194939421943
K74P,-0.8897849860291669
K74Q,0.3423358840794397
K74R,-0.45469802836882556
K74S,-0.693929375681384
K74T,-0.40060625049702514
K74V,-0.32819479437847443
K74W,-1.0104811607458393
K74Y,-0.7989373512963911
K80A,0.11673942878652396
K80C,-0.11799742429751572
K80D,0.680615894518104
K80E,0.5998672660032534
K80F,-0.03035289572455782
K80G,0.4745317914576179
K80H,0.14173883769880866
K80I,-0.02468544458097857
K80L,0.12608914918156297
K80M,0.006033462648554061
K80N,0.5025064066457499
K80P,0.3566984155649844
K80Q,0.34583444556291054
K80R,0.1701545051783024
K80S,0.31008459179116654
K80T,0.4372752798537989
K80V,-0.15722394654164565
K80W,-0.16749760023667418
K80Y,-0.005640737614629937
K89A,0.028026342109561203
K89C,-0.5651097835038543
K89D,-0.08405495721527648
K89E,0.07992383417060853
K89F,-0.34328772660257156
K89G,-0.29874370675411877
K89H,-0.021473969612693128
K89I,0.07974502217681897
K89L,-0.13516967609329503
K89M,-0.40886347955558433
K89N,0.26842097509595275
K89P,-0.02497120106699538
K89Q,0.10978851402676734
K89R,0.39744700717464765
K89S,0.1009606596605361
K89T,0.15468244888775692
K89V,-0.1305985931696623
K89W,-0.5052106726371148
K89Y,-0.26361081021461175
L131A,0.6651205466771288
L131C,0.11709433090517815
L131D,0.0215795042075064
L131E,0.035911389451239256
L131F,1.435766980659777
L131G,0.30328929509525215
L131H,0.3754483769842456
L131I,0.6142061487962445
L131K,0.23844906566173527
L131M,1.2051286032033723
L131N,0.2611470903533948
L131P,0.4097515453126026
L131Q,0.4532382418568601
L131R,0.22873918416964442
L131S,0.4737448494975447
L131T,0.4969869541948104
L131V,0.6194888037213819
L131W,0.4254603949385767
L131Y,0.22484358197982376
L134A,0.5351226337056461
L134C,-0.14713353045027414
L134D,-0.006877687096212198
L134E,0.6297922479652192
L134F,0.17288941900990282
L134G,0.15743579035493924
L134H,-0.03449658204124176
L134I,0.5824061665525884
L134K,0.5584030211402924
L134M,0.13125807718005064
L134N,0.30439444873249766
L134P,0.038855092285705134
L134Q,0.4168076141767836
L134R,0.07788676553618054
L134S,0.29312204364539074
L134T,0.4149287200391081
L134V,1.043322435809782
L134W,-0.3315722358975135
L134Y,0.5785676516849962
L141A,-0.08108738198560464
L141C,-0.36290050703308063
L141D,-0.491050893100196
L141E,-0.44581314396323934
L141F,0.05859481034262923
L141G,-0.4863876104881002
L141H,-0.5168085917923504
L141I,0.5801137434638588
L141K,-0.6403586124088547
L141M,0.06355392673784485
L141N,-0.5108231168861761
L141P,-0.4591030455891576
L141Q,-0.6436660747488143
L141R,-0.6057644703121539
L141S,-0.30096960096946557
L141T,-0.3253331832234143
L141V,0.26166404416405653
L141W,-0.07001242941775179
L141Y,-0.03878031681122043
L157A,0.8021024797077247
L157C,0.27433200912605527
L157D,0.21109263394613406
L157E,0.7303477875551656
L157F,0.3327033918766875
L157G,0.4260860179008126
L157H,0.5037267270763244
L157I,0.6766952223742133
L157K,1.0716573467709476
L157M,0.4463747601601109
L157N,0.3807400098873628
L157P,0.4432181670486517
L157Q,0.47253652105357835
L157R,0.4698055640987904
L157S,0.5699129018386979
L157T,0.4698029097892351
L157V,0.6634312290606483
L157W,-0.10866316376549759
L157Y,0.40305295778115857
L158A,0.18772654338792402
L158C,-0.21139789694720393
L158D,0.18602454064216764
L158E,0.20287555445532887
L158F,0.07087959728102297
L158G,0.1225276647582336
L158H,0.1458147168263175
L158I,0.43966387638243676
L158K,0.3877060042437379
L158M,0.13453366178429824
L158N,0.014036995575738648
L158P,0.4495411478048701
L158Q,0.07081371315857907
L158R,-0.036954991893200645
L158S,0.3744851955522095
L158T,0.2309593721220575
L158V,0.26882311407040094
L158W,-0.41024045898257944
L158Y,-0.14172219688162138
L159A,0.825344964388528
L159C,0.32068393639838977
L159D,0.8678807489137342
L159E,0.9611219370910656
L159F,0.5626940261044515
L159G,0.8746118334736633
L159H,0.4956926166414153
L159I,0.9114957380278313
L159K,1.1439113438575212
L159M,0.45008891650060967
L159N,1.0847631893869476
L159P,0.9201202029743439
L159Q,0.8779983689842173
L159R,0.6986434998041942
L159S,1.0488643061889267
L159T,1.2783129563044913
L159V,0.8545859430984226
L159W,-0.06561377043845876
L159Y,0.7599569086563438
L166A,0.33893942668887167
L166C,-0.18649117845301658
L166D,0.5377569649606495
L166E,0.5697276578088455
L166F,0.1612195049329572
L166G,0.37233305037984055
L166H,0.2593883119946194
L166I,0.18971631735243785
L166K,0.8143498533670921
L166M,0.15250550570162022
L166N,0.4148457510683925
L166P,0.1031517549034073
L166Q,0.3323093122413865
L166R,0.10186631911852248
L166S,0.5519693679493671
L166T,0.18442945373599648
L166V,0.029702847402121674
L166W,-0.09295925392069695
L166Y,0.20579503056242873
L167A,-0.13224122351356285
L167C,-0.5156073451005154
L167D,-0.7302691511482946
L167E,-0.6492713082001611
L167F,0.6785035822209688
L167G,-0.5852322615012846
L167H,-0.4398619918650315
L167I,0.40811275445014994
L167K,-0.39370420949596374
L167M,0.17231827468296365
L167N,-0.41326031088170145
L167P,-0.376438198347389
L167Q,-0.48191578342948116
L167R,-0.5379218247844748
L167S,-0.34121950703554615
L167T,-0.43129647280205585
L167V,0.14457800967357712
L167W,-0.34170398156401127
L167Y,-0.22467147676316793
L168A,-0.39834890375108545
L168C,-0.6238471014408722
L168D,-0.4866321239874578
L168E,-0.28681762293918656
L168F,0.5085268681729009
L168G,-0.37885248965118423
L168H,-0.5471095683423775
L168I,0.2311249016761949
L168K,-0.32431540137762527
L168M,0.344836501740438
L168N,-0.3421569515159697
L168P,-0.4275234210811707
L168Q,-0.3067223655351321
L168R,-0.34120060049518264
L168S,-0.08817767535147206
L168T,-0.49811940268459143
L168V,-0.2093686560109367
L168W,-0.2888398798477456
L168Y,-0.21053910123205902
L181A,-0.3373285685223366
L181C,-0.8162117052477309
L181D,-0.6712453021535265
L181E,-0.4212969844515788
L181F,0.118851438839469
L181G,-0.627174460839206
L181H,-0.6410963416895741
L181I,-0.16617637635775886
L181K,-0.41882502912924835
L181M,-0.17345860099539315
L181N,-0.5662380315170052
L181P,-0.6063589066138517
L181Q,-0.3041523092026268
L181R,-0.5356117776230365
L181S,-0.4125558684597883
L181T,-0.49498128094111005
L181V,-0.06707015587335222
L181W,-0.805237456035969
L181Y,-0.2256534247742197
L206A,0.5828830414079601
L206C,-0.3666703193789228
L206D,-0.4094252603573659
L206E,-0.00807046749806109
L206F,0.3809406279069686
L206G,-0.19551175397567047
L206H,-0.11062401280956982
L206I,0.6749038485444873
L206K,-0.03489446823757128
L206M,0.12561138027038563
L206N,-0.26651428124109733
L206P,-0.39153458320322254
L206Q,-0.17726834633267954
L206R,-0.08986589587430452
L206S,-0.16105412637386377
L206T,0.040601300829132464
L206V,0.46103647034735984
L206W,-0.10801458849786841
L206Y,0.09901411795907719
L208A,1.1660776080578104
L208C,0.2712990701881336
L208D,0.6908022307152529
L208E,0.9230064049242978
L208F,0.6378425413853314
L208G,0.3515914442918585
L208H,0.6785533628520161
L208I,0.5461742846656553
L208K,1.2267308928248077
L208M,0.6965189898090253
L208N,0.49547919702026466
L208P,0.35686731024391805
L208Q,1.2819534097946885
L208R,0.9928836921255454
L208S,0.9717180352968119
L208T,0.8403399850081642
L208V,0.8589019404578445
L208W,0.3848721174720443
L208Y,0.525460169078576
L230A,0.05058774937524965
L24A,-0.8230618139682533
L24C,-0.7156974102460825
L24D,-0.8462637130066182
L24E,-0.5327550298046178
L24F,-0.1930890796192171
L24G,-0.6602226620594465
L24H,-0.4569251884779515
L24I,-0.005611460829769516
L24K,-0.6512723298343377
L24M,-0.367505916404375
L24N,-0.6768518603928819
L24P,-0.8898925108237745
L24Q,-0.6113592640394958
L24R,-0.6241830385298264
L24S,-0.4253647844350419
L24T,-0.5883031705884219
L24V,0.02460606267487317
L24W,-0.9024281022116711
L24Y,-0.7599295679851057
L42A,-0.4095545636960054
L42C,-0.66487801101762
L42D,-0.5069166293573364
L42E,-0.66487801101762
L42F,0.3332223526934155
L42G,-0.66487801101762
L42H,-0.31538466537697785
L42I,1.0183881846251217
L42K,-0.66487801101762
L42M,0.26960721873599125
L42N,-0.3971083935078412
L42P,-0.5047411764887069
L42Q,-0.66487801101762
L42R,-0.5352353876096849
L42S,-0.4336612764728969
L42T,-0.40266114273550135
L42V,0.765753181407042
L42W,-0.45360800250436073
L42Y,-0.21332260322983435
L55A,0.27737898124762816
L55C,-0.2940653328535783
L55D,-0.4844955582714401
L55E,0.029671991721824637
L55F,0.4904234396312339
L55G,-0.12318685388997655
L55H,0.040172112140899746
L55I,0.6269793674931807
L55K,-0.23038263149889862
L55M,0.2560505625964944
L55N,-0.07262357402474831
L55P,0.34077837833406965
L55Q,-0.14013466215695972
L55R,-0.23627896384219896
L55S,0.1450669638218751
L55T,0.10115505915080322
L55V,0.764171139152626
L55W,0.24535102343051693
L55Y,0.11165886522564292
L67A,0.21802402758990388
L67C,-0.268596470529451
L67D,-0.013424322557842788
L67E,0.42909381856770734
L67F,0.18783354801354643
L67G,0.008781900670150361
L67H,0.238410973438508
L67I,0.6633031262722482
L67K,0.47373204956255277
L67M,0.37955892480821296
L67N,-0.022125612610506745
L67P,-0.47832162105880194
L67Q,0.16091418920127107
L67R,0.09072670138066338
L67S,0.2960915458544764
L67T,0.3082813102982125
L67V,0.9486218476647746
L67W,-0.1359741120334346
L67Y,0.09948286014085769
L78A,0.5851043967658458
L78C,0.15302960667915896
L78D,0.8505868337597522
L78E,0.833950808329941
L78F,0.2335112189949746
L78G,0.665351667824321
L78H,0.42036516217781417
L78I,0.28489075038391265
L78K,1.1469671174119322
L78M,0.42884273542680296
L78N,0.9130339892147689
L78P,0.15556175223760912
L78Q,0.6244770192413127
L78R,0.5012237136814632
L78S,0.7699424220430315
L78T,0.7024459912103
L78V,0.3033607288336113
L78W,-0.02971752659196139
L78Y,0.17160101670726255
L92A,-0.7590411023585046
L92C,-0.7756862053697637
L92D,-1.3051207601767625
L92E,-1.4062265477514293
L92F,-0.09009441010682243
L92G,-0.7478260240241879
L92H,-1.1832144341159259
L92I,-0.34271581298887455
L92K,-1.1437005755503868
L92M,-0.40113321439522887
L92N,-1.0392677635417549
L92P,-0.617798359117741
L92Q,-1.051044795254787
L92R,-1.3060016585302017
L92S,-0.5195439930834147
L92T,-0.7527157207138688
L92V,-0.27867887436729566
L92W,-0.8441768450722553
L92Y,-0.7524834150735886
M148A,0.3729409523680385
M148C,-0.2654350141398485
M148D,-0.5376798673523324
M148E,-0.3876380520299696
M148F,-0.030707130514047637
M148G,-0.19950523228696818
M148H,-0.473831088799781
M148I,0.4058742316656123
M148K,-0.29939261633582914
M148L,0.6153834139016063
M148N,-0.12611374634234587
M148P,-0.20501302607538688
M148Q,-0.2897012601453497
M148R,-0.31384302389391516
M148S,-0.05944442592082447
M148T,-0.09654284120768034
M148V,0.2558516645755886
M148W,-0.34697489013459615
M148Y,-0.342012270026562
M213A,-0.7054495846778798
M213C,-0.7601814326911456
M213D,-0.8095456663883327
M213E,-0.6631481896446998
M213F,-0.11791526827401258
M213G,-0.4561932844505623
M213H,-0.2310893003570962
M213I,0.11094046467825455
M213K,-0.7305245284513242
M213L,0.033937892951276555
M213N,-0.8258739926117176
M213P,-0.6734891327797998
M213Q,-0.4644274583806516
M213R,-0.7887836209377619
M213S,-0.60357376645307
M213T,-0.30097822908290417
M213V,0.021015650616130283
M213W,-0.7168679486549074
M213Y,-0.13846746048924688
M30A,0.45971641305633026
M30C,-0.3271960519853496
M30D,0.08013548110677379
M30E,0.3895280910402632
M30F,-0.14177086298195055
M30G,-0.2389404139716547
M30H,-0.1598517536188511
M30I,0.3363991292151307
M30K,-0.07755951853254708
M30L,0.602303371432185
M30N,-0.21387766532044952
M30P,-0.14691690880992916
M30Q,0.12090612085526461
M30R,-0.048622028398256606
M30S,0.07460815568264809
M30T,0.29571218523865417
M30V,0.3910808351011066
M30W,-0.3077819124904986
M30Y,-0.43254165682473245
M47A,0.645688494065841
M47C,-0.02157706957321584
M47D,0.2790186326333255
M47E,0.3304693359876274
M47F,0.8675265920032175
M47G,0.3720308815182878
M47H,0.3274982780853857
M47I,0.8580317930933172
M47K,0.48103087072854267
M47L,1.005563060412722
M47N,0.2544833920513958
M47P,0.5906319518268748
M47Q,0.2196191044176827
M47R,0.21813755471207893
M47S,0.4177907530519671
M47T,1.0540539744264774
M47V,0.5621352330011038
M47W,-0.03498994566946537
M47Y,0.16346931320919864
N106A,0.2664303957686638
N106C,-0.37625066410739416
N106D,0.5230010030199659
N106E,0.6402908267835881
N106F,-0.2848527925569013
N106G,0.117618502465858
N106H,-0.027271885390183687
N106I,-0.5080945496564158
N106K,0.23358279461670814
N106L,-0.018502374397978666
N106M,-0.10416712348711113
N106P,-0.45905821264799673
N106Q,-0.025343545332277034
N106R,0.46322438594723936
N106S,0.17035129744529917
N106T,-0.1782069024029678
N106V,-0.20687472868511672
N106W,-0.6622822212182236
N106Y,-0.17830613210865345
N124A,0.20624521307313956
N124C,-0.38013142434720404
N124D,0.035960470548522555
N124E,0.23516261114702305
N124F,-0.4442325018912663
N124G,-0.22996212087680504
N124H,0.20379601204379358
N124I,-0.4602577071333167
N124K,0.11321283985407724
N124L,-0.32572542838637064
N124M,-0.45310202099029606
N124P,-0.40668959111340497
N124Q,0.2304246615302987
N124R,0.17197210842414587
N124S,0.09074646685698926
N124T,-0.0047665337547786735
N124V,-0.21270608350969503
N124W,-0.6845430478189867
N124Y,-0.4151298856245016
N138A,-0.13535964446373241
N138C,-0.3891828230943464
N138D,0.1369044160009247
N138E,-0.1495325894663422
N138F,-0.5917845561311186
N138G,-0.2958983008274365
N138H,0.22114045548865754
N138I,-0.2350619370995757
N138K,-0.3842981405263268
N138L,-0.29665574242054227
N138M,-0.4621605292286306
N138P,-0.1855678050146015
N138Q,0.03427772579284302
N138R,-0.3713477510930714
N138S,0.004102751723612713
N138T,-0.27423484023323397
N138V,-0.370583646192582
N138W,-0.647164099948454
N138Y,-0.3659423139277891
N156A,0.2324276031143717
N156C,-0.14425076816887253
N156D,0.14270225956368018
N156E,0.3869152484939167
N156F,-0.03606039944863551
N156G,-0.04200808085151178
N156H,0.26337492349998426
N156I,0.31909528417403044
N156K,0.6136483832049193
N156L,0.4107444407169347
N156M,-0.11998138455526022
N156P,0.14551808422896736
N156Q,0.38403389108602104
N156R,0.5504043499225157
N156S,0.3620369183821448
N156T,0.10334479689489348
N156V,0.3932342090856795
N156W,-0.44545995314286424
N156Y,-0.10616164127033526
N163A,0.20414751127942218
N163C,-0.2560791156786757
N163D,0.6029162242665804
N163E,0.5193367012888213
N163F,-0.19982272345297772
N163G,-0.07073882786973187
N163H,0.11882152731737025
N163I,0.06311116967282213
N163K,0.37925139394505747
N163L,0.07553672511399465
N163M,-0.14370053774968874
N163P,0.1721910134804676
N163Q,0.23275952512064044
N163R,-0.0511425314145009
N163S,0.6818462079810756
N163T,0.3022184181802632
N163V,-0.1030490161686122
N163W,-0.49651549956015684
N163Y,-0.08056984181111385
N178A,1.0621937170197442
N178C,-0.02291938427352716
N178D,0.7223983623980192
N178E,0.5942161661686161
N178F,0.466482449415933
N178G,0.29541172292006035
N178H,0.3058227288140323
N178I,0.37531864847331775
N178K,0.38131181117492474
N178L,0.41189502023228997
N178M,0.7004980651387207
N178P,0.19347865892637414
N178Q,0.49792788346955863
N178R,0.10638038015975934
N178S,1.2806739519609724
N178T,0.8205073098272049
N178V,0.387541213074881
N178W,0.14829859276299648
N178Y,0.5840871940282586
N207A,0.6839402882188603
N207C,-0.17974461459014637
N207D,0.5051593151109265
N207E,1.0858703493873454
N207F,-0.03536380858219981
N207G,0.24411024016089997
N207H,0.3765761595940996
N207I,0.1669928997518005
N207K,0.8427695790946322
N207L,0.3183303158621448
N207M,0.33467612857764084
N207P,-0.13511299768530285
N207Q,0.5919422010260752
N207R,0.48833142398697393
N207S,0.24193696435458797
N207T,0.20095385336910962
N207V,0.28342967756093074
N207W,-0.3321663745491926
N207Y,-0.10428713402451054
N217A,-1.5088370494413037
N217C,-1.2890376971621151
N217D,-0.748365981351255
N217E,-1.1644670940171826
N217F,-1.175015842823497
N217G,-1.046887424652505
N217H,-1.0706577208144998
N217I,-1.1148733203335133
N217K,-1.2003467197041777
N217L,-1.1786170008144006
N217M,-1.2985966920785947
N217P,-1.2016789398381564
N217Q,-1.479674129291403
N217R,-1.3008886461215408
N217S,-0.8107009851172465
N217T,-0.115461015865335
N217V,-1.1450726309862373
N217W,-1.5984029388020544
N217Y,-1.1749448671225284
N218A,0.023641175019447153
N218C,-0.31438324791972805
N218D,-0.45107950139631503
N218E,-0.7121509547234991
N218F,-0.2945626236794666
N218G,-0.7395223128621605
N218H,-0.2267098515367504
N218I,-0.5524071103003133
N218K,-0.6688599934891964
N218L,-0.8069539064503716
N218M,-0.8579430132904812
N218P,-1.0449297367002002
N218Q,-0.6258929380997856
N218R,-0.7220670858913699
N218S,-0.19278275060308694
N218T,-0.625149281407891
N218V,-0.598776523176661
N218W,-0.5340129607081988
N218Y,-0.3090660262554831
N225A,0.5680790347468897
N225C,-0.10195731685198398
N225D,0.15092953392932337
N225E,0.21484677265016824
N225F,0.24843123265832187
N225G,0.5190619225512635
N225H,0.35349731887334357
N225I,-0.3210854306903742
N225K,0.4694195577968133
N225L,0.06819381916650688
N225M,-0.08838441971639291
N225P,-0.1977553072859536
N225Q,0.042177326603794224
N225R,0.12876170025939868
N225S,-0.008473894839500368
N225T,-0.3035915253119602
N225V,-0.36587494280672994
N225W,-0.209861724916984
N225Y,0.20423022064692806
N36A,-0.14263339201845107
N36C,-0.5756494301221
N36D,-0.47428757661079324
N36E,-0.02324320399584992
N36F,-0.3662223622471532
N36G,-0.3666996203778172
N36H,-0.20061745316405102
N36I,-0.2792243949600781
N36K,-0.027026845113145487
N36L,-0.1810599817600367
N36M,0.0992632596602969
N36P,-0.8450776003907681
N36Q,0.20291875391844047
N36R,-0.377568243641321
N36S,0.17853952376434054
N36T,-0.28890997960565956
N36V,-0.4232590648015422
N36W,-0.6516665248287246
N36Y,0.0996690674649918
N43A,0.2311463639034463
N43C,-0.15677385915590183
N43D,0.40544725273868165
N43E,0.29356113627038605
N43F,-0.17498122212634606
N43G,0.2805072725356559
N43H,0.18019513683102992
N43I,-0.0018265310170817728
N43K,0.7036595890953481
N43L,0.06990728445074043
N43M,-0.03449463578388692
N43P,0.37755589319007354
N43Q,0.30397503469411147
N43R,0.10936081622209445
N43S,0.6979998200993047
N43T,0.8066103336073112
N43V,0.015425033619571121
N43W,-0.1357026591570514
N43Y,-0.12271875107287447
N58A,0.19353150596792942
N58C,-0.030948813268062675
N58D,0.5069063273124335
N58E,0.29358488949761474
N58F,0.13809126374704347
N58G,0.17919151573280653
N58H,0.6343447922170262
N58I,0.15975658673505452
N58K,0.21474251211819737
N58L,-0.00590913002026075
N58M,-0.05934500881818086
N58P,-0.0973479812944125
N58Q,0.38654189792244287
N58R,0.5921983689000458
N58S,0.2709209728551989
N58T,0.3852570614196984
N58V,0.10858644928645808
N58W,-0.1677597359834553
N58Y,0.6197470790513004
N68A,-0.40405251181089596
N68C,-0.7488709839129926
N68D,-0.23444423824168983
N68E,-0.38457165570278207
N68F,-0.30888331999766505
N68G,-0.7288037739317605
N68H,-0.19822121380252747
N68I,-0.5632881173438
N68K,-0.4619272822692242
N68L,-0.5516933069368242
N68M,-0.6921886249269802
N68P,-0.6213755972905592
N68Q,-0.327325820423257
N68R,-0.5571877860113998
N68S,-0.3195168729756439
N68T,-0.4764966663938952
N68V,-0.5497854447389674
N68W,-0.5536213712563645
N68Y,-0.24235002209892678
N69A,-0.35303575387726127
N69C,-0.7235795207749942
N69D,0.3259350215466097
N69E,-0.09381670430913894
N69F,-0.4248613188860051
N69G,-0.4633545164577
N69H,-0.3287599450452321
N69I,-0.005318683194460522
N69K,-0.3900731102309982
N69L,-0.16582401713872177
N69M,-0.4931794230211928
N69P,-0.5166953611300507
N69Q,-0.4156638359285836
N69R,-0.18074658842499905
N69S,-0.19666440073408833
N69T,0.535758977987713
N69V,-0.08107460909012823
N69W,-0.6569667902574046
N69Y,-0.36989495640370995
P100A,0.3280413948153442
P100C,-0.41296921050323254
P100D,-0.10756142116561798
P100E,0.0030141481639502643
P100F,-0.2125519566819483
P100G,-0.06484886543017379
P100H,-0.008192159996048193
P100I,-0.3892540491050265
P100K,-0.06469422965996377
P100L,0.04962645003142316
P100M,-0.200997284462082
P100N,-0.036812481620613485
P100Q,0.037877263859179305
P100R,-0.03381695985550029
P100S,0.21158108278137752
P100T,0.15222933697879124
P100V,-0.033371685156514924
P100W,-0.32790890674061
P100Y,-0.4794620289205551
P111A,0.05942477489817796
P111C,-0.8034554356221291
P111D,0.35894129886897375
P111E,-0.11697277891494465
P111F,-0.6607614525146359
P111G,-0.3315299298474992
P111H,-0.49500698290129197
P111I,-0.6244861920944658
P111K,-0.4132793179849892
P111L,-0.4488017013208263
P111M,-0.6885575516184019
P111N,-0.3340504722063997
P111Q,-0.2747774895452415
P111R,-0.5925141429443128
P111S,-0.25096872757857724
P111T,-0.320723047167653
P111V,-0.03862053001162205
P111W,-0.8577014904210118
P111Y,-0.7480918614333243
P149A,-0.13615442721107532
P149C,-0.5673646739760887
P149D,-0.312031879864044
P149E,-0.0653613308889103
P149F,-0.45698380861026644
P149G,-0.3628592353914346
P149H,-0.28583008930375975
P149I,-0.37311384841431305
P149K,-0.08626364285292179
P149L,-0.21722296839629965
P149M,-0.48602873000252833
P149N,-0.08168144083513698
P149Q,-0.04025334440364861
P149R,-0.4296995737098368
P149S,0.08265704025640372
P149T,-0.3041879511620751
P149V,-0.40765948819288944
P149W,-0.5148754027709765
P149Y,-0.6065513117850232
P164A,0.1739468716244192
P164C,-0.7644711522853109
P164D,-0.8410262875809904
P164E,-0.780586611717256
P164F,-0.4927679414060431
P164G,-0.2098169801207508
P164H,-0.8207092800211813
P164I,0.14501671511782008
P164K,-0.7013751330181126
P164L,-0.1222666058118014
P164M,-0.19516381994325374
P164N,-0.8509731812263834
P164Q,-0.8800442624640947
P164R,-0.8749208150795207
P164S,-0.5167402367984231
P164T,-0.4326001492194105
P164V,0.027492990990053173
P164W,-0.6147578924384782
P164Y,-0.4810764686656759
P169A,-0.610563219567783
P169C,-0.8862217725601136
P169D,-0.48834763014180593
P169E,-0.5214097023021109
P169F,-0.6608649896363126
P169G,-0.4513575023743446
P169H,-0.6224162972858389
P169I,-0.5245389940879326
P169K,-0.07174924017502884
P169L,-0.35088423218796105
P169M,-0.8277960090398491
P169N,-0.5192651408040656
P169Q,-0.5793050260914923
P169R,-0.7737630142711449
P169S,-0.2216716018852787
P169T,-0.29064945111002416
P169V,-0.5496749796157361
P169W,-0.8631960748767225
P169Y,-0.7079308861591693
P184A,-1.6735352783927797
P184C,-1.300680394700755
P184D,-1.1182601007515292
P184E,-1.1598787892765388
P184F,-1.3096028706944143
P184G,-1.123574134985149
P184H,-1.0615563646796895
P184I,-1.2867760191015827
P184K,-1.2052520175279704
P184L,-1.1376095835328313
P184M,-1.621568165374101
P184N,-1.2892663559058786
P184Q,-1.1547253826259825
P184R,-1.3377359517332965
P184S,-0.9265890676117481
P184T,-1.0953705887747835
P184V,-1.333896506778208
P184W,-1.504605257784104
P184Y,-1.029186004702063
P185A,-0.2868872626763359
P185C,-1.06814347096056
P185D,-0.31722040827499143
P185E,-0.48095555607046325
P185F,-0.8992513885964435
P185G,-0.07558585990242508
P185H,-0.6773879084099304
P185I,-0.7439583137942747
P185K,-0.5335454439432268
P185L,-0.4951317259889496
P185M,-0.6155164995048734
P185N,-0.349846850931236
P185Q,-0.48322114190092735
P185R,-0.6108723864579892
P185S,-0.3408589236860431
P185T,-0.5475295940606886
P185V,-0.7265194358696201
P185W,-1.1863502555007006
P185Y,-0.8770652569527342
P18A,-0.20884669797632374
P18C,-0.8648069928067379
P18D,-0.6436493639078971
P18E,-0.7152908955739421
P18F,-0.6944054248298888
P18G,-0.664806841170797
P18H,-0.6369781087238553
P18I,-0.614137199517105
P18K,-0.6363388993852861
P18L,-0.5301594179549132
P18M,-0.8592177900391795
P18N,-0.6027936289193714
P18Q,-0.2668309000608242
P18R,-0.805640812268245
P18S,-0.2951239751098296
P18T,-0.49507660776673523
P18V,-0.3446587655935054
P18W,-1.4824610239627467
P18Y,-0.7409893206028642
P198A,0.49972774235074224
P198C,-0.4104435772018453
P198D,-0.17331184199940844
P198E,0.20417796247176986
P198F,-0.21658296560304982
P198G,-0.09213687194598122
P198H,0.06621782336380419
P198I,0.07869516275256891
P198K,0.28807852841612336
P198L,0.3156469134175999
P198M,-0.056707835224979714
P198N,0.068128096608254
P198Q,0.34213845517838726
P198R,0.15817391604200234
P198S,0.36090952479582894
P198T,0.24122146366621375
P198V,0.6269082547044849
P198W,-0.27962021104583945
P198Y,0.15258353992398585
P216A,0.5869518222029748
P216C,-0.19473579929216758
P216D,0.8363052225419075
P216E,0.5397366368164521
P216F,0.11852922176204536
P216G,0.3042045502434588
P216H,0.4870212615629207
P216I,0.047886756358298393
P216K,0.8753908223097838
P216L,0.05935838876896646
P216M,0.3405477631263857
P216N,0.6691275342926414
P216Q,0.3948862852836751
P216R,0.15131014749358815
P216S,0.3559723472728603
P216T,0.5789291054731956
P216V,0.22240033676621315
P216W,-0.16769229528133991
P216Y,0.3497039597600621
P220A,-0.623896985501297
P220C,-0.8845840216697723
P220D,-0.5982682436574808
P220E,-0.32583410725144624
P220F,-0.6472385741051329
P220G,-0.6163525942360043
P220H,-0.6300756979808327
P220I,-0.6976111930935315
P220K,-0.6023902560923856
P220L,-0.560586025298288
P220M,-0.7291251708236314
P220N,-0.49630732766826824
P220Q,-0.5216439359534414
P220R,-0.7020465937801331
P220S,-0.5391342964700784
P220T,-0.3450422475950602
P220V,-0.5349083702063399
P220W,-1.0337647801018583
P220Y,-0.6050928997395449
P223A,0.3670856786214526
P223C,-0.38548887851820157
P223D,0.38042892225560254
P223E,0.2708159525372469
P223F,-0.4526471338943001
P223G,0.15462813238382786
P223H,-0.06135002260416414
P223I,-0.35805726781485014
P223K,0.3157552268944277
P223L,-0.06410490082035761
P223M,-0.2720906144626156
P223N,0.05982917997267442
P223Q,0.42446109565125023
P223R,0.006702784107863485
P223S,0.45422478769228536
P223T,-0.10712394691070795
P223V,-0.22796862943009158
P223W,-0.5457713906486428
P223Y,-0.3757055661039319
P26A,-0.12750280390874605
P39A,-1.4971009547573977
P39C,-1.4865708648687983
P39D,-1.4865708648687983
P39E,-1.4865708648687983
P39F,-1.1977743222279051
P39G,-1.1098182684021909
P39H,-1.2284672826183622
P39I,-1.3054601363328948
P39K,-1.4865708648687983
P39L,-1.193987419450489
P39M,-1.4865708648687983
P39N,-1.4865708648687983
P39Q,-1.4865708648687983
P39R,-1.4839119206090827
P39S,-1.1951940063669482
P39T,-1.4865708648687983
P39V,-1.4865708648687983
P39W,-1.4865708648687983
P39Y,-1.4865708648687983
P54A,0.13899493728279164
P54C,-0.3619474690054134
P54D,0.36045275434249957
P54E,0.3582344456400821
P54F,-0.21614105530140384
P54G,0.12986707538946926
P54H,-0.06236235376109403
P54I,-0.2461639974823351
P54K,0.4664351776449176
P54L,0.013631966408789137
P54M,-0.3762809086308958
P54N,0.04113993868737295
P54Q,0.09514858194600026
P54R,0.1134654866722413
P54S,0.3224682995028769
P54T,0.10602679695112413
P54V,-0.290622365571255
P54W,-0.6019971434435751
P54Y,-0.16434855780261828
P8A,-0.0037925417294695507
Q142A,0.6338153794050441
Q142C,-0.05279247415321334
Q142D,0.35872913356712965
Q142E,0.9613573143912278
Q142F,-0.028812155117280663
Q142G,0.18664319064945586
Q142H,0.25178033321941884
Q142I,-0.012651557496306448
Q142K,0.6856700056451044
Q142L,0.2917193456516256
Q142M,0.11462037575647208
Q142N,0.7260299751535961
Q142P,-0.0676562320798069
Q142R,0.4812340014908574
Q142S,0.5671534396401943
Q142T,0.5356778206064452
Q142V,0.17839749965023485
Q142W,-0.22133854440285508
Q142Y,0.029434154969541798
Q154A,0.23539255908836096
Q154C,-0.027540671805121014
Q154D,0.5732561425338929
Q154E,0.8599589730992045
Q154F,-0.02512422602484235
Q154G,0.4821928410650811
Q154H,0.5188903378100518
Q154I,-0.17623510682954183
Q154K,0.808754970460904
Q154L,-0.20673762842652102
Q154M,0.1250973253274896
Q154N,0.3256481458452152
Q154P,0.2028435575788636
Q154R,0.10591203919629863
Q154S,0.31310288162804323
Q154T,0.15375298503243148
Q154V,0.3365123744402565
Q154W,-0.16805611082930663
Q154Y,-0.010140730074213372
Q205A,-0.23180220190545733
Q205C,-1.1392527313223328
Q205D,-0.16741671648994008
Q205E,-0.15255304328179034
Q205F,-0.5908802010729475
Q205G,-0.6496352722475045
Q205H,-0.27223276589763357
Q205I,-0.45071477993369546
Q205K,-0.604230969270569
Q205L,-0.5274990298082387
Q205M,-0.6944824852896803
Q205N,-0.45627677981038106
Q205P,-0.6491530871341511
Q205R,-0.6477281721122288
Q205S,-0.5225934903659839
Q205T,-0.5677577232571855
Q205V,-0.6481382156374469
Q205W,-0.8262242354920755
Q205Y,-0.6670281175984063
Q222A,-0.10743032048227899
Q222C,-0.28022600565716604
Q222D,-0.7820255837395197
Q222E,-0.17247658272510372
Q222F,-0.22201863842054106
Q222G,-0.6116847913629003
Q222H,-0.11768237538395301
Q222I,-0.51562367451677
Q222K,-0.12251809492687774
Q222L,0.18651627035556792
Q222M,-0.04206114233490901
Q222N,0.07139823558955491
Q222P,-0.6280761549672781
Q222R,0.028081558474794294
Q222S,-0.3966262236249215
Q222T,-0.21245728449879878
Q222V,-0.24838113825667466
Q222W,-0.7250771755550057
Q222Y,-0.33860151984395015
Q37A,-1.6467058116042108
Q37C,-1.5373024618768327
Q37D,-1.099846760568456
Q37E,-0.7387302615617535
Q37F,-1.1900950790714133
Q37G,-0.9939372094499035
Q37H,-0.9678902795671278
Q37I,-1.3296387672786771
Q37K,-0.9517954644064637
Q37L,-1.0841734208802754
Q37M,-1.146000142822876
Q37N,-1.0333380580478897
Q37P,-0.9756199503181691
Q37R,-1.0160678646320966
Q37S,-0.9915145844676396
Q37T,-1.1368486129652378
Q37V,-1.1683282976774891
Q37W,-1.5373024618768327
Q37Y,-1.5373024618768327
Q56A,0.27679131455381034
Q56C,-0.02269970796025736
Q56D,0.5903331601738162
Q56E,0.9226935411507325
Q56F,0.20943385463542039
Q56G,0.4769387663391771
Q56H,0.43156476553621514
Q56I,0.33977835986847404
Q56K,0.8789747648820484
Q56L,0.3717164560848203
Q56M,0.29426904878279503
Q56N,0.5198617532107774
Q56P,0.19755377039774255
Q56R,0.5816700345702119
Q56S,0.5413495436552238
Q56T,0.641674585609763
Q56V,0.5806613830210305
Q56W,-0.14420878822549502
Q56Y,0.35485170598269944
Q94A,-1.1920192828124958
Q94C,-1.255774945896885
Q94D,-0.7560219796622474
Q94E,-0.3352115015845367
Q94F,-1.0840891146787661
Q94G,-0.9719420851685321
Q94H,-0.630691966027213
Q94I,-1.3704584922356031
Q94K,-1.1450511467217876
Q94L,-1.18291139786679
Q94M,-1.1914983755066686
Q94N,-0.6282494566174326
Q94P,-1.3106278360909718
Q94R,-0.8127909069806796
Q94S,-0.7701454428072263
Q94T,-0.950448389445071
Q94V,-1.231694520117654
Q94W,-1.3793545818628288
Q94Y,-0.8389505971133078
Q9A,0.2089417889750211
Q9C,-0.18898104196835733
Q9D,0.44182439431049003
Q9E,0.518612932148597
Q9F,-0.2648784954720278
Q9G,-0.13930130649598962
Q9H,0.6815549224666664
Q9I,-0.06350007741203581
Q9K,0.10040332141625583
Q9L,0.002445926611023691
Q9M,-0.36088628488118824
Q9N,0.37052909502687603
Q9P,0.16724736293924233
Q9R,0.0990856262596149
Q9S,0.2906838628569992
Q9T,0.007694679635131568
Q9V,0.041260845905422866
Q9W,-0.5100862973952198
Q9Y,-0.027704120467837018
R176A,0.4829847343150315
R176C,-0.11879696223882877
R176D,-0.3688883435748651
R176E,-0.142856275173096
R176F,0.0510368761751647
R176G,-0.0020433556005943487
R176H,0.4508020212157082
R176I,-0.010888796709096954
R176K,0.18810810760759053
R176L,0.19892841997631147
R176M,-0.11694511970908741
R176N,0.22186279642082637
R176P,-0.5927254339270349
R176Q,0.3432183987345989
R176S,0.14733582210245674
R176T,0.30741082931216335
R176V,0.2045507393856005
R176W,-0.24656815964169534
R176Y,0.33002989479970735
R191A,0.15728279604619552
R191C,-0.45762336434752404
R191D,0.23190262497902167
R191E,0.48467782996144537
R191F,-0.22422225567852652
R191G,-0.3143002207192618
R191H,0.152616130114231
R191I,0.36605594481007264
R191K,0.42949703843924825
R191L,0.4872270206692524
R191M,0.19668683829956676
R191N,0.2226197706397781
R191P,-0.12594947245946167
R191Q,0.18813742965910804
R191S,0.1918909360222156
R191T,0.38347979691001344
R191V,0.323873125238999
R191W,-0.10576633517052073
R191Y,0.10899429373269906
R219A,-1.8625760100995177
R219C,-1.2410483006001571
R219D,-1.5611625602051287
R219E,-1.5278700395538773
R219F,-1.5566855583245631
R219G,-1.5611625602051287
R219H,-0.9239629626036879
R219I,-1.5611625602051287
R219K,-0.9534635131042691
R219L,-1.0851168009118737
R219M,-1.4925405066632427
R219N,-1.435031797109785
R219P,-1.222996384881596
R219Q,-1.0742146438691547
R219S,-1.0802167603018098
R219T,-1.3677040027787972
R219V,-1.5611625602051287
R219W,-1.3497165390375436
R219Y,-1.28952063364018
R227A,-1.5970336494717998
R227C,-1.2155075840469935
R227D,-1.6119026307706452
R227E,-1.1774598905192164
R227F,-1.6119026307706452
R227G,-1.298993303132026
R227H,-0.8607658670186659
R227I,-1.2641582637344926
R227K,-0.8778232000977572
R227L,-1.6119026307706452
R227M,-1.4642011459419497
R227N,-1.4104789520833
R227P,-1.3350646702594418
R227Q,-1.0072954167918766
R227S,-1.049453208719
R227T,-1.2777329569011107
R227V,-1.2525952638932254
R227W,-1.3029036687210933
R227Y,-1.241008673394199
R53A,0.5438679044892214
R53C,-0.024233561540969478
R53D,0.7221838170277493
R53E,1.0117449454471603
R53F,0.10364546892734913
R53G,0.6929509457488865
R53H,0.2625982272391041
R53I,0.36009361686450125
R53K,1.019092438384829
R53L,0.3115902843370226
R53M,0.21494511308716954
R53N,0.5374602181759651
R53P,0.7100593844228817
R53Q,0.6058077777041011
R53S,0.572233917587059
R53T,0.5214874449776086
R53V,0.4627285088265807
R53W,0.021524779816230105
R53Y,0.04430301794840605
R88A,0.1873809314875898
R88C,-0.20775062740268127
R88D,0.38941735929626864
R88E,0.40930791014075707
R88F,-0.16526988553711644
R88G,0.11412969246575197
R88H,0.48504660591846394
R88I,0.6210614064143125
R88K,0.7922030753289069
R88L,0.18726889273176137
R88M,0.35566350939734503
R88N,0.1985570423383893
R88P,-0.3244242211007178
R88Q,0.4978897817394663
R88S,0.5716953486483276
R88T,0.3773105444971008
R88V,0.2370101586053592
R88W,-0.18608932934763403
R88Y,0.10969107368851591
R93A,0.2310810646142278
R93C,-0.1687874089958963
R93D,0.2500379886438817
R93E,0.4444749071446341
R93F,-0.21667617698207
R93G,0.0916829449799201
R93H,0.2149853953060998
R93I,0.4219677262813035
R93K,0.9881567897157414
R93L,0.7014587370689997
R93M,0.0593752480084446
R93N,0.2564231558933092
R93P,-0.4715061796310702
R93Q,0.48228744990436523
R93S,0.48149127160927696
R93T,0.29536962558516633
R93V,0.4158552388606469
R93W,-0.31687448599299417
R93Y,-0.13606164868815232
S101A,0.784788029872685
S101C,-0.010927585805550893
S101D,-0.46664450035517113
S101E,-0.31145765259879665
S101F,-0.48633351671045766
S101G,0.16964956176056797
S101H,-0.4187225306054003
S101I,-0.6922860108774165
S101K,-0.5063093792304381
S101L,-0.5947142616938916
S101M,-0.33259544956528986
S101N,-0.35902064548810975
S101P,-0.2727985993074493
S101Q,-0.5323605254695205
S101R,-0.7591344742997941
S101T,0.02351829800442881
S101V,-0.3231105818759201
S101W,-0.7591344742997941
S101Y,-0.47424067420163274
S11A,-0.21026710120957984
S11C,-0.789967914060496
S11D,0.10635705878501464
S11E,-0.2962640160273904
S11F,-0.8279219926983625
S11G,0.5882058449556928
S11H,-0.39319003618289594
S11I,-0.6479196866068189
S11K,-0.4379643845044989
S11L,-0.7472947259777354
S11M,-0.7978211648170368
S11N,0.03273881182060509
S11P,-0.9102787769864755
S11Q,-0.38734487962978204
S11R,-0.41208093439242344
S11T,-0.11006646974014925
S11V,-0.6349855360857211
S11W,-1.0093717485146887
S11Y,-0.6267962659569646
S13A,0.28393602254493144
S13C,-0.010273750738326842
S13D,0.5259886931679527
S13E,0.9417058939146298
S13F,0.10455781546520401
S13G,0.313886033657202
S13H,0.25967400864385715
S13I,0.2393890857744396
S13K,0.4433069121841169
S13L,0.10265045935919967
S13M,0.15859576384239424
S13N,0.27285450446691106
S13P,0.09791828189250526
S13Q,0.5032296367036229
S13R,0.22448609735835798
S13T,0.6261918696569437
S13V,0.33968681248531274
S13W,0.030809866377404543
S13Y,-0.06121221732984641
S180A,-0.13293057378377562
S180C,-0.6360506695090273
S180D,-0.9766218294175393
S180E,-0.9766218294175393
S180F,-0.6211741719454613
S180G,-0.44220870363306064
S180H,-0.9039034720596257
S180I,-0.9766218294175393
S180K,-0.6750868007650879
S180L,-0.8576010700610355
S180M,-0.9766218294175393
S180N,-0.6163601040164668
S180P,-0.6754295028089032
S180Q,-0.7217791226326287
S180R,-0.6165707824497972
S180T,-0.3980039043037684
S180V,-0.7777968674373321
S180W,-0.9766218294175393
S180Y,-0.8265670396670859
S187A,-0.006150449601335178
S187C,-0.3568347190083774
S187D,0.16145341268663002
S187E,-0.21837471465278793
S187F,-0.2883248958226434
S187G,-0.09000064909845532
S187H,-0.07556534704076381
S187I,0.023718330950871253
S187K,0.1402395811177581
S187L,-0.17175968807876665
S187M,-0.4652928956416842
S187N,0.04364295515038427
S187P,-0.3612114931192947
S187Q,-0.0997795993196671
S187R,-0.20222607584712063
S187T,0.901967611442903
S187V,-0.16029712175194225
S187W,-0.3962886507718175
S187Y,-0.3698517854883763
S202A,0.06714594750432742
S202C,-0.44609017044527954
S202D,0.13520617932942522
S202E,-0.5244186487650033
S202F,-0.5595808399341236
S202G,-0.12010482882944154
S202H,-0.5236325912983948
S202I,-0.41014746058043716
S202K,-0.3354359299543086
S202L,-0.28062619150343426
S202M,-0.5977121380607309
S202N,-0.15392465140175385
S202P,-0.45347394103121985
S202Q,-0.42287947773361223
S202R,-0.4476240150313813
S202T,0.3662692374394698
S202V,-0.6420655990979087
S202W,-0.7618089446605651
S202Y,-0.4837961979147929
S25A,0.12109260892405113
S38A,-0.1448771535784741
S38C,-0.717732490778439
S38D,-0.7923371571550435
S38E,-1.0747977001061355
S38F,-0.8546203277560607
S38G,-0.9328810103421494
S38H,-1.0747977001061355
S38I,-1.0747977001061355
S38K,-0.8762192074798927
S38L,-0.8164454676069157
S38M,-1.0747977001061355
S38N,-0.6679915758812549
S38P,-0.666926589390318
S38Q,-0.9168500440441507
S38R,-1.0747977001061355
S38T,-0.1364040097181989
S38V,-1.0747977001061355
S38W,-1.0747977001061355
S38Y,-1.0747977001061355
S81A,0.36217332283540715
S81C,-0.2789436878031508
S81D,0.25570387590417587
S81E,0.3418989100121741
S81F,0.230088405562586
S81G,0.5680319039004966
S81H,0.05786063630353719
S81I,-0.28695419031444613
S81K,0.17119655545056164
S81L,-0.2425048116593476
S81M,-0.3884840929462796
S81N,0.7898129526369275
S81P,0.37839253303031795
S81Q,0.34413462553102336
S81R,0.36531808614261285
S81T,0.2094542728608286
S81V,-0.28440273843100883
S81W,-0.6795420105075163
S81Y,0.0036695992763066954
T104A,0.5692051187171883
T104C,-0.17903107922803455
T104D,-0.19865617188602916
T104E,0.18295506288331206
T104F,-0.1013571541691847
T104G,-0.00622311186818128
T104H,0.5601606521009255
T104I,0.13772411361180345
T104K,0.6987155524103339
T104L,0.21749642034622194
T104M,0.20881335766863837
T104N,0.18662928004379206
T104P,-0.28792699122388354
T104Q,0.45318174483508633
T104R,0.4634743395572367
T104S,0.1723122608699916
T104V,0.384986459853081
T104W,0.038593314692914465
T104Y,0.13500113431055413
T119A,0.8443386195365954
T119C,-0.13858509257371313
T119D,-0.03994909838735164
T119E,0.4567127828697455
T119F,0.435214243268355
T119G,0.14047818890659955
T119H,0.1769601774600513
T119I,0.6581493262546232
T119K,0.5751910406059508
T119L,0.5304983293981564
T119M,0.30488102696976505
T119N,0.12377158575079858
T119P,-0.3347232443806467
T119Q,0.7245535979621334
T119R,-0.013118998323246728
T119S,0.2241109533926204
T119V,0.7529558323236714
T119W,0.10579125631113936
T119Y,0.1633895858764198
T137A,0.49008550680454954
T137C,0.01506493211077406
T137D,0.302526450235459
T137E,0.9074046295030459
T137F,0.2915353515336063
T137G,0.29347007068868525
T137H,0.6014111075296631
T137I,0.010248692363936635
T137K,0.4490034011503239
T137L,0.2887618364698499
T137M,0.20632786036574566
T137N,0.23492550730030623
T137P,0.6819170876941127
T137Q,0.302226043673433
T137R,0.60118854511565
T137S,0.4095458012799398
T137V,0.24940254146213012
T137W,-0.20178976408036411
T137Y,0.17509735761137343
T150A,0.3297025848134467
T150C,-0.32035197827269135
T150D,0.2969193314599248
T150E,0.571279402928591
T150F,-0.035747414407916206
T150G,0.33946787107622933
T150H,-0.10827437625905792
T150I,0.05976024168025737
T150K,0.458140756529581
T150L,0.6880851263368783
T150M,0.17474590750726857
T150N,0.19339030368571694
T150P,0.10112886576359023
T150Q,0.29697791224730574
T150R,0.1633772271693776
T150S,0.30751251186309725
T150V,0.12462455858469965
T150W,-0.3719827412007368
T150Y,-0.025238084892194063
T160A,0.6728720897590454
T160C,0.14719333141226573
T160D,0.8179830205796139
T160E,0.6677757144320426
T160F,0.24951098729157503
T160G,0.786240784532072
T160H,0.5483360362846894
T160I,0.4433314320603583
T160K,0.746735232206611
T160L,0.37108957419960786
T160M,0.32350608590142427
T160N,0.1792692802715101
T160P,0.7266809448138498
T160Q,0.6852724227807108
T160R,0.41126675620043995
T160S,0.791759571748949
T160V,0.5889800998186874
T160W,-0.005515907074150422
T160Y,0.24509205082785132
T16A,0.2930831528027684
T16C,-0.24896934339215052
T16D,0.30568110237110835
T16E,0.4623838473127919
T16F,-0.1154639950056651
T16G,0.2143547249177806
T16H,0.2552100591073798
T16I,0.4935079368425028
T16K,0.3628408284114992
T16L,0.09551006071523058
T16M,0.11855047015995931
T16N,0.6822318946614643
T16P,-0.25721398932884343
T16Q,0.51799723158623
T16R,0.3748683739773866
T16S,0.15810998853809496
T16V,0.22946921958742414
T16W,-0.42878199695806707
T16Y,0.2730477404367506
T182A,-1.6670784146059696
T182C,-1.423526547185784
T182D,-1.3922930161504357
T182E,-1.2053297089188226
T182F,-1.5116115927102167
T182G,-1.3449245168407304
T182H,-1.3639644285413999
T182I,-1.2761673000631428
T182K,-1.1841244086990401
T182L,-1.2610724731838503
T182M,-1.2422809612074213
T182N,-1.1579811890423186
T182P,-0.8634329294517245
T182Q,-1.4793304380274557
T182R,-1.3522448801084699
T182S,-0.8831773139499455
T182V,-0.9838467309358716
T182W,-1.6941357036671967
T182Y,-1.6941357036671967
T183A,-0.45426396977035477
T183C,-1.2787775995142372
T183D,-0.8514091027410222
T183E,-0.6580472964007389
T183F,-0.8172107232620056
T183G,-0.969814492125864
T183H,-0.6716348913796373
T183I,-0.49518492951973325
T183K,-0.7866332240261005
T183L,-0.7676410848546689
T183M,-0.5845311194287284
T183N,-0.6813024281725566
T183P,-1.1680934013709683
T183Q,-0.825936507232417
T183R,-0.7569127155985496
T183S,-0.7059664476485397
T183V,-0.3833515323310013
T183W,-0.9522810803178849
T183Y,-0.8379017571071246
T52A,0.5635076721477037
T52C,0.24091791692833683
T52D,0.46264778765576553
T52E,0.3759598598212963
T52F,0.7583009391503928
T52G,0.4454983599794251
T52H,0.37586897871491187
T52I,0.4590505793597788
T52K,0.6743949344836024
T52L,1.1155119426683329
T52M,0.7967236029690059
T52N,0.5392776700351747
T52P,0.7506604617932928
T52Q,0.8578957879892903
T52R,0.2866111277538299
T52S,0.6841871374935082
T52V,0.5203570156822219
T52W,0.038624158432936956
T52Y,0.6374041898851801
T72A,-0.2031850448502355
T72C,-0.588429564104672
T72D,-0.3873267309092605
T72E,-0.40914788843347294
T72F,-0.640123128008907
T72G,-0.013573034860023842
T72H,-0.7398586544474126
T72I,-0.7370286134219786
T72K,-0.45804551573072816
T72L,-0.5028760483162809
T72M,-0.6004742675761316
T72N,-0.35185256689160127
T72P,-0.7674945507706021
T72Q,-0.49994749890220413
T72R,-0.6094116197252535
T72S,0.13786389577134936
T72V,-0.48366666987311113
T72W,-0.9431731782210284
T72Y,-0.5015850257533905
T77A,0.1653091308926293
T77C,0.016330834250124465
T77D,-0.04142504277762396
T77E,0.0789146925977193
T77F,0.5936849332371374
T77G,-0.0026510719417447703
T77H,-0.09322202450437048
T77I,0.23380460160040292
T77K,-0.17803340248155355
T77L,0.5498279444738743
T77M,0.4512499346167034
T77N,0.20633370977820717
T77P,0.4182374197208696
T77Q,0.009195993887256532
T77R,-0.19723165154333214
T77S,0.21431872151805506
T77V,0.2699712138426569
T77W,0.3181284366277395
T77Y,0.6071144163673581
V105A,-0.004609407928156034
V105C,-0.7139870578005874
V105D,-0.3278124440398922
V105E,-0.14834327434800934
V105F,0.25968491344119693
V105G,-0.5538850120941343
V105H,-0.2284821547668439
V105I,1.2147077249074143
V105K,-0.07854069227469165
V105L,0.48908139898130143
V105M,-0.07249637859330041
V105N,-0.4591579104044574
V105P,-0.5587382376950969
V105Q,-0.3279437771950531
V105R,-0.059384089388336864
V105S,-0.3461160842782256
V105T,-0.19713071401218188
V105W,-0.1811803920085047
V105Y,0.034762317185659225
V117A,0.2843553799935279
V117C,-0.39537609669086127
V117D,-0.2672180385617393
V117E,-0.16475288403776303
V117F,-0.05558765916618705
V117G,-0.34247971099990027
V117H,-0.13376357308167378
V117I,0.2982794976586254
V117K,-0.3765342070930213
V117L,0.07460598692389461
V117M,0.11856643082612714
V117N,-0.34631940506755754
V117P,-0.38026574092066134
V117Q,-0.3467953131492929
V117R,-0.3536842792044146
V117S,-0.22121244460838255
V117T,-0.014977495717822836
V117W,-0.18700812455099894
V117Y,-0.11321565269315717
V127A,0.1554281288988539
V127C,-0.42676973152555453
V127D,-0.751103097962889
V127E,-0.6096991905888118
V127F,-0.33866185357344136
V127G,-0.3733197701016038
V127H,-0.5860992474856173
V127I,0.07528029283660984
V127K,-0.4549731256461409
V127L,-0.43978692084729865
V127M,-0.10221782538835592
V127N,-0.4430426123508533
V127P,-0.6201217214186276
V127Q,-0.7085485746021529
V127R,-0.4068129552643156
V127S,-0.46405446486039814
V127T,-0.13232340879837515
V127W,-0.682241450775666
V127Y,-0.43417686402945366
V130A,0.46300441308610196
V130C,-0.06285474982626973
V130D,-0.3802437681475186
V130E,-0.4064632221000952
V130F,-0.039033017264015896
V130G,-0.3401329561899247
V130H,-0.3105554240557802
V130I,0.678488814667237
V130K,-0.1978985787131751
V130L,0.8096525938553678
V130M,0.13871443420176585
V130N,-0.1497039265123963
V130P,-0.4014150020721483
V130Q,-0.14513688849107578
V130R,-0.12608640090285353
V130S,0.06818825353688004
V130T,0.22245951114014548
V130W,-0.2902951314604647
V130Y,0.11001552452055782
V152A,0.3873014397035224
V152C,-0.38418023233482845
V152D,0.15592904558859863
V152E,0.47787448570149893
V152F,-0.16376884303189201
V152G,0.20442964998044874
V152H,0.05697082802531514
V152I,0.28337765814917804
V152K,0.6420254402969525
V152L,0.2030172014793696
V152M,0.17361344946682286
V152N,0.2941988233502415
V152P,0.40360689646740555
V152Q,0.12993954553262063
V152R,-0.10695925993699487
V152S,0.3615290973094214
V152T,0.18942068060548364
V152W,-0.5549791334479584
V152Y,-0.14899129681340775
V162A,0.26623146803284614
V162C,0.01962504304249532
V162D,0.05141446181753026
V162E,0.04210931724865216
V162F,0.9870770227881308
V162G,0.03116371053619013
V162H,-0.04104609309246768
V162I,0.8458560152745092
V162K,0.19573417634647503
V162L,0.776492763085888
V162M,0.21147156923014163
V162N,0.04859090417364073
V162P,0.04410748789655014
V162Q,0.13172927622356398
V162R,-0.07246905820088226
V162S,-0.1027676808572098
V162T,0.26758590859348086
V162W,-0.07405150414500475
V162Y,0.0834914944677356
V190A,-0.2452262485001593
V190C,-0.6856068064377876
V190D,-0.7623666281522321
V190E,-0.9718433271177238
V190F,-0.44983251890846665
V190G,-0.9718433271177238
V190H,-0.8261896335385202
V190I,0.49017269118011697
V190K,-0.5902968188537923
V190L,-0.027703167886024033
V190M,-0.33978313341819977
V190N,-0.7903994459204031
V190P,-0.7574202872984728
V190Q,-0.655759117269128
V190R,-0.6576433476602657
V190S,-0.49706551409158495
V190T,-0.32896187664053134
V190W,-0.6022847518903487
V190Y,-0.5879133473075737
V199A,0.28640438836365734
V199C,-0.23979596130615957
V199D,-0.053250263562004935
V199E,-0.03626175070459728
V199F,0.0032919255299357075
V199G,0.14055080468651002
V199H,-0.08157248821071453
V199I,0.4232751564366626
V199K,0.13175021876708956
V199L,0.7204115790350047
V199M,0.3820514339742469
V199N,0.011279189973569775
V199P,0.07867706945330386
V199Q,0.34079577265819117
V199R,0.07250554517763816
V199S,0.1404834275023332
V199T,0.09795714342144321
V199W,-0.4134211635288123
V199Y,-0.2154191403832573
V212A,0.5367435642303532
V212C,-0.2777885180839571
V212D,-0.2562712869714362
V212E,-0.04117274907126314
V212F,0.05356061230292228
V212G,-0.2525047601902263
V212H,0.1877853479674326
V212I,0.7585254923007182
V212K,0.08639575259457652
V212L,0.8376998179276641
V212M,0.32792658844547173
V212N,0.19575832706589943
V212P,-0.09092573090062653
V212Q,-0.1328924440065932
V212R,-0.1228959755479079
V212S,-0.056233520749484095
V212T,0.5223164113577018
V212W,-0.28214408535277913
V212Y,0.01770838920027637
V48A,0.40422279259833127
V48C,-0.053619430484366265
V48D,0.2573215502228252
V48E,0.4661028257326296
V48F,0.33884840176525755
V48G,0.03167733677877346
V48H,-0.010228843989925213
V48I,0.9339053226220774
V48K,0.298754770304821
V48L,0.7815859293716971
V48M,0.11992520732135634
V48N,0.2092728047667953
V48P,0.022288747365845712
V48Q,0.3610444775389765
V48R,0.19797435783492953
V48S,0.2568255073907415
V48T,0.6378378031290537
V48W,-0.017207852237119542
V48Y,0.22862051027615446
V60A,0.43323841848892686
V60C,-0.2269648377717655
V60D,0.6805110571385682
V60E,0.552056103018399
V60F,0.08638877315832569
V60G,0.2179561479911931
V60H,0.2374369088606669
V60I,0.3907660090099969
V60K,0.4769731019817516
V60L,0.2502515476770042
V60M,0.309512310912782
V60N,0.8415100022938424
V60P,0.2878131059930893
V60Q,0.3845213955098781
V60R,0.5079335400850566
V60S,0.7069278939731372
V60T,0.39034337874442704
V60W,-0.1582090271186485
V60Y,0.24888754198942872
V64A,1.024954895281161
V64C,0.5451497387059088
V64D,0.6889374403631368
V64E,0.7470538990607376
V64F,0.9230047799237632
V64G,0.955424463181585
V64H,0.7044687653122579
V64I,0.686600342886686
V64K,1.1529159616837812
V64L,0.911472821324043
V64M,0.7327049414367193
V64N,0.8184937368862193
V64P,0.8554284678678452
V64Q,0.7147487333553619
V64R,0.7138910936440648
V64S,0.9775670263480191
V64T,1.213043309486641
V64W,0.44782997243341205
V64Y,0.8933304117834148
V66A,0.6272385906551814
V66C,-0.0540582380515873
V66D,0.05835893114605237
V66E,0.5561711829836766
V66F,0.5634198948199951
V66G,0.06519072152970959
V66H,-0.21376206894480368
V66I,0.8769151039567925
V66K,-0.04008841967272539
V66L,0.772313954986632
V66M,0.6142850567601612
V66N,-0.1785326109271961
V66P,-0.012500990166598253
V66Q,0.01673999754268382
V66R,-0.06528431707604512
V66S,0.12048224590869469
V66T,0.20476949003122644
V66W,-0.09469730743327223
V66Y,0.15977847549765076
V75A,0.0699307328274261
V75C,-0.5773110489154378
V75D,-0.8000643202698425
V75E,-0.4443306476806721
V75F,-0.31664783299691557
V75G,-0.3065604116228777
V75H,-0.6291934716141578
V75I,0.16782645946678929
V75K,-0.7618610929563436
V75L,-0.08554931941093583
V75M,-0.2275670213970247
V75N,-0.6491446366904117
V75P,-0.628453356960093
V75Q,-0.5658576156403696
V75R,-0.799845009228711
V75S,-0.5127369170909621
V75T,-0.24609298441719754
V75W,-0.5020774445048368
V75Y,-0.39178756795885095
V83A,0.23453119042819057
V83C,0.2504618582361249
V83D,-0.4293824676985647
V83E,-0.16339709647665893
V83F,0.511067309084861
V83G,-0.13398178039641498
V83H,-0.2225805283127236
V83I,1.10491556560793
V83K,-0.19340695933999677
V83L,0.9689609650303105
V83M,0.2959068555162445
V83N,-0.22628956293856597
V83P,0.050701074733089574
V83Q,-0.3274815035235634
V83R,-0.16047087742494218
V83S,0.14237823011682546
V83T,-0.023716317285654515
V83W,-0.20356187791600758
V83Y,0.029427164070628703
V84A,-1.2859635190637522
V84C,-1.0663118011707917
V84D,-0.6437527713081841
V84E,-0.46492125475772683
V84F,-0.5423911890976103
V84G,-0.955222903420768
V84H,-0.8933913394156332
V84I,-0.37813756099169504
V84K,-0.031827063313644405
V84L,-0.2913041153104792
V84M,-0.3175338074870937
V84N,-0.24259851487411901
V84P,-0.8966372253643495
V84Q,-0.4915149972193702
V84R,-0.6420466166672103
V84S,-0.44141491040759595
V84T,-0.20548784224029373
V84W,-0.9471387047378781
V84Y,-0.5175118821014864
W10A,-2.061327063269163
W10C,-1.7421141441161656
W10D,-1.7421141441161656
W10E,-1.7421141441161656
W10F,-0.5140891858999246
W10G,-1.7421141441161656
W10H,-0.8137498613233327
W10I,-1.160578039327656
W10K,-1.7421141441161656
W10L,-0.9290190836171464
W10M,-1.440381145402216
W10N,-1.3891840537718956
W10P,-1.7421141441161656
W10Q,-1.7421141441161656
W10R,-1.7421141441161656
W10S,-1.4092505178273935
W10T,-1.7421141441161656
W10V,-1.7421141441161656
W10Y,-0.6078745926580313
W145A,0.5600961539243672
W145C,0.02408176699156514
W145D,0.060096524649122046
W145E,0.15646704535781272
W145F,0.8775834056582524
W145G,0.17975618452529393
W145H,-0.010009175985004531
W145I,0.7325881446378464
W145K,0.09872035463341386
W145L,0.6626328614005157
W145M,0.3171632880812094
W145N,-0.024628614792443965
W145P,-0.10393447992447594
W145Q,0.22181866719361307
W145R,0.018743961569213735
W145S,0.25339621603090734
W145T,0.414225475184276
W145V,0.44134267960262097
W145Y,0.02700731313677804
W192A,-1.4648642439343682
W192C,-0.9417143804058568
W192D,-1.1232667536571026
W192E,-1.2817718433686784
W192F,-0.3423674982437652
W192G,-0.8266396410009906
W192H,-0.8511458711635167
W192I,-1.2993396329129507
W192K,-1.2993396329129507
W192L,-0.8635837878326083
W192M,-1.2993396329129507
W192N,-1.076917025918216
W192P,-1.172161868850763
W192Q,-1.1349753322617118
W192R,-0.7472277283455826
W192S,-0.9774716714484888
W192T,-1.2993396329129507
W192V,-1.0579805881156
W192Y,-0.7245884518610883
W21A,-1.6412971942340073
W21C,-1.0651384528863352
W21D,-1.2209549981170493
W21E,-1.1678248488217178
W21F,-0.926773715026906
W21G,-1.0559558059439706
W21H,-1.131647924731063
W21I,-1.544274207919985
W21K,-1.1846593266030316
W21L,-0.9540068949617884
W21M,-1.1893724002621644
W21N,-1.413005418202582
W21P,-1.544274207919985
W21Q,-1.2522396192155862
W21R,-1.0050356026320153
W21S,-1.1421893702023156
W21T,-1.3298799229528275
W21V,-1.183007380470852
W21Y,-0.936277058195373
Y109A,0.32490748987280016
Y109C,-0.20537732973136572
Y109D,-0.03095278699682294
Y109E,0.13689791607438503
Y109F,0.084570414335944
Y109G,-0.04396418157695206
Y109H,0.8586742437494439
Y109I,-0.014786140075477877
Y109K,0.2668523255468602
Y109L,0.0919479982566069
Y109M,-0.23604393703763507
Y109N,0.14035548416829033
Y109P,0.2850643694130821
Y109Q,0.2538843711560772
Y109R,0.042800918507582136
Y109S,0.5422070385544866
Y109T,0.29392114242040135
Y109V,0.061599144219039975
Y109W,-0.32893491046050416
Y110A,0.5316565025859545
Y110C,0.011905877781762858
Y110D,-0.06632630531782982
Y110E,-0.02969856473164481
Y110F,0.952667899723013
Y110G,-0.12381555887704823
Y110H,0.07403774809876437
Y110I,-0.2831231519224473
Y110K,-0.09267358689735297
Y110L,0.08267027360186449
Y110M,-0.09270585292555736
Y110N,-0.09362626960948586
Y110P,-0.20990678686966516
Y110Q,-0.14460766485231383
Y110R,-0.21341334400933135
Y110S,0.4768845431043496
Y110T,0.04187585984069428
Y110V,-0.233675277520236
Y110W,-0.15711242457595812
Y12A,-1.7495651093876234
Y12C,-1.3420899560878325
Y12D,-1.4204863332152984
Y12E,-1.6892942843899008
Y12F,-0.6629741512897662
Y12G,-1.6892942843899008
Y12H,-0.6569468880022069
Y12I,-1.6892942843899008
Y12K,-1.3091505463515873
Y12L,-1.249501585048391
Y12M,-1.6892942843899008
Y12N,-1.1595722004261768
Y12P,-1.3036795463888193
Y12Q,-1.676136856390777
Y12R,-1.379047702448636
Y12S,-1.0515592934490905
Y12T,-1.6892942843899008
Y12V,-1.6892942843899008
Y12W,-1.0199203753773225
Y147A,0.6853911012952216
Y147C,-0.12938325002903686
Y147D,0.6702165573855061
Y147E,0.4780231509210382
Y147F,0.2734489730006451
Y147G,0.3611120496685092
Y147H,0.5984217698513468
Y147I,0.3052237853072657
Y147K,0.7401621552875048
Y147L,0.3783391262370208
Y147M,0.486352387216177
Y147N,0.8123156211504585
Y147P,0.08769228959852746
Y147Q,0.7835508342049669
Y147R,0.40191108925846875
Y147S,0.7141265127255081
Y147T,0.5212961310688811
Y147V,0.9150477862255727
Y147W,-0.032404356688793295
Y165A,0.4644141073154078
Y165C,0.07608497558931179
Y165D,0.4987089623108152
Y165E,0.619198733043111
Y165F,0.1857464492394771
Y165G,0.9648397182000658
Y165H,0.223099162873138
Y165I,0.41505971141375175
Y165K,0.7827330940905095
Y165L,0.17361441396104335
Y165M,0.2723508323831587
Y165N,0.5865335764781814
Y165P,-0.014918620757331996
Y165Q,0.35444888069165126
Y165R,0.3924765782459594
Y165S,0.7981960240238553
Y165T,0.5061340242632641
Y165V,0.41665873191644165
Y165W,-0.04635370786491547
Y174A,0.352214801212829
Y174C,-0.07678243912521146
Y174D,-0.3841568564166682
Y174E,-0.4068822336684521
Y174F,0.6973772411246464
Y174G,-0.10716514322418694
Y174H,0.5381698506350721
Y174I,0.24804984391487703
Y174K,-0.10666772371737701
Y174L,0.36060983267680013
Y174M,-0.06751479093994298
Y174N,-0.017498009590205338
Y174P,-0.33699788599168423
Y174Q,-0.2563307642856061
Y174R,0.08612803693999324
Y174S,-0.009000754431125496
Y174T,0.10987564832645488
Y174V,0.34381339085490437
Y174W,-0.10827278847767244
Y175A,0.18532403797789862
Y175C,-0.2569705362045873
Y175D,-0.3709625357633053
Y175E,-0.24662511307744908
Y175F,0.7658472284778375
Y175G,-0.24855495829972266
Y175H,-0.021977165547679284
Y175I,0.18679574905848015
Y175K,-0.42448421538487846
Y175L,0.2891665798815586
Y175M,-0.08309947722300895
Y175N,-0.46266419434347617
Y175P,-0.8142846256807132
Y175Q,-0.34017588403462673
Y175R,-0.15258837130270478
Y175S,-0.08371899638135363
Y175T,-0.2093789407546698
Y175V,0.31899980902368785
Y175W,0.5667941703554975
Y177A,-0.48655991452670033
Y177C,-0.4578656146443234
Y177D,-0.7847928585502104
Y177E,-0.7847928585502104
Y177F,0.5179742667005667
Y177G,-0.7847928585502104
Y177H,-0.320973363432314
Y177I,-0.4025255389315423
Y177K,-0.7847928585502104
Y177L,0.062432794771166006
Y177M,-0.7847928585502104
Y177N,-0.6349320998570005
Y177P,-0.7847928585502104
Y177Q,-0.7847928585502104
Y177R,-0.4879058815454784
Y177S,-0.61169831410758
Y177T,-0.42670111118913745
Y177V,-0.465495171793906
Y177W,-0.20211250509735515
Y20A,0.05534652907825463
Y20C,-0.3024843194837863
Y20D,0.09551208576991718
Y20E,0.40939859205552365
Y20F,0.25032580565991625
Y20G,-0.12292957790976147
Y20H,0.7119636709260138
Y20I,-0.140886934329465
Y20K,-0.05417148147232312
Y20L,-0.32622442219381265
Y20M,-0.032905639838296113
Y20N,0.8290750560621336
Y20P,-0.5184218491536123
Y20Q,0.2513847365974544
Y20R,0.032174521509205495
Y20S,0.044297259543469164
Y20T,0.22525898951481468
Y20V,0.003988287916428551
Y20W,-0.4572209336882138
Y23A,0.581578940377034
Y23C,0.20286252107899602
Y23D,1.1101908172962136
Y23E,0.8320271573490348
Y23F,0.21319380328574541
Y23G,0.7919032384394966
Y23H,0.4708439246149143
Y23I,0.08582034586940376
Y23K,0.9595050387202712
Y23L,0.2669771093995874
Y23M,0.1560332502319661
Y23N,0.9334913390422855
Y23P,0.1097151787501924
Y23Q,0.7479414660713686
Y23R,0.20661834832406575
Y23S,0.8521342751638898
Y23T,0.8206935496403935
Y23V,0.14805683257319788
Y23W,-0.08785934987909674
Y28A,-0.32121351845150015
Y46A,0.2340878976222158
Y46C,-0.04780516423672812
Y46D,0.44084665484327656
Y46E,0.6426024015942349
Y46F,0.18741116701088198
Y46G,0.22466030891685793
Y46H,0.10205186704662725
Y46I,0.5180758857261973
Y46K,0.3690488291443237
Y46L,0.43267688851416564
Y46M,0.2961909937596361
Y46N,0.42970343610559913
Y46P,0.05440004565781595
Y46Q,0.054138059717290216
Y46R,0.265489618003675
Y46S,0.19373102158394626
Y46T,0.46320969836708814
Y46V,0.33004033768425645
Y46W,-0.04477842876751972
Y59A,-0.0385152224029999
Y59C,-0.566483890811913
Y59D,-0.1810016532651342
Y59E,-0.20395383046684715
Y59F,-0.19576227798284898
Y59G,-0.3158548577848257
Y59H,-0.24267580697099736
Y59I,-0.3584267341052674
Y59K,-0.3062296527816013
Y59L,-0.19230239586514
Y59M,-0.5458629372744865
Y59N,-0.17175924391479527
Y59P,-0.3139544425399663
Y59Q,-0.23295366550969956
Y59R,-0.32616396070276155
Y59S,0.11775920859666786
Y59T,-0.23277151702116375
Y59V,-0.42867371565535395
Y59W,-0.15272339890118095
Y82A,0.15405752228376943
Y82C,-0.36062650374449934
Y82D,0.1674895890022223
Y82E,0.1353826761565826
Y82F,0.43086044917495725
Y82G,-0.04368087775907939
Y82H,0.12973141894370196
Y82I,-0.1596037044671861
Y82K,0.22082393435789302
Y82L,0.016339424053020107
Y82M,-0.15944533362212046
Y82N,0.1843555929373246
Y82P,0.007238135057018508
Y82Q,-0.01475071334972669
Y82R,-0.1803665973039146
Y82S,0.48609472506495655
Y82T,0.359723343432806
Y82V,0.16947569473504706
Y82W,0.024142015801888544
Y91A,0.09005487959408096
Y91C,-0.313093462411119
Y91D,0.044268424455063266
Y91E,0.4974845931274863
Y91F,0.25697096054763024
Y91G,0.2051750910530363
Y91H,0.33848751476482475
Y91I,0.22130855053223494
Y91K,0.4803178122897287
Y91L,0.15006104596602252
Y91M,-0.04554842361433534
Y91N,0.32357370155032994
Y91P,0.06043987067629916
Y91Q,0.4342879023273576
Y91R,0.08998259341350365
Y91S,0.04997613844289314
Y91T,0.39418757831150186
Y91V,0.18948787206309212
Y91W,-0.388778547751909
